node,betweenness_k400,betweenness_k800,betweenness_k1600
2299,0.00048171168736213564,0.0004085099586164729,0.0003715319049877607
153,0.0011887462547364165,0.0009430038474908699,0.0013088630523322865
397,3.766802010296078e-05,3.5404571648688884e-05,2.7292739064896345e-05
5623,1.3910509649745772e-06,1.4923360272275755e-06,2.5780620308397286e-06
5875,1.6240726778459118e-05,1.513313757249658e-05,1.5150974349378599e-05
3346,1.3030812997165965e-06,9.110980091886637e-07,9.085686839195739e-07
6930,0.00028590318000749904,0.00045812912169375397,0.0004240825241237387
6367,2.9182020524456025e-05,1.916882230512006e-05,1.9582078635013587e-05
1434,2.1752156047243684e-05,2.58012716090597e-05,2.3674333727081164e-05
4470,0.0002316230303753506,0.0002139265182298651,0.000343547192849255
5122,0.0029130841972090826,0.002886153099544598,0.0030971374707142135
4790,6.536245734650784e-06,6.619681666540621e-06,6.482268241921774e-06
4919,0.00015465170382600183,0.00015100410564342957,0.00014763223026904512
575,0.0,0.0,0.0
639,6.87511381504209e-06,7.507931208071719e-06,1.4925126614209667e-05
7012,4.014527291036419e-05,5.215233079842567e-05,6.2633995306042e-05
6445,7.863481065095121e-05,9.179805797869909e-05,6.37397817122202e-05
1170,0.0007974971859783894,0.0008938877757389244,0.0010013250715173083
326,0.0001132986959156671,0.00017474752918470284,0.00015616387279616367
4956,0.002640019651880966,0.0013901951151038742,0.0007652828467153284
2639,0.0001901744258872046,0.00027452713178162033,0.0002706594172722847
5028,2.0157025527627355e-05,2.1045885125352064e-05,2.079353648559766e-05
6277,5.092546319477685e-05,5.521440614374478e-05,4.838585932514777e-05
6784,9.026977967045395e-06,9.701924521076268e-06,1.3320772226478378e-05
49,1.8309477415669437e-05,1.5729344178428496e-05,2.0390820535105874e-05
4526,0.0,0.0,0.0
4108,5.958128143291199e-06,3.544976721045944e-05,2.1457181334152878e-05
1171,0.0,0.0,0.0
2568,0.0,0.0,0.0
5731,0.0021841949117139404,0.0018838980789182428,0.0019162309154347155
1760,2.1714762565919216e-05,3.272126134404685e-05,3.615645149851885e-05
6707,0.0001544063112955206,0.00018537965986009105,0.00017134839005007846
2019,0.0003608153836491991,0.0004011020857103634,0.00038008547077215493
634,0.0,0.0,0.0
4670,0.0,0.0,0.0
2399,0.00016687560644535715,0.000138625301689353,0.00027695279589810595
5737,0.0,0.0,0.0
6974,0.0011706508245631164,0.0008785989137703439,0.0011301546586667728
6919,0.0,0.0,0.0
240,5.274271763148948e-05,5.3194878693889066e-05,5.3709045577064926e-05
5646,1.558692300616738e-05,1.8583393903154707e-05,1.2774395674019741e-05
158,5.4371962034260534e-06,1.2671502086162078e-05,3.130561720576412e-05
3298,1.3742389764388887e-05,1.3663681043310496e-05,1.5781653928245934e-05
2354,0.0004121395606385502,0.0006032378077187984,0.00044629140706370585
1161,0.00018193038456651737,0.0001810599682218436,0.00017809487539266437
1869,0.00604130106007324,0.006335495556887781,0.007747676417212105
3499,0.0013313126278181634,0.0013326654363021767,0.0011681422605308797
5655,5.079479134570843e-05,3.4899208612290785e-05,3.0614815552411617e-05
5295,0.00041151586717121585,0.000354151286307726,0.0009152690396202305
6468,0.0,0.0,0.0
3872,0.0,0.0,0.0
5676,5.526406106094237e-05,6.696157756064347e-05,0.00010943895800366762
72,2.551661283034338e-06,1.336186151053556e-06,7.070036936835409e-07
544,0.0,0.0,0.0
4228,2.79100483119664e-05,0.000188813981829289,0.00010648887759453414
2430,2.58320436808352e-05,2.4141758867526115e-05,2.2084025741035396e-05
2677,0.00023070127567045653,0.00031421939291470817,0.0004118264134906766
576,4.032280195609707e-06,2.828066008945846e-06,2.065864798639348e-06
5986,0.0008189473336033713,0.0009100672693480552,0.0006847853090467272
3707,0.00014037057832678272,0.00014037057832678272,0.00014037057832678272
809,0.0004096423701077055,0.00039689472771281515,0.0003391648027066756
593,3.420033307149617e-05,2.6939626226150024e-05,2.575231598774717e-05
2456,0.00026670640051632124,0.00015957190542070034,0.00010091815879133608
6911,2.9759522443780238e-05,1.9625984863268818e-05,1.559811548372747e-05
3362,0.0,0.0,0.0
7101,0.0,0.0,0.0
7060,8.578031790711343e-05,9.694037020896662e-05,8.886111732161912e-05
6080,0.00018307453982497409,0.000227145098899294,0.00023318723295387265
5771,0.0,0.0,0.0
5914,0.00014037057832678272,0.00014037057832678272,0.00014037057832678272
6794,5.880511670990263e-06,6.613711012355741e-06,5.93452854137963e-06
3361,4.6589888193699155e-05,2.4109841000950994e-05,1.3037561502536317e-05
3260,4.760687694985803e-05,3.3301631589896836e-05,3.700576859694218e-05
936,0.00015487167625259619,0.00015738837064885506,0.00031430870733317284
3837,0.00018807427753329408,0.0009073805543428887,0.000517804477171375
2233,9.379406309882597e-07,4.79205670163791e-07,4.865508122256534e-07
4568,0.004069957015663729,0.0033900567867012374,0.0027821375120858517
3468,0.00015144747131095416,0.0001644064010248952,0.0001673357691297048
5540,1.3978457908057498e-05,1.1168511329253741e-05,2.63970716908145e-05
6304,0.0002523571004143208,0.00029121511385892944,0.0002986058028213409
3284,1.4221389607281116e-05,1.3773125053554202e-05,1.365540984801729e-05
1376,0.00023543612976467465,0.00021971273710214673,0.0002417720587877809
4702,0.005601040037600738,0.0039741867888968795,0.0034823490780640505
6480,5.369770106527161e-05,6.0375105305076146e-05,5.4540124804707994e-05
5021,0.0,0.0,0.0
6756,0.002740036962065882,0.0017471139943359651,0.0010380570462952218
2533,0.0001346821785077288,0.00011977188359644067,0.0001296908435036342
6062,0.00014037057832678272,0.00014037057832678272,0.00014037057832678272
5956,9.809544389246151e-06,1.1294077799239203e-05,2.213926075735662e-05
5768,0.0020010750871073046,0.0041172022236980075,0.002994889969984933
1636,1.3764798927405317e-05,1.2438934676541998e-05,1.386815761063243e-05
1524,0.00023290667642524439,0.0003967932461354643,0.0004709459582670952
1385,0.0003805318783643047,0.0002048351603861395,0.00011587988246091003
119,5.922378249910814e-05,5.3992713991564894e-05,5.316150132216222e-05
3213,1.99230967471628e-05,2.3166017893660123e-05,2.4016595539257918e-05
4487,6.523300780872271e-05,3.842159093729975e-05,2.465158979937034e-05
839,8.642527077113278e-05,6.741212721053026e-05,8.928982938263107e-05
6165,0.0007103215011219653,0.0007919434463016323,0.0007016451540535704
1150,2.162391247824863e-06,1.7915199259965515e-06,1.9001039578471514e-06
701,1.13157320134737e-05,1.8729299845541035e-05,1.4828823605505667e-05
1794,0.0,0.0,0.0
3998,0.00033140746484915746,0.00022034542910626825,0.0004946288948132457
4923,0.0001380888710082345,0.00016792246222411406,0.0002005482553578652
542,0.00042673216137081936,0.00040440159218121534,0.0006968622155397646
7074,0.0,0.0,0.0
4315,0.0002518890696404545,0.0002489448283997084,0.000351517269253721
1481,0.001726252719896169,0.0014407792978866334,0.0013080770246829548
5915,0.00015832697287076946,0.0001520192864074743,0.00014955200022163812
948,0.00019484364283591828,0.00023178730066325068,0.0002076097130478759
799,5.22264097460794e-05,5.422027548844424e-05,9.745596977652205e-05
6513,0.00029064560124494046,0.0002483158995616347,0.00022407978382271457
413,9.106141577033323e-06,4.651497928321849e-06,2.5117044083133695e-06
3811,2.161641454521172e-06,1.881394485515805e-06,1.939460920972891e-06
7055,0.00028807218537323987,0.0002812945815296978,0.00041448733933007674
1923,0.0,0.0,0.0
5383,3.4712819132653014e-06,2.056428568687095e-06,2.3822856013519276e-06
1920,7.606492984926915e-07,4.689037091885986e-07,5.386636099577657e-07
3555,0.0,0.0,0.0
6861,0.0004045308390162109,0.0003545396304109577,0.0002215065148795248
1893,3.0660878441361154e-06,2.621758434486617e-06,2.095248149947566e-06
5490,0.00019820900392097875,0.00019402257294032557,0.0001913593350981023
3977,0.0,0.0,0.0
2265,5.1106621046760285e-05,9.123726218907184e-05,8.899072869087531e-05
661,1.7090678413915141e-07,1.0134037132801775e-07,1.403667034269468e-07
4449,5.5889928933850116e-05,4.654552807044649e-05,4.518606115493296e-05
5038,0.0008360568722668163,0.0008579352216618815,0.0008668159031846146
6720,0.0,0.0,0.0
3714,0.0,0.0,0.0
260,0.0,0.0,0.0
4330,0.0014732381551191191,0.0012327994451088648,0.0013920563169358717
3957,0.0,0.0,0.0
1664,3.8063609087723913e-06,2.878864291606896e-06,2.6562792930833854e-06
3209,0.001645191974481545,0.001526586224838412,0.0018439044117993825
5888,5.879124675490202e-05,8.271112379410999e-05,0.00011786802491387195
2453,0.0,0.0,0.0
5720,0.0,0.0,0.0
38,3.0438634349952967e-06,3.1066152016344527e-06,4.044380603974048e-06
5594,4.097376917879542e-05,0.0001224886704477057,8.679191764450092e-05
4460,0.00014049883746194544,0.00014056124252216585,0.00014066879411582048
4958,0.0002886884078812021,0.0002609677275716339,0.00028920735465903444
77,0.00022298502094846877,0.0001562154888022434,0.00046252696198650055
6752,7.360587611969595e-05,5.014987925945802e-05,6.369421836499674e-05
6945,0.0,0.0,0.0
3678,1.461300961325484e-06,1.0973258093008172e-06,1.6508779792399267e-06
875,3.1997614964688946e-05,3.269860397106936e-05,2.8765208544623197e-05
3551,0.003445643688682309,0.0029322458264111765,0.0019503488912919727
4273,8.030751369916654e-05,0.00020932524898574988,0.00012806673437569668
6220,5.104791385962182e-07,9.165007455705644e-07,1.4171276154082289e-06
4999,0.0,0.0,0.0
4537,0.0,0.0,0.0
465,0.0006219866401355644,0.002324713305808669,0.0014542769945418482
4971,1.8420971791060315e-07,1.43782514661009e-07,3.951198264146113e-07
6276,0.0,0.0,0.0
2540,6.12025184915451e-06,7.374352830877787e-06,7.686189796676292e-06
2412,0.0,0.0,0.0
1596,1.0311327368430782e-05,4.050629253769131e-05,3.062395945841756e-05
1766,8.47173768105662e-05,0.00011713575466234987,0.0001121010487645702
6077,0.0023841206232424472,0.0015118277480616526,0.0012120817606448167
2433,1.688604738405885e-05,6.936782547762296e-05,4.247558817802457e-05
1206,0.0,0.0,0.0
1922,0.0001542589961682319,0.00015586869347118857,0.0007809355873049972
2933,0.0,0.0,0.0
6007,0.0004856998732009934,0.0005104117505048475,0.0011026490289494885
4230,0.0017147338652237407,0.0018054873224467305,0.0017176577748306066
6556,0.00018313143323903756,0.0001707294737400768,0.00023592576697882426
2675,1.987084795396603e-05,4.235015608728538e-05,4.232326761447236e-05
2203,0.00012014624459995526,0.00011467100582173522,0.00016936260453415176
5471,3.202743924775573e-05,3.4814329781382855e-05,3.385035870152998e-05
3593,0.0,0.0,0.0
1019,0.0,0.0,0.0
257,0.00011894698489020196,0.00011535422910438178,0.0001198479928935773
366,0.00011761853019705034,6.837267654339017e-05,4.3963840391941284e-05
1063,4.134371527633067e-05,8.996254682746135e-05,6.921553278563402e-05
5924,0.0,0.0,0.0
27,0.0,0.0,0.0
6240,0.0,0.0,0.0
7022,0.00014037057832678272,0.0013901951151038734,0.0007652828467153281
0,0.0,0.0,0.0
2603,2.5923488495021993e-06,1.5673620631266479e-06,1.1924692039657124e-06
2993,0.0002028120072208867,0.00011612346659366511,8.609670405759801e-05
5522,0.0,0.0,0.0
2309,1.2173188758848924e-05,1.1744122384613526e-05,1.7571257007178894e-05
4815,1.37400561375947e-05,8.548750036430855e-06,1.095460263283337e-05
36,1.6798235739929938e-05,1.7042827239550095e-05,1.6839840269649395e-05
5984,0.0,0.0,0.0
1037,0.0003284712408482707,0.00043427087311160363,0.0004860939334229744
2915,1.5855690593950454e-06,1.1292055652008034e-06,3.885028044509156e-06
1122,0.0,0.0,0.0
2435,1.2306834478086017e-05,1.0346657148828418e-05,1.2561145598435911e-05
2990,0.0008567089520837888,0.001289027539448934,0.0014890349300751215
6859,0.0,0.0,0.0
1590,0.00010072190809855772,0.00011560813359734646,0.0001831471898969068
422,5.02776199019926e-05,9.920336803471077e-05,7.422717912423086e-05
4000,0.0,0.0,0.0
1603,0.0004360889900637064,0.0004583556168702874,0.00047268483788103893
5767,1.1401965667476617e-07,2.263354916107345e-07,4.939422540386251e-07
911,6.1767817714946875e-06,3.842188488774016e-06,1.1091135550970379e-05
3316,1.211523907098721e-05,1.2006960579760741e-05,6.00749817518012e-05
2747,0.0,0.0,0.0
2361,0.00014037057832678272,0.00014037057832678272,0.00014037057832678272
2599,0.0007974505607064655,0.001021166844865362,0.0014674001472782948
1048,2.8152895264956503e-05,2.5873589179358172e-05,2.351113213900568e-05
4710,0.0007248719046141471,0.0007149518362943482,0.0006515108851125886
6937,8.128840006527779e-05,9.32913900604553e-05,8.63007490024648e-05
1247,2.6328915848940553e-05,1.741493704736975e-05,2.3746973382852578e-05
1817,3.0270848513373845e-05,2.309388129049809e-05,2.257907108575807e-05
5815,9.645731949476246e-05,6.503311083898477e-05,4.504230295457525e-05
172,5.937340826969596e-05,0.00028758784384227384,0.00019121390328722494
6332,4.3997824558657754e-05,6.973607321620431e-05,6.261526012545053e-05
7015,0.0003077982668121231,0.00026921911514559907,0.000313360513412545
6325,7.522302702275519e-05,7.91714803650726e-05,8.749408279496217e-05
6843,9.34859967255861e-05,0.00010769945954742895,0.0005431308084829501
393,0.0002734371378719275,0.00028795825222925283,0.0003340979890990968
222,5.955558002312016e-07,8.05417921486207e-07,4.560927094451618e-07
4817,0.0004631177361139578,0.000457369517662488,0.001146558578918872
4055,3.6559309164179395e-06,2.9593971444803035e-06,5.881507003319455e-06
3026,0.000499287753681865,0.000530971788260402,0.00044699325904043474
3968,0.00029169440626861153,0.00031086276829803903,0.00023991417932630067
3412,0.00010706081505132376,0.00010747663538632915,0.00013919732606318904
3446,0.0,0.0,0.0
2693,4.714527278613592e-05,0.00013489826726566549,9.667803439181246e-05
4473,0.0,0.0,0.0
579,0.0005417346555337085,0.0005909409145360037,0.0005240861398115288
225,0.0,0.0,0.0
3409,4.508694844799337e-05,6.105232190270407e-05,7.439580141884075e-05
4190,0.0002836261535468356,0.00026703944025797266,0.00030289096060383513
437,0.0,0.0,0.0
6479,2.3146863910931448e-05,1.7935215361977224e-05,1.542928855702023e-05
1846,0.0013271734319401606,0.001701709530047194,0.0016854452949015696
6989,0.0003820844781183497,0.00021801252346074397,0.0001382355312980797
6086,6.109966809904265e-05,3.477036773155891e-05,3.841200942220879e-05
1900,3.112411935836207e-05,3.0794110297337294e-05,3.5425298230253224e-05
5884,6.1755411172768895e-06,6.634132723127836e-06,6.102009451673982e-06
6296,0.00017986228444106866,0.00017073150637675287,0.00016884061397000037
6009,1.9455948630672915e-05,2.3302187730882517e-05,2.1167091594736437e-05
956,2.1851806765921798e-07,1.9454002717646665e-07,1.6440756757782316e-07
234,6.729623251378202e-06,5.9331988221849805e-06,7.4071263777478285e-06
4904,1.2170326037391162e-05,1.3848216879294756e-05,1.2891840514143558e-05
5703,0.0,0.0,0.0
6830,1.5167479943001314e-05,1.3324404647282058e-05,1.4678363556165528e-05
6710,1.2970836251407778e-06,1.3095783622926617e-06,4.019443322289181e-06
2149,8.003465537353609e-06,7.848508536637036e-06,8.429030119620296e-06
4564,0.0,0.0,0.0
5991,0.00021576140634165474,0.00022795220861732596,0.00024139613574257878
2018,2.3298250790311765e-05,5.648434873788083e-05,3.9468644605683625e-05
1875,8.7137301886239e-06,9.989568564591121e-06,1.1151807864311852e-05
6460,1.6030795997386288e-05,1.5339002242075856e-05,1.269230151033317e-05
6785,0.0,0.0,0.0
2491,9.202773242936981e-07,9.555950474899352e-07,1.0903632209255425e-06
6966,0.0,0.0,0.0
487,0.0002509590099893807,0.0003407762163343329,0.0007379426193720759
3021,0.0008953857141607865,0.0007346127491380746,0.0006058252243492095
6350,0.0,0.0,0.0
4337,0.0005372410560176046,0.00076107690290683,0.0007518073503662296
4429,0.00042604643299132424,0.0004222830110427274,0.0006203286788163826
4819,0.00022842068748450786,0.00038860678063365174,0.0002328574313320055
6635,0.00044659844951732347,0.00048386045253194705,0.00046968549157294404
6270,0.00033626700638818453,0.0004069508148012738,0.000370829782513653
2266,3.566366181075616e-06,2.803635558006949e-06,3.150545697298217e-06
1898,0.0,0.0,0.0
5500,0.00022375953685192167,0.00027885127051769916,0.00032576872494427495
2383,1.7426942152932275e-05,1.13115384070108e-05,8.88147957410855e-06
6263,0.00010378884540944062,9.923124280946661e-05,9.673095556287273e-05
2752,0.0,0.0,0.0
4767,8.547132439500459e-05,8.162619938951654e-05,7.893374179578885e-05
5242,2.7485354455030125e-05,2.624689245640528e-05,3.119643363344578e-05
1799,4.3368893828207096e-05,2.7227926785868554e-05,1.9381918548794172e-05
5965,0.0003882521025125641,0.0003305456294145362,0.00029393198219157367
1325,1.819563078115164e-05,0.0001481040478243702,8.26657317100413e-05
2700,7.596895560888811e-05,8.374161400647896e-05,9.101369706692412e-05
2144,0.0,0.0,0.0
48,3.632549518033865e-05,3.3862090516886116e-05,3.867723841048326e-05
4616,5.500175508057866e-06,5.734253580346875e-06,5.4901329583605985e-06
6467,0.001808195677142465,0.0012844218604393955,0.0011145602061018766
787,0.0003514466248590446,0.00020450452655641836,0.000193248153438888
2740,0.019373076857007017,0.015235477359417765,0.015369449702603448
5876,6.207590504342633e-05,6.0645926409259695e-05,5.779405573151078e-05
5355,0.00023991422241695834,0.00025928433171199986,0.0002551559792380658
6783,0.00031342344214249483,0.00029980030417587245,0.0005563696164770428
5966,9.7969177542964e-06,1.018728742849356e-05,3.357962007987266e-05
6730,0.001427145713247528,0.001731769298433849,0.0016360473525193623
538,1.3167051734783876e-05,1.1529096747881402e-05,1.0459406665900613e-05
2519,1.0554430912415487e-05,9.928283315152121e-06,9.784877810025802e-06
4747,2.9767043216228547e-05,3.384425710367511e-05,3.465290705501278e-05
4895,0.0017210472640095524,0.00195853699927084,0.0017715705889894769
6863,6.291039365841307e-05,4.920845269455959e-05,0.00010289801577283244
5721,0.0004629124694739653,0.00047593980584769764,0.0005349593205745386
3947,3.4235132311182844e-07,3.826245328346226e-07,2.8414267704928126e-06
5100,0.0020440804946752194,0.002067706049645085,0.0019134994754543334
5109,9.879208215004196e-06,1.0831309567938012e-05,2.0433100562535616e-05
2235,2.7762921562284488e-05,2.3056902808194367e-05,2.054473158400459e-05
6595,0.0,0.0,0.0
4406,0.009681446680032915,0.011598386768242671,0.01179002169895276
5472,2.5521363474015912e-05,9.546028074336006e-05,6.079747226148746e-05
3483,6.589569439170982e-07,3.8219279720449206e-07,7.706922604529193e-07
4695,0.00046974327548157544,0.0007908154846320805,0.0010787812437585708
4520,2.7509182567766166e-05,2.2433375277627252e-05,3.955462910246391e-05
1680,0.0,0.0,0.0
2322,0.0,0.0,0.0
6107,6.549973956556182e-05,0.00011096866969367358,0.0001632227877755738
2046,0.0,0.0,0.0
3893,9.690965452538569e-07,7.430220166635254e-07,1.0458630856678633e-06
2188,0.0001214240453883998,7.046035044527508e-05,4.8977593905012255e-05
1203,6.8838732934589935e-06,6.099850337931122e-06,7.596464590666907e-06
4439,0.002830179020847564,0.0026307517669706963,0.002437403028671213
1483,0.0012068943223430243,0.0014404440354575145,0.0016696198418564103
3466,2.9084653789265566e-05,2.6494339790689323e-05,1.7615292114711167e-05
2036,0.0004589141050041241,0.00040645519066886043,0.0004368374902451998
6865,1.937840713030712e-05,1.4754893546165326e-05,1.3528275943080824e-05
4329,0.0006151438852982977,0.0006413377878203732,0.0012187318929559599
5327,3.9272932436645725e-06,3.6545501463309213e-06,7.26884965691133e-06
5103,0.0001801423332921513,0.00017158385911143946,0.0001707175226305692
3252,9.971344724604413e-05,7.598813745030243e-05,8.449292601211839e-05
4446,1.0474031628388298e-06,7.5671474501909e-07,9.195861464125764e-07
6312,2.7205163429405643e-06,2.586938949440829e-06,2.465103386050587e-06
2028,4.260272345652684e-05,4.04122325590658e-05,0.0002047653768204515
157,5.676536543093262e-06,5.120544821345504e-06,5.785428337855683e-06
1092,0.0,0.0,0.0
6591,0.00017831711391804779,0.00017800881010318335,0.0001776439150579631
187,0.00037804006541838296,0.0003954007728514977,0.00035037484520772583
449,4.779906290928311e-05,5.4627293942181065e-05,6.82856395387626e-05
5136,0.00016788023130828605,0.00016731170022405993,0.00022027720196632076
294,0.0002897584954084991,0.0014772516475078548,0.000903655780068451
127,0.0005276367847999794,0.0005163368303252547,0.0004320492274177128
5656,0.00017025147842720707,0.00016823566226567067,0.0002770766211358336
292,0.00017489847870320342,0.00018175746226968767,0.00017853373859845093
4525,0.0,0.0,0.0
1532,0.00014439842644514185,0.00014512588078382526,9.779492201902971e-05
5989,0.0,0.0,0.0
4075,4.668850481865006e-05,3.5397320042393e-05,2.4945615728798107e-05
3485,0.00022022281997289338,0.00022333962459751777,0.00020022124314476088
3417,1.708133552376389e-05,1.8501414349379593e-05,1.8955406445485728e-05
588,0.0,0.0,0.0
3672,0.00014348010974329868,0.0001428637363931753,0.0001480539143631806
6504,0.00011643027733160523,0.00011968001338003241,0.00011829162670468035
3014,3.124401252652866e-06,1.7099557291088685e-06,2.1578509699278416e-06
4342,0.00013803326244087873,0.00011344443963922474,9.141556437603627e-05
6343,0.000205178839751287,0.00021098368541038845,0.0004544385538270643
5665,0.00014081852830854203,0.00017589456198298362,0.00016390163776611977
2232,0.0,0.0,0.0
2762,0.0003777716230896559,0.0004039459140187241,0.00045078930226713986
3123,3.686561951354431e-05,4.394907480330684e-05,9.573441377821924e-05
1315,0.0,0.0,0.0
6473,0.0,0.0,0.0
6199,0.00021899580198925952,0.0002239218566796389,0.00023743972990384414
4733,0.0,0.0,0.0
5218,7.099407412611939e-05,7.821865853750734e-05,7.387406751731581e-05
1796,8.090236344282577e-07,4.96109997434364e-07,5.096572465060724e-07
3388,0.00023588330885966448,0.00022392077682444555,0.00023241987068312896
2472,0.0001964336217901275,0.00024678664779400136,0.0002942948446063574
6844,1.4392260550747141e-06,1.2932858587557435e-06,1.244166290732788e-06
3596,0.0003216102703349101,0.001590038060033861,0.0010005621046915393
4963,0.0005743877388508411,0.000403480874558637,0.0003525390668568457
4119,8.552121399662479e-05,9.041788535312069e-05,8.775255865289774e-05
290,0.00033856473091216827,0.00028254245973759743,0.000312232295593269
2751,0.0,0.0,0.0
5105,1.4368393101138972e-05,1.3455449723674761e-05,2.764394004508675e-05
3994,8.657226404023259e-07,5.129661981107066e-07,1.0763562917728343e-06
672,0.00023735986553846867,0.0004475663879702434,0.0006112415622649705
3088,0.00030782069009043916,0.00022088414377731942,0.0001693530359140745
1592,6.498785568047798e-05,4.8430086387486156e-05,3.8202358633232355e-05
5473,6.942151677949669e-06,7.421689159784566e-06,6.697194756760606e-06
5925,0.0,0.0,0.0
1936,2.9044435966731752e-05,2.741518536058574e-05,2.912949933319485e-05
5905,0.0,0.0,0.0
2174,0.0,0.0,0.0
3500,0.00026782310123989433,0.00017931690781012905,0.00018413362829654262
659,2.79622042979787e-05,1.8695952976108477e-05,1.2704309787494403e-05
5285,1.0126015162541627e-05,1.1569409207797598e-05,1.1127956945432647e-05
1177,2.411449110360566e-06,4.478478867686157e-06,4.075631105346739e-06
1038,1.1248300468099669e-05,6.915821673009628e-06,1.1263415790284261e-05
237,0.0029953525054426154,0.0028458725773001423,0.002067573880755631
266,9.863692302734224e-07,9.64047389973543e-07,9.309889348516734e-07
5687,9.093903368723549e-05,9.198822176753686e-05,9.775614951860776e-05
2481,0.006240722224321237,0.007631660665828831,0.009585545440279713
6944,0.0003438057462777969,0.00030764368496240117,0.00044547183061251856
4881,9.335236796039497e-06,8.996524958293676e-06,8.56322127542749e-06
1706,0.0,0.0,0.0
1377,0.0,0.0,0.0
6805,2.617845466194107e-05,2.5156221311529874e-05,2.6639842431823668e-05
2895,0.0005240014256742093,0.0004244059528694052,0.0004802700652075217
928,2.96269056731924e-05,3.301305297843564e-05,5.361246606730022e-05
3546,1.0400882147921285e-05,9.425915498059183e-06,1.3556873608092475e-05
5528,0.0,0.0,0.0
531,1.1071383676160436e-05,1.0782732648532926e-05,1.2109216121801569e-05
13,0.0007452453711715151,0.00046876099048946126,0.00032554094518148964
4376,4.533373334360883e-07,2.5775165422446776e-07,4.4855710619060637e-07
6135,0.0005326210105103574,0.00045562223241409734,0.00048343091997407974
5412,0.0004186298462559916,0.0008623965399194357,0.0009033941667053743
258,9.74652889864832e-05,9.101829994179806e-05,9.893598467687013e-05
572,0.0,0.0,0.0
2387,0.0004188239466082617,0.0004298944412264424,0.0005470913609322008
2178,3.329900938812874e-05,2.145305364894602e-05,2.394696621215202e-05
1237,0.000251521874648913,0.00026848546439308616,0.0003130071329720663
2841,3.9178606684062336e-07,3.6501078613206673e-07,5.75811041538839e-07
564,9.145018925895698e-05,8.74946355275221e-05,8.636629330902368e-05
4485,1.8405401934588265e-06,1.3472411823543241e-06,1.8409267953136704e-06
442,0.0,0.0,0.0
4482,0.0006313705883134468,0.0008509262483464672,0.0008419047245427818
1759,4.94510622656942e-06,3.0078217979285328e-06,1.7107686460554016e-06
6019,0.0037097243117938253,0.0032846567977846187,0.0022129824554860396
6957,0.00016447493945649796,0.00014911424326098432,0.00017006696609954283
5762,0.0,0.0,0.0
6106,0.0,0.0,0.0
4334,0.0001787373567274202,0.00025219687034027993,0.00026446311902364494
5625,0.0,0.0,0.0
6446,0.00011919362008062165,0.00012287641618969534,0.00013923157061053836
451,0.00032924830498669945,0.00028929815756024383,0.00025109903994047976
4851,7.752392843175813e-05,4.2825106783003275e-05,3.562641595741835e-05
526,0.0008027754127767051,0.0006321277947602802,0.0006575363188174806
401,0.0002532579803589034,0.00027305296312120554,0.0006167860015787672
1060,0.0,0.0,0.0
6991,4.2107640819679176e-05,5.0776153083474855e-05,0.00010757483252243076
3867,0.007791548433228452,0.007569059701833966,0.005636396078748033
2613,8.721647231008726e-06,8.548098582840528e-06,8.883679062503119e-06
6087,0.00015087198064619737,0.00018191399591329608,0.00016810202988286148
3442,0.0,0.0,0.0
6228,5.002632520623486e-05,3.171054643847421e-05,3.322714113665896e-05
1950,1.8921021856756372e-05,3.5166229422893865e-05,3.43952112916155e-05
3291,5.1240114971956425e-05,3.3551797963886494e-05,3.632749151096674e-05
2641,0.0007516979918818518,0.00041778154688370883,0.00025512403877769115
533,0.0,0.0,0.0
5895,0.0,0.0,0.0
2644,0.0,0.0,0.0
3186,4.1431810935465185e-05,2.266127960829592e-05,1.4101459527166028e-05
5544,0.0,0.0,0.0
932,0.0029651494584044817,0.0027150947253454173,0.0021387366978703618
5494,1.908378633694566e-06,1.3292484659075186e-06,8.484187717452544e-07
2193,0.0001318367658585635,0.0001285167456905578,0.00012693320995086675
4571,0.0,0.0,0.0
3076,0.0001614196340019445,0.00014333766796046355,0.00012848399938763527
3692,0.002171528373837376,0.0016272840501929911,0.0018013547436183494
4080,0.001090563968105464,0.0011152506423542556,0.0010317834801298986
3621,0.0008254569867232706,0.0006594023968790976,0.0006790244347219613
5389,0.0028164186660165585,0.003571472723419228,0.0036891852803285145
3504,5.308624199730288e-07,5.893481795574624e-07,7.188517587475744e-07
5086,6.38988377173839e-06,7.104925467413201e-06,1.2496891436952304e-05
3232,1.931605513053293e-05,1.459817412682451e-05,3.0737124649128544e-05
3559,5.111392836703451e-06,4.753845286434633e-06,5.8496346899034e-06
4532,1.4177776802609316e-05,2.2379034422179422e-05,3.269188459811478e-05
2194,0.0,0.0,0.0
6097,8.10379569202318e-07,4.751513646610224e-07,3.6406704256239353e-07
1945,1.5298197756776295e-05,1.641066091358233e-05,1.7537038745735277e-05
977,2.4738975869587273e-05,1.70940452029087e-05,1.8758169121594966e-05
6781,0.0,0.0,0.0
883,2.7769969916552906e-07,3.582068693157021e-07,3.2600543823388515e-06
853,0.0006659533156139603,0.0003830895799074804,0.00024341497163552118
523,3.193924050384782e-06,1.6394415955004283e-06,8.857241596299186e-07
3700,0.0026620373046780652,0.0014159466707925061,0.0007850842965082285
3360,0.00017798209614996666,0.0001606126264170749,0.0007770640022648767
2786,1.2439609929172087e-05,1.4483163847265174e-05,2.007160525336223e-05
1204,1.7810355595636169e-06,2.1776813852847137e-06,1.7582878549081326e-06
5233,9.302514428925013e-05,6.40195089165052e-05,6.14620360292285e-05
486,3.084404383576099e-05,2.018616526384605e-05,1.4429818380936625e-05
4262,1.5568797568464334e-05,1.6980039254144087e-05,2.3184244308842573e-05
5252,4.876708934244358e-07,5.326034814262763e-07,5.454871131997277e-07
1281,9.199442894903015e-06,7.236942700200184e-06,1.3757335120614216e-05
4838,0.0,0.0,0.0
3916,0.0,0.0,0.0
6888,4.177254810695569e-05,6.251211114415207e-05,6.595983459031375e-05
3624,0.00025411239272434894,0.0003314912800557391,0.00031855728305778464
6119,9.339000455558598e-05,8.762315711417997e-05,8.447928686969667e-05
4355,0.0,0.0,0.0
851,0.00014037057832678272,0.001390195115103874,0.0007652828467153284
128,0.00014578595784281055,0.00014772469638718176,0.0007225315566882037
5170,6.0887297948669495e-05,6.408274917541281e-05,6.494854956852857e-05
1005,4.038843757698656e-05,3.968045068068533e-05,0.00017773855922273337
955,0.0001474137091251785,0.00014515365575266817,0.00014351019629855015
1672,2.5847435712682028e-05,5.181560635513308e-05,3.918424207026036e-05
2274,0.000433139076660122,0.00028371914113175693,0.00023330148864292516
1608,0.00011678292422277058,0.0001087282163299927,6.276629003560712e-05
2462,1.3792916427673217e-05,1.4936958354870152e-05,1.3855181671236027e-05
6695,0.0,0.0,0.0
5753,0.0,0.0,0.0
5516,6.085794612409761e-05,4.866873330760605e-05,4.565267613949693e-05
4126,4.978638266028225e-05,6.52674450439463e-05,4.7313878252560824e-05
1986,3.508016271078189e-06,6.9220414310084e-06,5.411391595526633e-06
6969,0.002700312678261084,0.0014663996550817085,0.0008519419604605975
3951,0.0001659990329520815,9.344842151081271e-05,5.1820348004923444e-05
6993,0.00023037040952493342,0.0001935682469997367,0.00018967373927831276
247,0.00016841107311045282,0.00018735341711917738,0.000207047414230382
2323,0.0009470081906621724,0.0008957762017358096,0.0017396225540988752
2549,1.5297489383467177e-05,1.437770641269304e-05,1.996732746027124e-05
6619,0.0010147106987905188,0.0006395351791140488,0.0004717462628849376
1642,1.5798008228096247e-05,1.2789588380701819e-05,1.621879107566031e-05
649,0.0,0.0,0.0
2148,0.00027324838034898757,0.00023601111694245182,0.00020471035955571358
5354,0.0036873211082954142,0.0026382754804662074,0.0026441432418020535
4378,5.590148965268033e-06,3.155830157536102e-05,1.9250621705128863e-05
2114,0.0003184224667685735,0.0002986014747039343,0.0003410984990135054
1221,7.314679580391335e-05,8.473637249411704e-05,9.576354694609762e-05
6443,6.4770940982446e-06,6.31214745179044e-06,6.7802473929888405e-06
3009,0.0,7.752103972566672e-08,5.904860465741884e-08
5188,0.00014068174042784025,0.00014089504535536273,0.00014081867450722605
2227,1.280283625245551e-05,1.5306134824502974e-05,2.187152642946851e-05
1223,4.1919433844396416e-07,2.647334305036446e-07,5.818530038715435e-07
914,0.0003489711512505495,0.0003385327321548029,0.0003771069596465062
2725,0.0,0.0,0.0
3239,6.072990736055261e-06,3.1470229035536613e-06,1.6241039538324408e-06
3058,2.1019262597890965e-05,2.507353348289759e-05,2.167746695439693e-05
992,0.0,0.0,0.0
5241,7.854791241467423e-05,8.106011488803787e-05,0.00010087281408625708
5916,7.053834091655079e-07,7.843083406358516e-07,8.737682345245834e-07
4029,7.79850308794244e-05,6.278212721139175e-05,5.2404789418660766e-05
3626,3.0173223198139047e-06,1.0019748850045525e-05,5.389306470403409e-06
663,3.2006295374123515e-06,1.97010452972229e-06,2.953733482708942e-06
5098,2.5027391674052786e-05,5.6758264789165936e-05,3.999651300190283e-05
4734,3.1684831436758016e-06,4.751808070003234e-06,3.878362268506321e-06
4554,0.0001503060963628685,0.00014974954290801563,0.00015017391468515948
3914,3.937842162402291e-05,3.8270765919329714e-05,4.0166796661705735e-05
4226,0.0,0.0,0.0
4528,0.00031985196815531976,0.0003078455787978423,0.000299741157920522
3650,0.0003965270659083407,0.0003287358511466489,0.0009646916384943742
3221,2.0016136001872847e-06,1.2471617029994835e-06,1.1100867455080701e-06
140,0.00016227150357240078,0.00016249350882827554,0.0002103311070766328
3613,1.6923389355482679e-06,1.4481951490305487e-06,1.9128966362271285e-06
3210,9.083747786713166e-05,0.00013923727760798256,8.707882081827524e-05
5409,0.00035290517855799194,0.00030658359221951326,0.0003023954794431093
6629,0.00011636243938263615,9.602689189702208e-05,7.565704990110607e-05
2297,0.00019048864969177062,0.00019147395740147928,0.00021344091180443335
5653,1.0801832110352092e-05,6.281369954081377e-06,6.134418405394055e-06
75,5.098348803987473e-05,7.239562814848341e-05,0.0001078859642901977
6992,7.673087309295352e-06,7.477840666318684e-06,6.871485470651186e-06
1422,3.484008183061803e-05,3.3454906048261254e-05,6.121302011355539e-05
759,0.006776260293000512,0.004689822570885738,0.004139320192063476
1404,0.00013239547415759743,0.00013566231217237559,0.00015615808410742398
6472,2.9499301759000794e-06,3.3098608161618058e-06,6.273062932567607e-06
6856,7.329614763237954e-05,7.31686042151172e-05,6.941105657708571e-05
265,7.490307868794122e-05,5.771134157282265e-05,5.315317799464687e-05
3519,0.0,0.0,0.0
414,0.0,0.0,0.0
6593,1.3570198558217205e-07,6.154297013059317e-07,6.709218490663891e-07
3586,7.684521818750902e-05,8.896260911411796e-05,8.831755764327149e-05
4196,0.01691093972850337,0.01658660825172605,0.019093677344813213
2344,1.4485684395549757e-06,1.3968743788105757e-06,1.395169000042559e-06
6915,0.0,0.0,0.0
1528,0.0031385461258976923,0.0018130150516728865,0.001517448192905737
4455,4.512647171712689e-05,3.260811303632117e-05,2.6411187511295904e-05
2200,0.0004468268173172735,0.00023762118534872281,0.00013619754699268635
3136,8.643048242725443e-05,8.356966879717248e-05,8.610967798122034e-05
2434,0.0,0.0,0.0
1182,0.0,0.0,0.0
6248,0.0,0.0,0.0
478,2.6337414644908732e-05,1.9141924302789413e-05,2.7183600701386294e-05
975,1.7260706635961334e-05,1.4143800308980928e-05,1.7501113442863895e-05
784,0.0,0.0,0.0
783,0.00035855741179922684,0.0004241507936102813,0.0009445046866916368
5305,6.879521284734223e-05,8.920924788513739e-05,9.058782413991132e-05
2212,0.0019737006433128163,0.001493537555878377,0.0023924228620052553
3759,0.0003260617787246652,0.00023803260520614993,0.00023962370236955323
2381,0.005424820152540782,0.003641844205876773,0.0037043437816122295
2836,2.825208831124309e-05,2.9433773059317794e-05,2.0671014055635568e-05
1862,3.4710456046524764e-06,5.2984068760381765e-06,4.079470985412882e-06
2256,0.0,0.0,0.0
6205,0.0007106551799460437,0.0004014062579138352,0.0003049241457393859
4430,0.0,0.0,0.0
3791,0.0,0.0,0.0
1112,9.453796790339177e-06,1.0715003126890738e-05,1.1913646810362395e-05
4359,1.3609032664810514e-05,7.826965436913197e-06,5.375739324304879e-06
2698,2.4774803168692614e-06,5.952768748021779e-06,6.746675639428829e-06
2150,9.426886679605381e-05,0.00012192649955027355,0.00014322993512329372
3097,0.0028013407652000806,0.004214089961720312,0.004723419598315147
6430,8.298656268912867e-07,3.500111250419387e-06,2.553101622922412e-06
4519,0.0,0.0,0.0
1809,0.0001643123455178317,0.0014029991074681768,0.0007754827944290988
3081,0.0,0.0,0.0
5563,0.00015099230659208936,0.00015221416075690973,0.0007904186889965681
4868,0.00016879531011900327,0.00019329961710057148,0.00018057506298403225
3041,5.032321707399908e-06,4.2308884629031475e-06,4.534374301353272e-06
2917,0.0,0.0,0.0
4067,7.634067464814118e-05,6.124394668344966e-05,5.503391475907087e-05
6947,0.00037553993785329333,0.00035891701266323406,0.00044047299275610114
4275,1.6175378252984842e-05,1.4749649255326655e-05,1.7243142100371123e-05
3913,1.2052576787439138e-05,1.2487975308461549e-05,1.702338804927986e-05
267,0.002779688377316115,0.0015302147669848402,0.0009054779618192029
3528,0.0,0.0,0.0
1908,0.0,0.0,0.0
3976,0.0003068039082810763,0.00035938634744940877,0.0003460920731510208
4663,0.00014037057832678272,0.00014037057832678272,0.00014037057832678272
2660,2.520176799215298e-05,1.8636667248976946e-05,1.853371484046157e-05
1966,0.00028783011255051685,0.0003069520063297645,0.0002728243140148437
2819,0.0004339131502780103,0.00047171969079149275,0.00037264149893682165
6881,0.0,0.0,0.0
5140,2.6420156026717657e-05,1.842571925052477e-05,2.315968840986886e-05
4383,3.814347665076999e-05,4.104366279649109e-05,3.6119659654130254e-05
2530,5.684432980912725e-06,5.377286389308078e-06,4.9194822020911896e-06
1414,0.007536711823801537,0.00781013535942877,0.008202623857529906
1534,8.654108945267793e-05,6.932702951999773e-05,6.57127133928825e-05
5497,0.00029073343618445633,0.00029273644099816955,0.0002915470769098651
4577,5.087551559508359e-06,4.36186969525002e-06,1.0501184133696604e-05
6410,0.000124052357121401,0.0001374355861013005,0.00011286328765388524
5755,3.2044573559839875e-05,3.514596516631237e-05,2.9041700788716762e-05
6498,0.00014037057832678272,0.00014037057832678272,0.0007652828467153283
2125,4.209533609993691e-05,4.7344841595807834e-05,5.158684249872351e-05
3263,7.246203791691774e-06,9.875058311550056e-06,1.2807756190214244e-05
3954,0.0,0.0,0.0
6676,0.0008151654067229198,0.0007528132943669646,0.001022300899125662
6319,0.00014037057832678272,0.00014037057832678272,0.00014037057832678272
6315,0.000855236321797932,0.0012074422438141772,0.00168801784845748
4087,0.004158425994441321,0.0034831537442678376,0.004098288525001872
1803,0.00027149632395654077,0.0002279627233923956,0.0002724374308232035
529,1.776039039009495e-05,1.3810456069696648e-05,1.3613122884360023e-05
6796,0.0012372411248503447,0.0008525447773621935,0.0006548848712438659
6952,0.00030894842227187694,0.0002273366473045669,0.0003321514310640123
6748,0.00030392847089734946,0.00035594049373865766,0.0003732401132972781
3416,0.00011856871893847797,0.00012269049026562636,9.490903181890485e-05
3155,6.0503618061936395e-05,5.9589157624094165e-05,6.306281255227298e-05
6149,5.584172835968511e-07,9.509478636701024e-07,3.543945938177084e-06
5301,0.002581678658779736,0.0027063763852367964,0.0024956454830332387
3730,7.079994757809655e-05,7.350566192778119e-05,7.332833657316898e-05
2766,1.4017165740651587e-05,1.586593249321906e-05,1.4581352714191396e-05
4068,0.0,0.0,0.0
2590,0.00029629341938985324,0.0003585487728520233,0.00029442941069584406
4251,0.00013320489489696788,0.00029191491483489517,0.00021777077282863125
4546,9.69292855942942e-05,7.017074892713094e-05,6.592252038449074e-05
1877,0.00020504765177345045,0.0002292466275532916,0.0002375075233365666
5671,6.953008007220442e-05,8.050809441944601e-05,0.00010275516245488903
2260,2.7875687151787012e-05,3.0289784530245602e-05,3.079093133366629e-05
6502,0.0,0.0,0.0
6722,0.0005950729229211412,0.0005363897494955674,0.0005777720039615038
144,0.0002106893911652511,0.00020539940666072185,0.0009270164949050059
3510,6.503314343058502e-05,5.4342213989207284e-05,6.419407308726618e-05
6962,0.0006089524916149936,0.0005506932825896048,0.000709576556861646
6548,0.0005512965208367502,0.0003340365689324503,0.0003445790976241844
5303,6.164214093320359e-05,6.096392536869654e-05,9.258428840012493e-05
3911,0.0,0.0,0.0
3200,4.395354584082773e-05,4.396338329212037e-05,3.910185259417709e-05
65,0.00027100214246610766,0.0002489084825299342,0.0004298413578662234
6008,0.0,0.0,0.0
6084,4.8047444309704645e-05,4.474766975565637e-05,9.107372951723201e-05
7075,5.020711151421432e-05,5.7143929939500654e-05,5.962814582047697e-05
2812,7.278832740169306e-06,4.270121941050826e-05,2.935726253594112e-05
721,1.904153223517863e-05,1.4159653626533187e-05,9.976835039824521e-06
3980,2.0173578339360038e-06,2.2728105465332424e-06,5.9619718747263935e-06
2157,2.3489544879549485e-05,4.121365533512526e-05,3.351716335485069e-05
502,0.00041998560045346136,0.00041614062248689255,0.00039590608622989
1090,1.7903205431110316e-05,2.0136738935508338e-05,1.770374889629827e-05
3052,0.00017124511878944577,0.0001559204972923592,0.0004952828097785729
3156,1.4931734464594503e-05,2.9475715259695064e-05,2.485475289372634e-05
6141,0.00030869878064489616,0.00031666945091554817,0.0004436197884374105
1011,0.0002449955144570319,0.00028177096510953963,0.00035602646578221673
550,0.0,0.0,0.0
3817,1.760004378272508e-07,3.34622403936388e-07,2.160559313385264e-06
1392,0.00031975039132550774,0.0003126531163243671,0.0002926720749629763
6429,1.2406793917248201e-05,9.818747873050579e-06,8.464012175414862e-06
2542,0.0,0.0,0.0
3549,8.572945221345474e-05,6.244890302382729e-05,4.6344749015635237e-05
1246,3.5437325745791526e-05,3.498422529602362e-05,6.482969675397663e-05
5667,0.0,0.0,0.0
3944,0.0,0.0,0.0
7010,0.0,0.0,0.0
3321,4.943601590227912e-06,5.982824849373148e-06,1.3779985714213791e-05
4176,2.520627429694771e-05,2.2090863965334106e-05,2.9075273196746626e-05
1633,1.2015025041614274e-05,1.0140745439618422e-05,1.0555075363895583e-05
405,0.00028191963957427505,0.0015319777312681347,0.0009068484424796965
41,3.2298935666219805e-05,2.5682186992028184e-05,2.4237693753600237e-05
2037,4.632023927514477e-06,5.5529617704512035e-06,1.0341153972166476e-05
6851,0.00022562445088976368,0.0001649670070101083,0.0001791326157571777
4718,0.0004978972246714795,0.0006197928223075821,0.0004017667695929972
685,1.2626979141671977e-05,1.3027681535317498e-05,1.43437507573123e-05
2657,2.5506680560567467e-06,2.0027081996921463e-06,2.3452845426993293e-06
6485,0.00010003577328812522,9.031186723881273e-05,7.310183948459451e-05
960,0.0,0.0,0.0
5388,5.311666229374029e-05,0.000104439979915497,0.00011685094828230898
3658,0.0,0.0,0.0
755,1.9381862420006855e-06,1.808284621720634e-06,4.073125754595198e-06
879,0.00016501230949695118,0.00015114419553571276,0.0002430982246625516
3966,0.00034344893783730857,0.0003205222069074735,0.0003228925427696492
4025,0.0002672339254842005,0.0002550535445766153,0.0002592769366766928
2690,0.0006233401997609698,0.0008520390280179015,0.0007593628037120393
1622,0.00045309687033148353,0.00026263718387381046,0.00024640538801935167
3904,3.562412079765403e-05,2.9452156692921752e-05,2.8832398614680744e-05
3057,0.00019316005034168687,0.001522730597759659,0.0008609579531187859
3898,6.843592434392585e-06,5.1697822444764454e-06,1.1564798483625658e-05
5787,0.0004830914534184866,0.0005034772029366769,0.0006752698490310922
3131,0.0,0.0,0.0
231,0.00022148904042918084,0.0002086947556881414,0.00024770450096098543
3949,1.9064126327876585e-05,1.925183719213143e-05,2.202970624462892e-05
5037,5.744969923005454e-06,5.560376969960726e-06,4.596009777462008e-06
1160,2.2483637275695144e-05,2.4400476075084333e-05,2.1615585101616638e-05
6824,5.958643641927503e-06,6.231233376664676e-06,6.079208269840362e-06
3917,0.0003842176407106705,0.0016538955999174112,0.0010355021347765315
4600,0.00012499902640761024,0.0001303604729560146,0.00012055030807717548
2976,0.0,0.0,0.0
2349,3.4362154844236494e-05,3.861060836775517e-05,3.935948009791412e-05
1663,4.877341705724686e-05,5.1247651380037466e-05,5.2721496825174445e-05
6181,5.867927196402851e-05,5.098667797477457e-05,6.854757762676149e-05
1154,0.0,0.0,0.0
3789,6.075593280400526e-05,6.063708284580679e-05,0.0001090653875336757
309,4.929815595247648e-06,5.38862474891551e-06,5.9567531871500536e-06
4931,5.290515716973437e-05,8.761195686942435e-05,7.142340050614886e-05
2914,8.051067926045591e-06,5.560193406386436e-06,7.287220828144347e-06
5254,1.0016855661210707e-06,1.3970883660888695e-06,1.4275790804131802e-06
3244,6.58478615666953e-05,0.0003167742709041476,0.00019293183698633915
5715,0.0,0.0,0.0
2315,0.00014037057832678272,0.001390195115103874,0.0007652828467153283
7068,8.517776568728035e-05,0.00012944996414788218,0.00010488151100181262
6152,0.00015892977046422005,0.00015652795968565443,0.0007987600189166322
2189,0.00012229452027689639,8.391553865911949e-05,5.8422062234771526e-05
4876,0.0007986228888568431,0.0017844849036530515,0.0012474318475957033
6896,0.00028751461141421965,0.0010797055667139033,0.0006985292992223069
3524,0.0007961591397016538,0.0005720182686904459,0.0008522719099467556
4622,1.5463819529926466e-05,9.950406520907855e-06,6.596552668832728e-06
1801,2.385520165589156e-05,1.9022309359688455e-05,1.8896422787860314e-05
5331,0.00034954708576789357,0.0003562586009607984,0.0010974871036914813
6204,0.0,0.0,0.0
1242,0.00014594234225411706,0.00014418687130575178,0.00014974750119278155
6376,4.6229104870951205e-05,5.9314956296632134e-05,0.00014961485743024568
3992,0.0,0.0,0.0
6688,1.6104623955598852e-05,0.00013278525814597574,7.585575056973932e-05
1436,0.0008048356605988598,0.0006329689311296207,0.0006652680587829721
2729,1.410582035569742e-06,9.467634712454402e-07,9.919266162765306e-07
6763,3.3017420082838014e-05,0.00013233813824343966,9.610590496047032e-05
4642,3.85537112124357e-06,8.110479523627757e-06,9.588413805809787e-06
3040,2.625333406037327e-05,3.563551089172696e-05,3.0759157626508066e-05
2169,4.459079807225467e-05,7.179279168308757e-05,9.933319822895564e-05
4729,4.746937697320036e-06,4.1935730885145934e-06,3.949142746101336e-06
6582,1.5080063564812345e-05,1.40221256266312e-05,1.842655970214998e-05
6226,9.813884096738116e-07,1.164025138423323e-06,1.1176567290444713e-06
102,1.8949859855897788e-06,3.7240709770483767e-06,2.526570790838219e-06
5384,0.0,0.0,0.0
557,7.573218131922413e-05,8.146725378583962e-05,9.78056643748641e-05
1616,0.0,0.0,0.0
5836,0.00012204831095816783,0.00011857507778355344,0.00011361341436119728
3736,0.0,0.0,0.0
7064,1.5750141833218065e-06,1.031897362639749e-06,4.158430245710091e-06
4782,0.00018833339966002637,0.00018416190331939627,0.00020062517869972257
5829,0.00011437125500893455,0.00010923105123113417,0.0002572970636713672
5722,4.904811251802259e-05,3.5344582393692096e-05,6.750714237249222e-05
5117,0.0005482631892271726,0.0015538676189425786,0.0012248938399318727
3875,1.2787594817132215e-05,1.3112786225994285e-05,5.2666703040179784e-05
1632,0.00023523426041466527,0.0002476929815878234,0.0008740297801992045
1625,1.3208768067895646e-05,1.3835912840801245e-05,9.38468442462408e-06
4754,4.456052915203627e-07,4.865144213444682e-07,9.63106635209359e-07
1845,1.4566945653772634e-05,1.363119775634806e-05,2.178621321385525e-05
3864,0.00109118059577702,0.0009249338214042521,0.001095497163466052
988,0.0002148315882653031,0.00037576108939580213,0.0003005907170993683
2392,0.00027841901226093583,0.0001568388639599343,0.00011886391017458444
2281,1.198610472391382e-05,2.077004706896823e-05,1.788822321574188e-05
4340,0.0,0.0,0.0
3427,3.7658318896125724e-05,2.2055531405813272e-05,2.1850165141336975e-05
5469,0.00023582003158235801,0.00021164038933664837,0.00023469312090869024
4309,6.12782641516782e-06,3.371306314973807e-06,1.8335503154404353e-06
4943,0.00035044232961599955,0.0016162790556267796,0.0009894141423924527
4276,1.752562767748524e-05,2.0860101472381042e-05,9.548590196821552e-06
4709,0.0008802461823682513,0.000870326452290211,0.001140443832650577
1813,3.1021923739164675e-05,2.5427612584770937e-05,2.802680944537755e-05
2744,5.356665240600211e-05,6.444486966237523e-05,0.00012539341639646
1727,0.0003367118277466627,0.0003256416593900741,0.0009309503732719949
7029,0.00024325083497436166,0.00014742815293295868,0.00013138312166057753
4375,0.00022998260434747703,0.0002819640778973557,0.0002640746189661159
490,0.0005206129254270475,0.0005392421409787981,0.000884726876448137
1169,0.0037494198235891586,0.004254448856644771,0.003864554627637081
1996,0.002548491600685348,0.002228188786178773,0.0027547142563701314
2368,1.0791340221578041e-05,7.70198289364272e-06,4.093467178797586e-06
5368,0.0,0.0,0.0
4240,0.0014835115582353868,0.000962508941184565,0.0009497944036377076
4805,3.0820611807131813e-06,3.0430476873320994e-06,2.6745464181942196e-06
4426,0.00015178174840513862,0.00016710958858245917,0.0001612839126379984
208,0.0008919533392949439,0.0007851333588738305,0.0009086398973239551
3063,8.137412061490227e-05,5.103261826429196e-05,6.965430888953036e-05
3090,2.274748429106572e-05,2.255385190910466e-05,3.0203564305514706e-05
3731,0.0030108201233941655,0.0027604865305500266,0.002495787193725337
810,0.00031577050507022864,0.00031415295781958954,0.00033053620633912334
5926,8.9028638377382e-05,0.0005483200662505936,0.0003919706994605975
6639,0.0,0.0,0.0
1289,0.0,0.0,0.0
5308,0.0,0.0,0.0
5693,0.00015719946173109667,0.00015126603973902026,0.00011964737189814038
3832,5.24615905376423e-05,0.00023878154441095236,0.00015634339782658038
3547,0.00016974930810759875,0.0001553499482426863,0.00017482528176836746
6889,6.829501987995145e-05,7.27102177594457e-05,7.550184827931423e-05
4703,0.00011742813847994629,0.00014431446410677662,0.00012735833278441994
6362,0.00035143305387444506,0.0002996967682678076,0.00030067488176345117
5974,0.00017147812142636855,0.00016926640440319277,0.0001709116771984415
147,0.0023468720441367314,0.001769884191315039,0.0008208625052513427
1111,0.00036669358021089834,0.0004363685087687427,0.0003530820263004174
6933,1.210991082314008e-05,6.519973371986139e-06,3.823386205053577e-06
4024,1.0735161189634975e-05,7.367097949465983e-06,8.44695127141152e-06
1899,0.0002116580275916008,0.0002478617856810522,0.0003079673041188783
3146,0.0003855793773144788,0.000525768089291085,0.0011392255765890424
5185,2.667690207788024e-06,2.232430687385398e-06,2.2372093788916808e-06
4149,0.0,0.0,0.0
1550,2.7450816689964533e-05,2.810848191208917e-05,4.033172381200366e-05
5652,3.2970522283355905e-05,2.010167767882154e-05,3.972528212650553e-05
3632,0.0,0.0,0.0
6267,6.0202469648253464e-06,1.0902344343065145e-05,1.2855868961766234e-05
4589,1.8066480670078738e-05,2.070130978933702e-05,4.0514714049108685e-05
1107,4.065842315490089e-05,4.063132867200683e-05,4.679944166871537e-05
6426,0.0,0.0,0.0
5493,0.0,0.0,0.0
6233,8.019588409105523e-06,1.1640324748708417e-05,9.497437920759943e-06
4593,8.260286199718143e-05,8.117615167051173e-05,8.448701064794874e-05
3592,3.534046672651806e-06,3.305665389334937e-06,3.5751558543250026e-06
471,0.0,0.0,0.0
6232,9.457003898531417e-05,9.590155138071561e-05,9.807623988530296e-05
1446,0.0,0.0,0.0
4418,0.00037664864705203136,0.0004013061075889262,0.00046950818363997664
5159,0.0,0.0,0.0
404,6.719490393477361e-05,6.758441421369143e-05,6.757420195889567e-05
3819,0.0010313990476312985,0.0008774607685468059,0.000761023953654587
7120,6.851922603645306e-05,6.679853709874862e-05,9.826607001110825e-05
6082,9.10980601088312e-07,1.00931680880624e-06,4.5970842744678645e-06
2411,0.0,0.0,0.0
5738,0.0006878626151031744,0.0006450875675743451,0.0006189320351446378
5071,7.88541341824413e-06,1.1666482350742998e-05,9.01115796016927e-06
2575,1.7173788526164045e-05,1.1285934684093374e-05,3.193120159657065e-05
3938,2.9988765393038545e-05,2.8719107668488485e-05,2.8268849153973958e-05
2805,0.0012842061052687139,0.0007947333422195465,0.0005481827904341571
6939,1.535286731345302e-05,2.812114240052922e-05,2.8352397297739824e-05
697,1.4767646246890568e-05,1.5545866116274764e-05,4.8695079974428915e-05
6161,0.0,0.0,0.0
3846,0.0002541569780664428,0.00022970594875948417,0.00035291070055476124
2306,0.00016390374292849625,0.0001636186448308078,0.0007886780832123601
5168,0.0006569740817111802,0.0006733560687328836,0.0006524914910018644
3369,0.00014501935611617968,0.0001438118100710014,0.00014420709632842086
6899,0.0,0.0,0.0
6857,9.262258847480724e-05,7.906095884241765e-05,8.167815794108716e-05
4165,4.1278357158611836e-05,6.938816894681661e-05,7.540264620710411e-05
6122,6.209925163450604e-07,5.634489538376265e-07,5.377067698604422e-07
5550,0.0003716489162492211,0.00028218434068212384,0.00024212149420553986
4921,0.0007244279603356074,0.0005127206536489891,0.0005812775533161933
6329,6.796139710244982e-05,8.059784942179373e-05,7.928212197512831e-05
652,9.992749688202495e-05,0.00010815260225350891,0.00010252040235061009
6377,9.876555693701423e-06,9.969288167775878e-06,9.948943306049387e-06
4691,0.0,0.0,0.0
3669,7.265677620445091e-06,9.460366476012733e-06,9.60019554717598e-06
1736,4.555471905296336e-05,3.667197153131302e-05,3.4620506400900865e-05
1493,7.784118521542267e-06,1.0053410065263136e-05,8.865054550153754e-06
887,5.428085015781992e-06,9.77664326797888e-06,1.4677533083315958e-05
6053,0.0003303605974364884,0.000318091877746393,0.001004382321681905
1208,2.4676557165349003e-05,3.0471985361841475e-05,3.3054234102436986e-05
5505,1.0262300289662798e-05,9.80591242328047e-06,6.215597990862887e-06
4967,9.395738207378542e-05,5.3659038674484916e-05,3.052101522280559e-05
4492,0.0,0.0,0.0
927,0.0002897598809020014,0.00038270690488929925,0.00030016465225744706
996,0.0003143193814472228,0.00020744784889632407,0.00015866314774767642
2066,3.2549169971919036e-05,2.299797016600551e-05,1.9034552551168443e-05
6677,4.3126727915101945e-06,2.6158793030141897e-06,4.450328046904811e-06
1825,0.002752791541603187,0.0015249261780833692,0.0009728588084196879
1933,1.5236349757971274e-05,2.1431513672278143e-05,2.3263746684079212e-05
3754,0.0001330710978411294,0.00014809027883947264,0.00016225954152807075
3940,6.380698770830009e-07,8.670385013595169e-07,6.922462185721599e-07
3925,0.0031627523870632213,0.0037796247361864366,0.004647140282404864
1232,7.123173058033537e-05,0.0001590380424895824,0.00016282919834198094
6259,0.0,0.0,0.0
2809,0.00048518649579794374,0.00031049926624227887,0.00022242764437422735
6766,0.0,0.0,0.0
3784,0.001967757267859166,0.0019029752403811279,0.0038697636647605114
432,0.00015035031962998738,0.00030759532092449165,0.0001905950856985051
3617,0.0,0.0,0.0
6128,0.0,0.0,0.0
1998,0.0,0.0,0.0
40,1.0403842416398526e-05,1.2266610227470799e-05,1.580249183667151e-05
5902,0.000458610943999965,0.0002699235366641249,0.00017991412408262827
4935,0.0006423101736528391,0.0005322378539765024,0.0007107040983761653
2935,0.00016644056614747716,0.00015034708791618375,0.0001771843150043395
4641,8.518192139148204e-05,6.551599593697745e-05,5.7799199924397546e-05
5072,0.0,0.0,0.0
5262,0.0006412843681857704,0.001821710312813834,0.0011394101460646764
2573,0.000187284129873661,0.00023469361732995727,0.00022415237532175277
5248,0.0,0.0,0.0
3251,4.452294361415323e-06,3.6297333916754697e-06,5.126119166771406e-06
3399,0.00015287050184500882,0.00015272066602284534,0.00043691792611218276
7008,1.8812441398490601e-06,1.6850134696341789e-06,4.315324416555826e-06
3793,2.6733277912360605e-05,4.214751810754482e-05,3.3109052053271115e-05
2056,8.079815384361743e-07,9.530641398329182e-07,1.0291666534319191e-06
6118,0.0009415634033910933,0.0007330925965190739,0.0007249263827742882
1152,3.685120388532941e-05,4.920540106239532e-05,8.845900829813337e-05
4152,1.6113848708113106e-05,2.2272605816761946e-05,1.9794513088427035e-05
2452,1.486194114880907e-07,1.4245786208186448e-07,1.8095702359566983e-07
845,0.0004955752580487747,0.00026110764031444985,0.00014304723450844995
5314,0.0,0.0,0.0
4993,1.0477308792342409e-05,9.757305276187902e-06,5.41234795478456e-06
5511,0.0019054298508771983,0.001961654746281932,0.0017907227570718263
4135,0.0027830563390464137,0.0016020448079421962,0.0010174734681742102
2845,0.005062430056164994,0.007762766487026736,0.006866296362994895
1836,0.00034696003208628393,0.0003902950139732785,0.0004042336937239093
6252,0.0,0.0,0.0
1262,8.66938667500614e-07,2.1483232737914454e-06,3.09740761375205e-06
3521,0.0,0.0,0.0
3159,0.0,0.0,0.0
4284,5.436374350363604e-05,3.193300243923177e-05,1.9983046044621297e-05
5163,0.00021237501323267534,0.00011252357479885774,6.129144337557204e-05
3948,1.7737678232076495e-05,1.2396537693812448e-05,1.1635620409248682e-05
1701,0.00030690212663141814,0.00025945289148258363,0.00025889374428207375
4003,7.675534187494294e-05,0.0001573823479549298,0.00010183404174249981
1118,6.813380453111577e-05,6.794206798316746e-05,7.440911987609454e-05
1081,2.438835882124962e-05,1.6053131904736716e-05,1.111028286663887e-05
428,0.0011492167172381532,0.0010812469151445622,0.0009926328631900975
5779,7.352129248679024e-05,3.850720744497157e-05,2.7253296679028415e-05
1420,9.900754816747915e-06,1.040136602262746e-05,1.4886953340933722e-05
2090,0.00016659557976701352,0.0001406044122494887,0.0004864263372267513
3444,8.156699788269492e-05,6.260683813675351e-05,6.142598849114915e-05
213,1.835242326953836e-05,1.6476028104038624e-05,1.1481467477570704e-05
7125,8.868287969048944e-05,6.2052005292248e-05,5.044646990198168e-05
1051,0.0001256392009086674,0.00012443671063989812,0.00012587221476683663
2165,5.199035686333116e-05,3.702187877235413e-05,3.9024332905213146e-05
4936,9.251865295667168e-06,9.2758039628569e-06,8.697865201066446e-06
3769,1.9958788560577094e-05,1.9002880736565888e-05,1.9948838124966344e-05
4283,8.576388097913323e-07,5.384999419918132e-07,6.43617233973201e-07
1343,4.5375283589345656e-05,3.308284561176408e-05,5.476358057049654e-05
5478,7.148990971286491e-05,8.024716463332168e-05,8.189940768169625e-05
5645,1.0804732338180323e-05,1.0262701581557762e-05,5.689756247179306e-05
786,8.060054439051214e-07,8.927301936878568e-07,4.37994306742404e-06
467,0.0,0.0,0.0
6115,0.0001467062881293162,0.00022793711905024896,0.0002484496363315704
1394,0.0003587347520126169,0.00036722165501177,0.00040592022147376423
2292,0.0,0.0,0.0
1508,4.655025002057325e-05,9.997970601887924e-05,7.417723380274686e-05
1257,8.991749347284098e-06,8.394944277975065e-06,6.091039713761334e-06
4650,0.0,0.0,0.0
398,8.286812020122803e-05,6.120718978898279e-05,7.695996304425681e-05
1753,0.0007934330463041278,0.0004707109046539904,0.0004150156208075478
3909,0.0,0.0,0.0
2052,8.312675015096273e-06,1.3814189800932541e-05,1.0780289324045133e-05
5995,0.0006192764238015787,0.0006257155489162938,0.0006237001630314797
4891,0.0,0.0,0.0
3631,9.462083190953755e-05,0.00011309121589286923,0.00017011172091051845
1530,0.001030857093356511,0.0005799125607493813,0.0003731431204223627
5569,0.00284547813514785,0.0031794883489832514,0.002934541052501709
4130,2.098080058740658e-05,1.6592357891064474e-05,2.5684753879320806e-05
6803,0.00040915207178437833,0.0003304090513811822,0.0002460832372076892
1347,0.0001497978194718191,0.000152080625306844,0.0008072066017718164
1513,4.891930759294667e-05,3.984744390784325e-05,3.179195710762641e-05
3877,6.50981636465877e-07,9.329436604728736e-07,1.2430893231882856e-06
7113,5.8675651972995424e-05,5.636747204072158e-05,5.4655518629969914e-05
2850,2.4172325906800247e-05,3.650335827901699e-05,2.71616053815162e-05
1338,1.2679347780397078e-06,1.0775250812797096e-06,1.2864027021962899e-06
4313,0.00021419040163982313,0.000316750742739815,0.0002970700159443344
7110,0.00026368473080366176,0.0002623049572995961,0.00025446106156585256
931,0.0005011298860435706,0.0005373564564625413,0.0008950500137592484
324,0.00012356880835358088,6.808695706106523e-05,3.8389843209768245e-05
1220,0.0,0.0,0.0
6478,0.00031809938075113236,0.00036178799082387994,0.0003158576653863958
5477,0.0,0.0,0.0
3433,1.0855540308842398e-05,9.371870049961824e-06,8.428742291665478e-06
5177,1.44654132236744e-06,2.3692288579503236e-06,3.2535553163104043e-06
4031,5.9727173893730645e-06,5.601285995660449e-06,3.5423897348370155e-06
118,0.0,0.0,0.0
4134,7.317356071387437e-06,1.2118474747335599e-05,1.516361658844412e-05
6506,3.6542693880539037e-06,3.7290868321043495e-06,3.1874411814681737e-06
712,1.5991233942258762e-06,2.718802309921708e-06,2.5926282390555213e-06
2524,0.0006702364101936495,0.0004949214573499135,0.00043675283556440374
694,5.635381556958448e-07,9.399025865166661e-07,1.6069969041013081e-06
1162,0.00030595801412160124,0.00031221098172049504,0.0003596782464112949
1938,3.221345677740977e-06,1.6568594843447168e-05,2.0140300594748886e-06
4660,0.00030734160160354675,0.00029501407087767094,0.0009349033722741685
4740,4.589199626502279e-06,2.555043502988246e-06,1.9040514798147925e-06
5102,0.0,0.0,0.0
6876,0.0006178219821843693,0.0004798184830928967,0.0006499240148307437
5047,0.0003581920048997395,0.0003020505131576188,0.00027250955113613124
963,0.0005395648962885622,0.0004533231454480146,0.0005780281793245341
59,0.00014069134228265944,0.00014065412266608938,0.0007655162822354833
4658,1.1046153123972384e-06,1.1156552578671392e-06,4.6490431843822675e-06
4748,0.0003817789157407414,0.0004005761823522298,0.0010439457502757813
1042,0.00027853494425979377,0.00031550256691394255,0.000442326318765803
310,8.092529018058547e-05,4.4017466272483916e-05,2.7295661543467906e-05
3202,8.674055002403614e-05,5.837940594331014e-05,4.3808329406118855e-05
5735,0.0,0.0,0.0
3230,2.987702868592969e-05,2.4782032622921757e-05,2.247017286454539e-05
2300,4.654570919850924e-05,3.731187552079287e-05,3.886235380597679e-05
6216,0.00019953401581815407,0.00021964833518154186,0.0002186367769268432
1685,2.0613566190251968e-05,1.7422016641832657e-05,1.7948926026107932e-05
1627,1.1218320505707906e-05,1.7842050327251006e-05,1.8096156213105776e-05
2883,0.0005585008224863406,0.0005298245134428709,0.0007527959827242635
1266,0.0,0.0,0.0
6224,0.00024446335123323346,0.00025971920512544516,0.0008440085245841821
937,0.00015604769955408155,9.927188845983738e-05,0.0001285220144358402
97,7.6213268256448585e-06,5.543133617916371e-06,4.412385234974525e-06
3226,7.764161375487126e-06,7.772400674319586e-06,7.294315113832548e-06
5267,8.226536885405225e-06,9.88165553229713e-06,9.356534683405854e-06
4443,0.0,0.0,0.0
5213,2.3141750595071863e-05,1.5383096464230116e-05,1.9321332786189095e-05
3641,0.0,0.0,0.0
6563,0.0010735799081610534,0.001416008770033909,0.0011107795306221269
6133,0.0,0.0,0.0
654,0.00014037057832678272,0.001390195115103875,0.0007652828467153288
2704,2.752758589800264e-06,2.8580485380223236e-06,3.330118754906072e-06
2147,3.952408679999017e-06,5.605454188965029e-06,4.743775326455705e-06
2367,0.00019073557412436218,0.0002609110829379428,0.00023341696654686055
4685,1.0412357460964167e-05,1.1802607850986828e-05,1.0132015704452813e-05
2081,0.0001592997096404579,0.00025040790825695366,0.0002806340396417805
2301,2.2032156192945498e-05,2.2156662798577465e-05,5.021861949864644e-05
2970,3.177605303499242e-05,2.966185591522829e-05,5.507100205388667e-05
474,0.0004267833748866435,0.00036067637859496515,0.00032339646589150034
2733,9.183105978551996e-06,8.894304526663863e-06,1.2257725392734673e-05
638,0.0001742934126247957,0.00018052374545973106,0.00018134949428722007
903,0.0,0.0,0.0
5552,3.886102390353455e-05,6.584023237285133e-05,0.0001285347783091982
1219,6.085647863985459e-05,5.761954114322207e-05,5.201803463807537e-05
3605,6.223401707065313e-05,3.933028603083992e-05,2.5991746405327464e-05
45,0.0,0.0,0.0
3764,0.0,0.0,0.0
5405,0.0,0.0,0.0
5887,0.00028074115665356543,0.00028074115665356543,0.00028074115665356543
511,0.001475763165460948,0.0007774157210965448,0.00043121448143286376
6547,1.0658712323961548e-05,1.166224017228059e-05,1.289155049052986e-05
5404,0.0019300154547549696,0.0012884056663349977,0.0008958156771874332
5808,1.2458857341819197e-06,1.1170652669314022e-06,1.0664493814357357e-06
2997,0.017191046305769234,0.015685181645925403,0.015612349983668979
1318,0.0,0.0,0.0
30,0.0007798275677163432,0.0008034751170445779,0.0007505963349383891
505,0.0,0.0,0.0
391,0.0,0.0,0.0
2272,5.984735715919725e-06,3.1055044004537386e-05,1.586471879645003e-05
6782,0.00041221002952065625,0.0005034322704821623,0.0004927761815445878
1478,0.0,0.0,0.0
3293,0.0,0.0,0.0
4142,3.415746508152329e-05,2.987503450043049e-05,4.1343556965234506e-05
2137,5.880213270315328e-05,4.638560972530151e-05,3.4302756914780336e-05
923,2.6879552543417146e-05,2.2573029473861854e-05,2.2426120696333795e-05
6439,3.159259164858901e-06,3.0968703793455905e-06,2.9511107544683104e-06
3625,0.0001267012828999918,0.00010416671288617922,0.00035199140378773357
5987,7.465819548415134e-05,6.209455147781534e-05,6.839837877616266e-05
3478,0.0,0.0,0.0
1468,0.00011925502646332229,0.0001196799321587505,0.00011785341313793639
3269,0.0032173585921060756,0.0037269583134241827,0.003078521659527925
1894,1.1107121153890248e-05,1.0937395060012065e-05,1.1102815008803865e-05
6264,0.0,0.0,0.0
3606,1.6046866611723448e-05,1.7002810631141085e-05,1.7171852290901207e-05
3691,0.001990537412685655,0.002017642035211647,0.002008509889380967
6921,0.005167434022756972,0.005811273414610493,0.005400152347483327
2793,0.00026882489031885843,0.000265015420966158,0.0002415730601454783
5842,0.04590897417720308,0.048597012253871884,0.04824567286039167
4914,0.00015787796679196287,0.00015270623627704552,0.0001491095007535758
2331,3.864908447837298e-06,6.838370005946771e-06,1.1913827634272682e-05
3660,3.0939923826253286e-05,3.3462051153271356e-05,3.3506589370186966e-05
4377,0.00022200390863526284,0.0002724230655041623,0.0002667215468229356
1748,0.0001358152874663943,0.00014237281388995913,0.0001068324538635905
5873,2.2323476731931337e-07,1.232433806789734e-07,6.657995474771088e-08
5704,0.0,0.0,0.0
776,4.0827562470572055e-06,3.4567481929038534e-06,3.958385552699787e-06
3327,9.94113425366681e-06,7.048201277264719e-05,3.934365197994726e-05
5302,0.0005918994369775057,0.0018280542423630035,0.0006826903852192526
2065,2.7328109543543677e-06,2.3220510054981653e-06,2.2964606167564786e-06
6217,0.0018798076569536307,0.0010634298612922223,0.0007340872589249722
1494,2.8475872854327503e-07,2.562550690477826e-07,4.86242184810048e-07
1035,1.052382907253151e-06,1.1113287832969557e-06,6.186058633656264e-07
5999,0.00015474006748921991,0.00015168790848428773,0.00015957424861053963
3870,4.2921287989870945e-06,6.948652157369869e-06,1.4176491207825987e-05
6753,0.0003682431145386712,0.00042446051569809234,0.0004560978351513765
2971,0.0,0.0,0.0
5348,1.3872575006371355e-05,1.5867190771547118e-05,3.457469287511976e-05
3142,0.0,0.0,0.0
5228,0.005389914592394903,0.003895163464084223,0.0036557588280326627
898,2.749910551977319e-06,2.1631084981675908e-06,2.1385962747333933e-06
607,0.0005937542272187519,0.0009682562475222282,0.0006936462834627594
1075,0.0,0.0,0.0
6129,0.0001880774782988746,0.00014415649098609834,0.00012944114520862702
4527,6.532805305183663e-06,5.3194299108706356e-05,3.399136358019135e-05
6687,0.0,0.0,0.0
6761,3.0827317944850055e-05,2.6806746222595184e-05,2.4806642604986e-05
3462,0.001982475507145668,0.002860049769422172,0.002514529126151456
3535,0.0,0.0,0.0
693,4.3720409679370575e-05,5.2740425024611067e-05,6.280961201640782e-05
1946,0.0031575268427607526,0.0019707053128659086,0.0012609123367543057
4610,0.0,0.0,0.0
2640,1.665344463812053e-05,2.5269881596574498e-05,3.862926291357825e-05
6990,0.00037407490289682795,0.0002689989069077127,0.00022451395171736976
5172,0.00014806942297041365,0.0001244612042353909,7.400116614315674e-05
3310,7.382207395264019e-06,5.7141135076917625e-06,5.876362777218799e-06
528,0.0,0.0,0.0
4436,9.634092921954739e-05,8.434327861850686e-05,0.0003927109952004143
1320,0.0003707757011017308,0.00024264825601367013,0.0001678077045423692
4583,0.0,0.0,0.0
1791,5.834555330900562e-05,5.673231521272019e-05,5.3612750673778225e-05
6209,0.00017033080845455084,0.00017946077947790306,0.00021376071357812553
6368,0.0003046967840905233,0.0002520001555664162,0.00021914191041202003
3101,0.0,0.0,0.0
1778,4.147058032292261e-05,4.124147943027149e-05,5.614307226117699e-05
4452,2.7713934950719763e-06,4.039452914925389e-06,7.552689927359446e-06
5783,9.109543507508208e-07,1.5017440388627848e-06,5.2646241581176784e-06
5034,0.0010338883769980215,0.0007467568152230439,0.00047198869768392366
6847,3.370882291030798e-05,2.6673388866974347e-05,1.781361046497385e-05
1142,0.0013980865823476948,0.0015989077263649037,0.002157084977805285
2362,1.8394114325774867e-05,1.2898404366636611e-05,1.832361656401364e-05
6463,0.0006216744659474278,0.0005388225332359344,0.000810396321756249
1757,0.0,0.0,0.0
242,0.00014765793092696742,0.00015699828406518751,0.00015537251174986677
3670,0.0,0.0,0.0
2893,0.0,0.0,0.0
3775,5.150223413470788e-05,0.0001258363468895824,7.564363732801277e-05
452,0.00028087400216257304,0.00037029287651199844,0.0003581596726196011
6646,0.0,0.0,0.0
6088,5.730259816822823e-06,7.91297922283229e-06,6.7277285355690315e-06
6035,3.741075217495718e-06,3.5093456082821686e-06,9.809248502172331e-06
5445,6.327050398425262e-05,8.146496636387732e-05,7.06164118866712e-05
2073,0.0,0.0,0.0
637,0.00014037057832678272,0.00014037057832678272,0.0007652828467153284
3847,0.001076869480043352,0.0011525691269554947,0.0010168890682680438
81,0.00028541592319941033,0.0002467251555460332,0.0002515859128937474
1551,0.00021405215586796608,0.00018839718804207302,0.0001746541368583848
5064,0.00019941131542457164,0.0002285973891318824,0.00028229560218390583
679,0.0,0.0,0.0
5131,3.274917511323546e-05,3.304603994803676e-05,3.113598152812561e-05
6255,5.1755482594763774e-05,5.0519975993960796e-05,4.9562703852856e-05
6022,0.00039221075303204215,0.00035708369005440046,0.000537232382596651
3461,4.5475721890623715e-05,3.2038910572698976e-05,2.8668303500693426e-05
4941,0.0,0.0,0.0
2161,0.0008278236845542854,0.0015266462519494275,0.001487708856454763
926,2.249507269445227e-05,2.6794148009281065e-05,2.430765543372245e-05
1969,0.0001857142635461566,0.0001948439903995077,0.00019680340063456538
5343,0.00014006342991758992,0.000168436697509781,0.0004199214171470706
124,0.00027208601115965035,0.00020715260585347578,0.00021225280086420277
2654,0.0026066174712335317,0.002338731488943039,0.0027958558756144528
3814,8.180670879763438e-06,9.976870327651508e-06,1.381245893865629e-05
3901,1.0633933254490053e-06,1.0659480703126006e-06,1.1062604408292348e-06
481,1.0122864863029435e-05,1.0819621989540641e-05,1.0828684225980574e-05
6862,2.8579986062775962e-05,3.365849561445451e-05,3.466203248654862e-05
6731,0.0004350810689826754,0.000371872298900708,0.0006992882140805293
5342,1.8212386561012398e-05,5.9475171493814614e-05,8.533819417679478e-05
4274,0.0010330945123643365,0.002351698196194341,0.002101689274041296
2320,2.7384457433361233e-05,2.266574000553333e-05,3.979905519304749e-05
1123,1.0391432414456176e-07,1.1109979779937931e-07,3.7583923356715127e-07
6369,0.0,0.0,0.0
2510,0.0,0.0,0.0
4770,6.09645422289454e-06,6.812039864873755e-06,8.496834924977855e-06
2495,0.00772899183651039,0.0043444115878362825,0.00268248366707806
1895,7.142440567426438e-06,5.076694834892331e-06,5.2215582372094155e-06
2938,1.6192011342373553e-06,1.9321386297932836e-06,1.691558736315541e-06
195,0.00047832810401899636,0.0006193931549115724,0.0005732884593120176
6002,1.898077454096235e-06,1.8817844975971014e-06,1.8968580855870691e-06
6725,5.829982144704543e-06,3.502088362100952e-06,5.484852511858556e-06
1928,0.00010739762270868249,0.00010831175406444348,0.00011759275662931451
3166,0.00016646409290953836,0.00018150537685514178,0.00017952218891667808
2168,0.001401815987045633,0.0010974740765441198,0.0010268058856367436
2792,2.0442127600781095e-05,1.9474650157636086e-05,2.2110353896183422e-05
491,0.00010102358722987542,9.060302664171757e-05,7.672172494469419e-05
1030,2.9243870484746396e-08,3.9763432486532903e-07,1.0669618210111343e-06
2419,0.00024150091892266752,0.00030570458277163007,0.0003242989084323663
1891,3.6671484650092765e-05,3.2144047901661407e-05,3.882190445623596e-05
6239,0.000490885174606046,0.00036815033944555525,0.0004022329557753612
6365,5.740159844903773e-05,5.7139705931061677e-05,5.8214691608638545e-05
3374,3.100130372147722e-07,3.169075593682815e-07,3.0966866556849714e-07
2881,0.0,0.0,0.0
2465,0.0,0.0,0.0
433,0.0004543464352899217,0.00047636924701896196,0.00047432615421334425
4918,0.0026400196518809676,0.001390195115103875,0.0007652828467153288
1222,0.0,0.0,0.0
6356,1.8217447603888506e-05,1.695920066315198e-05,2.1742582566574133e-05
3227,9.027010959170686e-07,1.1189767730610767e-06,9.856662350249931e-07
1098,0.0,0.0,0.0
4010,1.684605809532584e-05,1.0400337372619889e-05,7.4740352143665315e-06
3027,0.0,0.0,0.0
6396,0.0,0.0,0.0
1010,0.003311864610664109,0.003199516793521923,0.0034044908243698333
2578,7.261269492942309e-05,5.5895515353451976e-05,4.548270942772505e-05
1085,0.0004354840307704765,0.0004249391795783666,0.0006463068898916601
2699,9.671981111107286e-05,8.404089717896431e-05,7.751928068352054e-05
152,0.0,0.0,0.0
624,0.00014618490880371527,0.00014791809487706562,0.00016491885695846543
4115,0.00014209231015730595,0.00013863083028260484,0.0001992301985326471
191,0.00011977185277072067,8.225847232426158e-05,0.0001005955988642162
6025,0.0002663538566157947,0.00028782212066648713,0.0002444455344652617
6278,1.4483693984782731e-05,1.3567841241611557e-05,1.1647596473397437e-05
1849,0.0,0.0,0.0
52,0.00015773539985329148,0.0014071581400573263,0.0007814685947743574
2097,0.0012749469633772743,0.000670476769925448,0.00036910087419641385
6064,0.0004048307556482291,0.0007967512992226154,0.0005913452013526505
842,2.3396569091549923e-06,5.545049447926535e-06,4.851601822818415e-06
4645,0.0,0.0,0.0
6010,2.5957525654749995e-05,3.784790314370326e-05,3.2267592287032124e-05
2886,9.326880934106218e-05,0.00022962503269730825,0.00013694642166607257
250,1.217747603751152e-05,8.214213711934308e-06,1.2452884920062737e-05
4559,5.765915988776835e-05,5.28651795876699e-05,0.00026275150700746605
1373,0.00011857308442798071,0.00011953116242394546,0.0003161430426204589
1209,0.0,0.0,0.0
3056,5.770415234152726e-06,6.502921935215181e-06,7.83775417295612e-06
5039,7.309824835441106e-05,6.999598384426471e-05,7.548431491852756e-05
1555,0.00015912310218146622,0.00018790845018787564,0.0002637870284016974
5822,1.860913914748507e-05,2.0525554642049615e-05,1.3720301984933793e-05
5819,0.0,0.0,0.0
3766,2.5627858027049192e-06,9.721063863490667e-06,6.190601560531103e-06
193,6.699985867288858e-05,0.00020622198852232146,0.0001307635651593982
4367,0.0,0.0,0.0
3082,1.4659608433722426e-06,1.2398288660805595e-06,1.3502116786983279e-06
5291,1.4297225033461206e-06,1.0547074073858027e-06,1.5756169878010464e-06
1071,0.0,0.0,0.0
4563,4.343079848848977e-06,4.514769421422116e-06,4.25801878807097e-06
4701,5.7656709211005514e-05,5.671141926929035e-05,6.719486262755823e-05
146,9.924800538891271e-05,0.00011500966495197615,0.00020594981644175885
516,2.0453038407686196e-05,1.479991798599014e-05,1.4348669329446123e-05
4929,0.0003066176452338414,0.000354549556486963,0.00034161845088151254
3342,0.0010379212724047093,0.0006823165555224747,0.0007543933338216551
5807,6.56227154396397e-05,8.691057017942258e-05,8.283080713690703e-05
774,1.943322455089188e-06,2.3657281028087726e-06,6.622324005950326e-06
4047,0.0,0.0,0.0
3143,3.738184050589986e-05,3.0313587319244632e-05,2.5376909521563053e-05
4715,0.00024228365011832217,0.00021248911225663834,0.00018303970613458567
3839,0.00044124540432801567,0.0004816101396603126,0.00042506699239132204
1286,0.0,0.0,0.0
2204,0.00035447066933055356,0.00032406999257599824,0.0003147583045227884
3285,0.010589885477860465,0.011134526006329014,0.01392317924833959
4209,0.0002839636432513865,0.00016021107155378587,0.00010054784956362935
4258,0.00027031139661623955,0.00014414197046740956,8.032906589512692e-05
2716,0.0,0.0,0.0
4690,1.0744473459403482e-06,1.7522644109289199e-06,2.0145971392687225e-06
568,4.541394710847719e-05,5.7822716025057025e-05,4.754385462479234e-05
1839,0.00014037057832678272,0.00014037057832678272,0.00014037057832678272
4573,5.824023256699395e-05,6.311397210754632e-05,9.09351658048026e-05
1461,2.714746012748752e-05,2.815018242630072e-05,3.312263509521073e-05
6706,0.00012820607417767072,0.00011847632923013725,0.00013819730918282345
850,0.0004838075661395943,0.00028766955462748245,0.00019125210319507224
3845,0.00011706549576352766,0.00012889285463588897,0.00011989340480794156
4856,6.667089695531316e-06,6.250674707315144e-06,5.797239604738713e-06
1858,0.00016734040242011723,0.000188713636090116,0.00020545594785199075
600,2.6461830478202046e-06,1.7739007167967884e-06,1.8798686632264874e-06
5320,1.760876315858435e-05,4.0978857549504355e-05,3.0279822004601247e-05
4825,5.247616682835517e-06,6.943529970954611e-06,5.7623994587956515e-06
4070,0.0001866398926296844,0.000199189282617742,0.0002052857545752416
612,1.3752839286000776e-05,1.997113794383045e-05,3.117938477451027e-05
4454,3.066029786780669e-06,3.4352500047345316e-06,3.0084360001952657e-06
6134,0.0,0.0,0.0
3680,0.0,0.0,0.0
6653,1.22252952456707e-05,2.5473676922860286e-05,1.7732308895315907e-05
384,1.5424811323802026e-05,1.752649548631171e-05,1.8411463537532835e-05
7061,0.0,0.0,0.0
5453,0.00016508268520311857,0.00017550959840497533,0.00018063431876251656
6306,8.822013716819493e-07,5.577056669953286e-07,7.21909808274299e-07
549,6.513945233414356e-05,6.638024138580483e-05,7.600835217991718e-05
2921,2.303295673259916e-05,1.7845804876687688e-05,1.4935299819367187e-05
2956,0.00013233320969434795,0.00013260420950468512,0.00021029537627556823
6732,3.314591847702026e-06,2.6371346612644314e-06,1.8861931706741555e-06
5740,2.9622817525649174e-07,1.92029459237543e-07,3.309761693508796e-07
2079,0.0010051801355646255,0.001142720020266754,0.0013777860342918328
5960,2.1195995572953937e-05,4.054434141747166e-05,5.249058219398123e-05
1250,8.477307354459882e-06,6.159957415858438e-05,1.0806211766056391e-05
53,3.095015273102856e-05,3.359411490374962e-05,3.3505300346772286e-05
1584,0.001025182586883012,0.0019485017220059783,0.0015399347519579505
3488,3.047222239302498e-05,3.4116310774150646e-05,9.184170044889901e-05
6708,4.056276168593305e-05,8.53456049397613e-05,8.346554408213918e-05
6027,0.00014422176406103922,0.0001429081351829588,0.00014273027433027606
944,0.00014957173152113664,0.00015000011894867986,0.00015008561755471293
4089,8.993093825722272e-05,8.037515824807185e-05,0.00015790306263386512
1399,0.0011521233934369804,0.0013392648682287879,0.0008457937955885696
5642,4.599335594667665e-05,4.264418871250963e-05,3.8748096952340825e-05
7072,0.0002717362808160382,0.00026932899621910997,0.00025313295241403266
3448,0.0007656145523986817,0.0006811237554257689,0.0006299045231679363
5624,0.00026671660335367633,0.0003393967779512033,0.0003445620023300288
5980,0.00014558832632139795,0.0001602451427997112,0.00016129189725574533
6525,1.9441443209560793e-07,5.596816876794225e-06,3.0770020031756968e-06
2929,1.1099945886856855e-05,8.550356453297107e-06,1.129649140511771e-05
5944,0.0,0.0,0.0
3273,0.0,0.0,0.0
3717,0.0,0.0,0.0
2135,0.0,0.0,0.0
6399,0.00037620001509054636,0.0003837360655884866,0.0010046515381879517
1407,0.00016950569937348135,0.000177296588169837,0.00018843050845622944
2471,0.0,0.0,0.0
3118,7.649523067974966e-09,8.938511000747254e-08,1.829240505658438e-07
5112,1.7687854691436093e-05,1.2340087982033236e-05,1.1044680990823857e-05
2023,2.0018755008395932e-05,2.462499582769726e-05,2.959389398025194e-05
1537,0.00010870260709430914,6.472972370759489e-05,0.00011560872764756637
3368,8.855497407332424e-05,0.00012382096734429824,0.00010072037584466356
4744,0.00322917101507277,0.0025500211048185522,0.0017491666460536866
3800,0.00025461248178242643,0.0002506774353878611,0.0008289758987533528
5263,0.0015033437221757615,0.0009640990254202302,0.0006344367365849565
1126,0.0002770792113647503,0.00028595501577588733,0.0004093941025979295
6660,5.5542355101829477e-05,4.2199674314322526e-05,3.9373905546110215e-05
4451,6.253888934843143e-06,7.048930214254105e-06,7.344060899433673e-06
4830,0.0,0.0,0.0
3850,0.00030083634236994784,0.00030645856770602386,0.00029915079322014737
6907,1.633798806065731e-05,1.4677934334181805e-05,1.231289732736942e-05
307,8.544489277056001e-07,1.1359106692095564e-06,1.7245124726620364e-06
3414,4.080373492867588e-07,3.554869343622304e-07,7.524694149711631e-07
1201,0.0,0.0,0.0
4302,1.837311234643753e-09,8.416586184787595e-09,4.254684346668913e-08
4493,0.00018703541277907297,0.00021682215790830745,0.00023108945463616985
161,0.00033576196230774696,0.00023564820612658033,0.00020172230914301288
5736,0.0,0.0,0.0
1068,0.0,0.0,0.0
251,7.666539382239662e-06,6.812719974549217e-06,6.3722388537907535e-06
3862,0.00010866789361752719,0.0001515560811813605,0.00013610583478555736
1718,3.534570146373667e-05,4.152470798887087e-05,5.189977918534894e-05
3501,1.888239494660046e-05,4.8081742619248406e-05,3.715497726393706e-05
901,0.00026340863673392857,0.00027418075898578276,0.0005669936441197526
1579,0.00020322714275654793,0.0002035944617888355,0.00018878949473432157
4358,0.0,0.0,0.0
399,0.0023493234624307785,0.0017271396793450584,0.0014118867900166116
1317,9.321593429040314e-07,8.030368731828726e-07,4.159031728427207e-07
2406,2.1138830579306065e-07,1.5657688978999135e-07,1.3819838867755167e-07
1992,2.0878312877058673e-07,5.504724970203994e-07,4.622470218467578e-07
6260,0.00012456246205938185,0.0002438349441555467,0.00035492257153346446
3219,0.0006214968747281187,0.0005504714232746784,0.0005807048434808685
6444,0.0,0.0,0.0
500,0.00020702867974446804,0.00021253356012326406,0.00027756456261037
5450,0.00014076875268483893,0.0001407981625645511,0.00014088187116844978
4694,0.00012312789997836313,0.00014822084564696317,0.0001429839640338659
1143,0.00011706855039546729,9.636897039954247e-05,7.178130449746806e-05
1747,0.0,0.0,0.0
111,7.276700185211616e-07,1.076768934875104e-06,1.146668982755088e-06
2249,2.7059371839630224e-06,3.066016921330422e-06,4.1087591703916454e-06
2663,3.504778022523063e-06,4.746868060058071e-06,6.006165578301662e-06
4795,0.0,0.0,0.0
4435,0.0,0.0,0.0
4085,4.707266284911897e-06,7.0482288502777344e-06,7.869986648881657e-06
3092,6.4212008571990515e-06,1.0106279495957277e-05,1.2509821484375426e-05
4954,7.100882221150166e-06,3.501506639296251e-05,2.02100633312198e-05
5534,0.0,0.0,0.0
4344,0.0001715314007481773,0.0001701378422688639,0.0001693235234695013
1535,0.0002414764536237725,0.0002220534233808499,0.00029354214315940614
2880,0.00015934735763162966,0.0001540770316618003,0.00028578639313364446
4306,1.8844190365533607e-05,1.89228543494465e-05,1.9285197422243686e-05
6402,6.531397464577677e-05,5.8359128159025054e-05,5.300807477254722e-05
4223,5.706806692695224e-05,5.061365680698625e-05,5.3356482475544436e-05
5261,0.00011481298564520328,0.00011287110351652177,0.0001308367477471493
2676,9.951087090258939e-05,5.833162353502715e-05,3.428628481117262e-05
6412,0.0002415826039968511,0.00024046378653209022,0.0002413580686515348
4687,0.0,0.0,0.0
5754,8.87932225955235e-05,7.859742482529738e-05,7.214429097544672e-05
2609,3.1289091122841055e-05,2.7731721687435797e-05,2.1967954854394004e-05
6975,2.2754305339697053e-06,2.6746999012205656e-06,2.5212124337645144e-06
4153,5.288638473915028e-05,6.0258721966494995e-05,5.508565997797467e-05
4064,2.8428812445520845e-05,2.953546152912201e-05,3.197236469744641e-05
2473,2.3651841220817057e-06,2.3955825752760535e-06,2.052188898345949e-06
5780,0.0,0.0,0.0
5074,0.0,0.0,0.0
6955,0.001201320287780161,0.001111199832372017,0.0008933003766199561
561,6.613984407160936e-06,6.364773265067007e-06,5.8049964455066824e-06
4101,0.00014037057832678272,0.00014037057832678272,0.0007652828467153291
3634,0.0,0.0,0.0
183,3.715076834179258e-05,3.613097092288899e-05,3.571788483549141e-05
597,0.0,0.0,0.0
1022,3.356246372965004e-05,3.3207941074883184e-05,4.255791450461187e-05
761,9.356773739413839e-08,2.9836894408893536e-07,7.170341791038858e-07
2138,0.0001275837523353112,0.00016660036285181954,0.00016631475926215484
5702,2.9254565431147766e-05,2.6673748326505986e-05,2.5122075356430708e-05
2291,0.0,0.0,0.0
5610,3.920078752455616e-06,2.0197065767332875e-06,1.0817578807515815e-06
5401,0.0,0.0,0.0
4197,0.0,0.0,0.0
6735,3.504362497377431e-05,3.8727663786765005e-05,4.798876947657174e-05
189,0.00010960113546316255,6.770983685003416e-05,7.633257060374432e-05
546,0.0014129399329811886,0.0008790467007441281,0.0006489135627477212
1810,7.303211583875387e-07,6.671376995652225e-07,6.302946659629408e-07
6083,0.0,0.0,0.0
6515,9.621228570678946e-05,8.549604271669612e-05,0.00010856165155028908
2180,0.00033154071329476506,0.0002865005819497734,0.00027207298912620194
4136,4.194134466107758e-05,3.734953088623986e-05,4.896694446488329e-05
4264,6.376443799276454e-08,3.494818417131462e-07,2.7137066009178765e-07
6936,0.0,0.0,0.0
1267,1.68554064567419e-05,1.4125432574538656e-05,1.2206944538935972e-05
1199,1.540692670743102e-05,1.54704255051698e-05,1.765080012158109e-05
5442,0.00015359130457326384,0.00015588263427320626,0.00016168969441949274
2187,0.00021763753974268074,0.00025052102591661594,0.0002821771676275882
4160,1.614298690171551e-05,1.5844895421589827e-05,9.923520950093375e-05
5782,0.00021469593147077325,0.00011916664022915472,7.775289021393295e-05
2000,0.00014687665945080085,0.00014708868123623883,0.00014789459070082642
5923,4.664253331918721e-06,5.228368660406234e-06,6.016124467434153e-06
6544,7.5535365450027e-05,8.58516736637525e-05,0.0001391890483398048
2659,1.6841591603143443e-06,1.057079530365707e-06,7.493660106226424e-07
5739,2.3185208445015747e-05,2.1742582609750804e-05,2.0776313269422002e-05
2496,1.4868781926699939e-05,1.793901922876392e-05,2.4296944942310342e-05
3734,2.9992551552153567e-06,3.832471125610334e-06,4.4344029508890426e-06
5864,2.4801442193439913e-06,1.5108246103785696e-06,4.589184928457991e-06
1696,6.295241696999151e-06,8.593155273253023e-06,9.99720179571885e-06
4552,0.0007265426545444112,0.000440434963242647,0.00015099556763498317
781,8.799683427390472e-06,1.1548534220074909e-05,1.044850842816418e-05
2068,5.468592928191366e-05,5.35346647916955e-05,0.00011478107995107386
400,5.055199723221766e-05,0.00010498743235373614,7.63605696741736e-05
3568,1.5919985938184554e-05,1.4205547341177863e-05,2.9898555286040277e-05
1970,1.851241724864702e-05,4.788507050918325e-05,3.494217770837545e-05
4189,5.861103298547455e-07,6.566310096110104e-07,5.771845815512971e-07
5729,0.0,0.0,0.0
1352,0.0007802195786208984,0.0005052413547262476,0.0010632472836108972
464,1.3270115975338874e-05,8.485160443145371e-06,7.711773713864124e-06
3993,2.9457410526021873e-06,2.6643145903634464e-06,2.9221531266450653e-06
1709,0.00021615803568454154,0.00018549400693147232,0.00022588292276381366
6192,0.00028320213782607903,0.0004114984152573245,0.0003581065464852775
2931,0.0005582962376673487,0.0005961818846548623,0.0006592355688735077
2943,0.0001334331102921392,0.00011546803324789486,0.0001835278678361709
295,0.0,0.0,0.0
1299,3.148266801152121e-05,2.5182625253029853e-05,2.1455448077261744e-05
372,0.004608404321270533,0.007181195232033594,0.00590369115597729
423,9.255566424438044e-05,5.722385170072331e-05,5.557614264796076e-05
6266,0.0,0.0,0.0
953,0.00014037057832678272,0.00014037057832678272,0.00014037057832678272
2652,0.0,0.0,0.0
2199,0.0,0.0,0.0
2770,1.609524665729865e-05,8.909968991935341e-06,6.530400911442422e-06
4391,1.6974367331372208e-06,2.771360223190906e-06,1.88525758248374e-06
4279,6.804813755577761e-05,7.993488546208957e-05,4.866720776060577e-05
5651,1.6594823843121556e-06,1.607836284520636e-06,1.3479815881360282e-06
6014,0.0008442700290287457,0.00204486361674057,0.001240779399456138
1533,0.0001742778969039025,0.00016475220994135897,0.0007993773329459437
545,0.0005202171877449713,0.0007567683327204088,0.0005030140011047849
5288,0.0009436062863853067,0.0008832804535642257,0.0015061647603417721
6770,0.00029456065504629013,0.0005680062273973217,0.0003907840823655212
1624,0.00016568978183574765,0.00016301451540217684,0.0001658450669294677
181,1.1458614626128517e-06,1.8023416156976728e-06,2.3872624869321607e-06
2039,0.0,0.0,0.0
3514,0.0,0.0,0.0
2118,0.0,0.0,0.0
750,0.0,0.0,0.0
6615,0.00018017969687262648,0.00016317004742058398,0.00013470621130356425
3675,2.317763405455004e-05,2.4871144714078092e-05,2.8200953538348054e-05
881,0.00017206330664404931,0.00027521439998530266,0.0003957888169242359
6711,0.0,0.0,0.0
6452,0.0,0.0,0.0
1099,0.00016678464583876315,0.00016972818187219627,0.00017086602148839235
6348,1.0402547417248807e-06,8.087968169464186e-07,2.238877698997323e-06
3007,1.538405713361337e-05,1.5247514872802404e-05,1.7485762937648353e-05
2517,1.8399429236253757e-05,1.7399030564116997e-05,3.5755809635580224e-05
871,2.2620046315589937e-05,2.2942989475257814e-05,2.079933121290766e-05
6669,1.1094686338132916e-06,1.455100775618062e-06,1.1433699155942537e-06
1943,3.750863571188282e-05,4.365576923725224e-05,4.186136175269033e-05
4551,2.5107709078143822e-05,2.459758355943098e-05,3.98024182751076e-05
3317,0.0003996171474334827,0.0003043834116045898,0.0008246579993408789
1867,0.00014037057832678272,0.00014037057832678272,0.00014037057832678272
3708,0.0,0.0,0.0
2120,4.801110498711337e-06,3.706329822597089e-06,3.733376957095343e-06
280,0.00030289059147578366,0.0015477265610167829,0.0009275070183067587
540,0.0,0.0,0.0
563,0.00047048253808099153,0.0004500162304839624,0.00041496167183644253
525,0.0,0.0,0.0
4039,1.980762750355648e-06,2.714728501560036e-06,2.0252272042315984e-06
2945,0.00032991208612212096,0.0002663776926654833,0.00027947023049310505
6,0.0003449715493634376,0.0002474868507597196,0.00022671415529477897
1724,3.1334600118794337e-06,3.079363825287101e-06,3.621149180463359e-06
4862,0.0,0.0,0.0
5055,0.0,0.0,0.0
2503,0.0001605942711643081,0.00017834908130703306,0.0002610533200634301
4908,1.4994085411600058e-05,1.3729455875286692e-05,7.268267260414455e-05
1682,5.703722910115826e-05,0.00011892954534100665,0.0001052168563907723
2537,0.0,0.0,0.0
5313,1.4392384448100628e-05,9.124713338190377e-06,5.804351102907999e-06
5363,0.0,0.0,0.0
2214,4.747556789326101e-05,4.657278158736744e-05,4.7275837808451776e-05
682,1.8740779425742708e-05,1.2648882382099628e-05,1.6358472085825196e-05
238,0.00013078224633591295,0.00030550171120594935,0.00017361288964520437
6821,0.0006634179834005196,0.0006279939428044047,0.0006762150494416443
1705,0.0,0.0,0.0
4057,8.20535847251243e-05,4.810691166545601e-05,3.8809966018931576e-05
3033,0.0001303650527720322,0.0004533022447787121,0.0003608179930151464
5298,0.0008515861528255313,0.0012268675920713381,0.0010166648051984654
5662,3.158623021799195e-05,3.228605112405204e-05,3.3068961209720294e-05
2902,1.5522022299302381e-06,1.7591138460188501e-06,5.040006513771352e-06
2807,0.0,0.0,0.0
1544,0.0004689986055169585,0.000326491911778875,0.00037611831241665623
6043,2.6235913597074715e-07,8.063927261193256e-07,1.2895540328860081e-06
5377,1.9081058855811432e-05,1.4388747507681518e-05,1.1687648904048428e-05
714,0.0,0.0,0.0
4079,0.00011602797020864497,9.205455865864187e-05,0.00012002127293271279
2504,0.001171555949853089,0.0010933955789761594,0.0010297791182051115
5856,4.726028131129367e-06,4.282313821841967e-06,4.250331146459762e-06
6536,0.0002336915491218938,0.0005740782034310235,0.0005133263137716171
4172,5.431510810153999e-05,4.31304013470072e-05,9.60183752596847e-05
5080,6.785127928650097e-05,3.851881655573449e-05,2.3061826523074725e-05
4457,1.2030333678864335e-05,4.880306918434635e-05,3.455643253167381e-05
751,0.0,0.0,0.0
880,5.0343255329652294e-05,5.12901102783147e-05,7.939704511719883e-05
2569,0.0,0.0,0.0
6238,0.00010278634555315364,0.0001214802461882419,0.00010720239924321296
2016,0.0005078823942991021,0.0003084977252970274,0.0003720159669419605
5799,6.680330581784547e-05,6.838376447704672e-05,6.7594646452877e-05
6178,0.0002638103939612073,0.0001708457753586674,0.00015762428667507943
6768,0.00027745215524048065,0.00016048635173993546,0.00011477499024420765
676,0.0025228721998684337,0.0015608448989502773,0.0010144348009419812
1691,0.00013165359040172625,0.00013971297972489375,0.00010737245624865077
475,0.000400448752013973,0.00045520098121164254,0.00039844237186316433
5599,0.0001483145190982365,0.00014863977133027555,0.00014838402149170105
5713,1.1636998849618775e-05,8.938414482328564e-06,1.603009345294232e-05
1340,1.2847710781695573e-05,1.0879000923834462e-05,1.1842461378691213e-05
4809,0.00021191739480948588,0.00031658525461748034,0.000442321303969954
527,6.0613464371292145e-06,1.0308547469945582e-05,1.080687571327031e-05
3727,4.1625547466089105e-06,3.864293898545787e-06,3.103035720346932e-06
1827,3.4554324868621964e-06,2.6440535200911926e-06,2.774097294911669e-06
203,0.0,0.0,0.0
2388,7.645119588318142e-06,1.1815486289487832e-05,1.2405649639547583e-05
6842,5.1918992266836724e-05,4.748040701488659e-05,4.6713854088386087e-05
6318,6.686758618485566e-05,8.127216809479895e-05,8.037500480360114e-05
2936,6.21133905642932e-05,3.731044439600637e-05,2.3430455393087143e-05
3768,0.0,0.0,0.0
4181,0.00018871859094340317,0.00022694052234963622,0.00042058002058750017
3181,0.0008883459154027748,0.0006685352191647616,0.0007213462887139366
2876,8.638946326232697e-06,6.982103002176314e-06,5.389757343272924e-06
2749,9.456562562167366e-06,1.0076566951004261e-05,8.388112507856503e-06
4058,3.079564801041521e-05,1.879526133908011e-05,1.5719684679434113e-05
2839,2.9863192778443215e-05,2.9133451165296465e-05,3.0458071407666945e-05
7085,0.0,0.0,0.0
4078,2.069692506340899e-06,2.7208882860978257e-06,1.33291066169144e-05
1384,1.8953505964517767e-05,2.303820239672884e-05,2.2311393811489973e-05
4920,2.601675526865656e-05,2.6878686568628507e-05,3.217954103207603e-05
5258,5.447073316665068e-06,5.441106545922245e-06,2.8761799718918296e-05
3435,2.749111130660777e-05,2.6741656522958824e-05,0.00012527737230213053
6983,0.0,0.0,0.0
3174,7.014936248127045e-07,4.294267496629318e-07,4.830885760926232e-07
2707,0.0,0.0,0.0
78,4.638037718945014e-06,7.242524653866694e-06,7.3091050751032626e-06
4425,0.0001671038887334748,0.00017420771888673983,0.00018232685081597105
4388,3.32023796071691e-07,1.5781734640192245e-06,1.0857304334279244e-06
3425,0.0003961012307931878,0.00028880157762791055,0.0003950969400571914
100,0.0006186438767758485,0.0011365046528777733,0.0007600633297788179
6625,0.0,0.0,0.0
1424,0.00012521687583376436,0.000125828343104033,0.00011314525525660656
1575,3.608185512390854e-06,2.813453235786381e-06,4.831860292255753e-06
2989,4.132726058796274e-05,2.764871893834288e-05,4.11120650114912e-05
2494,0.0,0.0,0.0
5486,7.12426790756849e-05,7.538146070407636e-05,0.0003233743154139281
454,0.0015892546314555144,0.0017363103829101994,0.0015082565063495293
5208,0.00014677291200432976,0.00014383045806685665,0.0001472524299835809
2867,2.117603286542628e-05,2.2630926549572572e-05,2.2313157836031904e-05
4538,0.0010460243738371034,0.0007061664056839919,0.0007919309322415845
3694,6.895144936366784e-05,6.595729125694858e-05,0.00021588576584804194
3147,1.495417407108919e-05,1.7334307748710383e-05,1.3422854646109714e-05
1807,0.0003591019872418671,0.0002480185256794989,0.00040535271194399274
3031,0.000500865270862829,0.0006754577231832691,0.0006627901523738821
5467,0.0004984127470848035,0.0008377492700422644,0.0006377515810172359
1034,0.0,0.0,0.0
1333,3.857567606468769e-06,4.375895102259434e-06,4.170688582506779e-06
4707,0.0003717847519826377,0.00033596994309205295,0.00034194659705447225
3581,0.00034101009789197343,0.0006963411484200741,0.0005167952546100175
1462,0.00031650183413664193,0.00031149922702100087,0.0003643189493351325
306,6.741651049491143e-05,6.531034938178377e-05,9.01898403351505e-05
3334,6.36919955501241e-05,8.219293519874566e-05,6.31711306413071e-05
635,0.0001413003410749409,0.00014308591342757928,0.00014255396387897898
4300,0.0,0.0,0.0
302,6.942797261497368e-05,0.00015319633174611468,8.911380913325051e-05
3888,4.420380209055762e-06,5.5561987376051655e-06,7.856116794913898e-06
5507,0.0,0.0,0.0
4076,0.005104839928391911,0.004968562633267305,0.004229774521413772
7039,0.0,0.0,0.0
5359,0.0,0.0,0.0
3810,0.0,0.0,0.0
7108,5.3580175128935685e-05,5.759362072987e-05,6.769704880488907e-05
3158,6.578329695786417e-05,6.398174264518445e-05,9.6205820994776e-05
4216,1.043581053991786e-05,3.9047251703135616e-05,2.7579888148292745e-05
532,0.0003158231753913388,0.00026336925028672836,0.00024143643171794244
3354,9.39930941020873e-06,1.2220699138615002e-05,1.1632435695221954e-05
1284,0.0001719283030619096,0.00018979222650998532,0.00018450183296780655
2628,0.00014123858865548391,0.00014114152495196656,0.00014163899150014642
3359,3.1076835878784335e-06,1.9367176478348134e-06,1.2255181851351991e-06
3191,0.0,0.0,0.0
5364,1.3411269873486728e-05,1.3837205843923409e-05,1.1328169048886117e-05
644,0.0,0.0,0.0
2393,0.00029549898074404934,0.00016899963835016963,0.0001534883634310347
6774,3.883127592112859e-05,2.927231623608733e-05,3.284606955060276e-05
456,2.584177125760008e-05,3.12420981443287e-05,2.6141600612335422e-05
3138,0.0003002257771409102,0.00043988163096517777,0.00031884787757450436
5835,4.4130504468097544e-05,6.74233375694981e-05,0.00010513394392858853
198,0.0018314483213574023,0.0010627570367013985,0.0006903447623646097
1043,1.3358050909558917e-08,1.7145252786162377e-08,1.9665227996449557e-07
2069,0.00025765924884902036,0.00026229966535329136,0.00022800604445074018
5433,8.954879393096224e-06,2.6655958332520993e-05,1.9408878619691377e-05
2901,2.7359751703214094e-07,3.29339229101105e-07,4.1469244162189707e-07
6558,0.00015881094594306547,8.358717915124352e-05,4.673094640634487e-05
6578,6.937929205652315e-07,1.1744886002160746e-06,1.317519484032521e-06
5626,0.0,0.0,0.0
5826,0.00020159020046663271,0.00023494194328411806,0.00021459360927797465
3465,0.0007505421656032136,0.0007822010117444725,0.0005454968928814512
5611,0.00012216012214716132,0.00013851282074013566,0.00014780766268243629
2784,0.0007751515592796227,0.0004244972998991887,0.00024782403330774334
3942,9.888707778525223e-05,0.00012757852903053533,0.00012928138699772371
2004,5.864230406271887e-05,5.5653078922716355e-05,7.207079153634059e-05
2223,1.5459428079555703e-06,2.857293639385349e-06,3.5942904011038e-06
2071,0.0,0.0,0.0
967,5.465875121982988e-05,6.082128637575248e-05,5.3606267596782516e-05
4535,1.4836363536806858e-06,1.574546645032213e-06,6.661699787170412e-06
758,1.4039301200031078e-05,1.5637254244095428e-05,1.6646142732512376e-05
4285,1.8456525555377308e-05,4.138841451857254e-05,3.356235413550094e-05
1200,0.0002594379218822172,0.0002524898060360363,0.00025150989292991097
3604,1.7710782634861124e-07,1.6313572706559566e-07,1.1148102166729274e-07
954,2.4973293492573585e-06,3.8100557166944396e-06,5.23302378849943e-06
3432,0.0006545202714444121,0.0006334285375948132,0.0009270476875568133
1517,0.00042962848540807006,0.0003106790810454658,0.0001920690526514928
4037,0.00030486143614739253,0.00024149750512974594,0.00027060438784642574
6392,1.6333377919920724e-05,1.8207501724724318e-05,1.7853759511045643e-05
3351,6.208551838795094e-07,6.627871368398107e-07,4.975961134044809e-07
3073,0.00011516821839195757,0.00010474044862022981,0.00011792453606100176
5476,2.5337128784437046e-06,3.136939257029129e-06,3.16365212657987e-06
1083,0.00073811397870612,0.0006383621409689971,0.0006085648571528005
2721,0.00017070649906211476,0.00016107579498813205,0.0004985868411646542
4671,0.000417112846253332,0.00028055496657030093,0.0003005327779349723
5075,1.0880784342825155e-06,1.2282768490250916e-06,1.179252811272499e-06
7084,0.00011032976493571416,6.562105749334524e-05,6.006691036909029e-05
4401,0.0,0.0,0.0
7024,0.0,0.0,0.0
3313,6.612390320491261e-06,7.838524455859627e-06,6.930436727592051e-06
2985,0.0,0.0,0.0
2831,0.00015266317959014103,0.0001357768105949019,0.00018580521160028936
503,2.5564463564411213e-05,2.8612712133503395e-05,2.1422183010770888e-05
2457,0.0,0.0,0.0
60,3.353705386805149e-05,3.344850287697889e-05,3.474674096727582e-05
5526,2.9397538455278534e-05,4.306975975279846e-05,4.889625699293161e-05
6668,7.091149763266673e-06,2.3873086381589822e-05,2.3319183873627202e-05
4608,0.0,0.0,0.0
5833,0.0007740552036842035,0.000703539926440713,0.000648624733214111
7018,2.967924988409346e-05,6.77879300081117e-05,4.766282775737195e-05
3445,0.0,0.0,0.0
3170,6.380297180285848e-05,6.742017067341335e-05,0.00010768451966509724
1717,0.0022861245066593244,0.0018969819525831272,0.0015774628485866128
6156,0.00020961117918277716,0.00012173348400305027,8.433897312827057e-05
4801,6.735416502544823e-05,6.93260498421959e-05,5.669625975763994e-05
6631,0.00039030555934378887,0.00038677580762719376,0.00040307505556113607
3172,9.086871505431568e-06,2.3055134745554574e-05,1.69136152174374e-05
328,0.0,0.0,0.0
1507,5.415863070322183e-05,3.500555230033597e-05,2.62890623119113e-05
1425,8.742113005486399e-05,0.00019152993250482267,0.00014278497113797046
6520,9.572510931714801e-06,7.704636062276096e-06,6.37438747555075e-06
6075,0.0018222310412320773,0.001244274566606756,0.000967660967462713
6151,0.00019358386860011902,0.00018640627597120958,0.0003784664097146999
3060,7.838220776657579e-05,6.964974494896201e-05,7.071859381805966e-05
5110,0.00020594991500092572,0.0003307004347417985,0.000369565861971132
5318,3.815442886347058e-06,2.987036337093758e-06,7.14210242237446e-06
35,0.0005963333548469877,0.00035570525737127826,0.00025013959242455085
3579,0.00011696159264466812,0.00011838418446124817,0.00012180908577352867
582,0.00014144602399204532,0.00022426763946153442,0.00029616059024953573
1549,1.7403372758270003e-05,1.2539729582472768e-05,2.1679667006332183e-05
6958,0.0001442643451423474,0.00014359659048542302,0.0001431243294005191
4777,5.647300658557555e-05,5.122926901487099e-05,0.00012075750525486636
5215,0.00039900727551370413,0.00030448249437727297,0.00029626364726455
3424,0.0005415558514754946,0.0004252537321476654,0.000396110389972682
6598,0.0,0.0,0.0
1403,1.118971758567369e-06,9.509312849851753e-07,7.650025721137941e-07
1027,2.0846900692305153e-05,1.2500314567375822e-05,8.795043184884123e-06
1145,3.603742482773249e-05,3.838904047751321e-05,3.2031974300437446e-05
4697,3.224345678063162e-05,3.6271107060479174e-05,3.419378675603199e-05
3591,0.0001851750403618999,0.00017795061206274488,0.0003329183194299621
4619,0.0,0.0,0.0
2900,1.336080550141986e-06,1.333813543725657e-06,1.1592965724667062e-06
5781,0.0025174574705866316,0.0018896907187150888,0.0016314801600612887
6651,0.0005556738484227696,0.0004295842377372477,0.0006598884130291994
1153,0.0,0.0,0.0
5695,0.0,0.0,0.0
2662,0.0001802046153291451,0.00019069166172968127,0.0002365223354240542
3530,0.0,0.0,0.0
3185,0.00017625642831906347,0.00016953880077520166,0.00018062788460351958
7040,1.701921736583921e-05,1.3781882715419963e-05,1.6369891750494423e-05
5157,1.4800915514262954e-05,1.9088739821718174e-05,2.248963312674106e-05
3282,4.128546421375962e-09,1.4599497490083112e-08,4.0935966942207315e-08
6003,2.6457302991065096e-05,3.055589559253554e-05,3.2480712057636474e-05
6737,0.00029789818120545906,0.0003007585464466754,0.0003795466860629511
6245,1.9550191766374347e-05,2.125393962775284e-05,1.970482481346519e-05
345,0.00012193259242003386,0.00018878954178760775,0.00015148215378937315
1117,2.7181071754923194e-07,3.607093676738995e-07,4.1500280333787366e-07
5316,0.00019628526635374888,0.00011452686869796296,7.414371217267557e-05
3620,4.362592822277064e-05,4.0139466484488295e-05,3.8865488586407045e-05
6797,2.806790939094961e-05,3.2942868563419474e-05,2.9740777705116435e-05
3607,7.872802017964719e-05,0.00019268776999463701,0.00012759068656234104
5938,6.860216234015696e-08,5.241176250707043e-08,3.2164553273283725e-07
6416,1.3120893883394545e-05,1.1519006069577733e-05,1.0088865035149938e-05
4229,5.157266536028309e-05,3.880510515199736e-05,3.374302557545813e-05
592,0.00011094722603832901,7.963280138839003e-05,7.277870988112881e-05
2588,0.0010184215122506423,0.0022401948575235192,0.0017872716117962632
93,0.020421290877095127,0.016220656252353395,0.015176469730074093
1959,5.141183697700929e-05,4.776839166648901e-05,4.741974759009429e-05
4385,1.7488862507446374e-05,1.203947416910122e-05,1.1269053531045887e-05
6298,7.267992156313067e-05,7.520403302771752e-05,7.179758000513435e-05
173,2.5593480923326673e-06,2.185714537724188e-06,4.1621250763448934e-06
2166,0.0006780868786334214,0.0005924388428028791,0.0005680022616583679
2967,0.001137532648050748,0.0007288776055055869,0.0005669676445487791
1070,4.747635307081891e-06,4.442778859676986e-06,6.3145199350775106e-06
349,0.0,0.0,0.0
5711,1.4714711510501891e-06,2.025680994618724e-06,1.4360926049873255e-06
6523,8.684704753607059e-06,1.2776225640833806e-05,1.5921186729055712e-05
6973,1.8528805272356676e-05,1.914325377141694e-05,2.6486138664536783e-05
3352,0.0,0.0,0.0
4462,4.050397286578546e-05,2.1093423847094086e-05,1.137636376241637e-05
1368,0.0,0.0,0.0
574,2.5982907447649707e-05,1.3517250265932689e-05,7.829999903880161e-06
1014,0.0,0.0,0.0
941,8.170851130017346e-05,6.358588797516857e-05,7.731859604279282e-05
5309,1.810398255512983e-05,5.847237853345044e-05,3.7769160037419816e-05
4338,1.2307553414841268e-05,9.146323363515536e-05,5.325868121562411e-05
5947,3.317633358621848e-05,2.3746042224559504e-05,2.3776291552499547e-05
5539,1.6331649624861323e-05,1.3404719538208395e-05,1.1448605783454254e-05
5386,5.503917920855236e-05,5.1911007338176004e-05,8.625560494341144e-05
1006,0.0,0.0,0.0
4749,0.0,0.0,0.0
6829,2.0099959913883405e-05,2.1708636279083732e-05,4.327279425519348e-05
2141,2.5729499994675437e-05,2.677662128775001e-05,2.6303354492339924e-05
2250,1.4944247439590749e-05,1.5561156224799504e-05,4.458653891038728e-05
79,0.0,0.0,0.0
4634,0.00012574590258943415,0.0001819536765011649,0.00013017022946111104
5997,0.0,0.0,0.0
1777,0.0006298146943898182,0.0007879856815558926,0.001298173284415092
690,8.730909075631648e-05,6.730982570360292e-05,6.17279065269425e-05
4679,4.2227516804565255e-05,2.3392550169163572e-05,1.6488706714578753e-05
2025,4.2931407412165466e-05,5.376642609627117e-05,4.8572278891255286e-05
4405,0.0,0.0,0.0
2402,0.00022595081908808077,0.000257277337719124,0.0005596569324755218
2851,1.969269791546198e-05,1.9554795728999605e-05,1.8632417567970402e-05
4476,0.0,0.0,0.0
4014,6.0912037764034476e-05,3.899497085242337e-05,4.796277261290239e-05
6101,0.001353143801219888,0.0007903415013442036,0.00046860584832559004
5193,0.00031099440313671697,0.00031563747792477285,0.00030315290251437037
1792,0.0,0.0,0.0
6775,0.0005008438047353495,0.0004150317657602157,0.0004430645980980382
4845,0.0,0.0,0.0
4536,7.515264840191238e-05,7.116316342567573e-05,8.060775628557397e-05
4948,0.00028178997372101057,0.0003260631788298641,0.00046761785391968147
6874,1.2798870247296468e-06,1.6127278692198063e-06,1.5861310992657356e-06
535,5.200973076552028e-07,4.947276579306195e-07,1.8185448863505787e-06
1374,0.00014037057832678272,0.00014037057832678272,0.00014037057832678272
224,0.00043078096746981814,0.00042816415204178354,0.00042951960872973335
3,3.9677197573258324e-05,4.235918303902953e-05,4.4925835609275195e-05
163,7.684207698590275e-05,8.125942095518314e-05,7.788106115071062e-05
3022,0.00010759379062312206,0.00012084718668634798,0.00022010912267144794
2615,2.0036363699830112e-05,1.1006163466885913e-05,6.9482516891832425e-06
4832,0.0,0.0,0.0
3150,9.909435656414327e-05,9.967684216682888e-05,9.938687598351031e-05
186,0.0001558908128227442,0.00015625990523345198,0.00015660523707156798
641,0.00045797357260137693,0.0003938478085315892,0.00041234540062553583
829,0.0,0.0,0.0
4005,3.0721505127895885e-06,2.4826461101556956e-06,2.7244102527281528e-06
1015,5.613740472296471e-07,5.779838626669077e-07,4.076174802070893e-07
6028,0.0,0.0,0.0
5533,4.1187758232889985e-07,4.122328289917208e-07,6.223842745022251e-07
6878,4.4085897524307075e-05,4.682384676590607e-05,6.490160984961584e-05
939,3.858742431090572e-05,4.65956683456219e-05,7.159421568723297e-05
2075,5.018610944998252e-05,7.079128900354e-05,0.00010859105428688546
104,1.7387598801528478e-05,2.0877669626107077e-05,1.8568505939691606e-05
6689,0.00041454827421851545,0.001053034014387327,0.0010463422418715183
4242,0.0028856152748416514,0.0045861368234344155,0.0036931319093451973
766,2.5390545076587106e-05,2.1803303904813893e-05,1.800615370080812e-05
411,0.0002145679702208349,0.000281916360317215,0.0002563833392864595
4859,0.0,0.0,0.0
2817,0.0004982956953306214,0.00037720265830254874,0.0003483345491522182
4673,7.299737504611482e-06,1.7425041812164635e-05,2.198262655154776e-05
3739,0.001984066872186763,0.0020479342417682248,0.0023822601405528426
2255,3.3938384628856894e-06,2.6255594003622485e-06,1.0290991765583872e-06
5435,6.606831325762826e-05,4.541112029229678e-05,4.364584784980982e-05
2930,0.00019161305160079204,0.0004578298708910349,0.0003628123379847314
2827,0.0,0.0,0.0
6726,0.0,0.0,0.0
4481,1.2688786286598554e-05,1.1349761187944708e-05,1.1489755082738398e-05
865,0.0,0.0,0.0
756,2.154481605644203e-05,1.7324672153680515e-05,1.7623578051773962e-05
2423,0.000818389342606288,0.0007721641870977368,0.001219035873885379
5425,0.0,0.0,0.0
5854,0.00019257780915485524,0.00016899637066221572,0.0002051315773823291
657,2.897159783045474e-05,2.997087489327216e-05,8.904956323375194e-05
4846,1.1951328755415453e-05,2.1068098229415283e-05,1.772866921043803e-05
5734,0.0,0.0,0.0
934,6.45394705241257e-05,5.107892696868291e-05,0.00014154837375875213
825,1.4162282596927388e-05,1.262874054489144e-05,1.1298220328338364e-05
632,0.0,0.0,0.0
2776,0.0,0.0,0.0
5831,4.6886741053313045e-05,9.185418016284239e-05,7.061366747231414e-05
341,6.764028512789858e-05,6.869093227402807e-05,0.00021965834719443264
301,0.0009745754130680315,0.0008590033971930213,0.0010645165634878158
1722,0.0,0.0,0.0
6670,0.0,0.0,0.0
3339,0.0,0.0,0.0
488,6.237949055205095e-07,5.070254500359219e-07,9.733962198015248e-07
6169,0.00017572554909898192,0.00014424508470151909,0.00012161603076201031
3799,0.00019173268029367527,0.00018245790908625256,0.00017376603956233705
229,4.5862828724133495e-05,4.420961818936052e-05,5.040128780564593e-05
5852,6.9664064538722e-05,7.94210202418533e-05,5.047649796986356e-05
6282,1.1822484160297268e-06,1.8682808489506955e-06,1.1433151675104568e-06
2868,1.6901650272776326e-05,2.3500769530081986e-05,2.8306200355634135e-05
1540,0.0004108666061154715,0.0003620282712120984,0.00029677576790613277
3561,9.775023535015288e-05,7.797229031737937e-05,6.124552340515643e-05
753,0.00020385388488888424,0.0004344764102890904,0.0002415673718728953
3055,4.001659931790313e-05,3.731540019521764e-05,7.76429133365222e-05
3757,5.194560993952277e-05,4.937781103005725e-05,7.095591813947137e-05
2679,0.0,0.0,0.0
1341,0.00019655109255594874,0.0014597018568758059,0.0008197153782433242
3575,0.00015157700529950152,0.001401908531690085,0.0007853856304216543
6723,0.0001998959450700792,0.0002045735715293961,0.0004196445790063874
2404,0.0,0.0,0.0
5827,0.00022228759537543905,0.00016440215753100074,0.00014651707435167256
3441,0.0,0.0,0.0
2791,2.426152912009211e-08,2.0119636977822147e-08,1.9234437836284227e-07
4664,1.286938085700838e-07,2.7059377637156337e-07,2.7499839692890283e-07
1449,0.00019881743828075086,0.00017677385806648356,0.00016606636909272018
3721,0.00026057438364202956,0.0002464418325505206,0.0002605064799213695
1615,0.0009433326694896918,0.000862024716163766,0.0007612026593015243
6841,3.2192002855034744e-05,4.4231427239920346e-05,3.7199632433423936e-05
3895,0.00013177676822360344,0.00011271660418452424,0.00013397787773843255
367,0.00020047986568252847,0.0001606901514795483,0.00014671777328077002
4903,0.0,0.0,0.0
2668,0.00021560060313291162,0.0002066443530123257,0.0009597378044245356
1506,0.0001404037791694113,0.00013994422293297075,0.0004406066276756565
248,0.0005407103013551099,0.0003338933671635384,0.000298018257068247
2140,3.901547974879516e-05,0.0001602374647877957,7.22775880500328e-05
5879,8.27944877792242e-05,6.331756493358558e-05,5.343639883274853e-05
3087,4.0670902772489016e-05,3.878087185833271e-05,4.441450137095197e-05
4320,2.8303200295643212e-06,3.7691165970663e-06,3.7954179180810163e-06
4648,0.0,0.0,0.0
566,2.1237159288018075e-05,2.200585196985794e-05,2.230892617408609e-05
3093,4.2654844469439094e-05,4.4060966046050624e-05,3.8507754512345034e-05
1927,0.0,0.0,0.0
4131,0.0002658435673648884,0.0002859714625765337,0.00046774128195866484
5869,2.8469061483080164e-06,3.6126897266104236e-06,3.6118508542858905e-06
5217,8.842746371170024e-05,0.00010095819676498838,0.00010929481827303268
1144,0.0002822042578439837,0.00040575760208073886,0.00034408772164718296
2191,6.296615777635127e-06,6.176957487436025e-06,5.379290949508821e-06
1744,1.065347747114886e-05,1.216947432278082e-05,9.24684086124193e-06
1678,1.5098407427845314e-05,1.2910804462978285e-05,1.0002189272080998e-05
792,0.01408349075933071,0.012537226073521401,0.013905273454509443
961,0.00017732168590196818,0.00017762692068578635,0.0008040117611768836
645,6.025999405031875e-06,3.5506151668552764e-06,3.347516241117548e-06
3373,0.0002318393697939402,0.001476735174841271,0.0008557605416649612
4432,5.245686686204051e-05,3.287727832959002e-05,2.0826684692085147e-05
6349,1.619505895166375e-05,1.0985267789922031e-05,7.582590342427799e-06
4179,5.787843557034052e-05,3.45968353849307e-05,2.954157137301328e-05
3985,4.8843195907729355e-06,6.821612691493215e-06,6.868051855629703e-06
2734,2.5741109301172855e-05,3.1321032928390816e-05,2.5981928959192333e-05
3180,0.00017381923227786662,0.0013074413746682854,0.0007290704380527004
2427,0.0,0.0,0.0
696,0.0,0.0,0.0
5198,1.9732438921018366e-05,2.3987096055373093e-05,2.547025492378546e-05
813,1.3527735608274678e-06,4.4880976901292066e-06,2.9170290778633634e-06
3272,0.00012816129235834555,0.00010668039901188086,0.00015291199386612347
4305,0.0006203324719902524,0.0009570487568489186,0.0008268457465551877
2904,0.0020414762817108035,0.0021718997291840275,0.0024005291739150523
319,2.6711182721011484e-06,2.4364933220040645e-06,5.765831156045666e-06
6235,4.2039386197953336e-06,4.453294195641484e-06,6.900625414493572e-06
4804,2.183886458865124e-06,1.626146681164828e-06,1.84997908673921e-06
3013,0.00012670222672437476,0.0001287062827225513,0.00019101352527678376
3440,0.0006170675617602541,0.0008992809536227814,0.0009202756469221323
6530,0.0007093008140122257,0.0006970397620697918,0.000987278744878333
1529,9.380946517903702e-05,7.336052221641441e-05,0.00012553908382434615
2087,0.0005958575841990985,0.0008054629819168872,0.0008026146161686115
482,1.9126391108423674e-06,1.0847685641859653e-06,1.327013956276888e-06
5503,0.0,0.0,0.0
1279,0.0,0.0,0.0
3536,1.3530900909762076e-05,1.3123813479394853e-05,1.8793099080863012e-05
6617,0.0,0.0,0.0
1823,5.682879526634242e-06,6.347292596913689e-06,8.11758240635574e-06
6272,6.902341659459235e-06,1.6844641342313394e-05,1.7869569941240895e-05
5031,0.0,0.0,0.0
5272,1.3360224063863495e-07,1.9590317980298053e-07,2.763713191651191e-07
3099,3.2125535102177644e-05,4.1687996013902494e-05,4.7339063981538724e-05
6230,0.00010273059920366027,0.00010237706757364567,0.00010099359710628442
3450,7.401820775818547e-05,0.00019287179446436255,0.00018594715045999814
6875,0.0,0.0,0.0
3803,5.065440434494281e-05,3.4304297958012215e-05,2.4171179932428023e-05
5370,4.5099708038182365e-06,3.704541646979258e-06,3.3827944745424692e-06
4041,2.7675359847716757e-05,2.9682804613181954e-05,2.3588059888696858e-05
1848,0.00018716611425393406,0.00019147321668101664,0.0008182883015088531
2854,0.0,0.0,0.0
2380,0.0,0.0,0.0
3098,0.00014167726498193444,0.00027905007509340456,0.00019199668230170935
4638,4.223848186729078e-07,4.3045779349633896e-07,2.7412532493557395e-06
1410,0.000309020609211823,0.00021094100743513915,0.00045749248063040125
5680,5.8724816403524654e-05,5.828389228543475e-05,5.877551220833363e-05
4065,1.3042352811742566e-05,8.564218986261314e-05,4.8096202398161275e-05
212,2.679912642388623e-05,1.631891990928212e-05,1.2472343265224219e-05
1834,8.685650563405916e-07,1.8068013257472813e-06,1.1362630263243104e-06
6540,2.0672611347992752e-05,2.2772413483963277e-05,0.00013016576533096528
1459,0.0,0.0,0.0
5532,0.00010009048895606551,0.0001385958513872748,0.00014838654680527876
12,0.00014037057832678272,0.00014037057832678272,0.00014037057832678272
3475,2.959541071967361e-06,3.458696787660244e-06,5.979846386920166e-06
5845,0.00010760205061179491,6.86394632376603e-05,5.000687615471531e-05
1711,0.0,0.0,0.0
749,0.0001430645819811586,0.00014519117752223354,0.0001386776167168815
3222,0.0,0.0,0.0
4287,3.546409996354802e-05,3.188669583687872e-05,3.284791453870485e-05
2181,0.0001913462937076593,0.0002240014859610832,0.00026081954716653915
3809,5.825066852475432e-05,5.412528169598095e-05,7.018665919078056e-05
1332,1.6333231673592092e-05,2.281270023259914e-05,2.516772216804745e-05
2802,6.7129594486915865e-06,3.9601266654396694e-06,2.3012309114591733e-06
2201,0.014079946421562581,0.011431851976739803,0.00828502244776454
3364,6.568673245728619e-06,6.089342180453123e-06,5.025338460553947e-06
1430,7.0457938352581605e-06,1.8984389535630063e-05,2.0205556701744843e-05
1362,3.6481397673901766e-06,3.366903075459573e-06,3.798918934320553e-06
6976,0.0,0.0,0.0
3937,1.5674244333847228e-05,1.8020168282406256e-05,1.8132514008039184e-05
6662,0.00013643270622590276,7.476601900548879e-05,4.612683788931794e-05
5417,0.0009597725315159724,0.0009056069060806173,0.0009220449504256177
4700,0.0030482894504180592,0.002900745032072208,0.0023623942619097785
5483,0.00010899925369738727,0.00010020287053483243,0.00010147080074235325
162,1.1762705011562563e-06,1.1225643780202428e-06,8.415826408323959e-07
5461,0.0,0.0,0.0
135,4.039947542671618e-06,2.9639278255375146e-06,2.5236645094788785e-06
468,0.00015399051064980899,0.00019604406609494073,0.00017598083330808606
167,1.7352366983144854e-05,1.8642489749526045e-05,1.8488784111022307e-05
2461,6.677950071772129e-05,4.1190932593177044e-05,3.614812036829205e-05
4238,8.236383236597285e-08,4.105841760226287e-07,7.666537614919079e-07
2954,0.00014202892216060077,0.00011090836952138989,0.0001156746703174788
5434,0.00033745620731059656,0.00034696614490161164,0.0003345004431553865
1059,0.011917068417598818,0.00856029266088125,0.006978296822158744
1623,3.041176194247886e-06,3.86720611141143e-06,1.0982616244705106e-05
3403,1.9461941365481164e-05,2.121054946992091e-05,2.0641792093905668e-05
15,5.820728229216759e-05,6.967612570658939e-05,6.42931084158711e-05
5145,0.0007907166487287899,0.000942427224627498,0.0008369650751089344
1031,0.00019283704735144154,0.0002095167458228526,0.0008313899792715437
5685,0.0026400196518809654,0.001390195115103874,0.0007652828467153284
4666,0.0,0.0,0.0
2215,0.0037771134909200003,0.003347166158168963,0.003337610587426939
6085,0.0,0.0,0.0
949,0.00033372722824922705,0.0003153617215730715,0.00030837391728499435
6882,0.00015009950440860462,0.00015319082453363716,0.0001542332114830902
1686,1.3987601270476134e-06,7.68671824252859e-07,3.9834859920704605e-07
1954,5.957247231644716e-06,9.038727378766677e-06,1.1046797614292882e-05
4574,0.0,0.0,0.0
5270,0.0,0.0,0.0
3121,7.069121746586109e-07,1.1254056331728193e-06,1.0389277069652991e-06
5697,8.264030244254167e-05,5.820365230653493e-05,7.166543278762457e-05
4621,0.0021047361132254514,0.0013675603812646363,0.0010922232927124424
6579,0.0,0.0,0.0
3590,4.704020640878334e-06,1.7560127946168794e-05,1.579284804923549e-05
5913,7.727495340941039e-05,6.655344038051355e-05,6.870720833558911e-05
970,5.26570074628356e-05,3.377700546286066e-05,2.1456350299963535e-05
3677,2.1766299016520967e-05,2.363330299832839e-05,3.036183962275681e-05
5843,4.1345262403600616e-05,9.31667842691146e-05,6.227151852341984e-05
4942,1.8271117562231355e-05,1.8517795888448393e-05,1.883075937292835e-05
1521,2.5902842362005605e-06,9.23312073032039e-06,9.090478012532281e-06
6049,7.01299131073458e-05,5.438234677783066e-05,4.423229994510601e-05
3765,0.002052472666754332,0.001535763884178648,0.0013923154496895591
4661,3.721616783495955e-06,3.9619111974885025e-06,5.0451867290306e-06
2617,1.5232178940934165e-06,1.1113647476418074e-06,1.2683284153637903e-06
1647,1.107574967131342e-05,9.700371569848503e-06,7.781218666070869e-06
419,1.7923186569511584e-05,0.00012406522027926702,7.545008720966358e-05
2858,0.003057935170684858,0.0030075030402062345,0.003921171936777834
3711,0.0002721227537597535,0.00023085253075122612,0.00024624505835552264
1704,0.00011176542890538647,0.00011334630334909795,0.0005316285748818895
2139,1.1199728011875407e-06,6.927482512476053e-06,3.985119269823812e-06
3577,0.0022974223032107386,0.0034630085560049036,0.0035930130759535997
130,0.0002771832150602974,0.00024644986073142004,0.00020999961351243621
1684,0.00010110950820206311,7.014061271869379e-05,6.269547524647898e-05
2238,6.989209808244711e-05,6.932255705796143e-05,7.11229181129532e-05
2974,0.00016103143952874937,0.0014134247722036462,0.0008489462048369348
4785,5.40313444707826e-06,4.206056682275838e-06,3.1978656137790975e-06
5981,0.0005687881486872846,0.0009891278592005911,0.0008314825274878558
1134,0.0002879239387498577,0.0002737526801582567,0.0002842091978534285
5922,0.0,0.0,0.0
1302,0.00023941872185131652,0.00022515663929177572,0.00017540585453758247
5769,6.343280780145192e-07,6.864143089495075e-07,4.050080227403968e-07
3053,0.0001821344458112005,0.00016678439383644532,0.0001558382219745536
4095,0.0,0.0,0.0
1912,0.00020951562286401667,0.00020943760243564432,0.0002072674953377095
3706,0.02285393902552222,0.021832083686266775,0.019371472681045842
2634,0.0001726008924938377,0.00029294772396637594,0.000326840052753503
3451,0.0,0.0,0.0
5143,0.00018852382186620775,0.00018879909334422085,0.00019257214028439875
3929,9.939887044379349e-05,0.00010498588059961603,0.00010851051973455508
4345,1.1947870400954275e-05,1.4116606803828335e-05,4.481464718438042e-05
4484,3.6055382131245084e-07,3.8383373678104047e-07,2.5094773801007838e-06
2072,0.00021586081266605626,0.00019506529835864884,0.00021370406107739008
3997,0.0005163203488232404,0.0004729529771783903,0.0003505277273634421
2109,0.0,0.0,0.0
1032,3.0952311516164994e-06,3.1675369002302458e-06,1.669684907821261e-05
1443,1.3039238545684262e-05,1.2751375078113945e-05,1.121527508691692e-05
116,0.0,0.0,0.0
2480,9.31967959336818e-06,8.872258495320478e-06,9.127566785867347e-06
2643,0.0,0.0,0.0
4994,6.433315345770586e-05,5.0965482557540656e-05,4.061019848792457e-05
6517,2.2216927737662797e-05,2.363799350221196e-05,2.104930493215814e-05
3160,0.000244203190194755,0.00023235679442190025,0.00021056609553101057
1820,0.00030134284703230456,0.0003040826224573086,0.0003043664752933634
5643,0.0,0.0,0.0
7006,1.209490166485711e-06,1.2061201120420064e-06,6.266411694974489e-06
4236,8.40028907667775e-07,9.20091500977754e-07,2.261013609566518e-06
4404,0.0010136786669378455,0.001072481090073766,0.0024166232982360844
4822,0.0,0.0,0.0
6139,0.0,0.0,0.0
4114,0.0005377402847203365,0.0008595029817242675,0.0007301445702740936
6818,0.0,0.0,0.0
5588,4.062138711405257e-05,5.134280268842993e-05,4.622568656146358e-05
4776,8.926215479032755e-06,7.112829810802072e-06,6.688975216122601e-06
3540,0.000153195550472995,0.0001560176248044809,0.00016882879025991923
1484,0.00041236457637125695,0.0004006898550494476,0.0004103751452473835
910,8.372249874976501e-06,1.0480504648314068e-05,1.4011857776602308e-05
4045,5.6841973206753505e-06,6.3585288359215116e-06,1.718896067812471e-05
2782,0.0,0.0,0.0
6081,0.0008120143621734667,0.00044429392765923714,0.00026774040150920347
1840,6.304851438311557e-05,7.043405609702676e-05,0.0001804667855810335
4128,0.0007580750181092781,0.001951057431030733,0.0014186486493518067
2966,0.0,0.0,0.0
6741,7.191553692013513e-05,0.00012301452715227968,7.623171400098671e-05
2580,0.0005260476349919757,0.000703319882861085,0.0008063303795387942
5070,5.339220597430358e-05,5.141088690083277e-05,5.070598857323536e-05
1985,0.000150842668290561,0.00015940538787354927,0.00020121559905085832
6355,9.61385966666003e-07,1.5339194805063766e-06,4.652404857021209e-06
6464,5.3550287442687335e-05,4.5763164159955454e-05,7.390010374513795e-05
1989,6.628909005417094e-05,6.576459560387357e-05,6.00068696207582e-05
4145,8.749117647552462e-06,7.610752695872546e-06,7.055323720315709e-06
4562,3.546981152232264e-06,3.3051431714640537e-06,3.7264181894136043e-06
2649,0.0,0.0,0.0
6623,0.00021599712590471268,0.0007953015465690834,0.0005242015646626925
6599,0.00014037057832678272,0.00014037057832678272,0.00014037057832678272
1455,2.7752410688475935e-05,3.6090994625851104e-05,9.985358795518257e-05
3941,2.6806270116119343e-06,3.0996246360133073e-06,3.1652098402885294e-06
333,0.0,0.0,0.0
1351,0.00014702038867715091,0.00013223379148033762,0.0001933043924948832
4613,1.3522180299840603e-07,1.3149835561578704e-06,1.4329129121366545e-06
6456,0.0,0.0,0.0
3344,0.00014037057832678272,0.00014037057832678272,0.00014037057832678272
2007,0.00013059871334677585,0.00018417279921754552,0.0002323607201033713
1587,1.962670637483212e-05,1.5465272815077e-05,2.1790986758150917e-05
5985,4.767343367651352e-05,4.6726501429796284e-05,5.11338645328489e-05
2370,0.0,0.0,0.0
5211,1.227591506660228e-06,1.1781051193152034e-06,1.23719130684903e-06
7063,3.6671940660458694e-05,3.5480189295880436e-05,3.506641920952058e-05
6690,0.0,0.0,0.0
4539,7.234143517364533e-07,4.2170877445241293e-07,3.3471238431144425e-07
14,9.562812188702212e-05,0.0001145872946965347,0.00016206594149122195
968,1.4724037320878795e-06,1.889169987507437e-06,1.3727074991947363e-06
1316,0.00024101449102158405,0.00026658693004682376,0.00030874078426282905
2040,0.0,0.0,0.0
6045,0.0015796256887855467,0.0014105083236191954,0.0012953814942282466
1559,1.4031112067385828e-06,1.5716154415626075e-06,1.9087884028965656e-06
3873,0.0,0.0,0.0
1432,0.0,0.0,0.0
7000,2.9203026906085346e-05,8.86613689089805e-05,6.358532315211142e-05
339,0.00015173639952214616,0.00021824550073689668,0.00025638712043715944
5104,0.00040585524278416544,0.00043660977671485787,0.0003731252227687193
5946,0.00014818039533598208,9.640447886002116e-05,7.65523864514688e-05
5846,8.20363289518498e-06,4.795440498546559e-06,5.165630426794945e-06
466,0.002103189342983974,0.0017259225989114404,0.0018693344192871116
5525,4.979756640000585e-05,4.823577728784752e-05,5.780074140833512e-05
4363,6.170086735007683e-06,4.570000288833635e-06,1.1324233665339904e-05
1881,0.0,0.0,0.0
729,0.0,0.0,0.0
4281,0.00029692329817248886,0.00039786206171474477,0.0010134819314622488
4171,0.00023367347241444496,0.00025138898785262925,0.00022350166246390087
494,0.0004088097523424497,0.0004541512000297811,0.000454828819356793
5718,3.8592062946394756e-06,4.853220016548686e-06,5.281790210620784e-06
2794,0.002065959205789169,0.0017669367094137372,0.001078144383399466
3008,0.0,0.0,0.0
1008,0.00034131529056849626,0.0003134467801910004,0.0003059797150864315
5137,3.648811300261149e-05,5.26056687284779e-05,9.851396613437618e-05
87,0.0,0.0,0.0
3119,0.0008883556379141181,0.0006002671926813569,0.0005977120377585477
3391,3.452251876793324e-05,3.9129475512032105e-05,4.250135636922829e-05
1402,0.0036896150324457287,0.003250835948712817,0.0031353961924565636
4175,5.071235429512163e-05,5.36911546172788e-05,5.4206441717461486e-05
1055,0.0004292146589443368,0.0005883133934492734,0.0005466540526655615
3761,6.060244852090546e-07,7.575353823812533e-07,6.462199127544243e-07
615,0.00028584814001664336,0.0004330342103469946,0.0010116565546013693
797,0.0,0.0,0.0
1666,0.0015986118017593655,0.0013170583101474534,0.0013334796247785796
4033,0.0003721862674765151,0.000378472830473667,0.0003930922951596894
4542,0.0,0.0,0.0
4467,0.0,0.0,0.0
272,0.0,0.0,0.0
4681,0.0022814042608801217,0.0027037453311618584,0.0024367582193102854
2466,0.008882972273754904,0.00839897121596603,0.011418988880414923
1855,0.0001775217390366985,0.00015407174544897334,0.0005727754033762675
886,0.0,0.0,0.0
1702,0.00037924006291912513,0.00030238212233062455,0.0002854254802398031
6996,7.717409761379619e-05,8.997549594106621e-05,0.00010178549570788795
4717,2.4378727083688046e-05,2.8210843018035305e-05,6.72290795090001e-05
2371,6.860340064338231e-05,6.842201175346709e-05,7.082354254565257e-05
6302,0.0,0.0,0.0
3175,0.0006188331576854586,0.00064643255960367,0.0007208527871156413
2395,5.8739004823436014e-08,1.3045458889916857e-07,1.4946601724753038e-07
2054,0.000373844984285142,0.0002810264768065688,0.00020475381500279605
6495,0.0,0.0,0.0
5057,0.00014306318453725692,0.00014437001936610413,0.00015155406762179245
6342,0.0,0.0,0.0
4997,5.3978124830501925e-06,1.7927443229444317e-05,1.3462314230992686e-05
2246,1.155916106942772e-06,1.0324225264464391e-06,7.154458725943226e-07
5860,0.0002509970919566967,0.00021255383405121862,0.0002353941633176479
1024,0.0,0.0,0.0
5502,7.131428959647324e-05,6.699682643529893e-05,9.289281312088381e-05
5759,0.0006805626475284513,0.0006648081216057346,0.0006557156979838884
1837,8.654940585314795e-06,1.807103972429616e-05,1.3181346912355909e-05
5378,0.0,0.0,0.0
587,0.000568028742231066,0.00044331343169676186,0.00038903425638865414
1952,0.0,0.0,0.0
2501,1.260551436377094e-05,1.2772580472238899e-05,7.220629868518718e-06
3600,4.78509965644427e-06,5.800078737254193e-06,1.0970714862963617e-05
4848,2.8364450778211245e-05,2.535868181242398e-05,2.591394265440537e-05
4873,0.0001739394963977305,0.0001723472783779147,0.00022960128642488138
6839,3.33689362596646e-08,1.5401653989409716e-07,1.0263137441512106e-07
2230,3.2651887034057436e-05,4.065998343048394e-05,5.21080874357203e-05
6210,0.0005002027438100838,0.0005517143850578957,0.0004604678544986609
4584,6.132253821712646e-07,4.82835755229285e-07,2.1441991593591722e-06
6275,0.0010079066867215447,0.0006700677186393822,0.0005285542022131192
5079,0.0004001556968639659,0.0003803657235385996,0.00032085635949092624
1308,0.0007558538917310395,0.0007535279341999872,0.0016950518524663251
3922,0.0026936139804266085,0.0014235533273530823,0.0008080647103449727
6656,0.0,0.0,0.0
1489,0.0,0.0,0.0
379,4.216140540317096e-05,5.9455171993880895e-05,5.935282084494654e-05
2758,3.7834196343265984e-05,3.13290659782538e-05,3.162643634561112e-05
164,7.0277104163613775e-06,1.2950460898122281e-05,1.6203934514524714e-05
1450,4.673402907183447e-06,4.336386569959991e-06,4.097620335705604e-06
5093,5.703212138511964e-05,3.325411832464044e-05,2.0128265294361465e-05
4716,3.697072379674666e-05,1.997597824729331e-05,1.0821719850097548e-05
613,7.782233900031626e-06,7.485260403348877e-06,7.079863347900954e-06
477,2.031054162083387e-06,2.7998149376376648e-06,2.02875623719332e-06
4882,0.0,0.0,0.0
1334,0.0025855515673825357,0.0025127046669832726,0.002543388791871216
6162,2.7516607840590888e-05,5.6594097822626404e-05,4.4780963384199646e-05
6835,3.093706114429093e-06,3.2551862939483926e-06,3.161262568537109e-06
4968,2.238347518051559e-05,2.683712043897517e-05,3.1945154478347947e-05
952,0.0007172309284603419,0.0008630799442590941,0.0007136448965816273
6607,3.3447462601957646e-06,6.51912513603184e-06,6.137363315291785e-06
125,4.52741144863071e-06,2.5171597941215758e-06,1.7737101231476756e-06
6395,0.0005124077761984581,0.0004120945850383351,0.00031117481210287133
6880,3.420915598443379e-05,3.591450894117175e-05,3.641633829255137e-05
4243,2.8368477984020586e-05,2.3262554955943272e-05,2.3551282951780897e-05
6098,1.5060781718786262e-05,2.356936100363888e-05,1.5033359839207524e-05
1274,1.0949670849911485e-06,5.126426016909467e-06,3.378058398386577e-06
5374,0.0,0.0,0.0
993,0.0,0.0,0.0
4866,1.565294138031586e-05,2.1877273668955692e-05,2.3109497007790875e-05
5019,0.0,0.0,0.0
7073,0.0,0.0,0.0
7028,0.0,0.0,0.0
5617,0.0,0.0,0.0
4824,0.00018647639602782296,0.00018267894314203314,0.0001731493040355286
1474,0.0001538684977578395,0.00020469389360901292,0.0001823111425006746
5016,0.0,0.0,0.0
4419,0.0,0.0,0.0
892,0.0001479974479193912,0.00014519009913214085,0.00014393085896268192
3849,1.4661529656960053e-05,1.3017796560538624e-05,1.805139182262672e-05
5707,0.000377247973354622,0.00020897978708407468,0.00012546516974573676
2801,0.0,0.0,0.0
3537,0.0,0.0,0.0
2969,0.0,0.0,0.0
2336,3.866556047473237e-05,2.3361460719185725e-05,1.0279346951673111e-05
1887,0.0,0.0,0.0
5696,0.0,0.0,0.0
3703,6.037504150277202e-05,5.198882762385718e-05,7.364250626596333e-05
1331,6.857123938252997e-05,4.964677080518728e-05,4.1387021527765595e-05
4410,1.0034906987085748e-06,3.1057916900722817e-06,2.2054958262964562e-06
2124,0.00017793811237929257,0.00018567296041469076,0.00020345836629559716
6191,5.40310170349863e-06,3.7022122477413816e-06,9.777889315397332e-06
5657,2.43146986347832e-05,3.103901822985378e-05,2.490585603180778e-05
1770,4.7551778388823773e-07,1.0950060702767937e-06,7.847998752134691e-07
2160,1.4334227499566156e-07,1.9451599634346834e-07,6.871901313463787e-07
2285,1.074106469162735e-05,1.2527955398435248e-05,1.3622691382674569e-05
5706,3.8529084727537096e-05,3.92925147134978e-05,4.018856233436005e-05
5321,2.0947743815693186e-05,4.576998586058436e-05,5.103355950153961e-05
6608,0.0,0.0,0.0
2582,0.00017021324128101403,0.0014198830358978774,0.0007972748173178958
6063,2.3655702742995712e-06,2.385173894367408e-06,1.3767409624221114e-05
4453,0.0,0.0,0.0
847,9.670994719411303e-06,9.95142038865165e-06,5.62163629932224e-05
409,0.0020688626781845197,0.001229366651387482,0.0008877349989884926
408,0.00037136052346527237,0.0002717867624412537,0.0005350632927928859
6941,0.0003600247808315336,0.00039028043922085414,0.00040486295060584597
6886,1.0933315421862938e-05,1.2931653345930909e-05,1.2627406354556753e-05
2002,0.0006139405238239328,0.0021669851682255404,0.0014161478888542935
748,0.001074579295251129,0.0015099218569456273,0.0012195095301050678
713,0.00022362277033739493,0.0001925055702206164,0.00021168991093293503
5978,4.188289717108192e-05,3.58375896071869e-05,4.076155019495072e-05
5554,0.0010045004639646416,0.0010291215293089817,0.0010088745196851754
3370,3.450760632015732e-05,3.7577067970568345e-05,9.191689044270023e-05
4556,0.0004197085279149784,0.0004205445189442435,0.0004386206562060907
872,7.093870153843407e-05,6.538539547833866e-05,6.870857414045658e-05
246,3.674509391779976e-05,5.1148590172410324e-05,5.534307460509823e-05
7056,4.9984923951821385e-05,4.504485147477481e-05,4.486275574669251e-05
1293,0.0,0.0,0.0
6166,0.00018623633031701834,0.00018572757817167984,0.00017927083470500597
6294,0.00014633879133009486,0.0001434544628218267,0.00014237683121707457
2177,0.00022510314909632672,0.00023858935790190388,0.0002650663298300445
171,4.747181124627383e-06,3.1129249205362075e-06,2.2333593155635386e-06
1291,1.1297809562744113e-05,8.187235195556505e-06,8.55563388837211e-06
6361,0.0,0.0,0.0
2386,1.3054952338847869e-08,6.5274761694239344e-09,6.773002542881536e-09
515,1.7364130216147013e-05,2.7792039384351985e-05,2.7142854875173796e-05
6372,0.0,0.0,0.0
6198,5.522717322671883e-06,1.0281060401509176e-05,7.478733778499863e-06
2286,0.0,0.0,0.0
5259,0.0,0.0,0.0
4382,0.00010552192163542737,0.00014482314605254406,0.0001247553446876571
5917,1.745498401171784e-06,1.8841446096119322e-06,2.0278136586675052e-06
767,0.0,0.0,0.0
2877,7.739890116301448e-05,6.0725887275777534e-05,5.936837751136567e-05
5810,0.0008912188773017153,0.0011445886205802048,0.0012719917357048077
1699,0.0002795666865246031,0.0003419242093887992,0.0001658015392722172
5482,2.792875241488146e-05,3.100250457828106e-05,3.153827876454966e-05
3571,0.0,0.0,0.0
337,0.0,0.0,0.0
6401,0.0,0.0,0.0
4373,0.0,0.0,0.0
6514,3.335549354602463e-06,2.0097469804920878e-06,3.6316359842057064e-06
5176,0.0,0.0,0.0
5908,6.069309040545663e-06,5.052196486803386e-06,7.264434654335898e-06
5324,8.910609633792375e-05,5.705059113396991e-05,5.7952195656864906e-05
54,1.4887085486556683e-07,2.7107661713925076e-07,2.3507410743017293e-07
2525,0.0001242956103511721,9.484841786190186e-05,8.712478604152832e-05
689,9.10249246108375e-05,8.057879794818672e-05,0.0001369317149727018
2162,0.00010949393931548395,0.00038975029029235527,0.0002494472497644926
2697,0.00023997603858491164,0.0001919994076418901,0.0001357567349971086
4077,0.0,0.0,0.0
5811,0.00013531864670051662,0.00014128343107353114,0.00013013071794269775
1452,7.443491695537892e-06,7.701252012521379e-06,8.928956289476562e-06
5332,0.0,0.0,0.0
5725,0.00022882845486620626,0.00015148131211432093,9.628105886805078e-05
5135,0.0,0.0,0.0
4896,0.00018590051227402677,0.00016071842628034662,0.00011639144649758423
3116,0.0,0.0,0.0
5281,1.9353906193990387e-05,1.9845660795982505e-05,2.0851815129658952e-05
4514,1.0217629369806136e-05,4.427346702981997e-05,3.530667102296861e-05
3972,0.00014037057832678272,0.00014037057832678272,0.00014037057832678272
2584,6.89007274676159e-07,4.3423683428375297e-07,2.906385734521593e-07
1052,7.865529022321348e-06,6.6605564458228354e-06,5.993177891e-06
6868,0.0001444798245832208,0.000144835521181849,0.0001454654927577289
1245,0.0,0.0,0.0
1322,0.0002740246883746527,0.0006210216352131779,0.000508698610602484
1756,2.733427943770216e-06,3.5609457237385357e-06,4.448691249424543e-06
6574,0.0,0.0,0.0
4043,2.329330476017728e-05,2.0535079525171397e-05,3.638697108324162e-05
2511,0.0002599449764590693,0.0002074679284168543,0.00021035907950664562
5169,7.955758826525525e-06,7.693580420998228e-06,7.223533396457425e-06
5596,0.0,0.0,0.0
3805,4.791154947034836e-05,0.00012172042353832111,4.292369495966498e-05
383,0.00017406527795472905,0.00015503564262977387,0.00015566007520859522
4270,0.0003206110788586493,0.00018593853865254067,0.00012291482110307885
5356,2.7582326843917177e-06,2.8140585139492364e-06,5.36138627082653e-06
6633,0.0,0.0,0.0
2601,1.4120728240509227e-05,1.313650062239498e-05,1.2402581937774576e-05
2873,0.0,0.0,0.0
5872,0.0006136866801919328,0.0005013486130156913,0.0005025782437222134
2206,1.8098782287111725e-06,2.0656273491315126e-06,2.235794747260372e-06
4213,0.0002736213712963622,0.0003530851853792404,0.00041705117592105896
6679,0.0,0.0,0.0
2754,0.00010292535819558301,0.00010044476003156004,0.00011397446500425121
5187,1.835611810190421e-05,3.0295857345482623e-05,4.329596893965074e-05
4257,2.432329791494705e-06,4.802396782442671e-06,4.323525149189825e-06
3355,0.0,0.0,0.0
5943,0.0,0.0,0.0
3748,1.4804318657683852e-06,1.4653691029701152e-06,1.4735862620763773e-06
831,0.0004933378976608733,0.0004927663156978683,0.0011710880679793368
754,0.0026400196518809663,0.0013901951151038745,0.0007652828467153284
6483,1.917873120939706e-05,1.409842147007678e-05,1.2698249192667236e-05
6501,0.000718829101755926,0.00048311964426937234,0.0004601109879081304
2348,5.7431263746477735e-05,0.0001128700632904585,0.00011597662023002664
2239,0.0002880997239348214,0.0013018402720214326,0.0008801866043677308
3526,3.5757582798231476e-08,5.0086843068178625e-08,6.008010496347795e-08
4360,0.0,0.0,0.0
3533,0.000962615126730174,0.0013120724468810327,0.0011832839243645808
6345,0.0006645000377315306,0.0004812938911551384,0.00040304769234867684
2651,5.1259939903379246e-05,3.128695657990743e-05,2.9888231472445116e-05
6371,4.648362025940532e-05,4.507591690349703e-05,0.00023618778588033027
5166,0.0001850834700272473,0.00019429754095710505,0.00018984506197839945
2263,2.9090644773637477e-05,2.04966440442944e-05,1.5132130281499322e-05
3558,2.306153395349294e-05,1.847212300804419e-05,3.351183775227444e-05
5608,1.4289430088441138e-06,1.3389904797922838e-06,1.541565874508044e-06
5424,1.7674909000797194e-05,2.053324845472579e-05,5.547567107707614e-05
3594,4.3443074308892966e-05,2.694976519734102e-05,1.828561770955542e-05
4166,1.924037381157675e-05,1.901332846482424e-05,4.402465005930717e-05
6771,0.0,0.0,0.0
4796,0.00012650224271092803,0.0003072065367904723,0.00020563853647875453
3458,0.0014371280144205776,0.0019016581017578793,0.0019494550775056958
1233,2.885744959267181e-05,2.897098979135867e-05,6.220527163416387e-05
6397,0.0015417654338844482,0.002042593172157589,0.001886160545922334
2360,0.00025893831713562083,0.00020814961343896044,0.00023588708347208574
4127,0.00020290851472841008,0.00016520416361301063,0.0001422348265042247
2637,1.7300454438322934e-05,2.4104500136606434e-05,2.5978794860948082e-05
2055,0.0001449131119747229,0.00014507581858953474,0.00015167988525487388
6811,7.809047928768521e-06,8.163149766765807e-06,1.3351701477396398e-05
4960,3.31538134333294e-05,3.242229606195029e-05,3.2442405890868386e-05
752,0.00026522218573958275,0.00026116858236863546,0.0002581923197115636
4596,2.883898142408599e-06,4.458252906908741e-06,2.5441169083854303e-06
5647,3.628130589325428e-05,5.716848163601143e-05,4.203305341007211e-05
2920,0.0009517827539986176,0.0006005249919655837,0.00044438179328606974
5899,0.00017710020497027154,0.0001648460747175212,0.00017248400491747835
3597,0.0001207730397324757,0.0001169870416972979,0.00011735443511164599
6366,1.852894814044684e-05,1.6801894107405407e-05,2.4932192661146403e-05
6405,0.0005801824757883794,0.0006926590896035085,0.0008735575892982983
6344,2.079956117869039e-05,3.678916211983732e-05,4.63058608982862e-05
3205,3.6324252934160765e-06,3.015083329382245e-06,4.157903706153266e-06
4427,9.954579432422499e-05,0.00018578026066844129,0.00015310933296806248
6780,0.0001731704428120627,0.00017242159753852422,0.0007969978646552941
1261,5.397002431394316e-07,1.6038170253223293e-06,1.803622379430812e-06
4741,0.00027225679788000026,0.0001588767802346226,0.00011425688105784711
5564,2.579023255036777e-05,2.783450630711666e-05,2.865189257182707e-05
1358,1.518755635759816e-05,3.0530258729721195e-05,2.1885186483952898e-05
912,3.0592200958245644e-05,1.8104023160698543e-05,1.2104203323875573e-05
2572,0.0,0.0,0.0
3729,0.0,0.0,0.0
918,0.00011238870617462458,0.00011103133259439015,0.00017628929138834387
2243,0.00022849245902018355,0.00023290225284458986,0.00022199558646268858
1541,0.0,0.0,0.0
5446,0.0008885196082672488,0.0008835574109292734,0.0015092161479140942
3288,0.00024100273168393255,0.0007419830307480422,0.00048719248640654775
3030,0.0,0.0,0.0
922,4.321387483015579e-05,4.0769946307834883e-05,4.218826694153755e-05
3790,0.00021744102657584165,0.00013093674966565725,9.198292637884005e-05
3017,0.0011763481885948004,0.0006571506596722703,0.00041813166098837506
6403,0.0003696573034785333,0.0003596554288911089,0.000886342059476167
1953,1.0209281173986998e-05,1.0145100186960267e-05,9.516375137536691e-06
3122,1.9951608041103886e-05,2.874923683611154e-05,1.761246864844208e-05
2866,8.985062173814891e-07,8.984385308334892e-07,1.271064766439695e-06
4061,0.002640242514680777,0.0013903745596081517,0.0007654063019122519
42,1.3356928547639619e-05,9.569335453425186e-06,7.432016715635748e-06
5683,6.633188198390171e-05,0.0001312468149580969,9.73570272115367e-05
6838,0.0007365167842570813,0.0006442988807424335,0.0009419925300711201
2240,0.0,0.0,0.0
6458,9.143137909921751e-05,8.854778615031339e-05,0.00010048357358813176
1487,3.055773713878899e-05,2.709707351849535e-05,3.492578958354346e-05
5231,5.998555469420769e-05,6.686535157202241e-05,9.000036739253015e-05
1889,1.8700820089138514e-06,1.7720798411770307e-06,1.8742773564167127e-06
965,0.0008403093267147814,0.0007025424172803412,0.0006450044272332267
5684,0.002375997186904426,0.001686781159256378,0.0016698459004594616
6111,8.951294152088993e-05,7.784348085742482e-05,9.319492114017148e-05
5307,1.6793124521371506e-05,1.4836877309425629e-05,3.881414565179452e-05
3821,9.72920142206107e-05,6.853296859325987e-05,5.0448836810438565e-05
2658,0.0,0.0,0.0
6786,4.1575690113186324e-05,4.099010091319362e-05,4.562347269628722e-05
335,0.00011794047638330448,0.00011113856928060599,0.00012577163141885145
2438,0.00013336698542207675,0.00011787303773590697,0.00016077573264824396
1688,6.349374274035752e-05,0.00014937425275766543,0.0001948838419110499
5335,1.1160398019552254e-06,1.3348195887290574e-06,1.1854804662830327e-06
4123,0.00010299286278735723,0.00016454685432303734,0.00017238690055593336
3580,0.00011936808150159674,8.875040380774354e-05,6.234111211962232e-05
2195,0.0003932935652461921,0.00034975605851724823,0.00040014760945793226
1674,4.952303720309368e-05,3.543986433191399e-05,3.7033903760868615e-05
6200,0.0,0.0,0.0
282,4.2761419854317484e-05,4.3976127411408085e-05,4.5696014014212206e-05
291,0.00023913005156240227,0.000212916553510202,0.00027964670026268203
1079,4.504698668847353e-06,4.454168101132161e-06,4.519434373001299e-06
1739,0.0006134359037704536,0.000594426518257899,0.0006081398647482471
4352,2.3450773457150223e-05,2.4513291289172823e-05,3.788517374874499e-05
4793,0.001925999625397908,0.0027947216332145134,0.0022491493050367487
4237,2.227405327081082e-06,1.994186626453451e-06,2.6771030953233663e-06
2896,0.0,0.0,0.0
2172,0.00014037057832678272,0.00014037057832678272,0.00014037057832678272
4509,0.0004184013053466458,0.00023758527374473284,0.00014735034887456986
4056,0.0006371272848296059,0.00036844709419377023,0.0002308771228261953
211,0.0009843557301417978,0.0010931419252052084,0.0008626101252020895
997,1.0375541894567638e-05,1.114787100335705e-05,1.056030499214228e-05
2205,2.21148068601019e-05,2.1706499039313283e-05,2.0200064104698285e-05
6644,3.842317853812371e-05,4.8002970359511736e-05,3.882025703514073e-05
2728,0.0004609614483883167,0.00043787853214517834,0.0005072569593548112
5641,3.0036584367956153e-05,5.9200843050811774e-05,7.798145057177752e-05
2298,0.0,0.0,0.0
3578,0.0,0.0,0.0
747,2.1612821855764426e-07,2.5142049664337326e-07,4.173411578229777e-07
3410,5.104371676985801e-06,4.803175558184588e-06,5.29904846302325e-06
6215,0.00011089087900695932,6.469952177412315e-05,5.2249796423144285e-05
1963,0.0005557342703447664,0.001942714661164407,0.0013322759206246461
5583,2.8031211745261404e-05,1.4415741263350397e-05,1.2054801510068065e-05
1523,0.00018500225134813556,0.00018327623821732034,0.00019107693995312763
2467,2.5566806156819944e-05,1.635263345546669e-05,3.666021066803587e-05
3089,0.00010540542322816424,8.100278387512085e-05,6.630722140766245e-05
3430,0.0,0.0,0.0
4184,7.43019371224211e-05,0.00011022156446004492,0.00012478058933605403
3863,0.00042682546807861795,0.0009033900446118768,0.0006390179092669368
2717,7.267640744072975e-06,6.513227087816314e-06,6.259269501343876e-06
3322,0.0009609149035091654,0.0014439227346877256,0.0010537046263090833
4901,0.0,0.0,0.0
5820,7.038017321177072e-06,6.535111451757578e-06,6.950586552374267e-06
4939,2.9200710833554814e-05,1.688501226594464e-05,1.3310025344222865e-05
6533,0.00041142447435650776,0.0007643967922026546,0.00037073708404330356
480,0.0001834346224292925,0.00019151957545273556,0.00018807685659606184
6437,0.0,0.0,0.0
7044,0.00015090475733043322,0.00014331232413821053,0.00016034066449064068
389,1.8262577757383604e-05,2.5550138204557703e-05,3.229849994386424e-05
4495,3.18029005431315e-05,3.054903626113889e-05,2.6747837329793497e-05
3958,0.00017793000576032085,0.0001767698011248971,0.0002482895911100123
215,9.932547763372614e-07,1.1949684775415326e-06,1.321752656196165e-06
289,6.220793232638617e-06,6.349654453073976e-06,1.0749865656563553e-05
6021,0.0,0.0,0.0
1435,5.2738701777286926e-05,5.8648415595210804e-05,0.00010140925690510651
2598,0.0,0.0,0.0
2089,0.0001061901446552109,0.00010885384079295221,0.00011081661475936905
596,0.0006730183881987974,0.0006353213942986485,0.0006722022574791479
6418,3.209888375566516e-07,3.360659307443054e-07,6.962392657587479e-07
228,0.002779688377316116,0.0015317785637437033,0.0009058686665128651
1924,0.0419755854240011,0.04319670178534594,0.0396434890001174
2763,0.00014037057832678272,0.00014037057832678272,0.00014037057832678272
4892,9.245361578920227e-05,0.00017367615160633376,0.00018947092624704495
1822,0.0002738313827294355,0.00027025847653377213,0.0002471610798432248
2020,1.1534036635297769e-05,1.0796389416488706e-05,1.2210652689176948e-05
1269,0.0,0.0,0.0
1816,5.0849331797537056e-06,5.219294575287507e-06,6.361768889504562e-06
2715,7.061902584015477e-05,5.2194189686758585e-05,6.271522956524631e-05
1594,0.0010654811015506852,0.0006949080036220721,0.0005117595880019824
4612,0.0012368330225840452,0.0007069187506405872,0.0007703383121686859
530,0.0003526671437448749,0.00026490465567736564,0.00026577699684748185
5757,0.0002821857677064535,0.00018657670356827852,0.0002320744243608248
5333,0.0009581106021391968,0.0009607908394389823,0.0015383674761946207
3012,2.0327178003716663e-07,4.913368230803696e-07,5.351652037987055e-07
5523,0.0013014159211324034,0.001069780546456722,0.0005515782783056498
3912,5.015833555594886e-05,6.79017375648828e-05,0.00014401039018101448
5138,0.00437840369034579,0.005176979500627455,0.0049608430441626765
7076,7.922310417556944e-06,7.56414595230562e-06,8.05673066473294e-06
4886,8.93695676309444e-05,7.187716671044259e-05,6.719367847440306e-05
6524,0.0,0.0,0.0
2290,2.0339131017965003e-06,1.1063894357919687e-05,7.047780495698089e-06
3494,1.6507445199921703e-06,1.7750158495003114e-06,4.40155044593786e-06
5076,5.475906500145028e-06,5.253791422666601e-06,5.09416898985065e-06
6518,1.565020387162719e-07,1.3848800622737896e-07,1.994477637169543e-07
2347,1.0699077299863325e-06,6.470013179757936e-07,6.529219765383954e-07
1393,0.00011041826199561016,0.00010164674104637998,0.0002021962524434373
354,0.0002897962476800639,0.0002783289917448741,0.00027277753070185885
1525,0.0,0.0,0.0
7,7.394809947823356e-05,7.257608636903567e-05,7.344226473197077e-05
3411,1.0369329722286661e-05,1.593789733321049e-05,1.4744155234415042e-05
4400,8.588391739950347e-06,5.07438161388675e-06,3.56323691955488e-06
6550,2.931807049204502e-05,1.9090175977176094e-05,2.0352363339916464e-05
6840,9.231799151466822e-06,9.438046406572326e-06,9.44033971028091e-06
1401,0.000777602489220266,0.0005547110793204773,0.00046986145254268867
5604,1.629957148799684e-07,5.22051102256399e-07,8.117742252933988e-07
5182,3.774049201336031e-05,6.878316592040762e-05,9.379122252266938e-05
2278,1.9059775288230655e-07,1.6304750024986874e-07,3.8959905251495924e-07
3107,1.145966731367631e-05,5.991560882725195e-06,3.351758071273618e-06
6449,1.907757089084036e-05,1.1040803463739155e-05,1.0701413329558095e-05
1412,0.0,0.0,0.0
6902,0.00011527553597070655,0.00011729066428487966,0.0002562290256730852
6030,5.188465784039091e-05,5.5596091105301906e-05,6.0101960188440205e-05
4096,2.3556361781972017e-06,5.821002088391074e-06,3.6073248194104553e-06
4511,2.5386417010131965e-06,5.314424467568915e-06,4.775420738998293e-06
3324,3.1121753414700435e-05,6.782124429511505e-05,6.938362389739932e-05
3314,8.072592059235705e-05,4.706694782316358e-05,4.05963097532176e-05
6914,0.0006067008656996273,0.0010417920351813435,0.001082620758154359
647,6.699403240074832e-06,6.932166448466088e-06,1.4004045301945197e-05
3797,0.0007995012166913534,0.0011572477431072566,0.0009733735053839251
4440,0.0,0.0,0.0
6893,0.0,0.0,0.0
239,0.0005127651683580595,0.00029990561334000476,0.00021310299130797774
4210,8.935646285203437e-05,0.00010739154762438281,0.00022911743258999725
1637,8.871694530745815e-05,6.832987802287546e-05,9.625997953735656e-05
3527,2.2704393494109662e-06,5.929743175097136e-06,3.567973566054988e-06
3683,0.0,0.0,0.0
1191,1.2940814120262781e-05,1.850488584982057e-05,1.7150172187989067e-05
2957,4.048735835755206e-05,6.031869947077447e-05,5.198331198274376e-05
1843,0.00011192186333123711,0.00019224343744528305,0.00015115756045689483
6317,0.0026632567810702646,0.0014169786832994658,0.0008142686029022443
3347,0.00017232921326705425,0.00011202812113120007,0.00012708582291486858
2688,9.40794966368179e-06,8.951695851768967e-06,9.782075758137245e-06
2780,0.00010439004726253356,0.00011914295086418124,0.00011629407726708355
3880,0.0002251839834805926,0.0001370143853869675,0.00012310199212694738
1583,1.736410352962187e-06,2.8641231436695978e-06,2.8405592135441786e-06
680,1.6898146522022252e-06,2.015577036620252e-06,1.1615922842887306e-05
4084,0.0,0.0,0.0
6453,2.7761392409314682e-05,4.742623120859787e-05,4.4121975884704345e-05
2132,5.767079552699666e-05,8.25861465124409e-05,8.022925993982882e-05
1260,0.0,0.0,0.0
1697,2.1276100614822813e-05,0.00022269633576231423,0.0001209026389306474
6717,0.0003509742492654161,0.00038341536924393964,0.0005135723237032062
2031,0.00019967535134121493,0.00019493780565908335,0.00020014248389521323
726,0.0009708804383042904,0.0008037798998678166,0.0007191338464583653
4220,0.0003012503324405243,0.00029443609997038584,0.00029306723809984403
6383,9.266948012404668e-05,9.471810879379603e-05,9.249158357727368e-05
2586,0.004242706436702658,0.0034205831912009176,0.0032567497714785206
616,1.2186631661512189e-05,8.08171563915529e-06,4.524590186703528e-06
114,0.000307662201998257,0.0015556765963772147,0.0009297239741163604
1602,0.0,0.0,0.0
2738,0.000711533978825426,0.0009339746079055493,0.0008912346761062532
3908,3.059593811488576e-06,3.276412156232431e-06,2.1073659346016744e-06
5212,1.1749924065218059e-05,1.1841440069633528e-05,1.7110330457181158e-05
3459,0.0,0.0,0.0
4107,3.690392167762241e-07,3.675921182501204e-07,6.176322710168642e-07
6144,0.0005211737045943355,0.0005766524549000832,0.0006571238967735946
6490,1.8395854956443968e-05,1.68399526202494e-05,2.0997585654759815e-05
6769,1.0907738971264279e-05,1.240149288705853e-05,1.9924300567100988e-05
3697,0.0,0.0,0.0
856,0.00011022344296344884,0.00013229753951478102,0.0001390476155044635
1655,0.00017442962463880325,0.00016994137945185937,0.00018383649782630296
483,0.0007158483286163167,0.0005170070658848558,0.0005216123269092697
3973,2.8583875381063843e-06,2.4392787089242717e-06,2.011164105577041e-06
4560,5.3424957654252816e-06,9.010368211899874e-06,1.0525940442023195e-05
1600,0.00045727097813768426,0.0013134471724332928,0.0009393167253172394
1307,0.0,0.0,0.0
2226,6.863917587421173e-07,7.005402722966252e-07,5.378147159732051e-07
1677,3.55285730478599e-05,3.976180745676012e-05,5.779305681147343e-05
4708,0.00014056783050450878,0.0001411599259378733,0.00014103880366439758
3722,0.00026109571930742664,0.00015515826102293406,0.0001828968957049037
5243,5.571068579148045e-05,8.896966072297996e-05,7.834513075863932e-05
3077,3.558578080035395e-05,5.713836229727112e-05,5.84422462205217e-05
763,0.0,0.0,0.0
2236,2.032034395319366e-06,2.013621323312454e-06,1.5086184952791595e-06
4227,5.838455224314032e-05,6.402632149763052e-05,5.8029205921368664e-05
4288,1.4953548473981245e-05,1.3500003428041374e-05,1.2830417762485598e-05
1076,0.00044821952975506954,0.00037885196175916995,0.0008536061733528617
6565,0.000134844104592311,8.157609833078753e-05,5.788943936158022e-05
3964,1.1502059205394948e-05,7.599735522460708e-06,5.266633839976669e-06
4186,0.0,0.0,0.0
4869,8.122470436689668e-05,7.315512380539413e-05,7.215205617338758e-05
552,0.0009541260922440147,0.0009588252285531278,0.0023571069895068648
402,4.744910214868116e-06,7.376247539167616e-06,9.178367551547003e-06
2008,0.0,0.0,0.0
5245,0.00014037057832678272,0.00014037057832678272,0.00014037057832678272
2436,1.5209050024683754e-05,1.5812604924554835e-05,2.4483121594228863e-05
6616,2.8213007000189435e-05,2.516597971050238e-05,2.5089588379775565e-05
2565,8.444934879126719e-07,7.329427850661355e-07,2.884925970538689e-06
4250,0.0001465792854450274,0.00014465739895328747,0.00014517483005964862
120,0.00027029209159336494,0.0002542989615613545,0.0002510399484040887
185,0.0003842791474324872,0.00041364360737750804,0.0006705324956715219
235,0.0,0.0,0.0
455,0.0,0.0,0.0
6702,0.0003643635814234832,0.00031932618355586114,0.00031438358290899343
2741,2.7374369373634658e-05,1.792333528253703e-05,1.624046505292129e-05
5315,0.004106153010462405,0.004749951919759016,0.004608078241588848
2768,0.00021930431768393845,0.0002769040168429537,0.00024916701825761705
5644,0.0,0.0,0.0
1783,0.00013067986086257694,0.00011046498777854519,0.00011201626119149216
6130,0.00011833385497760615,0.00012622468414616775,0.00012453177763572802
1138,5.5586863066493455e-05,0.00011125912735870137,9.163095111937807e-05
1021,5.61501696864545e-06,5.97349636541074e-06,2.3403880360569057e-05
780,7.187198677494534e-07,7.939349674214009e-07,7.352910591542642e-07
5265,0.0003090846652690986,0.00019800094896677388,0.00012878467595309713
5251,1.6779117668842911e-06,1.7044356617724972e-06,1.6821505516692014e-06
4013,3.068129027579522e-05,3.3034363560625e-05,3.383806769284283e-05
2811,0.00010685079989606908,0.00011877523402862401,0.00012254582124980254
3163,0.00020631044868053348,0.00014714253543192968,0.00011812814223614076
4272,0.00016937927644695768,0.00014007015231905793,0.00011509003690189597
1205,2.5565302532560473e-05,2.229742283028577e-05,1.900087886938496e-05
5095,0.00016606924505021064,0.00016602674444101458,0.00016932974431821418
3978,0.0001027318275930589,9.214081220118582e-05,0.00039273885966181564
2826,7.11924462284287e-06,8.605718081194502e-06,2.1217051725102907e-05
2316,0.00040021655163815096,0.0003382034256443413,0.0003211778402151675
17,5.178198519721631e-05,3.387096379820204e-05,2.4466420411273796e-05
772,0.0,0.0,0.0
1558,0.00016486319769988515,0.00010420129284971393,7.753935302723852e-05
3127,5.245688355361486e-06,5.250830782219454e-06,5.253106608687957e-06
4362,7.516503555058469e-07,5.458953441415974e-07,4.594326624388028e-07
4341,4.772621026557301e-05,5.02529212905261e-05,4.183080226058117e-05
6712,3.4581091980844315e-06,3.5299064256962744e-06,5.848931976457379e-06
2332,0.003220237672881845,0.0017711527651619353,0.0010801194642601725
2529,0.0035332217742742485,0.004049704764867168,0.003928079903506354
336,3.7953786651943523e-05,2.7529638069815432e-05,2.6028942683135317e-05
5724,0.00037405985896324877,0.00039005671599923853,0.0003809091675566305
1301,1.1481309394333291e-05,9.23643787015769e-06,7.991335830653487e-06
5893,0.00036182795157032476,0.00024190476539508223,0.00018747993866975564
6174,0.00033927297576031657,0.00033894675663094585,0.0003404254902778671
4504,5.0338616229837145e-06,6.144175962465156e-06,8.115894405201761e-06
347,0.0,0.0,0.0
5399,0.0,0.0,0.0
3275,0.000966177881919859,0.0011850808829457881,0.0010936514735373662
6614,4.767560813448156e-05,5.204770050143449e-05,5.3699213874297465e-05
5101,6.38622615810948e-05,7.5076425705811e-05,9.389418306826573e-05
916,7.317450511244913e-06,8.246538605866413e-06,8.201394225844198e-06
4932,0.002584904878976387,0.0016761192120841744,0.0012948024093846376
6089,0.0,0.0,0.0
3271,0.0,0.0,0.0
2105,0.0,0.0,0.0
358,0.0007667717679091089,0.001963500007405302,0.002473256140675424
4233,1.0397892569899243e-05,1.0625504746345786e-05,8.244412771694772e-06
4255,2.648675828836313e-06,3.0036010395581714e-06,6.347072821119085e-06
6968,0.0008407940837002724,0.0008309448977289603,0.0007610839548295702
737,0.0005432853223746974,0.0008294178978810727,0.00065658252341706
5474,0.0008232332526322784,0.0006406998547300496,0.0006502485088323765
2221,9.202773242936981e-07,9.555950474899352e-07,1.0903632209255425e-06
16,5.487907377231346e-06,5.347493476122098e-06,3.985979957609507e-06
6601,0.0,0.0,0.0
4788,0.0,0.0,0.0
421,1.449550244515011e-06,1.1283796794858638e-05,2.6506673030857155e-06
4102,0.0,0.0,0.0
2630,2.3393563383644625e-05,2.5528374728171138e-05,5.605271227886025e-05
562,4.419422222465453e-05,5.0060737494174615e-05,6.131232164244378e-05
2840,0.0005730985071016927,0.0007095886660186948,0.0007355658729163635
5867,0.0,0.0,0.0
1999,0.0,0.0,0.0
5345,0.005326674641870225,0.009171941949340316,0.008747279297693837
1926,0.0,0.0,0.0
1601,0.0042690821029343975,0.004877939623476204,0.0037413733687931827
1131,1.3062573632782249e-05,1.2242753282624561e-05,3.640644150526218e-05
5777,1.7813156700804016e-05,1.6113912608371454e-05,2.0209882931282807e-05
3699,0.00014073646012183744,0.00014811600850237394,0.0001537142071792868
2131,0.00029914844195699146,0.000336376582766169,0.0003420740768098793
6257,9.325126464952313e-07,1.2645133527549936e-06,1.7397333971593336e-06
4865,0.0,0.0,0.0
7023,0.0002910211071858806,0.00045613598819470796,0.00041120472548901476
6778,0.001661642950533181,0.002324547840630848,0.0012286977318830214
873,2.1814189557393922e-06,7.372515667630004e-06,5.427103916732766e-06
6258,0.0,0.0,0.0
5506,3.063240477582686e-06,2.9535050677836135e-06,4.997638554595131e-06
5499,0.0,0.0,0.0
4413,0.0,0.0,0.0
293,0.0,0.0,0.0
2879,0.0005349438595447944,0.0004217824835231828,0.0003642295927740296
812,0.0004939878279841485,0.00037871614572011607,0.00034155696236059006
5175,0.0,0.0,0.0
1013,2.415986482214006e-07,2.3046383842849932e-07,9.98102407447608e-07
4736,0.00010053895733836194,5.829267796646783e-05,3.6045171466821825e-05
5479,2.151937506262277e-05,2.28177644049458e-05,2.2951156418316787e-05
3473,9.47546584004976e-05,9.769312117386776e-05,0.00011859933824125256
4575,1.5386466002314753e-06,2.8527407369857106e-06,4.459062228773297e-06
1479,0.0,0.0,0.0
830,0.002661376544617219,0.0014100736674577,0.000788759332529156
2543,4.175345621206391e-05,5.2303350643739044e-05,4.417775171840053e-05
4011,4.966124613843115e-07,4.6604726206769534e-07,6.49791170421138e-07
5795,6.070590131034189e-05,6.449736083584704e-05,9.628027732653323e-05
3234,9.476031864449976e-07,1.427915113816744e-06,1.0610322918628075e-06
5366,0.0027978384634026313,0.0025435221329298055,0.0019662142065292347
964,0.0,0.0,0.0
1298,0.0005507631422162411,0.0017682066321741627,0.00178185810224692
2358,0.0,0.0,0.0
1045,3.9324508068913064e-05,3.909238088506674e-05,4.909326287301631e-05
5290,0.0,0.0,0.0
1241,0.0,0.0,0.0
5023,1.1871690967531544e-05,1.2284518734498564e-05,1.1866074412133407e-05
5832,0.00010711498941875719,0.00011256168660525987,0.0002264316895043478
5197,5.782885575214231e-05,4.982125558883878e-05,5.1275511286163485e-05
2133,9.68567639863337e-07,1.0147731152170988e-06,1.2566615013385226e-06
3928,3.267596156786466e-06,1.0178200561384056e-05,8.175837674461855e-06
1077,8.659555668001127e-07,7.632148023695038e-07,5.368158025150677e-07
4849,0.0002587969759694079,0.00029717563537801366,0.00029232354938164335
6588,0.000947254628005209,0.0005373685461217847,0.0003475616119637669
2104,0.0,0.0,0.0
1861,1.319731040322643e-05,1.6660260046102456e-05,3.272942701494621e-05
4052,4.334342563443021e-05,3.23616893688181e-05,7.068710310234446e-05
387,0.00010826230328286124,0.00011711353998075739,0.0001283259789394595
1040,0.00014360582519037812,0.00014373866932849538,0.00014446347896924128
4826,0.0001149641433080401,0.00011733237023676741,0.0001248798589849186
3320,0.001833355270888662,0.0017628893818920715,0.0022294976716568885
3402,5.4851036537175135e-05,4.8453970930648955e-05,4.093236829827636e-05
1044,0.0006892265369156664,0.0007112811663098073,0.0007806611181795799
3426,0.0,0.0,0.0
734,1.6336300512871532e-05,1.7706851640484137e-05,1.4707574959863704e-05
3489,0.00018308969277734536,0.00022509707572111924,0.0002520585521539428
803,0.0,0.0,0.0
2975,9.950936706043815e-05,0.00027423075798366643,0.00020112356569388357
1441,0.00015006759865350138,0.00015032535464796451,0.00014954477274909425
501,6.13051872764707e-05,6.82923688277201e-05,6.62829971884509e-05
3572,0.0,0.0,0.0
3556,1.0988396479515567e-05,7.393888086433306e-05,1.1059820592542508e-05
376,0.0,0.0,0.0
3573,0.0,0.0,0.0
2432,0.0,0.0,0.0
4286,3.335380251371291e-06,7.996386701733214e-06,6.067817853239045e-06
6309,1.3195407374711934e-05,1.6727259292159932e-05,1.8436836910315115e-05
4027,0.0016932872296253753,0.0012351384271352673,0.0012560301596685115
3842,0.0007855916505229538,0.0005474175927281088,0.0006602337397683004
3560,6.018465363256082e-06,7.525192351341273e-06,7.605990448416271e-06
2910,3.5110590273489067e-06,6.33579209925652e-06,2.1991494494981322e-05
513,0.0,0.0,0.0
4028,0.00017118045505986354,0.0001574676044940498,0.0001492762878303488
2756,9.420560308395757e-05,0.00010427837096617109,0.00016947163879756956
3963,6.364534300088181e-05,5.946787260140707e-05,5.919518260622885e-05
1497,0.0002819784941324547,0.00028199299297218273,0.00028189813795839714
6940,3.516774776081483e-08,6.903897233146376e-07,4.890787484926781e-07
4241,4.7384841778011253e-07,9.564103258511463e-07,1.0969284510513234e-06
991,1.8315125614697456e-05,2.052788236879011e-05,2.3589096088701002e-05
4667,0.0,0.0,0.0
1016,2.1778236964422496e-06,5.364267783072678e-06,9.657263245673795e-06
88,8.707758221872246e-06,1.0267563183367671e-05,1.125672903001835e-05
1639,0.0004209951804325951,0.0004354119201962492,0.0004506723386280611
7080,4.136476177975231e-06,5.023525410110314e-06,2.5851289821019675e-05
3538,5.248340761069261e-06,4.203757872294655e-06,2.5652599244542046e-06
674,1.2437501437813955e-05,1.426508163581889e-05,4.447802544860728e-05
3469,7.346986285629952e-05,4.1106389564745726e-05,3.260769600475019e-05
2034,0.0008790600775339816,0.0009672737322073913,0.0011572240382991985
3715,0.0003982979955614264,0.0003104745236086685,0.00024451589999270124
3340,0.0,0.0,0.0
1375,4.042459047768377e-06,1.1235923479524406e-05,1.0260490491667859e-05
6432,8.833844816725972e-06,7.990720719302921e-06,8.176636596976393e-06
5127,0.0,0.0,0.0
6011,2.337290273323824e-05,7.331376925890244e-05,6.228327782663174e-05
1349,2.412803631403832e-05,3.1935667851368526e-05,6.341827799647089e-05
2611,0.0,0.0,0.0
112,0.00029261248871109377,0.00020496052161734013,0.0002140496678256943
5967,0.00016498774528594376,0.00027787320959561613,0.000847726137402025
8,0.0,0.0,0.0
6762,0.0004022015294985732,0.00027778637203178404,0.000249766570544823
1980,0.001781344996813336,0.001364529200844031,0.001402327870042368
2094,5.4556661587693596e-05,5.8738724520037775e-05,5.6847262694477106e-05
4353,0.0,0.0,0.0
4428,0.00014053862359229995,0.00014083036676489086,0.00014069810663121493
4888,0.00017726842665168158,0.00017845759262527958,0.000204411227996732
3712,0.0,0.0,0.0
5612,0.00023193194970796497,0.0001607381758530876,0.0001310088605605523
4445,0.00024872901693342477,0.00022639769485980675,0.0002780985369810052
2653,0.0001536551484917593,0.00015507071209844235,0.0004933398638221376
5268,0.0007847088353743553,0.0006904746823637031,0.0005657713922440488
1793,0.0002941024425698854,0.0004188999403149457,0.00030872538601429993
5017,0.00029968134863263046,0.001552977734456684,0.0009282602187515906
878,3.588862076783609e-06,6.110259042804029e-06,1.2991747221879411e-05
5570,0.00014037057832678272,0.00014037057832678272,0.00014037057832678272
2022,0.00013658852359364442,0.00015955197180862643,0.0002840040318826921
3124,0.00022704509072814247,0.00023477222310498705,0.0009016822697005978
1769,3.7391419233247233e-05,4.490183500207169e-05,4.290677642879381e-05
2544,4.531899348136592e-05,4.35539960009231e-05,6.117731768641362e-05
5878,0.0,0.0,0.0
1288,1.911253486540921e-06,2.4079635915419417e-06,2.2200272832120724e-06
6716,0.013245623853761088,0.01283620517373756,0.013350088821050432
4422,0.00019420288050392973,0.00013574417106497542,0.0002314128965615138
6056,0.0024647705239477045,0.005256251311573403,0.003841128016461958
5661,2.372129850927057e-07,1.7943006468035053e-07,1.8255636489981613e-07
2522,1.515843286212662e-05,1.3995191061929101e-05,1.2474146063516323e-05
7119,0.0002487577962360859,0.0003090530020430616,0.0003025526944275521
5286,9.591877042571877e-07,5.187334309109949e-06,3.5036790540068407e-06
6724,9.168055796344913e-05,6.476470121797173e-05,5.550516995816402e-05
5358,3.149823279337846e-05,3.208672863054255e-05,4.858861126526673e-05
2736,8.103688276658867e-06,1.2828702711369698e-05,1.3160307364496132e-05
2308,2.946176656105701e-06,3.525715229267597e-06,3.108207785392283e-06
4500,0.0,0.0,0.0
796,7.982471035414269e-06,2.7613543618134857e-05,2.0820772550672276e-05
5751,5.517657032063816e-06,4.270577856370999e-06,2.7949403705647146e-06
1948,0.00023476060874173056,0.0007588237052427292,0.0004949867023098992
4614,0.0004015084316240185,0.0015391718243304147,0.0009150856666084917
329,0.0,0.0,0.0
6470,2.5667913594642133e-06,2.382389023223215e-06,2.904291664542649e-06
6637,0.00010979833300491169,0.00010731634111074135,9.476165143536734e-05
629,3.883273572116049e-06,3.3346456208755366e-05,2.0980127400993593e-05
1129,0.0007090407106406568,0.0008218235663616219,0.0006339534252899071
2475,1.693595456039243e-05,0.00013424070450475953,2.04702334902583e-05
4021,9.851708670619054e-06,9.067539461625012e-06,9.463894154044364e-06
6334,2.3767449961010456e-05,2.5401636381448843e-05,2.8217930953255167e-05
806,2.0374958018889244e-05,7.711311830498598e-05,4.995946380298119e-05
2583,1.7214706966044027e-07,4.07289214915312e-07,2.069402720112485e-06
4402,3.752344826592333e-05,2.8119441907337362e-05,1.9885553977907482e-05
945,8.726253148613874e-05,7.44689611552505e-05,7.748031421681356e-05
6320,0.0008936829277361058,0.0008195303890841949,0.001224622841329418
5541,0.0004700326031978535,0.0004723112700427786,0.0004565670546179781
5464,0.00028122594931695726,0.0002810058350790863,0.0002809265236927269
1148,4.540979567213003e-05,4.246649056643895e-05,4.462298434443219e-05
1017,1.2308891797608396e-07,1.478618160071816e-07,5.013598150117351e-07
5871,0.00014037057832678272,0.00014037057832678272,0.00014037057832678272
6987,3.233434362593237e-05,4.99324353123723e-05,4.5919285361706384e-05
3228,3.5450754515979256e-07,5.556214491336867e-07,5.509113996387452e-07
2307,9.804099233797186e-06,1.0654483073966996e-05,1.1443006830435591e-05
1802,5.619940919926466e-06,5.762456111852009e-06,3.8444346781817375e-06
1119,0.00016578728742421245,0.00012882215243714074,0.00011225457273057411
3217,0.0,0.0,0.0
1984,0.000353728790213055,0.00033931034445650336,0.0003179190157603556
1878,0.000523315248221555,0.0003131316193776085,0.00021131696140564349
5427,2.37360067646281e-05,2.5462116722893728e-05,1.22516733416539e-05
5650,0.0001551961527053293,0.0001776607040802686,0.00022407016124606445
1692,0.0012946467194808792,0.0010209826939081648,0.000993569451633318
1761,0.0001294680629922133,0.00016961149698663654,0.00017575674155612077
6067,0.00011205613518780988,0.00015938137884460038,0.000551763373673824
5778,9.389471519372139e-05,7.625894086571852e-05,6.789896306103558e-05
6123,6.219806735501963e-06,8.143070351561785e-06,7.185540132973404e-06
4015,0.00021358518268848632,0.00027468271991041307,0.0002684344375566173
2925,8.196069773209144e-05,5.28262326971536e-05,4.5853703699699426e-05
4020,0.0,0.0,0.0
972,0.007060392115244575,0.0047003353840650375,0.0036561984033307363
1864,0.00029202841689777867,0.001540947265764095,0.0009137194264203065
3645,0.00020300702486981064,0.00015996073632221062,0.0001276290796401996
2428,8.919643062270338e-05,0.00010166146004407385,0.00020637384852462723
2244,0.0027950172668230865,0.001544651857911245,0.0009196579253537292
1482,0.0018235801050209587,0.0018553747667772135,0.0017207355733927852
4778,2.55228541093747e-05,2.59708442846343e-05,2.566469156910514e-05
11,4.498535546008533e-07,6.773125615238293e-07,4.825658862290663e-07
5253,0.0004493939442139359,0.0002991560981943048,0.00023432615594506
4699,1.3943805538386222e-05,1.2169063952830673e-05,1.5681205225221722e-05
3331,0.0,0.0,0.0
429,2.464850844589296e-05,1.868826462293189e-05,3.511737444920614e-05
4855,4.041469749756504e-05,6.769636032441193e-05,5.439591252658372e-05
4842,1.0337317106787888e-05,9.326467655734222e-05,5.3912960572537136e-05
1108,0.0008092642617523793,0.0007410324498792034,0.0006923911744039793
3000,1.2110600481222782e-05,7.5013195019159145e-06,4.020302934577322e-06
2846,0.0,0.0,0.0
7111,8.142115499680038e-07,2.003556486686782e-06,1.6882362087611155e-06
1140,3.0857904418856213e-07,5.094466664912727e-07,1.037904800264463e-06
1389,0.0,0.0,0.0
3406,0.0,0.0,0.0
1124,6.799323094049677e-05,8.976023870911489e-05,5.934107922155549e-05
5961,0.0,0.0,0.0
1258,0.0,0.0,0.0
2576,3.9431949359473304e-08,2.202478568332056e-08,3.22929335532508e-08
5785,2.3142903887406983e-05,2.377747080876164e-05,2.393840869843436e-05
2394,0.000267396523031017,0.0002508353085587054,0.0002613938530291039
6048,0.00010294563490274686,0.00011624072948463777,0.00019574028188465293
493,0.0011454363350935268,0.0009955759729162374,0.0009946609127166035
6664,1.8303288303230133e-05,1.3905569323380245e-05,1.279380587286656e-05
5574,0.0,0.0,0.0
4035,0.0004477367660662853,0.00045091890150723363,0.0006310428861047571
6685,3.237881150574797e-05,4.4741540677110645e-05,4.4593837807234326e-05
70,1.7266382885202058e-06,1.0644281193742176e-06,8.097995566979096e-07
4972,0.0,0.0,0.0
3965,5.7087498579889184e-05,5.301043401507927e-05,0.00024300976557599605
773,2.2990977313899493e-07,4.134672109126719e-07,5.40432518656642e-07
1715,0.0004575868671799018,0.0011867804568954446,0.0008431185425181735
4518,9.822458482504542e-05,9.424744084223206e-05,0.00043422616764867295
1726,0.00024213867863289695,0.00018177079446765165,0.0006298713366972433
4930,0.0003770931418552833,0.00035009159150560873,0.0009815766432758775
5866,0.0005630825793608203,0.0005744597212686736,0.001392107051065973
5572,0.0,0.0,0.0
3725,0.0008817088061076842,0.0010625772739605445,0.001421840385364074
5443,0.0,0.0,0.0
2869,2.3335918509662656e-05,4.023820048812698e-05,5.414150209002881e-05
7122,6.538013938012491e-05,4.896751167219374e-05,6.411366918291409e-05
1911,0.00018369187481242943,0.00013340475570027745,9.31469852484513e-05
6265,6.086480662121476e-07,7.327033782175218e-06,3.948057019796308e-06
560,0.0022302966680814553,0.0018881761006913228,0.001789716113529351
2898,0.0,0.0,0.0
6132,0.00011609126247580716,0.0008271358581824814,0.0004702926535900119
105,8.051649519536795e-05,7.764865861145132e-05,8.14454886606879e-05
718,0.0,0.0,0.0
509,5.347101383772871e-07,6.31600224697266e-07,6.385340287302504e-07
3774,0.0029509564827825117,0.0017027765731889714,0.00107368753626125
2665,0.0019317270341136642,0.0011599733181968657,0.000797762048959486
1607,0.00016380647073664634,0.00016749718415948702,0.0001682520062021502
2098,0.00024765959856503446,0.00022074323798531304,0.0002121411225680796
2551,9.321785393471897e-05,0.0001561854505886021,0.00013889373588728553
4478,0.0,0.0,0.0
2115,0.0,0.0,0.0
728,4.0731057058591664e-05,3.219921213374397e-05,5.4338903460821e-05
344,2.2215074835549297e-05,1.620803541763331e-05,1.5121969028086248e-05
5764,0.0013893730696514,0.0007755490729822628,0.00044625432645444793
4498,1.2949995914786072e-05,1.1998223607963286e-05,1.2264238143303612e-05
2269,1.874135096151697e-05,1.4974312974481654e-05,3.7509856528018124e-05
2093,4.060933373374354e-05,4.79357554151736e-05,6.45701364696332e-05
5830,0.0,0.0,0.0
3740,0.0003231489892189321,0.0002547972920969926,0.00019736672837025997
6068,9.672994607408022e-05,8.486234447283764e-05,7.874895352040113e-05
6102,1.5835432321223915e-05,1.6014803704056723e-05,6.45401710567745e-05
6196,0.0006528246785500307,0.0005206293707292467,0.00045193271431622216
3336,3.6189289724873667e-07,2.686780600786075e-07,3.8460749914129545e-07
2804,0.00014037057832678272,0.0013901951151038742,0.0007652828467153284
658,0.0,0.0,0.0
1214,0.0019148340484921652,0.001810311099718802,0.0024493328000782747
6394,1.0179760432351472e-05,1.456612912703391e-05,1.2970437188358738e-05
2647,0.0,0.0,0.0
3343,6.141754597750633e-06,8.396163485060439e-06,2.352027323656903e-05
5743,0.00013875620829129531,0.00012647238358774195,0.00013943718864571148
1539,0.0,0.0,0.0
6148,0.00021132933283575446,0.000125363085501123,8.000517113305806e-05
3623,0.0,0.0,0.0
4137,0.0004676436625002075,0.0006581787461606947,0.0004804666973329857
1732,4.1412164573314946e-05,7.71489852981036e-05,6.35837078507691e-05
1190,5.8529956551036545e-06,2.7512194853253063e-05,1.6619106082971964e-05
3379,0.0006786722070301096,0.0004849297862441959,0.00042136800007881617
6855,0.00014037057832678272,0.00014037057832678272,0.00014037057832678272
5496,0.00016426884534429914,0.00016072278073370294,0.0001647602536893614
6873,0.00027460112487032287,0.0011097952174758299,0.0010002636740738082
5293,0.0017185684546459292,0.0012185461214882403,0.0009485700699472299
2013,0.0,0.0,0.0
4357,0.0,0.0,0.0
4899,5.8450021144628414e-06,8.823796288159537e-06,6.338162137560753e-06
5379,0.0012662885418972321,0.0016544680851062843,0.0014067490534308178
3926,0.0007062859712205423,0.0006685122988181005,0.0013870835835822486
1921,4.8109022046077e-05,4.9305380601823864e-05,5.0652914595460166e-05
1091,4.734224771758459e-06,5.02006668458249e-06,1.6380699176021057e-05
4603,3.0704927919367865e-05,3.07892370071078e-05,6.187022750818706e-05
2106,0.006700374423429685,0.0052216990822498074,0.005282332951407173
4922,1.7767478806153163e-07,1.2793342028288418e-07,4.172115169154814e-07
5894,4.474499659761759e-05,2.6732436479070322e-05,1.5154591102508951e-05
621,0.00022249929704468168,0.00021728570543501965,0.00046267555035177187
1056,1.1026141300542018e-05,1.0276646206164104e-05,1.277005897043727e-05
4246,5.629952094635085e-05,7.608792546731466e-05,6.763182361309606e-05
1944,0.0007009280517091437,0.0004037692271649491,0.00027002133576645236
2469,1.1034985978021184e-05,8.684712692666071e-06,4.975632879817758e-06
3642,5.004685014606439e-06,1.868510636890332e-05,1.1248353689220133e-05
631,0.0004231885249248777,0.0004814771896940274,0.0005043748602186388
3308,0.0,0.0,0.0
5639,0.0005140596523831685,0.00031504824915488245,0.00021154544679495538
860,8.996195145956025e-07,4.945952782461015e-07,3.8700521871323275e-07
3068,6.614392131400349e-05,5.409899373696057e-05,5.7664183859813085e-05
3259,6.513215426808924e-05,0.00013167486909623823,7.754040344445987e-05
51,1.8418823711294391e-06,1.6206726230869417e-06,1.5059276572729395e-06
5012,0.0,0.0,0.0
4232,0.0006707119645086068,0.0004928842618033696,0.0007609194974138796
622,0.0005962475442565146,0.0005660486205797073,0.0006897153905225001
6143,0.0,0.0,0.0
7019,0.0,0.0,0.0
2334,0.00013397308195481835,0.00011417772865544437,0.0003609292367315702
2803,2.0701625152731513e-05,1.6106390641771624e-05,1.505163073790221e-05
7045,0.00013266636275325946,0.00015764609340489114,0.00016305091057403493
3307,8.015267207023508e-06,1.0036935171466038e-05,9.033070742226243e-06
6211,0.00017159711879093578,0.0005516904996197883,0.00044047649327533543
4214,4.8668967757708425e-05,5.745539269853088e-05,4.8906764195512774e-05
2083,0.0,0.0,0.0
6926,0.00019418141685155206,0.00023628061188248094,0.00021999807132553088
4113,0.0004985555459156173,0.00046013160535301654,0.0003828500742566057
4465,4.960309984524073e-06,5.767278855627443e-06,6.255240967825501e-06
6620,2.691263725621755e-05,2.7352367512896714e-05,0.00010012494151942858
3795,6.188257289098292e-07,7.476327328591493e-07,8.611439528657308e-07
1979,0.0005308003113450871,0.0005749149478411526,0.0005429115144756273
4464,0.00018653379170256327,0.00018347977390184943,0.00017656710455378518
6972,0.00018099071248334027,0.00017491738644522943,0.0007982583492204866
3649,2.088282332178408e-05,1.5761596512168864e-05,3.679530082789192e-05
3043,1.8285586026479767e-06,2.0217356367988933e-06,1.1094735058657036e-05
6884,1.6222821887407576e-05,3.567774709417931e-05,3.618700724049812e-05
4461,2.2370239368721364e-06,1.293389256163469e-06,1.559051033134947e-06
3195,9.65831861895049e-06,1.3228154539065761e-05,1.4772030232371621e-05
1965,0.0002990888634738746,0.0006151591114714683,0.0005470782137461452
4966,0.0,0.0,0.0
4889,9.294115662555533e-06,1.8872428074020308e-05,1.430907500431887e-05
920,3.662073032402001e-05,5.20896837557997e-05,0.00010203574580667512
4633,5.318579800497648e-05,8.796544091889927e-05,7.8828537773967e-05
192,2.0373478275689306e-05,2.157470387451856e-05,1.9105786668054975e-05
3189,0.0001349440750297551,0.00013444465354028735,0.00013856918843296187
3936,0.0006964614181973797,0.0008780705982085386,0.0010341003408461636
3096,0.00041170376502181995,0.0004583856058015291,0.0006628649896369897
6347,6.724849464358027e-08,1.249289163685187e-07,8.439736104781915e-08
1198,0.0003364186377839378,0.00028840253456171384,0.00027202913988137923
2635,3.7777946583185696e-05,3.820873516988942e-05,6.21169247840448e-05
2103,0.0,0.0,0.0
3278,0.0004910738181032091,0.0004262846084053985,0.00036032584290068744
4051,6.153331967071717e-05,8.422824030512134e-05,7.529312001721651e-05
4298,1.8694787539763984e-05,4.206508505297517e-05,2.73845171840968e-05
942,0.0002959997343564749,0.0002536655902540353,0.00024139902921856425
5419,0.00045671116954736074,0.0005896486780666317,0.0005661111988758031
5219,2.837574032695817e-06,3.378798109954932e-06,3.0057837607386335e-06
802,0.00014037057832678272,0.00014037057832678272,0.00014037057832678272
1053,9.537085158932483e-06,9.697058203598437e-06,4.3585788777868397e-05
3733,7.099767172308329e-06,9.93891420079701e-06,9.818845279934277e-06
236,4.0080317084891995e-06,5.050021050186783e-06,5.895987542960987e-06
4981,0.00019310593875629975,0.00019500993975462278,0.00019706325314822168
4261,1.1198705731544545e-05,1.1939960125730633e-05,1.3411606530757867e-05
2887,0.009014608530806276,0.008807376264236595,0.009472670138758176
3693,0.0,0.0,0.0
6455,0.0003860438748280136,0.00039056058368539117,0.0004666797551977724
3067,9.160444835627317e-07,4.5802224178136587e-07,3.9552669460299515e-07
5971,9.209707109983234e-06,5.454375443612257e-06,3.3160821866174585e-06
2377,0.0,0.0,0.0
3408,2.874130846859141e-06,3.013788699393812e-06,4.272581194340609e-06
5744,0.00011737447084592824,0.0001328467670794601,0.00012847028631071938
5294,3.142745837334165e-07,2.590236876965224e-07,2.690745079069994e-07
4779,1.8407369101609526e-06,1.000796165638244e-05,6.113960570513718e-06
664,0.0001866192238859798,0.00022893267161027157,0.00025473122050775166
2678,9.896249564249564e-05,8.386233998690684e-05,7.272629450013541e-05
913,0.0,0.0,0.0
3315,0.00014800817095629842,0.00014652622349450433,0.00014792273954589556
2153,7.262725268318395e-05,6.539674694633633e-05,7.70850742103967e-05
6791,0.00021870058751453128,0.00016014274247248968,0.00010051795088042029
3211,4.3536229565858196e-05,8.276684529889841e-05,5.172353846960419e-05
999,5.6632101525955085e-05,0.00018650226739627468,0.00013458108935161808
7052,1.6378815709499723e-06,2.331556900051982e-06,2.0706414155118045e-06
2061,0.005858542344199989,0.003859146030807568,0.002598659870893899
5269,0.00877376993036069,0.00927988422094477,0.009732089531529627
3550,8.31350953991479e-07,9.399766175698688e-07,1.2347826881273774e-06
3190,0.00014087237485697925,0.00014136841892463406,0.00014201590745926976
1925,4.0715610653962217e-05,7.760059580604654e-05,6.391735799038564e-05
3487,0.0,0.0,0.0
3627,8.520313290700252e-06,1.3892422723809055e-05,1.0486886957115558e-05
725,7.323068550046481e-05,6.030754857272834e-05,5.274596112169026e-05
1897,2.5779299207553336e-06,4.049179296490171e-06,3.932741152785273e-06
5622,1.157045297668404e-06,1.2459423503471572e-06,1.4334516442043114e-06
5018,0.0,0.0,0.0
3349,5.740057264605204e-05,6.504255326888746e-05,5.2500490540328174e-05
221,2.998119949606747e-05,2.863921673795772e-05,2.6526256457043552e-05
1381,9.859927616376103e-07,1.4075480629950682e-06,6.295487677419822e-06
459,2.5817909953304547e-05,1.462055163805766e-05,1.5201688027609897e-05
1915,0.0003322153492824804,0.0006913203495932401,0.000564155985469772
1106,0.00018915630701001518,0.00011047428849598708,7.078942668115295e-05
524,0.0,0.0,0.0
447,5.146230450980368e-05,5.2045302031248414e-05,5.362668444569883e-05
68,2.951632688616925e-05,2.3128963781813677e-05,5.1230218961068165e-05
5568,2.410837640148925e-06,1.9626561385824755e-06,1.7178585960042763e-06
2814,0.0005560765628656199,0.0017992435295744863,0.0012123726307774355
4646,0.0,0.0,0.0
6046,4.593881376551091e-05,5.9028473017427884e-05,3.482786337277361e-05
3484,0.00015561555903412824,0.00010473798322700091,8.939581025840525e-05
1838,9.523928770836804e-07,1.0139092130390489e-05,1.0266939120241672e-05
3563,7.948863254321271e-05,6.818307185625958e-05,6.760667992476195e-05
1457,0.00015001006044151928,0.00015171761341845673,0.0001502568806746935
1610,0.0,0.0,0.0
6301,3.2341273022580145e-06,1.6570687350109862e-06,3.99512097742464e-06
6289,2.3929804788574556e-06,1.2977726730209e-06,1.1028734729938195e-06
601,6.721901781029758e-05,6.176816405138925e-05,0.0002929779772893204
6268,0.0,0.0,0.0
4483,2.6484219673200837e-06,2.8123213129897914e-06,3.4436595503791664e-06
1844,0.0005701132474397892,0.0005769099125476,0.0004347872607616358
3039,0.0,0.0,0.0
6729,0.0,0.0,0.0
7114,1.938180593352456e-06,1.205742928811627e-06,1.0821470687210457e-06
5393,0.006367137334423619,0.005661171228724831,0.006198684813148286
4594,0.0,0.0,0.0
2136,0.0,0.0,0.0
3679,0.0004302088820246458,0.0005408195555907013,0.00047635851431184
4861,2.5979950753680137e-05,3.0048481487784546e-05,3.922851338730883e-05
627,1.592895105808439e-05,1.838768150296953e-05,1.784527439917538e-05
5273,0.00041210176485298905,0.0004012843626429563,0.00042842549651112124
1230,0.0,0.0,0.0
7033,1.2082379607838652e-05,1.2096818654804292e-05,1.4141175118559145e-05
5165,6.637299908852261e-05,6.571196105953268e-05,0.0001044524477274961
7005,5.690162503372154e-06,7.697093079375451e-06,9.053098055653178e-06
5367,0.000309916903086454,0.00021194437270373627,0.0001773964660903452
2342,1.458646203180262e-06,1.0527716658520678e-06,1.1360379739568544e-06
4348,1.055568504830238e-05,1.1578725780118903e-05,6.217507092806441e-05
925,5.559166881114646e-05,5.743192918393478e-05,5.7146904821124565e-05
3544,1.4888438278085858e-05,1.2546693020871336e-05,2.2094558554697214e-05
6683,6.9889611492165625e-06,9.940448086034106e-06,1.0274383906808756e-05
5898,0.0007575635368502002,0.0007994590855073119,0.000833062773042256
4758,2.0906753308236254e-05,2.0787188987475784e-05,2.1582588411868784e-05
1064,0.0,0.0,0.0
838,8.73615936244396e-06,8.926595384394088e-06,8.037261250099124e-06
4957,2.4548894138659776e-05,2.3589888101708846e-05,2.3222485575397158e-05
1782,9.149559854773913e-06,4.938298740713344e-06,6.208802233006795e-06
2190,0.0,0.0,0.0
5763,1.0416116995596162e-05,1.230056238020187e-05,2.9590707371576285e-05
259,9.18232256778662e-05,0.00012347060225900797,0.000124188811340811
1774,0.0002838264651810214,0.000422717424333798,0.0003546907696445772
3002,9.157239247497251e-06,4.818933169548193e-05,3.203016647588713e-05
3456,5.650138548326287e-05,5.495597789070158e-05,5.856901038738209e-05
5201,5.048902505312333e-05,5.8254012582827705e-05,7.750303230069106e-05
2164,6.681949079651819e-06,8.639019368294928e-06,1.1765150669643411e-05
5456,6.8332451089233e-05,7.117951485243752e-05,8.596249764134972e-05
377,0.00021703643306448988,0.0001265265740114601,9.037202474009037e-05
2179,0.0037676983069869553,0.004582188710915198,0.00417934839066423
1172,2.176235208602676e-06,2.276865430978031e-06,2.4492267539897366e-06
4522,2.9003220606972126e-07,7.393721144418867e-07,1.7469407259905584e-06
3726,0.0001848587182463348,0.00017688475968378944,0.0001833184036833636
1509,0.00023175834285306195,0.0002634856883815875,0.0003947828075049896
6767,0.0,0.0,0.0
5092,5.8668128787629176e-05,5.884044395950288e-05,5.9650638790885374e-05
884,5.17344906056822e-05,3.970188042413656e-05,7.267532809304522e-05
1164,0.0001725296263948504,0.00017320241003329243,0.00017783099124375813
4347,0.0010824403675298514,0.0008077124304849161,0.0008307031057286123
6291,3.067804679098343e-05,5.472623704309537e-05,7.977320456960061e-05
2685,1.2654107845805692e-05,8.285561294599512e-06,1.0372864733541261e-05
5491,3.728018633574144e-06,2.8739490405266004e-05,1.5872774934570303e-05
950,0.0,0.0,0.0
2732,0.021147956615585793,0.02341400785601185,0.02481515010099088
6024,0.00014700186111094244,0.0001513025442873878,0.0001531932295751306
314,0.00010429224870832733,9.903228717694874e-05,0.0001238402567711071
6792,4.081661770446342e-06,2.9942032251613346e-06,3.1319512821009925e-06
3387,0.0,0.0,0.0
3438,0.00018154930332838127,0.00017742146244518973,0.00020565082212997682
2312,3.8410304963155365e-06,3.6910201099368196e-06,4.326186478710562e-06
3866,1.7469665466846092e-05,1.8415079169794722e-05,1.0661502916795851e-05
2258,0.0,0.0,0.0
6627,0.0027619490976593273,0.001455834520379784,0.000803333828391555
3628,0.0007264616917291658,0.0005529819332255981,0.0003468115530691343
558,0.0,0.0,0.0
4046,8.507033498309803e-05,8.193680346654306e-05,0.0001127954016955446
5447,2.3572821480155456e-05,2.4554920952657267e-05,2.3085811717877254e-05
4598,0.0,0.0,0.0
2364,0.00010538127288877622,0.00010142912396898163,0.00011825836228584106
666,2.5107661283552407e-06,1.1215313995991519e-05,1.3548579878446767e-05
276,0.0002052148348625006,0.00014146395484769978,0.00010297678757345869
3823,0.0,0.0,0.0
5216,7.471218343004161e-05,6.55608492222798e-05,6.7385143414768e-05
5196,8.843506118493793e-07,8.335295003978566e-07,9.209421965432304e-07
1380,3.0232728433041108e-05,2.764555293923105e-05,2.3530523678332682e-05
3393,0.0,0.0,0.0
1231,4.2115911995440585e-05,3.9685241969196053e-05,3.910821539940378e-05
441,0.003655270298688917,0.002552066012346682,0.003160387258799066
2916,0.0001704992577954504,0.0001672742367357673,0.00016894512603901876
3184,2.8295769710169614e-05,2.8134842692650268e-05,2.838957926727819e-05
4507,8.891056044147347e-07,1.5102615235167452e-06,9.180745644818914e-07
6047,1.1860280221159118e-05,1.4379540998603403e-05,1.2523538484982624e-05
3783,5.496731651434854e-05,5.722972092889199e-05,5.3657611126425816e-05
4188,1.6412178067170768e-05,8.869266192149058e-06,1.0981315985162153e-05
3038,1.5257411275143729e-05,1.5226902002458393e-05,1.7960306687329775e-05
4194,6.765862276138942e-05,6.336933324810273e-05,6.0328290529015134e-05
2830,0.0,0.0,0.0
771,0.0,0.0,0.0
3044,1.7981301388686645e-06,6.926997540035918e-06,6.519101245605706e-06
6311,7.18401707131541e-06,1.1791031908346175e-05,1.4030686467524475e-05
6015,1.006480318844138e-06,1.0999288616424514e-06,1.5291447979527574e-06
2184,0.0006888067417991253,0.0005873977879677818,0.0009591453130863131
6250,1.5176490358286676e-06,3.072342115743291e-06,3.975876193110782e-06
4032,0.0005357456395520757,0.0004990809613120519,0.0006666351263139308
61,8.87509194797531e-05,8.194625133606492e-05,7.718551695939288e-05
3889,0.0,0.0,0.0
1552,7.636341115440412e-05,7.564394703204658e-05,6.832827996902099e-05
2673,1.4534515346220465e-06,7.69171281662695e-07,6.497980213671747e-07
5154,0.0005270736719226693,0.0004774098190702405,0.0004348267831951989
4924,0.0,0.0,0.0
3277,1.3890321112117467e-06,1.3035875933325435e-06,3.7637523989341335e-06
2486,0.0,0.0,0.0
1057,4.8159521400721695e-06,3.8311492321230505e-06,3.442595003297247e-06
4543,0.00021094431241843424,0.00021050354261493176,0.00021329660844357664
1409,1.8768963766368935e-07,3.634498925868861e-07,2.7246102209373554e-06
1344,0.0,0.0,0.0
1510,6.603713446551467e-07,2.3846215203275736e-06,2.4155651242080426e-06
5828,1.1571368912533575e-05,1.1131131217560356e-05,1.3138672428088043e-05
1956,0.0004129794252243095,0.0003950809304045194,0.0005273491682201982
2282,1.0854084468400688e-08,2.748888654478898e-07,1.549935983731699e-07
5454,5.4635558297630994e-05,5.5130732765583646e-05,0.00016056780730206254
3049,1.3591431856987663e-06,1.0851569650887289e-06,7.726396054873921e-07
4490,0.00012675285802302228,9.158151634543264e-05,0.00016046231980488716
1804,0.002212182166420207,0.0029432287454663406,0.00304677118649157
554,0.0002870604002649129,0.0002876182695894379,0.0002878914086615923
4714,0.0001370310329775653,0.00012206517593303442,9.366776414377534e-05
1272,0.00010356611657422706,0.00010417618109513749,0.00010048197091110449
64,0.00010799392297256375,9.001265560693825e-05,6.959892877085827e-05
1324,0.0,0.0,0.0
4623,1.5925598885912866e-06,1.3268842533324743e-06,1.680357184147503e-06
3879,3.333281299067496e-07,2.27332029954534e-07,4.907224254674559e-07
3777,0.00012659302709779342,0.00011889747901399313,0.00013112578864680064
7043,0.0009617129191553176,0.0008002285502059266,0.000761806446843964
3302,0.00046724484990053755,0.0004828086535891195,0.0006624420043576886
5085,0.00019836712791932644,0.00020249806688357527,0.00020425276929142303
5682,0.00045618500791407067,0.000391294644712908,0.0003694415471708906
4411,5.6786177391552824e-05,6.984535981340064e-05,7.865330748217836e-05
4831,3.1269138942104973e-06,6.693274408105927e-06,5.989038165206745e-06
6469,2.5017745031001913e-05,1.2818922247332554e-05,7.104641221821806e-06
4624,0.0029591778745379042,0.0026759003435973656,0.002709126070598484
62,1.7395699007739937e-05,9.372572856593727e-06,5.492927532012214e-06
3981,0.0,0.0,0.0
643,2.195334312840897e-06,5.9237528538675895e-06,4.6223269493616865e-06
5958,2.280913627944058e-05,2.232000028299234e-05,2.0841558924040425e-05
1357,1.7364192765537987e-05,1.4198727531650044e-05,1.1529817317649353e-05
2287,9.39379126617985e-07,1.4215843110942574e-06,1.716459654375542e-06
6576,0.0,0.0,0.0
2267,0.0,0.0,0.0
4549,3.870513294215919e-06,2.4768118456101206e-06,1.5751367112992932e-06
6898,0.00044257855565769315,0.0005674263549240688,0.0005933610771999056
2341,4.789209141980102e-05,9.975523716737116e-05,9.721202572745365e-05
919,0.0008075847136464969,0.0015817498214310004,0.0011989518798524892
5485,0.0006352179434335111,0.0005469300204367586,0.0006484825762041733
646,4.263525769587873e-06,5.799930322210875e-06,4.34054920022584e-06
3681,0.0003733768320669812,0.0008690855950928365,0.0004649578668538174
2911,0.0,0.0,0.0
7017,0.0,0.0,0.0
6223,0.0001463179700619491,0.0002079549952564914,0.0001845310112409958
4468,8.925493870460761e-05,5.1947993977708066e-05,3.4797467189348134e-05
5955,7.045732617555992e-05,7.891356355417932e-05,7.352916388734588e-05
5277,0.0,0.0,0.0
4894,3.057341100969462e-05,2.8526209156929444e-05,4.080302153265503e-05
489,0.00011720883203842411,0.00011359161062015201,0.00011435976753742323
6242,0.0028787864862743146,0.0016315117366175393,0.0010209002125077364
3010,5.768843470202645e-08,2.48572584554155e-07,2.385252788636659e-07
2743,0.0,0.0,0.0
6747,0.00018040571360609435,0.0001898260044002752,0.00018053975312910296
5577,0.003388484774633591,0.003587550354921432,0.004015006286450417
217,0.0001028108672088513,0.00014761531031377568,0.00013007938368640306
5870,0.0002098067841432936,0.0005099359049833538,0.0003203760672701695
5351,7.847463040584557e-06,5.405131760852254e-06,6.868229015691762e-06
3148,3.215692853105668e-05,4.440973735821924e-05,3.529200291610097e-05
7054,0.0007200975464834052,0.0004788346202419373,0.0003829035265265595
3356,0.00014058891040528816,0.0001407527929773526,0.0001405665937142469
6545,7.569903446374082e-06,7.3613768871955495e-06,8.313979084609756e-06
1239,0.0,0.0,0.0
3192,0.0006155284800154008,0.0008684599386607377,0.000810113499497985
311,7.514954503131181e-05,8.230883804739618e-05,7.241937390435272e-05
4698,0.00037037753003169374,0.0013089052609863822,0.0011347269445845414
2351,0.0,0.0,0.0
4890,0.000176042457647883,0.00017828459894067228,0.00020013193353743167
5602,2.308677163166087e-06,2.8273635717017925e-06,3.1658163212963265e-06
3120,3.071999955559538e-05,3.2242553746437295e-05,0.00011317225248250014
5114,0.0,0.0,0.0
6923,4.3147539005955956e-05,4.348764270487829e-05,3.86994272131854e-05
6339,0.0001516635769201492,0.00019726745727506327,0.00020477536654983815
2932,0.00020658244783323197,0.0002823040672628206,0.00018897626475923628
6261,6.581789109553407e-06,8.540226359769595e-06,1.8454588682545788e-05
2304,0.0015163524990351002,0.0012114997257513475,0.0010036095566555102
473,5.9740388055135586e-05,6.235024799952254e-05,5.9474467599069755e-05
4292,3.8040508976130327e-06,4.1655329496500615e-06,4.566677577295637e-06
1561,2.421190491179216e-06,2.357902197732491e-06,3.564412279476546e-06
3772,1.748648652754586e-05,2.2736044438528148e-05,1.807846125450034e-05
5244,6.529817144639096e-05,3.420457970162508e-05,1.8986626330288026e-05
2959,9.739718389756904e-05,0.00010589973228821487,0.00010213607647428844
603,2.8316613402019977e-06,2.2356903697195106e-06,3.0997934021931052e-06
2372,3.130820031047545e-05,2.1591227587636515e-05,2.0978301055735403e-05
2170,0.00020699462883829454,0.00022350090863789375,0.00027523899761903737
2828,3.333627654037523e-05,5.563502667983564e-05,0.00014248077822171442
5745,0.0,0.0,0.0
5123,0.0,0.0,0.0
5394,0.0003513598231299035,0.00035076435786519905,0.00034833196888245464
2220,0.0,0.0,0.0
1236,0.0002520301595964497,0.00024861003777374476,0.0005821876273808899
1687,0.0,0.0,0.0
4205,1.5286897753310848e-06,1.6286278553272748e-06,1.387358797340779e-06
2448,2.1557029465557947e-05,1.8903536394785765e-05,1.657977913142009e-05
6948,4.952573548683397e-06,5.876449577268624e-06,1.752404869469391e-05
5027,7.656559791753174e-05,6.855669681610922e-05,0.00022229570508095308
83,2.2096407400165408e-05,5.29440202589396e-05,4.548402863149487e-05
4675,0.0,0.0,0.0
4351,5.3478997498788915e-06,6.492364294805977e-06,7.831407406513609e-06
3905,0.0002309338361369792,0.00044746965588142316,0.00031237713505517437
4499,0.0,0.0,0.0
5723,2.647693836434157e-05,2.6228084860796806e-05,5.7217948824735175e-05
1062,0.002660611423416991,0.0014045972250187025,0.0007779972280802357
5025,3.524211064234162e-07,3.204619284437442e-07,6.787682984431715e-07
5203,0.0,0.0,0.0
6016,0.0003699354087695056,0.0004115363674068449,0.00032880602638579796
6853,0.00480970610278217,0.003637534464263078,0.003735519643616595
5996,9.552943944547685e-05,0.00020894426009980598,0.0001890420556729676
2112,9.161063651206228e-08,1.396832793577294e-07,1.2021597333077571e-07
325,9.860101033107545e-05,0.0001508275204881613,0.000141512831669661
2067,2.7603248557871013e-06,4.799627772258531e-06,4.000358935695242e-06
3557,0.00021093957036129427,0.00022452860563100521,0.00024076073024838874
2532,1.0650591628728997e-05,1.0700277243299528e-05,1.1133050351697407e-05
99,6.868037676138458e-05,0.00019923479460682615,0.00021900806009545975
4414,0.0001535692670351177,0.00015999137088004755,0.00015628388235098075
2060,1.4178368194550277e-05,1.7761530108813723e-05,1.780637970712146e-05
4202,0.0008424219413752604,0.0006332237273946636,0.0005541528549342198
5545,0.0,0.0,0.0
4582,0.00025601375622426623,0.00030133787639314116,0.00031332742903336045
4937,0.0002483060909587666,0.00025721225695010376,0.000278298450677527
5235,0.0,0.0,0.0
4812,2.0613300996821365e-06,1.967058400204256e-06,6.574074221106767e-06
6431,2.7194024778112492e-05,1.8258110523015707e-05,1.602758830874312e-05
1054,0.0,0.0,0.0
6071,8.945657901836605e-06,7.242589574237579e-05,3.9865862506478496e-05
1882,0.001636098017126405,0.0013254304325482098,0.001984274868107403
2556,0.0,0.0,0.0
279,3.5269852479226535e-07,2.1585896526029228e-07,1.0387959817495234e-06
5566,0.00035033911408198433,0.00029360457261284423,0.0006198996006319281
5555,0.0008143377109426712,0.0008141440041205406,0.0009176754923012882
4827,6.347886908452745e-06,7.446329353287789e-06,6.650613401621242e-06
2955,0.0,0.0,0.0
7093,0.0014536838896461294,0.0008743616374553316,0.0006355708085471459
4099,3.555664273351326e-05,3.31528159251892e-05,3.368359879509798e-05
4844,0.0002542745547808036,0.00026359139808382613,0.00025069712032537654
1087,0.0,0.0,0.0
5014,1.7537043232767547e-05,1.6756198538772635e-05,1.8854903866605747e-05
581,0.024391472700153703,0.028772740553764227,0.026782830787181855
899,0.0001897272254981737,0.00019165486497193835,0.00021305820814805694
188,0.0,0.0,0.0
867,2.872462213206588e-06,3.387631172448552e-06,3.225521749237271e-06
3635,0.00017234493393831959,0.00018956633056648234,0.00024330432313215207
3776,1.3356400903309924e-05,9.459163807439395e-06,1.0559638679601744e-05
687,1.9055316640537768e-07,5.130688009998561e-07,5.361197336536726e-07
1644,6.497403330131928e-05,0.00010825895742685106,0.0001003931652846266
5013,6.161838172287787e-05,6.269544293952795e-05,0.00020937675976906794
91,0.00016548284631262886,0.00028475781829089155,0.000836810642726095
5282,3.602239018671899e-05,3.5413854877792716e-05,3.3548739337212334e-05
3161,0.00014037057832678272,0.001390195115103874,0.0007652828467153283
1947,0.0002841842638322013,0.0002739905065846461,0.0003002356064203218
6916,3.6899604248193216e-05,3.545977701363378e-05,3.662910602155719e-05
6630,3.4946077644107474e-07,4.3338529931522033e-07,7.756425748201788e-07
3534,4.2592435909941443e-07,6.748310018673952e-07,1.062716971392529e-06
416,5.9039081777215635e-06,2.0544395737495733e-05,2.034425927406177e-05
2859,3.9549975610468826e-05,4.721008446900678e-05,4.3028470874082566e-05
5220,0.0,0.0,0.0
3643,0.0006250926700037326,0.0004466656992430228,0.0004242585838044006
3348,2.28344550403117e-05,7.061400738357005e-05,3.9407289136883405e-05
5790,1.93645696399823e-07,1.9110168404088308e-07,1.4389377153814308e-07
6354,3.4887283269874896e-05,3.4201907044732495e-05,4.223944199994842e-05
2379,1.208577004463062e-05,8.073260564005697e-06,2.490991371481428e-06
4157,0.0,0.0,0.0
3199,1.408908653088227e-05,2.1329098636710255e-05,1.2868739708805538e-05
4442,6.8219417352552e-05,6.034320590555502e-05,7.576169890666463e-05
4775,0.002842204047949713,0.0015892733811507073,0.001214602678154131
3778,0.00028108000315331096,0.0002810468001096112,0.0002811141024519266
6626,0.0,0.0,0.0
3843,2.205928205865783e-05,2.2262847158850057e-05,8.306134090727928e-05
2909,5.5344917887327645e-05,6.259985611719413e-05,5.2813728246328805e-05
6890,3.622913802371985e-05,2.0877299233827455e-05,1.9543611494921545e-05
1789,0.00025143163094342173,0.00026567349629082437,0.00027771462046200423
1787,0.00022797602383136607,0.0002275322576335092,0.0002572291101374999
6284,0.0005416518910118742,0.0005354338273741679,0.0005020924574630636
1728,1.3308443546091159e-05,1.2965743396665405e-05,1.386377514622012e-05
4208,6.777824115530622e-07,7.812934736430244e-07,5.288253834900256e-07
2142,0.0,0.0,0.0
6180,0.00024208026491145406,0.0002371522911685437,0.0002565648242120225
2585,0.0,0.0,0.0
406,2.7507995509729747e-06,9.581928242401565e-06,8.141392006862859e-06
3995,0.002436260158681871,0.001559861451144153,0.0014178021868971747
1128,2.9220526625755687e-05,2.8919404415853967e-05,2.2035414134245097e-05
5515,3.6533652273057e-05,3.6054906149655735e-05,3.8395404399687796e-05
4328,0.0007329647734440272,0.0009353089514211501,0.0009078074251901325
6981,0.00020657808039880444,0.00017486488710928032,0.00016313054392004832
2463,0.0012670664896292131,0.0007548305906220644,0.0005071155550680549
2813,2.7153544602131498e-05,2.7524194283021595e-05,3.565574993443547e-05
1763,0.0,0.0,0.0
2871,0.00011729891496687451,7.760629197042551e-05,7.574371719669359e-05
1786,0.00029557422235155725,0.0002253078373460763,0.00020132299105134034
5543,0.00017903347588843382,0.0002645758536207289,0.0002661835625390632
5192,0.0023496200873340117,0.0013774545110260608,0.0009723861780098998
2661,0.00031799708912486925,0.0007682245982018478,0.0005225874875841009
5565,2.1612868766854388e-05,2.8713380664090663e-05,2.191481797929435e-05
6290,7.221511518749873e-05,5.24330874095268e-05,3.4421041119564535e-05
5982,0.0005983634303969388,0.0020230092269397583,0.0012996758867648084
2418,0.0,0.0,0.0
6765,0.00014037057832678272,0.00014037057832678272,0.00014037057832678272
3825,1.7550124944497277e-05,1.4142491112309755e-05,1.3009078797099666e-05
5773,1.8987845048633353e-05,2.0233928420591275e-05,4.110239581006625e-05
6816,8.602838906055886e-05,0.0001252232060655967,0.00010077166404544838
569,0.0006687355383548296,0.0006013381646360483,0.0006668347424596438
2474,0.00021332497828442632,0.00017016959851170292,0.00018960464253492832
2340,0.00020407270034536855,0.00023268031205500768,0.00030947937726949877
698,0.0005144956564238041,0.000580257019247805,0.0005091085494545295
2941,0.0002879271535475424,0.0014849737810785405,0.00021586027752600514
5709,0.0001582219178090025,0.00010526930110522532,8.385639418903012e-05
5495,0.00012000856313759128,0.00021251461155149764,0.00021643605861859777
4814,0.0,0.0,0.0
6967,0.0,0.0,0.0
2518,0.0,0.0,0.0
4198,0.0003815372250726384,0.00035493975316288023,0.0009632650751100466
5637,1.627289427879749e-06,1.2719608816933254e-06,1.3897009477325863e-06
7016,0.0,0.0,0.0
5839,0.00024546133485026,0.00038120297573976863,0.0003423650668139397
4277,4.8269983780405e-05,3.6992520650067494e-05,3.665016240393968e-05
4692,5.5540029150015735e-05,4.313956385401389e-05,4.012303995330628e-05
6828,3.889225851736015e-05,2.0630687466602793e-05,1.2204136016566654e-05
2627,2.5648909681296032e-05,1.3572141436905629e-05,7.630523440915368e-06
4945,0.0027622590716425326,0.0024948245865040646,0.0021687218502127008
6982,1.0158342705104256e-05,1.743464812225771e-05,2.335502794011334e-05
4823,0.0,0.0,0.0
4984,0.0,0.0,0.0
6580,0.0,0.0,0.0
5606,6.310688517835807e-06,4.373849158463466e-06,3.4652066088044375e-06
1173,0.0013260911861501564,0.0010515888303584413,0.0010942177552795817
3223,4.3127397719385036e-05,4.325212867365492e-05,5.048401482284301e-05
3495,0.00015988389932031024,0.00014986027984328253,0.0001554225711088601
5008,0.0,0.0,0.0
589,0.0,0.0,0.0
4580,0.0,0.0,0.0
3907,1.6826299097411532e-05,1.4061183486063055e-05,7.266788380208486e-06
7058,0.0,0.0,0.0
2535,5.836921410673843e-06,3.87798032978309e-06,2.5962810174407677e-06
6581,1.8162660284788592e-06,1.7684147852228358e-06,4.376378142921245e-06
4503,8.586032402549468e-07,8.654823962664978e-07,1.066518416437806e-06
3149,7.373819527729271e-07,4.937273924980781e-07,1.909502788207881e-06
5089,0.0,0.0,0.0
4122,0.0004276392337412794,0.0002880245063498947,0.00023548658987936405
943,0.0005636499891157568,0.0005083710895404154,0.0004847577273961658
6715,1.8047606166217206e-06,2.457643701088268e-06,9.865872269239985e-06
5861,0.0,0.0,0.0
7034,1.5675518375632944e-05,1.408719993684742e-05,1.5785156287498458e-05
824,8.203443400275307e-06,9.995562430144815e-06,1.311638222423228e-05
4712,0.0,0.0,0.0
1026,0.0009357656548004574,0.0006008377325459509,0.0004973652870379917
3085,0.0,0.0,0.0
1707,3.5010523459916546e-06,4.179185165741719e-06,5.126122285376311e-06
3808,2.3731905370275797e-06,2.8806253032962116e-06,1.7584145319356121e-06
4857,0.0,0.0,0.0
699,6.0574611549552575e-05,5.873929277089342e-05,5.820499484290838e-05
4368,5.8620892294801975e-05,6.103751224418498e-05,5.123721467903938e-05
1327,2.751388620570777e-05,3.347116987802639e-05,2.9925183759440433e-05
1158,0.0023006549630701953,0.0015907819108309886,0.001157171660033326
3258,0.004292241827912629,0.00305431433583819,0.0037599828133426418
1568,0.0005735715007544515,0.0006144723662286752,0.0004275447236246555
1961,0.0008806462643426195,0.0010160571679713312,0.001468017356547573
3894,0.0011831465115132137,0.0011832217604850882,0.0012149004932909778
818,0.00014204660699573224,0.00019818907302796682,0.0001998554235795568
539,0.00016781110593727888,0.00016191794472478977,0.00018337485778963797
1309,2.1607354041259856e-05,2.1233533007463888e-05,2.1990290560966544e-05
4211,0.0,0.0,0.0
4150,0.0003141201847027526,0.0003177105769705504,0.0003343724527426467
6858,0.00010136566653783623,0.00031270765600801523,0.00023126752354291899
854,8.979873400061652e-05,9.110633500984074e-05,0.00012743146700595662
2262,0.0029534563476586945,0.003113504116160347,0.003583347370506896
5099,1.6834914043336823e-05,9.139521796416471e-06,5.381399063460744e-06
5418,0.0,0.0,0.0
5889,0.0,0.0,0.0
4138,6.0478847587562134e-05,3.5260969182788845e-05,2.3224552986259106e-05
2225,6.203994994081371e-05,4.286767527572773e-05,2.9339097307777143e-05
352,4.021425224442272e-05,3.762434481666258e-05,4.079649004959586e-05
3662,1.0658971071617354e-05,7.493971532456622e-06,6.084273995597918e-06
1253,4.6265964633906205e-05,3.454900398246374e-05,4.829402920836081e-05
4961,0.0002909565242263251,0.0006941161818290455,0.0005111631570588431
2705,0.0005881083917304639,0.0005150524731524942,0.0006169140971427325
5530,0.0019035830227082762,0.0018043810415160292,0.001426251938965509
3990,0.0002497663403222709,0.0003020841177883137,0.00022820865518582788
1312,0.00095720008371628,0.0005166643984714784,0.0003016213655044362
2648,0.0,0.0,0.0
1265,0.0001474093058759115,0.00029249549619960087,0.0003400385412971857
6577,3.2880251262478694e-06,2.7037523269560066e-06,2.494405254326642e-06
4974,0.0027521150431317892,0.001474786792515854,0.0009403148488810899
5904,2.2372440870431886e-05,5.931553032599455e-05,3.732398004527444e-05
6946,9.253982295168504e-06,6.226151712641686e-06,1.0922088228513101e-05
1981,6.082955429701451e-05,4.1310565424025e-05,6.727320538647134e-05
1149,0.0002033864483224142,0.000178445402262549,0.00033239694307115946
6091,0.0008300518733600635,0.0006569049156361883,0.0008016731218158364
315,1.5105723621678069e-06,1.9988888036656122e-06,2.4190471589199517e-06
6213,3.765772442000723e-05,5.4566200857319694e-05,4.7201814372663025e-05
2810,0.0,0.0,0.0
1842,0.00018088953697790316,0.000637274399892433,0.0004014651686461604
744,0.00023830659166330744,0.0002444719000426006,0.0002881973276814413
5087,1.3276047210368688e-05,1.7891692835276497e-05,2.7856853925901546e-05
4307,3.490640828102348e-05,3.12548475383923e-05,3.2172145960939884e-05
3267,3.9618430007063925e-05,3.0305639002550948e-05,4.9676419562465794e-05
5458,6.756639092656253e-05,7.02796513687819e-05,0.00010691704317689977
2012,0.0003514919317869456,0.0003482997105983116,0.0003509497930268322
2429,5.975510656610281e-06,5.746528817673201e-06,1.1672029973192545e-05
5766,0.00010041832193058152,8.811021958448349e-05,9.846658457079048e-05
5024,0.0004694212425647254,0.0006230903988204965,0.0006307755360403832
3601,2.9281291743483822e-05,4.060646618240293e-05,4.0218770091010214e-05
6229,0.0,0.0,0.0
874,0.00020521875829095118,0.00026919187564272793,0.00047072397813579544
1125,2.410679826905716e-07,2.1607054626497387e-07,2.4829893145987685e-07
1361,0.0,0.0,0.0
2403,0.00034395279523008606,0.0003827313748276043,0.000513216013815959
4750,1.2393779459612473e-05,1.044755791547576e-05,2.2261939029706985e-05
220,9.111212392793904e-06,6.576005109154047e-05,1.0518750289034437e-05
2163,0.00015138604369099718,0.00013876007202062927,0.00017481404238284213
3299,0.0,0.0,0.0
2905,0.0005896442883047635,0.0004326542537735063,0.0003592086267092348
1337,4.040349185901235e-05,4.471749457980475e-05,7.261201104267298e-05
4933,0.0004359086911349754,0.0012673088609015083,0.0008491791281750989
1000,0.0,0.0,0.0
3112,2.9092242870567176e-05,1.7830588630896582e-05,1.357928592568918e-05
2158,0.00017840966654798603,0.00016565325771545074,0.00017179367796009052
4161,0.00031183239728313104,0.00040301078561000937,0.00045979259150262254
4916,0.0004509596800586369,0.0007262553696750258,0.0008902747597875352
5065,0.00013849390440847718,0.00011478532033742264,8.088906580655808e-05
2218,0.005661177763483407,0.0033458858272278516,0.0023387028951454697
4361,6.4041253148768895e-06,4.093987688391409e-06,2.4092463343272612e-06
3429,9.175370423951885e-05,0.00010558229025266142,0.00014109647323958628
1212,3.7546466873908423e-06,3.7256364106094153e-06,7.205249790387514e-06
2352,0.012698644519575943,0.012492913268427039,0.009718774051611078
4450,0.0007609103077993721,0.0005046581729255376,0.00039106524600197884
4245,3.858787685321147e-05,6.552107091289651e-05,6.335282178354112e-05
3420,1.5712426849496204e-05,1.581573572321392e-05,2.7667106843945744e-05
6787,0.00018077558973070626,0.00024080370070892778,0.00019067959174691308
6546,1.406201582660241e-06,1.9112657986153987e-06,2.290432548810139e-06
2410,6.485656620208784e-05,4.810955027542882e-05,5.397260896333512e-05
6327,0.00017268814158230173,0.00019456601466762364,0.0002439675198333146
4263,9.50088676539448e-08,1.083752755456185e-07,2.6601739515999925e-07
6150,0.0002121426893956794,0.0005148299320373735,0.0003833131462033986
2277,0.0006095717078370911,0.0006271168912310984,0.0006800374064527315
1661,7.469981151773763e-07,9.883202338802736e-07,1.1227953073007612e-06
2999,7.104072237209532e-06,1.8747078533477358e-05,1.313746812207953e-05
5373,0.0,0.0,0.0
5121,0.0,0.0,0.0
5510,2.7320580130363537e-05,8.681420552489509e-05,6.160997345750221e-05
1743,0.00014037057832678272,0.00014037057832678272,0.00014037057832678272
4630,0.0011687274000543122,0.0019411265347349948,0.001332065233624601
1311,2.179045784366273e-06,3.850378562517744e-06,7.676620592255139e-06
6949,3.457430123594564e-07,9.384926247713795e-07,7.438321130057311e-07
3261,0.00015920978278932772,0.000161222045357317,0.00017625573265057118
7100,7.154880620816636e-05,4.200312503251814e-05,2.4553298334648784e-05
287,9.41092936112727e-05,6.243282931948695e-05,8.021825287458382e-05
5149,0.0004909458682276812,0.00048014355896638304,0.0005384289025949856
73,0.0009316739507950814,0.0007283116779433522,0.0008331579332963634
6600,0.0004866998508007972,0.0005596434180642233,0.0004340695090221289
683,0.0004034962278806254,0.0010414549421127583,0.0008489272782927916
3518,5.735836468359352e-06,7.6784898333569e-06,1.125942567302692e-05
4731,7.5144321495103925e-06,4.8613641787176944e-06,3.457187149063603e-06
1069,0.0,0.0,0.0
390,4.76276156315837e-06,4.986890703355047e-06,2.01536339828167e-05
709,0.00013104594528378632,0.00012888321136324702,0.00012634120104347657
6551,2.1755424520415485e-05,2.0341638400047016e-05,2.013832920784563e-05
3543,1.5017981137630615e-06,2.1700627109165822e-06,2.2970324336869314e-06
2722,0.0015723188789695966,0.00101154996460185,0.0009222975841190666
4871,0.00017667723068192642,0.0001950311352333077,0.00023558631092039306
5855,0.00017500907530718524,0.00018060909321919845,0.00018503753663710298
2044,0.003467690378370755,0.003060201527619786,0.0021541676747375525
6879,0.0,0.0,0.0
1151,5.484956298104151e-06,5.6017918696549745e-06,3.6598784515593037e-05
1536,0.0004967365463612191,0.0005012386500571119,0.0005029837535301461
6543,0.00010210165694357964,7.802067531128958e-05,8.522188822520007e-05
3745,1.7862395934531224e-05,1.4936401656542455e-05,1.6536706978978336e-05
4026,0.0,0.0,0.0
6423,4.574322248735139e-05,3.7749987540810486e-05,7.601005022952463e-05
378,5.798602214999389e-06,7.761964931821072e-06,1.1531254984803635e-05
1018,1.7540922231375984e-05,1.9828462646956885e-05,2.2247889290508304e-05
1259,0.00014045923625660966,0.00014082591831202367,0.0001406576893250107
3375,0.00010439190638551242,0.00012069150800123091,0.00010861228845528789
4488,0.0002239131286499625,0.00021932913487975628,0.00021627042450403247
7079,0.0,0.0,0.0
5054,0.0,0.0,0.0
3385,0.0002906320378451385,0.0003155269368055442,0.0002289257841674929
1379,0.0,0.0,0.0
129,8.248360310800291e-07,4.4318827107047797e-07,1.1554257958605821e-06
5029,0.00014388910455439595,0.00014315228818763143,0.00018115018675521252
338,3.513020414638114e-05,4.136090794731626e-05,5.9913174368008504e-05
3841,9.894924897812449e-05,9.612342351701967e-05,9.4695944034179e-05
4252,3.6559309164179395e-06,2.9593971444803035e-06,5.881507003319455e-06
5976,0.00011945282555127287,0.00011364024137837862,0.0003284834577300053
4635,0.0,0.0,0.0
1545,1.4669024640865777e-05,4.898144277732797e-05,3.083920103807483e-05
6214,0.0003261420837638866,0.00028408939668338103,0.0001997539127295001
3036,0.00013362786139441753,8.399048913173243e-05,8.011430784110647e-05
4784,1.730645989944213e-05,1.0106638593422514e-05,8.852448737604845e-06
508,1.744949271791427e-06,2.0679741661434544e-06,2.1759195078317587e-06
180,0.0006099516084721553,0.0006909409268741936,0.0008022520539842647
3910,0.0008285592414431532,0.0010201541250064068,0.0010995474990931958
4910,0.0007439476981477245,0.0006377810057589401,0.0004939758264075238
4092,2.7774483401896696e-05,1.737294413085213e-05,1.7578517465771045e-05
3848,2.962322855959428e-06,3.4224396512089626e-06,5.344733467814615e-06
6419,7.302876674408257e-05,6.709759190745463e-05,0.00017911667352596384
1184,0.000153820185072222,0.0001569888695904885,0.0001511404338637365
4696,8.466761820211954e-07,6.210744032689875e-07,6.982379930087892e-07
6388,7.037173019272746e-05,7.20726824013041e-05,0.0002120250339315768
1176,9.010550289221575e-07,1.436828851421824e-05,8.123410480402417e-06
5975,0.0,0.0,0.0
5635,4.255350631872022e-06,5.088816109581948e-06,4.182376526094076e-06
2245,2.8099048908967733e-05,2.6675148175611742e-05,2.8770156776602748e-05
1658,0.00014508988268780817,0.0001442093947785744,0.00014505614490078296
2284,0.0004136672239553063,0.0004432153978420374,0.0005760960962222732
277,5.740959016336831e-05,5.725941431912847e-05,5.972931575451799e-05
711,0.0,0.0,0.0
6057,1.4287291235656289e-05,9.176630926398706e-06,1.5128861762818174e-05
1518,0.0,0.0,0.0
5595,0.00021951527718207554,0.0002361408012830675,0.0004167900579513941
2595,0.0014408075345370528,0.0012104596362876832,0.001516511674309888
6566,0.0,0.0,0.0
6904,1.157943654704942e-05,1.4887044159233795e-05,1.5897711856985563e-05
3615,0.0002776489293895506,0.0004389608109161265,0.0010176490016846245
5896,2.689351289425888e-06,3.214048950273366e-06,1.6471535048685654e-05
5022,0.0,0.0,0.0
1339,3.8082696929633116e-07,5.892725192996858e-07,6.663328580651031e-07
3569,0.0008051350496813403,0.0008511854822404582,0.000820354525753556
214,0.0004131327143079545,0.0004473671175929653,0.0004766194303463842
5838,1.5775178871459356e-05,1.593554698162378e-05,1.6747447455285695e-05
1630,8.106211437808035e-05,8.342189514616921e-05,0.00045768575284082434
2413,5.8137390244568705e-05,6.0711737103863774e-05,0.00010496647991498327
6341,1.7740133082571503e-05,1.805374957629729e-05,2.0544769038809737e-05
814,0.0,0.0,0.0
4303,0.00021507188209488707,0.00021214456995413686,0.00020299115805962268
3353,8.517276583029673e-07,1.0547479415924553e-06,1.2013858786433104e-06
3005,0.0013963299770868578,0.0012560743092567713,0.0010426000261064773
987,0.0036771930556170236,0.002423005802489864,0.0023302676312529228
2520,1.0263229347551528e-05,9.86543108329613e-06,1.0060565679298507e-05
434,0.00010065745352862967,9.794435837911203e-05,0.00022067183539644058
1729,0.0,0.0,0.0
6450,1.315896882746952e-05,1.488904229835553e-05,1.6244594622573208e-05
382,0.0,0.0,0.0
3924,3.406480908833532e-05,2.7234472818187106e-05,1.8844873238763117e-05
5460,3.7052627780937366e-05,0.00025041734725183776,0.00014041041552350665
1693,0.0,0.0,0.0
6378,0.0,0.0,0.0
1800,0.0,0.0,0.0
5547,0.0,0.0,0.0
2806,0.00010389471602013155,0.00010537979115616994,0.00010998530443625566
1543,2.461995329911473e-05,2.288660264024691e-05,2.838351620065283e-05
619,0.0,0.0,0.0
769,0.00019937136678891678,0.00022706052871396005,0.0003031499701335447
2531,7.02201009649382e-05,8.99273900624883e-05,9.916761627141019e-05
4850,0.00018121943979539283,0.0002382224543963278,0.00028018794054549207
1768,0.0001268665079604656,0.00010884983064626465,0.0001817517991936603
6433,4.1789205927230923e-07,3.780355507303956e-07,3.994199016184971e-07
3376,0.002784761145187534,0.001533743014389426,0.0015358719039687066
1226,0.0002803500201728951,0.00039436709092309096,0.0002921067368366473
4469,9.25587231885502e-06,9.421389550080732e-06,1.3873686963760919e-05
3566,0.0003908860777583868,0.0003638354496373781,0.0010650172909055166
84,8.544489277056001e-07,1.1359106692095564e-06,1.7234346523666225e-06
1903,0.0,0.0,0.0
6070,5.7948355043377925e-05,5.785991081110644e-05,7.533419027481315e-05
1520,0.00040602605102809747,0.00040334174368077016,0.0009457008817241886
424,0.0,0.0,0.0
1526,0.0,0.0,0.0
1240,0.00016409154227014038,0.00014920656737318428,0.00013099909670727755
2612,2.2502743177291204e-05,2.5098515945330224e-05,2.438714883420716e-05
1163,0.0002585870510476451,0.00031164396230857794,0.0008958952901849942
5214,0.0005639288284158472,0.00040757560469620107,0.0004397407343968814
4964,0.0,0.0,0.0
7090,3.244925898339153e-05,3.772848724995543e-05,7.615154045877193e-05
6208,0.0,0.0,0.0
6979,0.0,0.0,0.0
6909,4.142387221483966e-05,4.50460368523163e-05,0.00010474775885718487
5206,4.216763449836465e-05,4.140552956178578e-05,0.00012963828540655305
1321,0.0021193244245455525,0.0013161106631375088,0.0008913641508529843
5742,2.73945493072078e-05,2.337970623989035e-05,3.0993437016728e-05
4952,0.00018890070815790852,0.0002826926031007749,0.00024761169718237575
2219,9.450400495519626e-05,9.432004448821905e-05,9.494687599659022e-05
1238,0.0002446046239778898,0.00030540314884255643,0.0002980490730016796
733,0.00026956955679879635,0.0002039603871698911,0.00017143826236023414
3366,7.658290434047612e-06,1.3527631757607492e-05,9.53604953414331e-06
5428,0.00769559042476761,0.008374911175742393,0.007292456849276473
2502,0.0,0.0,0.0
3758,0.00016392070513130834,0.00016586804455234508,0.000164380692500963
4843,0.0003083629833041223,0.0003589887242190159,0.000301652421587697
1295,0.0004157299218120153,0.00041450949533791584,0.0004987369319153052
2720,0.00014037057832678272,0.00014037057832678272,0.000765673661142088
5142,0.0003873458614051657,0.00039608128623001506,0.0003807039203865495
3157,2.2475646931274492e-05,1.3871068287233473e-05,9.235155516731922e-06
4036,8.503616352462324e-05,6.945673782672056e-05,4.2638347993536135e-05
1884,8.978542565603456e-06,8.475051844244512e-06,8.723691753460623e-06
233,0.001250008020917266,0.0008640472182671389,0.0006279700916500925
2359,7.050636320178425e-05,0.00010031903998377198,8.736407064805956e-05
6642,2.0610520851680034e-05,2.5804380599874146e-05,2.9645768786367393e-05
4523,5.4822482406327475e-06,5.682081120480066e-06,7.5236295961087925e-06
2746,4.361614718917287e-06,3.109272040792219e-06,2.644518012379658e-06
1460,3.33796798163479e-06,1.98432601923065e-06,1.3254343408488171e-06
318,4.948614922104719e-06,5.667498698814122e-06,6.143458070937992e-06
4289,6.789488302212485e-06,9.763471097420949e-06,9.268675213607306e-06
5561,0.00011793115627646955,0.00012728321587054134,0.00012737794554773033
5593,0.0,0.0,0.0
5130,0.00011287382171891061,6.707557525145964e-05,8.524745661291521e-05
4774,1.9000335443515776e-05,1.526681618011388e-05,1.2940965692535647e-05
1001,0.0,0.0,0.0
2996,7.754985975880392e-05,7.409990676282326e-05,0.00037208354226088246
126,3.0056432595415563e-05,2.855293916102718e-05,3.040301998208521e-05
6814,0.0001234986032611023,0.00013402516824731047,0.00012006493167005172
3931,1.7049621946233686e-05,5.063672789233595e-05,3.057793036511883e-05
3035,0.0001288118447748574,0.00012505804831012274,0.0001831258834764543
5699,0.0,0.0,0.0
2425,2.9284699037458906e-06,2.7577720900521474e-06,3.09283142652619e-06
2708,0.0,0.0,0.0
3028,0.0,0.0,0.0
6406,6.286661447800241e-05,5.633219778559355e-05,5.32972186326431e-05
1681,0.0,0.0,0.0
263,0.00015875381874712433,0.00011193845080934146,0.00011486633350971741
6700,0.0001642652749849565,0.00019240356084066257,0.00018403973773185132
6549,9.257474421907915e-06,6.653264806014538e-06,5.915761956417061e-06
7047,0.0,0.0,0.0
5125,6.0920965848168337e-05,0.00011005044737257527,9.049935712216097e-05
1097,2.2905391571641372e-05,2.3944341464298446e-05,2.4353503392290927e-05
1620,8.975216771877491e-05,8.620000485513322e-05,0.00016871887394857778
1326,0.0,0.0,0.0
3023,0.00020419794517367195,0.00019210367841329662,0.0003393702209061264
4438,1.908203126036529e-05,1.9195546331560543e-05,1.8695006155634917e-05
3326,8.749507050150069e-05,7.280149050481969e-05,9.88674611617204e-05
3827,5.20520304279271e-05,3.605829568901746e-05,6.036901723682216e-05
2724,0.0,0.0,0.0
6788,9.556744625794802e-06,9.20596460612544e-06,1.2284462549608143e-05
6188,2.3863111174543073e-06,4.534295328536354e-06,8.227320767341355e-06
3719,3.184308151860685e-05,1.9174441897841947e-05,1.4759769013434482e-05
599,1.8858461034595085e-05,1.046607647635911e-05,7.427753228568233e-06
2739,0.0,0.0,0.0
6137,6.790607412529764e-06,9.446966908914872e-06,1.0598437846729162e-05
3345,3.1398424198008446e-05,3.3063080818970465e-05,4.1499910160852356e-05
5439,7.909427347514421e-06,1.7350270942444904e-05,4.1047930214234835e-06
5752,0.0,0.0,0.0
1941,6.922747244406671e-06,9.748807073835338e-06,6.949902797129214e-06
2492,8.906227513832796e-05,6.52838647046224e-05,7.266706022240435e-05
3454,0.0002018674386981384,0.0002008249834854143,0.00021340487255273348
4949,0.12813565009111816,0.1225695342219138,0.12157087428747025
6663,0.00015997953864023081,0.00015804798900136268,0.00015731390916411497
3111,8.08845354454361e-06,1.1125682914643798e-05,8.192439261776355e-06
704,0.0003728095828086226,0.00034869937885846755,0.0008524201595559118
5951,0.00038688590595315967,0.00021394916417664185,0.0001686312267633775
6471,0.0003336021855603414,0.00023062794606937154,0.00023785784623072802
859,0.0025705573851910954,0.00249992414586936,0.0035098529578507596
2043,0.0,0.0,0.0
5413,0.00014828743817597577,0.001398581462183992,0.0007725867712120942
6640,0.0,0.0,0.0
1835,0.0,0.0,0.0
5411,7.309093215580988e-05,4.992076419734773e-05,5.874917290967961e-05
2897,2.378140619913169e-05,3.9092596214717073e-05,4.0254838420522073e-05
4365,0.0004883027161675554,0.0006347697484019456,0.0005182406058162925
7117,3.042264261897108e-05,2.4740603954836768e-05,2.223157619918038e-05
4913,0.005587151829878594,0.005451035564929165,0.005389834482760546
3834,0.0,0.0,0.0
5459,5.8581219112330825e-05,6.149404848413248e-05,6.969948959392986e-05
219,0.0006436643724893558,0.0006504663974113863,0.0008444505728323641
1490,8.30344037774714e-05,5.6021464860553166e-05,4.8783904190987725e-05
3301,0.0,0.0,0.0
670,0.0,0.0,0.0
5156,1.0131659468112873e-06,8.927330601859814e-07,8.702825579513377e-07
2773,4.857056129833141e-07,3.098949441314224e-07,4.398738174344952e-07
2099,8.050481991095479e-06,4.779153269524168e-06,4.030986776679578e-06
4369,0.0,0.0,0.0
6927,0.0,0.0,0.0
2984,0.0,4.449927276487242e-08,4.810947377184572e-07
6519,0.0,0.0,0.0
2875,0.0,0.0,0.0
2449,2.517806385971856e-06,1.975143149147948e-06,7.406838691876575e-06
7083,6.891500088714007e-05,5.914441882628154e-05,4.737759949668866e-05
3482,0.001053834191057761,0.0012639652568347988,0.0011154185908635258
1285,7.245572524901634e-05,7.01744604176786e-05,6.244231493921935e-05
28,5.6916535857043085e-06,3.4350619835590453e-06,5.242019005868508e-06
3824,0.00045562797645567696,0.0003931651311861421,0.00038327246969381096
677,9.694342976340001e-05,7.485183208036947e-05,5.900128360935203e-05
4200,0.00016472686962435286,0.00031876476642636495,0.00028407891438362497
3270,0.0007974981881227099,0.001376823112860389,0.001302657666303589
110,0.0,0.0,0.0
5559,1.8164652991864456e-06,1.494638095860469e-06,1.750075208526609e-06
6849,0.0,0.0,0.0
5304,0.0006121601380951226,0.0005833668360555344,0.0007509331243779759
6650,1.1517029126515395e-06,4.621545638374089e-06,4.784353535816153e-06
6931,0.005680906505759656,0.0041534264140142985,0.003201875850948945
5082,1.6488256281590463e-06,2.43383184348624e-06,3.5331852934635047e-06
5928,0.0001478040790854732,0.00014394472837821879,0.0001426592960661635
4124,0.00016771952415385458,0.00015924122063281943,0.00020115815425461456
722,2.1817029288006673e-05,1.5908536439682145e-05,1.3038897135143998e-05
6140,0.0003706355574975011,0.0003621236969536187,0.00033412546507274703
6157,6.94977257739727e-06,4.2436259718014e-06,1.6917134796851869e-06
3061,0.00014861260381570933,0.0001497524840277116,0.0001500974852976015
6789,0.00014050961761618045,0.00014051136198545158,0.00014055011276957547
4988,0.0,0.0,0.0
2592,4.8913043327322305e-05,4.6164714856875186e-05,5.89470970699783e-05
4911,0.0,0.0,0.0
2479,5.7326805058592815e-05,4.201476930810792e-05,3.5510815103573075e-05
2861,2.5919545171905104e-05,3.716053370269045e-05,7.245489023407089e-05
6384,5.72424943746273e-06,5.680472176907882e-06,2.081669501430549e-05
4396,0.0,0.0,0.0
3109,2.3216197304947597e-05,1.6878110746955297e-05,1.1197792682697411e-05
5330,4.434373552592087e-05,3.343014532813758e-05,3.7501830151590914e-05
3294,3.2569679677444114e-05,3.108005225310303e-05,3.111049446190964e-05
450,0.0,0.0,0.0
6424,0.0005486588666079807,0.0008734951816905137,0.0006880417215776628
3786,0.00014037057832678272,0.00014037057832678272,0.00014037057832678272
3865,0.0,0.0,0.0
205,0.00020642791182522616,0.00043017585437646745,0.0002714649155310293
3389,4.807690577966889e-06,4.480999017316271e-06,4.236092066130502e-06
890,0.00029379750265353505,0.00024870193995662126,0.00025763756714563727
2726,7.343106756158192e-05,6.969963987646542e-05,0.00010774778829334085
4,0.0,0.0,0.0
2778,0.0007088401977366034,0.00043522596618318686,0.000295044807169871
5691,0.00012852429789105815,0.0001346226770127183,0.00013876459733832362
6487,1.4035143399614676e-07,7.98282018464025e-08,1.50503631118246e-07
5750,0.0,0.0,0.0
5430,1.0006842052648306e-05,1.048631242429966e-05,8.992833609363432e-06
957,0.0,0.0,0.0
3183,4.807747360210935e-07,4.4771839668324774e-07,6.287981714470265e-07
1423,0.0,0.0,0.0
6251,0.0,0.0,0.0
6897,0.00024745966118897136,0.0002455377863297298,0.0003568512558871526
862,0.0001191938400302475,0.00012107357438624555,0.00017259789866249747
5865,0.000123912148860873,0.00010444002476322539,6.282731405192393e-05
2400,0.0002215611275549765,0.0003746015237223345,0.0005281477551398765
6108,0.00015318895467984265,0.00011780342449104619,0.00015854216217392705
4900,7.820724811116589e-07,1.247684390171442e-06,1.2156681716847922e-06
673,6.381933239159195e-05,6.503841651610402e-05,6.776775667451396e-05
3132,4.868845461172969e-07,1.3931940143842996e-06,1.4309225354155946e-06
5463,0.00010308950111092346,0.0001148048186951179,0.0002028644637566303
1135,0.0,0.0,0.0
4665,0.000296351221563924,0.00024504022145515757,0.00023414346060314723
5553,0.0014451723827873825,0.0011807578330587994,0.0009569885788755114
4884,0.0008677213256244541,0.0008175065605970272,0.0007376477928452453
6522,0.0001602523338707972,0.0001686762385859724,0.00017184412759789592
1,0.0004547223315466842,0.0008259251908211172,0.0007504131810906679
1427,0.0007103394185475696,0.002150545440379842,0.0016602051990415225
3988,0.0001663710715524892,0.00016718314409399832,0.0007948188544056335
5400,0.00021464020824974974,0.00019965814264102973,0.00021063514080417174
4343,0.0,0.0,0.0
667,0.0003718141227545716,0.000319372284374073,0.00035352811353755027
5789,0.004750407147021302,0.0033191727212258087,0.0033963709709638173
1542,0.0003667832900612473,0.000454501114189132,0.0004599326553496454
4491,0.0,0.0,0.0
6206,0.00031475860435871216,0.00044640636580509194,0.0003734857630011355
1964,6.577518898968723e-05,6.80863797006115e-05,0.00032434567386465285
2318,6.964286006806122e-06,5.165318432811389e-06,4.191621082690424e-06
1859,0.0013420932062301566,0.001308935570547447,0.0019414834758860959
5784,6.015632495668068e-06,1.586490273860848e-05,1.1087162578555277e-05
6203,0.00015550743994442127,0.00012753751924100848,0.00017571245866944695
1886,7.351098939727193e-05,8.224047036515141e-05,5.952113817719915e-05
6809,0.00014822555381592477,0.00012026049013397512,0.0001308404612448739
4530,0.0003987549320000646,0.00024337916948716316,0.00017496125800107562
605,0.00027590491673282067,0.0002723726710827114,0.00027236188701885153
2113,0.0,0.0,0.0
6026,0.0032778640593754483,0.0036462857327509693,0.0035037634796997764
4693,0.00010082917330062757,9.802606157470796e-05,0.00011013885389301896
4224,2.453948746157664e-05,2.535423037276688e-05,2.665423502650743e-05
3413,2.2708238137246772e-05,2.316791019086487e-05,2.2025528033910088e-05
3386,1.0580011883401185e-05,1.3600490893649604e-05,2.0736655802705773e-05
2350,0.0,0.0,0.0
4977,0.00038105252936192023,0.0003315913716437422,0.0003664122031671728
7088,3.87714389242877e-06,4.679620169926473e-06,1.1032449819576603e-05
4558,7.21928530041437e-06,2.8328383983910874e-05,1.951784345612326e-05
1488,5.436340880197615e-06,4.753482368431237e-06,9.635322408367062e-06
974,2.0704153968877548e-05,1.5051351632032376e-05,2.6260443052978734e-05
2937,1.4704250527182535e-05,1.4683532500986775e-05,1.5321871614143058e-05
5877,4.7615750178137834e-05,8.186383316520653e-05,8.29538139980103e-05
4732,0.0008095350631791111,0.0009432630058725272,0.0010598875581608862
5993,4.31530644979268e-06,1.3550852602777935e-05,2.2898304846739828e-05
2338,9.034439913024982e-06,1.1665247354987544e-05,1.6053011011728022e-05
3290,0.0014871548631700396,0.0012348843978497415,0.001555708928594421
1181,1.6177236195941306e-05,1.239884823403199e-05,8.16439256527924e-06
461,3.855387188206085e-05,8.100666192139796e-05,9.419785050094926e-05
2447,0.03813666624639738,0.03510899546209583,0.030790699928895382
1597,0.0,0.0,0.0
96,1.6898657427016373e-05,1.392071486019672e-05,3.099885291461999e-05
2489,0.00010772192229332214,9.613135647914519e-05,0.00012004070478809665
5257,0.0,0.0,0.0
4810,0.00014380482082412084,8.757765956562878e-05,5.82197055789477e-05
665,0.0008973737213470151,0.0015462444452748016,0.0012132062930139888
4266,1.1273463495404361e-06,1.104416746019978e-06,1.1089432642781261e-06
4100,9.472981055755545e-05,0.00011290683132512333,0.00013695937422353923
1762,0.0005637150841561619,0.0004241774717976889,0.00044390538271307334
76,0.0,0.0,0.0
770,0.0003982582753772319,0.00021899543707330012,0.00022025865506661914
510,9.229240504978321e-06,1.1055475520707632e-05,2.3508222351066252e-05
836,0.0,0.0,0.0
6269,0.0001646922195575694,0.00015508805742164267,0.0001565937404632004
1397,4.295466488623717e-05,3.522434892710841e-05,0.00010095614157391462
610,0.0,0.0,0.0
3084,0.0009483874854855189,0.0007690684304145766,0.0007017968518222084
348,0.0,0.0,0.0
2953,2.535818906309228e-05,2.45662497985656e-05,2.4969130651199184e-05
3640,2.1589841135669813e-05,1.1351662405096747e-05,6.710965110004878e-06
226,0.00027771704629716746,0.0003526986816650764,0.00025647945837047097
3238,7.263232381175964e-05,7.977705426101036e-05,7.122008270781389e-05
2552,0.0003087625235888002,0.0003293621906688865,0.00038596828244532146
4735,0.0,0.0,0.0
448,0.0009952920173157778,0.0010821972403043517,0.001276548009698862
6218,5.8674921767623954e-06,5.110542566369565e-06,5.121427896153605e-06
1547,0.00020501874166779446,0.00018850627600224524,0.00020131233825913846
4649,0.00018052641818265154,0.0005187502669376305,0.00041519711897083716
498,0.0002572036788069028,0.00021418337257914666,0.00020401335713031616
5276,0.003312947072964017,0.003915253372379873,0.0032578705885631795
2594,7.198862275343988e-05,8.540327600228794e-05,9.598479839948146e-05
5046,0.0026720737165508135,0.002343939238769855,0.002836883642644338
5488,0.0,0.0,0.0
5634,8.453714457630646e-06,6.774051150499397e-06,4.324815967122424e-06
3881,0.0,0.0,0.0
1918,0.0,0.0,0.0
4293,0.0002035179196267485,0.0002674154167890013,0.00017265078788505323
6164,2.0500964753573464e-05,3.6802171243633366e-05,3.259606604564385e-05
495,3.8799555634140625e-05,0.0001850285036468144,0.00011103611864584707
4086,2.3428438829909043e-05,2.1095391453849252e-05,0.00010007947752603361
385,6.265097246652301e-08,1.3830871143468784e-07,7.078081169525464e-08
3171,0.0,0.0,0.0
4364,4.6901905529560665e-06,4.789671619882917e-06,2.3971601140536656e-05
660,0.00012078766988597062,0.00012196790137995414,0.00011728614564870393
6705,0.0005048936505524141,0.00047626888627198843,0.0006810144720233585
3820,0.00010777121263944034,0.00011001066256203352,0.00025526547255180597
6175,7.3859017365039315e-06,7.273334460418376e-06,7.061742124954518e-06
1367,2.881119775870069e-06,4.850877036086895e-06,7.291583253108888e-06
4553,4.578623644001908e-05,2.454565237550988e-05,1.7597551041567222e-05
4177,0.0,0.0,0.0
7046,0.000509810115785792,0.0004308114139824911,0.0003961514003516902
2295,0.00010912867883286323,9.748501584590854e-05,9.873455675162047e-05
6935,1.1084621077303518e-06,1.33025572352002e-06,2.5274752250256704e-06
924,0.0,0.0,0.0
3659,1.2551852738626275e-05,1.7128011628232807e-05,2.040548788260491e-05
3570,1.8765002274307222e-05,1.933132333388162e-05,2.3020736316015656e-05
3923,0.0002857275963779504,0.00032709635317832835,0.00021457676489619547
5792,0.0008713666011727166,0.0005244116744046645,0.00041546196245861275
1593,0.00043617005413787847,0.00040536813928832846,0.001047818396260154
6503,0.0,0.0,0.0
5011,0.00022478348254870853,0.00012716591397086925,8.491342386263598e-05
6299,0.000349139449217816,0.00047353337474783806,0.0005009119942080669
420,0.0026400196518809663,0.0013901951151038745,0.0007652828467153287
5069,0.0018850779365045527,0.002508383503379319,0.001915309932140726
443,5.88256721907146e-08,1.9419972533480133e-07,1.88643215765007e-07
1577,5.5054600142970616e-05,7.605283155277146e-05,7.055266382505825e-05
439,0.0,0.0,0.0
3506,0.0,0.0,0.0
3876,2.2812783302033815e-06,4.574505972300177e-06,4.8952242015868034e-06
3883,1.3733894410006552e-05,1.0843326739351649e-05,8.970290184840647e-06
3629,0.00011717365973959134,7.094722353545921e-05,5.0187268323947885e-05
3532,0.00016422788436407811,0.00016685533317454203,0.00018548220774068666
5139,4.759986181886072e-06,4.6033467072602015e-06,1.6570847570649863e-05
6420,2.3109809156290055e-05,2.5258713900533728e-05,5.27130765896837e-05
134,9.637466964471608e-05,7.492132798418707e-05,9.017652436488071e-05
5341,2.9781394893871948e-05,2.1397252339106643e-05,2.419359035728941e-05
1758,4.453363847793698e-06,4.647752560717672e-06,4.299583993014683e-06
5096,0.0,0.0,0.0
5733,1.2719687850493327e-05,1.3766696469725017e-05,1.933727588845486e-05
4349,0.00010440227876505053,8.963112977960205e-05,0.0001155544410210489
1033,1.360592312850521e-08,5.531175194198648e-08,2.2431850685398705e-07
1442,0.003922345772584128,0.0034396174834050936,0.002806333217451356
2892,0.0,0.0,0.0
2562,0.00024282593265271591,0.0003332305060111539,0.00025694594587160724
6481,0.0003354608444160327,0.0003670144204203825,0.00045382342649320415
5158,0.0,0.0,0.0
3961,0.00037320684308240055,0.0004836764704374693,0.00042312874209583464
6507,1.2561307556134562e-05,9.01628574985307e-06,6.316859988431817e-06
2186,0.006527503113482818,0.005603568840928268,0.004768126973047635
3673,6.134363303545824e-07,2.7224909701527754e-06,1.0573163169964366e-06
5230,0.0,0.0,0.0
5934,0.0015353437804056338,0.0011286660166822844,0.0009220542120787248
6535,1.6147681740520963e-06,1.7520178141211807e-06,1.7740273211070453e-06
2003,0.0004602028113082073,0.0004108936692746011,0.000497321468968773
3807,0.0005807412519006609,0.0004900221264189181,0.0006283768362007406
4763,1.075698298923101e-06,9.389670874738079e-07,2.5153016179177336e-06
394,0.0,0.0,0.0
6113,2.709748867326767e-05,2.0943204293722993e-05,2.9068262399992905e-05
5929,0.0,0.0,0.0
6029,6.265953632681686e-05,6.16217960484233e-05,6.240033862653179e-05
5255,0.0005019956626859543,0.0004902298177521398,0.0009504438768672803
3984,2.19078960851077e-06,2.038654178997531e-06,1.0208809620541242e-05
274,2.7161357244890422e-06,3.6958639719204854e-06,7.534260073504757e-06
1251,0.0,0.0,0.0
976,6.342638570004231e-06,6.491693783104318e-06,3.863691121831691e-05
6583,0.00021222687141815404,0.00013030356193434488,9.08088066614414e-05
253,9.143607367063242e-05,0.00016855878296718026,0.00013925058884638392
1196,0.0,0.0,0.0
6994,1.3416965085294426e-06,1.3402458497311325e-06,1.6085079486007297e-06
74,2.477207931817339e-06,2.573271888655926e-06,2.712399250669345e-06
133,0.0006692797037073067,0.0008895567949353391,0.000908655686727949
2829,0.0,0.0,0.0
7042,4.146838976347582e-05,0.0004118552634700236,0.00022621650690077573
7118,7.2570498622355725e-06,7.238477824299462e-06,7.469993854126645e-06
844,0.0,0.0,0.0
2231,5.0481969193366886e-06,9.431289205669106e-06,9.81877027080542e-06
2557,9.639112887098953e-05,0.0002448801199644466,0.00020144687820784746
3511,2.417011224503328e-06,1.9411126356284575e-06,5.698444062480018e-06
3857,0.0004244226753842805,0.0003285640874737761,0.00027927645558705784
6541,2.7071403385983324e-07,1.7045272931863928e-07,1.178657675990666e-07
6510,3.6481397673901766e-06,3.366903075459573e-06,3.798918934320553e-06
6105,4.887791598901309e-06,4.454486017774588e-06,1.4502860221621453e-05
3421,0.00031574009314465167,0.00019363705094392202,0.0001839225016989995
1249,1.10934908984248e-05,5.783198378722814e-06,3.1456220138905274e-06
5945,0.004697967564304131,0.004565467133939314,0.0052909035197353715
653,2.6949536028096695e-06,1.6737896061409022e-06,5.929425142005024e-06
6661,0.0009334763783346983,0.000780903697466767,0.0010083141903185447
602,4.285024067490389e-06,3.603315188531139e-06,8.205225243536154e-06
1779,0.0,0.0,0.0
4991,2.892406195929593e-05,1.6762368395169625e-05,1.192268457380327e-05
1538,7.753759624566889e-06,7.590842412095208e-06,3.691587266993295e-05
2837,0.0018495505172185618,0.0010259307904984802,0.0006799531552234255
2107,0.0006211407517834671,0.0005980436109259682,0.0008309045808750388
1141,3.313738912667846e-05,3.332787349484505e-05,5.117279693401357e-05
6832,1.1665204066370577e-05,1.5228942895062898e-05,1.4673274419255372e-05
4060,4.518448753806529e-05,3.061605929554098e-05,3.595707167679684e-05
5582,0.00010073187153216409,0.00010590024933379088,0.00010641150511155429
5584,0.0,0.0,0.0
6158,0.0,0.0,0.0
2973,0.0,0.0,0.0
4167,0.00044031014550106645,0.0003498972675356603,0.0004086148563546571
3134,7.98762758121621e-07,1.084678417435467e-06,1.1648476866553132e-06
122,2.223724175132407e-05,5.075755503660848e-05,4.804608605151324e-05
165,0.00015741921669960024,0.00015392726127369215,0.0001656714647289114
3657,0.0,0.0,0.0
3168,2.8357693433895618e-05,2.6169969087557386e-05,2.6669446823985816e-05
2407,0.0001325423083973915,9.255465147521543e-05,8.41613790561842e-05
5527,4.744535229203509e-06,6.536605127198787e-06,1.0856563127213502e-05
2498,5.529594831068227e-06,7.360709791880834e-06,9.47795678924512e-06
981,0.00011415369159860815,0.00011525657920020658,0.0001268975373357794
717,0.0,0.0,0.0
5775,0.00022986427540306635,0.00024048322803766345,0.00021409738721832607
5,2.222467113547865e-05,3.4543080678214934e-05,4.983257123825018e-05
194,0.0,0.0,0.0
2642,2.8996532771635157e-05,7.725592925857992e-05,7.775332378873658e-05
3987,0.00010354307006789743,0.00011814643437934042,0.00013542691790190527
832,0.000794518016024957,0.0006205511005335199,0.000709683741765298
4399,1.7711825258442076e-06,2.427744027460242e-06,3.863808945201464e-06
4887,0.00033590667215643036,0.000314085625834557,0.000384883894957314
7067,1.425873651605465e-07,1.8053881979679852e-07,4.641652108577198e-07
5475,4.5539489320460845e-05,5.795433838901226e-05,7.46941659330607e-05
296,0.0,0.0,0.0
6427,8.247841320580684e-06,1.0088498431675925e-05,1.1873517528078214e-05
1695,2.58777525027769e-05,2.6691309456636747e-05,4.1322133630783293e-05
6560,6.767432204129406e-06,6.469414543200547e-06,7.571197274223945e-06
2962,6.8566757284177e-05,6.683134763469593e-05,0.000290449066865103
2860,0.0001267028394330644,0.0001252235840891288,0.00012719720339781276
1772,0.00014037057832678272,0.00014037057832678272,0.00014037057832678272
243,0.0002546380525323064,0.0002434286267753335,0.00035832812728253097
4797,0.0,0.0,0.0
3781,4.2009761233955966e-06,5.523200298079555e-06,5.107926100349068e-06
1564,0.0,0.0,0.0
6095,0.0002398122348039281,0.00013717440762317913,0.0001144466331546652
4639,0.013496413054853725,0.012493604437289996,0.011956901769425644
6005,0.0,0.0,0.0
5968,0.000255228661073306,0.00033478222464330607,0.00030997665972904803
5264,0.0001426706966160436,0.0001420806429201889,0.00014270955184106837
6537,8.90972774692417e-05,7.607652806635306e-05,6.146737545535329e-05
580,8.999433603978289e-07,5.737721048358862e-07,5.682499321142231e-07
815,0.0008606739244382822,0.0008281261638703902,0.0011876809556355466
2119,0.00018467743872322464,0.00016258858003278512,0.00015406309321646468
4786,1.5797146116063621e-06,1.1680485959966074e-06,8.436970777700189e-07
6606,0.00010112040729464339,7.520653147566292e-05,6.078770596470483e-05
3179,0.0,0.0,0.0
5514,1.7981194577519393e-05,1.115296000983698e-05,2.4890438931348886e-05
34,8.974006828394521e-05,9.025259218499721e-05,8.86359032046468e-05
7041,5.0095434023706244e-05,4.507717416865171e-05,3.787424235255079e-05
22,8.040150483071363e-05,7.894597241949715e-05,8.44195043426527e-05
3652,2.006975812535116e-06,2.6313222901109883e-06,1.845553304515664e-06
6956,0.0,0.0,0.0
3882,0.0,0.0,0.0
1676,0.0,0.0,0.0
7089,6.779793910725432e-05,4.736701339693417e-05,6.0801282202448126e-05
5531,0.0,0.0,0.0
6694,0.0,0.0,0.0
56,0.00028395122901751,0.00024183994813319835,0.00022370171372467106
6827,0.001787963309868404,0.0010446035851191934,0.000728274737416522
6491,0.000279402720628576,0.0003400196452808229,0.00031702637490483486
1195,0.0,0.0,0.0
2074,0.00015118900864780532,0.00025048003074244285,0.00015947404247709218
1910,1.766066803118164e-07,9.461864718368976e-08,7.462065761509156e-08
2554,3.902889117573311e-06,4.253852221793418e-06,4.2538165713459654e-06
1303,0.0022591328522177556,0.0018481648140826856,0.0016293576691084346
4637,0.00010007716563743761,5.5625916785693236e-05,3.565884850635619e-05
4540,1.6980934623407906e-05,1.6064271770697842e-05,1.5053124082080676e-05
7007,0.00038912713054957426,0.0005232636717519942,0.0006256283125008641
6131,0.000128875254065394,0.00012256871355477664,0.00014218074684578216
5818,9.455375372470831e-05,9.689759367317479e-05,9.301658539701642e-05
5708,0.0,0.0,0.0
5970,0.0,0.0,0.0
148,0.0,0.0,0.0
4159,3.146156209270195e-05,5.666246398569602e-05,5.062184597058386e-05
4682,8.044233471569579e-05,8.742977161155684e-05,6.756461034205583e-05
5556,0.0007808263171393576,0.0006854248032051364,0.0009709850018713767
6666,5.056316991830695e-05,8.23169249167042e-05,6.692380882994754e-05
2965,0.0,0.0,0.0
3767,0.0,0.0,0.0
6173,6.601263349774377e-05,6.401329049547437e-05,0.00011496207450702312
2735,2.4508978298431346e-05,2.6716258294183625e-05,2.806521571758978e-05
2224,7.577469251168267e-06,4.3102199364168725e-06,8.041267704738942e-06
6404,0.0032456808596568448,0.002119160088598078,0.002143079003439333
6486,0.0,0.0,0.0
5659,0.00014874823201196038,0.0013971802130484357,0.0007698343523522169
1473,0.0011668546139755895,0.0010598653318050113,0.0010601283269400985
4316,1.2292889256413697e-05,1.150375933505137e-05,1.1133943482217237e-05
2622,0.0002267088897669645,0.00012264269203507764,6.971915046217779e-05
5311,8.909974574592323e-08,8.82893681763503e-08,1.1198722210970766e-07
3018,1.923222667919219e-06,1.3880614604397732e-06,1.036313331051609e-06
6413,0.00024300518053659866,0.0002841296573836217,0.0002679855142514684
4644,0.0003554140950868003,0.0015582877864315971,0.0009918713397816877
1007,0.00014037057832678272,0.001390195115103874,0.0007652828467153283
2006,8.274626394775349e-05,5.982383117447569e-05,4.92262720573032e-05
5339,0.0,0.0,0.0
368,0.006675313468809647,0.0043325982364176155,0.0043160216351001614
4389,3.249651629695727e-05,2.2190445313114972e-05,3.155100243491318e-05
6678,4.95904384187592e-07,6.504807136133705e-07,7.882483412518437e-07
4860,0.00015749807972584336,0.0001624273551270515,0.00016571363890842926
1429,0.00012408359202052831,0.00020291874022241254,0.00026254713824621614
361,3.565745216231899e-06,2.2213511984032692e-06,2.7334273623042834e-06
1278,3.504322176230759e-07,3.2156158478168547e-07,1.4112110113583525e-06
4082,0.0,0.0,0.0
6500,0.002467624880794776,0.0013876091689041118,0.000899648750687431
2385,0.00025422130430688417,0.0002481165428695862,0.00023559135999107092
741,0.0,0.0,0.0
3738,3.9710083579976035e-06,3.3374182912028267e-06,1.7931531155682802e-06
2669,0.000437710264123073,0.0005173133226743724,0.0005220198208071048
2912,4.149170307596744e-06,2.8120572727129834e-06,3.876759413391509e-06
2620,0.0,0.0,0.0
6461,5.261330051518812e-05,5.393047232398027e-05,0.0001413840909055772
4016,0.01828111356872841,0.020921942035327695,0.019806042997239797
5256,4.2172515920971196e-05,5.3344103524521166e-05,4.302218893497134e-05
3665,9.194660893679717e-08,1.9191826559753896e-07,1.2499579274885242e-06
6482,0.005041187720059043,0.0033011207334263017,0.002275096921622017
801,0.0,0.0,0.0
1651,0.00011446452777433664,0.00011903551932417814,0.00011845229956197784
6815,0.0006347014424508131,0.0008000029662738384,0.0006670010635511335
1811,0.0002637231397912123,0.00027687049797575153,0.0005367713601778991
2396,0.0,0.0,0.0
330,0.00024839144908118385,0.00025332616505931957,0.00034827904685410507
1750,5.356654301425159e-05,5.29279516032596e-05,4.9399188446193e-05
4116,0.0002676030568989449,0.0002913073373202056,0.00027350576863624954
5340,0.0002235600537265204,0.0001877518753532636,0.0003825835102616665
2345,0.012873694433994502,0.012525765759552436,0.01429515920913558
2185,2.2042487175770408e-06,3.947565676759743e-06,3.6999156494718938e-06
6538,0.0,0.0,0.0
5585,0.0,0.0,0.0
4874,1.427133713048085e-06,2.0817706775066104e-06,3.6904125257005867e-06
1109,0.00037493024389975124,0.00024257171344173122,0.00023281579812729568
123,1.7233719962575426e-06,9.315508873917038e-07,7.458911558127303e-07
4069,7.244126131373448e-06,3.7967829746834985e-06,2.26667708726897e-06
5381,0.0,0.0,0.0
4081,1.4192726662575756e-06,2.5605632828115246e-06,2.916260675895276e-06
4765,0.0,0.0,0.0
444,0.0,0.0,0.0
3999,8.118712456657852e-05,7.392399595713683e-05,8.474814346564562e-05
3565,0.0,0.0,0.0
3934,3.0324919647814674e-05,3.097048821060924e-05,2.7110909083715376e-05
304,0.00017038304154034945,0.0001396445363169191,0.0001702518924726263
5410,0.0002747798789654234,0.00026527882940931724,0.00021204653523807464
5675,4.3840109104219834e-05,5.432498567161535e-05,0.00014995380475271938
6103,0.00011673815929619296,9.262877904582088e-05,0.0001583220393211111
6051,3.574011879753324e-05,2.1655043266166988e-05,2.335578754278386e-05
3182,1.5110027266130586e-05,1.1041242750548151e-05,1.5446824806679378e-05
6798,0.0003056376418689796,0.0005976544244745175,0.0004555579151181652
3890,0.0,0.0,0.0
5200,4.6737124303838866e-06,7.360307287094257e-06,9.50564305189614e-06
286,0.000143132680223556,0.00014301094696611346,0.0007687206176014382
6379,4.041447626909223e-06,5.1693535839819465e-06,5.1553077263221595e-06
5274,0.00029232982908416105,0.00027632407338256846,0.0003503839524740902
271,0.0,0.0,0.0
6415,0.00013007327250018317,0.00012660681550001165,0.00011806034474424962
5360,0.00014113277102201392,0.00012512991029967922,0.0005752737826118627
3868,6.367311858292908e-05,5.125970488374007e-05,6.877634270292429e-05
1856,1.6864818365085485e-05,1.654737060094e-05,1.588773308054955e-05
3262,5.990532669069039e-05,6.998832438116294e-05,0.00010923191531849445
3771,0.00023902792112059413,0.00025383425825462963,0.0002732533998564965
3903,3.7559344143111546e-08,5.028544463565619e-08,1.9259590508666932e-07
985,6.671380239068914e-05,4.577226922335523e-05,7.305722111340438e-05
5498,4.480677492000002e-07,7.296782711337672e-07,6.528920987070738e-07
6655,0.0,0.0,0.0
1114,0.00038203916708118193,0.00041599257186501797,0.0003010291461172621
3647,0.0003241309085987752,0.00031865571988263104,0.00031770781513318645
2086,0.0003030038047968267,0.0001681053989512359,0.00010128666174614466
4986,4.10379448007244e-06,2.7570359074074846e-06,3.465065455105243e-06
1370,0.0001853081794015919,0.00018391215476855135,0.0001845856931017202
3176,8.380469786766617e-05,7.662943737936969e-05,0.0001393288535799635
3086,4.7118717959728e-06,4.213437711765551e-06,3.790709982042375e-06
4074,4.297499323720226e-06,4.3884999078938825e-06,2.554044034885457e-05
2092,0.0,0.0,0.0
7038,6.378659809862813e-07,5.276850533862035e-07,4.98655609881935e-07
2995,0.00015477035911567235,0.00015101368514151655,0.0001520463710720659
534,0.0,0.0,0.0
3844,0.00014111525889313464,0.00014222318516555433,0.0001435777575985961
2847,9.933019456810748e-06,1.0056890385549424e-05,1.2663309337219616e-05
897,0.00010663849916208884,9.07729923847336e-05,8.116401859954382e-05
4858,0.00012918856573267641,9.444044678513897e-05,8.34707534643708e-05
4757,0.00039953319082859943,0.0003615552317560522,0.000339893038965
519,5.0789567519648556e-05,2.8069543784538433e-05,2.095869337737099e-05
4335,0.0004087772420589354,0.00033875490338180207,0.0002648777128534803
4071,0.00014355492011431403,0.00015876561255743837,0.00012847947710019705
4501,3.641347635117949e-06,1.675840129210252e-05,1.2038177231059644e-05
2431,2.541702464717846e-05,2.61034576870814e-05,3.64368980577659e-05
5362,0.0005140568660849169,0.0008130271225076618,0.0005503590791220234
4333,8.341591638862878e-06,7.817937116255983e-06,8.374055372897372e-06
3415,0.0,0.0,0.0
623,0.0,0.0,0.0
2414,0.00016109807979648998,0.0004093059928489745,0.00031230259080531784
5700,0.0,0.0,0.0
5609,1.246942740026807e-05,1.6051587361448527e-05,2.083949475563668e-05
804,2.415245214685267e-06,2.2287781590997362e-06,2.3138978115459887e-06
3950,8.18062543003375e-05,7.611903663944341e-05,7.962610878308604e-05
3584,6.109150257818088e-06,6.567773925646413e-06,2.9423855236178217e-06
4182,3.9210762996637127e-07,5.946686203686148e-07,7.649117818896935e-07
1990,0.00015596673187932676,0.00015149303468253806,0.00030264870778734716
4311,0.0,0.0,0.0
6509,2.4463334146645438e-05,2.4683145300683673e-05,4.8527988362101646e-05
2242,5.010242402956802e-05,5.0097579342507315e-05,5.13468711795308e-05
360,0.0015531913766114343,0.0013703041968751294,0.0013495703834292144
4222,1.1811780917688607e-05,1.3337874279009138e-05,5.7269336097192385e-05
6120,0.0,0.0,0.0
5438,1.9101727881637276e-06,2.3246340744581316e-06,5.93195758757192e-06
5837,0.0,0.0,0.0
1902,9.585428251335932e-06,1.1145020729650114e-05,1.0384392177868589e-05
3930,8.347507891599139e-07,1.874112436383089e-06,5.030255369025912e-06
4235,0.00020115916633920306,0.000433496689427599,0.0006887649551570508
3716,5.0314016080111475e-06,2.483410736390911e-05,1.4426976921810068e-05
1499,0.0,0.0,0.0
5397,0.00016576139812439237,0.00010964880004907337,0.00011756320857728763
1020,3.568016497809045e-07,5.266012368353868e-07,4.210992479569959e-07
2979,0.0,0.0,0.0
4631,0.0,0.0,0.0
870,0.0,0.0,0.0
7059,4.094460650140743e-05,3.8177131381281096e-05,3.877178581709881e-05
3732,0.00018387806716093797,0.00017370664495579478,0.0001890478441882245
5538,0.0014578384417535117,0.001218838090174782,0.0013185248114453661
3479,9.23861416916926e-05,0.000230590206575559,0.0001443655568788022
4798,0.0005464096857380294,0.0005469824628514179,0.0005102879226252075
1202,0.0,0.0,0.0
4686,0.0,0.0,0.0
6963,2.9779698978476773e-08,4.9616945689874725e-08,1.3580141757422713e-07
5227,0.0,0.0,0.0
1072,7.625354875117187e-05,6.808920805427123e-05,5.1275058351974504e-05
5369,6.539029042641573e-05,5.8297790022809095e-05,5.602415526668746e-05
5111,2.7317268789010146e-05,2.2108176361539917e-05,2.6297035834140826e-05
2289,0.0,0.0,0.0
6618,0.00015702331876851249,0.0001564894465938639,0.00015618868019462448
3133,6.564422447127671e-06,6.605937759845047e-05,3.701797107113788e-05
6337,7.612592838395099e-06,1.013892702491229e-05,9.349256752819902e-06
63,0.0,0.0,0.0
4163,7.279919754506454e-05,7.227346774374267e-05,7.46168100410434e-05
706,1.287600290513414e-05,1.221088667643553e-05,1.0670371015996806e-05
6351,8.021985740635546e-06,6.429606866365156e-06,2.68360789428794e-05
2944,0.0042393662967837665,0.002768562477727627,0.0016788981978327637
3564,0.00016896949880223223,0.00019539602189786741,0.0001958777300344255
3655,2.0716750979863666e-05,2.0671007951594884e-05,1.9059141257384175e-05
4769,3.887301533523854e-05,3.9342501574719404e-05,3.6780106330437744e-05
94,0.0007872217388429484,0.0007113836313194586,0.0009597951011045197
5247,4.1699038730716064e-05,2.2075900382816462e-05,1.258059284456888e-05
6170,9.354226890152075e-05,0.00015631584727227192,0.0002543932180836658
5581,5.29260590681406e-05,6.479462108056018e-05,0.00021771612869770244
4201,0.0024108678691594906,0.0018451492107690569,0.0018760898859486682
3554,0.0,0.0,0.0
2514,0.0,0.0,0.0
6333,0.0,0.0,0.0
5116,4.580123443413925e-06,4.1603421572310555e-06,4.7903668027753515e-06
2683,0.0005578518298968454,0.00045210400231481034,0.00041189513838880726
1733,6.218097340628811e-05,6.0947505409533057e-05,6.985759443816338e-05
6903,0.00038497041930214606,0.000884563608561354,0.0006520784886266347
1458,0.0,0.0,0.0
4392,0.000416277294751099,0.00047315792882630107,0.0005326725259732153
4471,0.0,0.0,0.0
5347,3.158042013359561e-05,3.253268339872524e-05,4.2201842644102916e-05
4627,6.407047374339243e-07,3.149818841366331e-06,1.9857965350925734e-06
5712,7.816559827848328e-05,7.908106117168894e-05,6.780584212076417e-05
6489,4.1018102721461626e-05,5.339516355623856e-05,4.297547348515355e-05
6585,2.5995980416821137e-05,1.679038094082578e-05,3.087729056105501e-05
7070,5.372878968739099e-05,5.825553461566278e-05,5.556015346290672e-05
6331,0.00014037057832678272,0.00014037057832678272,0.00014037057832678272
762,4.516580191930148e-06,1.1897278725619877e-05,1.2190059185309145e-05
4606,0.0004278535903257636,0.00026853738843920865,0.00020319102786076749
6647,0.0,0.0,0.0
4989,0.0,0.0,0.0
2363,0.0,0.0,0.0
3582,6.063104053493565e-06,6.0046645566255966e-06,6.3684968589190235e-06
6201,1.5263722493037851e-06,1.6535130305241867e-06,1.638165499452492e-06
5484,0.0,0.0,0.0
3072,0.0,0.0,0.0
6554,0.00015316392155720384,0.0001444699894414721,0.0003419343181738223
150,0.00284952424626688,0.0022533612913287135,0.0019649816962871132
2619,0.0,0.0,0.0
6749,0.0,0.0,0.0
2994,5.22987686182099e-07,8.752919908579794e-07,1.126016240113695e-06
2508,0.00040874923804697555,0.0003502627897529209,0.0002895191128163165
4689,7.677848247860712e-05,8.256579050220357e-05,8.517973287921908e-05
2899,0.001099347062204621,0.001021192328449155,0.0013153125898619459
5229,1.3275941882667298e-05,0.0001349372434304999,7.615500709440231e-05
209,1.8615979986009218e-06,2.292468017369091e-06,2.5412667543182036e-06
4807,0.0,0.0,0.0
6459,0.0006414622745964697,0.0007216858935585267,0.0006870378010468625
1659,2.9589085504640365e-06,2.987377841576674e-06,2.9575004381778504e-06
7001,6.074902078395116e-05,6.105353104452843e-05,0.00026959992225141784
4816,0.0033063126055223845,0.004737879398924455,0.004907743490207958
7095,3.8270423610434116e-05,4.109925389793705e-05,5.277160528161619e-05
1764,2.5201899233635775e-06,2.9462411396480904e-06,9.987290315209977e-06
174,4.709725711186135e-05,6.745202325511061e-05,6.23788349043794e-05
3382,9.792649513218253e-06,1.2578623595414515e-05,2.2710169757233428e-05
3756,0.0008265174475935885,0.0012184400712930764,0.0011632497753960992
6100,0.0,0.0,0.0
1865,2.2990977313899493e-07,4.134672109126719e-07,5.40432518656642e-07
6825,0.0,0.0,0.0
4297,0.0005468473010821099,0.00040162112582495436,0.00027292073759714326
6959,2.549416030325534e-06,1.7618155619752225e-06,1.7290630953070121e-06
4746,2.1821312990953484e-05,2.9231471231922124e-05,2.78135125162154e-05
5226,0.0001556842174532711,0.00017073227948728587,0.00032622876573843687
3463,0.0,0.0,0.0
2948,9.707941187467327e-06,1.5636952641516606e-05,1.3602420551987824e-05
4847,3.419356776437007e-05,3.181477263990787e-05,3.918439588949827e-05
4870,5.939774526550295e-05,0.00016409198465166367,0.0001154122303390067
3858,0.0,0.0,0.0
204,2.5503959504418623e-05,2.8522350324399947e-05,2.8181574527836692e-05
6155,0.0,0.0,0.0
5812,0.00034989794687557356,0.00021913682799912929,0.00018605120700481055
2217,6.1841099141980015e-06,2.931275976629401e-05,2.1654634986935523e-05
5224,0.0014682621563140393,0.0010844369005070594,0.0009520123629160906
2523,0.0003997412659774874,0.00038987635849472766,0.0004132863397129599
1179,0.00030921295795399473,0.00022365043117084118,0.0003036367055533896
1287,0.0,0.0,0.0
2305,3.1043662827147e-05,2.1893430217174306e-05,2.9834197881672666e-05
5590,3.4691520925280455e-05,4.331076624394765e-05,4.077209075326475e-05
5620,0.0,0.0,0.0
578,0.0,0.0,0.0
462,3.1269138942104973e-06,6.693274408105927e-06,5.989038165206745e-06
5849,6.146698122902633e-05,4.168302626585908e-05,3.293064071862821e-05
2694,9.315227510784986e-05,9.188300615349251e-05,0.000354688802942785
6207,0.0,0.0,0.0
6280,0.0011341573027326528,0.001060165501516654,0.0019470546904280942
6682,0.00012811897932926645,0.00018799204865558393,0.00020137403698290617
3806,0.0006163619093909476,0.0004429013631688003,0.0009966863889204855
2790,4.917844664172679e-05,2.838703179966061e-05,1.8360122914625124e-05
5681,1.993646279754303e-06,2.3622849982802847e-06,3.003714049345771e-06
6800,4.287235420507401e-05,5.250808585230459e-05,5.5687518349622445e-05
3455,0.0,0.0,0.0
5727,8.273967695476566e-05,0.00010077068716432823,0.00012324425199230054
614,0.0001655183054605614,0.00037359854561600306,0.00017206644756665885
3770,0.0,0.0,0.0
5950,1.831259493791543e-05,1.5240846088918995e-05,2.468918417042631e-05
6822,8.714689112297678e-05,0.00010100344996073315,0.00011635933778189855
154,0.00016417370615166485,0.0002288780508085933,0.0001539630743307324
3197,5.0233481576911805e-06,4.869940943585824e-06,4.104492995940949e-06
3405,6.608113117711228e-06,1.0159426817555871e-05,8.754025033069496e-06
6273,9.928067000643754e-06,2.8061091911255528e-05,1.67066120209658e-05
4626,2.894574800505216e-06,9.245060951703327e-06,6.3503386253590605e-06
6864,1.8123346167141283e-05,1.3980385333683847e-05,3.0399548950225383e-05
58,0.00046111478581548553,0.00048534799512256124,0.0003804707485734351
3029,4.191870409936104e-07,3.092291639595315e-07,1.2137331682425796e-06
742,1.3506166418529772e-05,1.6633101766664897e-05,2.2487405439695587e-05
2415,5.115227497624718e-07,1.0285818149123933e-06,7.731730443341253e-07
9,0.00021962691894560852,0.0002240860729847546,0.0002500646825999718
2294,4.084024140596129e-05,4.5424457592754376e-05,9.257466725810577e-05
5571,0.00037798764894937025,0.0002885750943735529,0.00020540790780732463
1194,0.0,0.0,0.0
3404,0.00025094680680301035,0.0002441555444492292,0.00022641975599100474
2321,0.0010177155997352502,0.0015062308665818092,0.0017683616524311494
4820,0.00046845035497073144,0.00027073081883262215,0.00017787479849575873
2516,4.77533527250898e-05,0.00012143367505868384,8.555858045464467e-05
5964,3.481585124230488e-05,3.713198231456313e-05,4.785058378245012e-05
3508,0.0004062283858196229,0.0003462507950406363,0.00037635106722305604
6390,0.0,0.0,0.0
6303,6.473080211523986e-08,1.716509363501787e-07,3.2625877844026573e-07
1386,8.017566571938609e-06,6.5241667243326935e-06,1.870365206536253e-05
518,0.0,0.0,0.0
1740,1.937876838147327e-05,2.3189483911128404e-05,4.638602315560972e-05
5173,0.00013906809175026277,0.0001388188474848243,0.00073109928227753
5688,3.937360136392548e-05,3.91794370650724e-05,4.012762651256865e-05
1243,0.0,0.0,0.0
3636,0.0,0.0,0.0
10,0.0,0.0,0.0
4474,5.697648722287369e-05,5.030635115713093e-05,5.502463922170674e-05
317,0.0,0.0,0.0
3773,0.00014037057832678272,0.00014037057832678272,0.00014037057832678272
5805,0.0,0.0,0.0
6777,0.00014424257530311213,0.00014472047686124392,0.0001450586605060153
3151,0.0001408629462195233,0.0013910868032799588,0.0007663809537896741
4684,0.0,0.0,0.0
4441,1.6758148436957332e-06,1.2090967015219123e-06,1.0365229435979412e-06
396,0.0006043783190565643,0.0004225913474490839,0.00040488638221672634
1408,2.261758383056743e-05,2.2515121845580287e-05,2.249632911338501e-05
2117,0.0006078986243254798,0.0006251443471077872,0.0005220598436962418
4090,7.906712966141696e-05,0.00012246790578938546,0.0001224543875679643
1355,9.559221620562575e-05,0.0001342231578394935,0.00015515299526643506
4951,9.36340439776086e-06,1.5410533467834103e-05,1.4069480597300412e-05
1650,0.002740751194700442,0.002657868666535108,0.0026495134792443712
837,0.00015822347261557098,0.00014185755893687382,0.00014870949118142958
2952,0.00014037057832678272,0.00014037057832678272,0.00014037057832678272
4324,0.000811808911313853,0.0005656618316448822,0.0005052467658844087
5942,2.7110806246120518e-05,2.6792248238367965e-05,7.299291577564594e-05
3751,0.0,0.0,0.0
846,9.789953378736014e-06,9.27763734132342e-06,9.125521419912757e-06
5933,1.6177236195941306e-05,1.239884823403199e-05,8.16439256527924e-06
4444,0.004312441542940378,0.0058493465532214045,0.006603241517820236
2337,1.1906433809521889e-05,1.0368480952151165e-05,8.932441981328515e-06
1755,0.00017547203242210233,0.0001819732246260997,0.00019580432326061906
6980,7.701223908627796e-05,6.730944682300587e-05,8.538035427458046e-05
547,0.0002066785366198485,0.00021240244360874058,0.00021816791444076726
2173,0.0002654864780240853,0.00023748648774023538,0.00020630916806783136
4006,2.284990937503947e-05,3.858680281399196e-05,2.744817949044415e-05
1207,0.00018657543522792775,0.0004124779859891005,0.0002916176045763263
864,3.223584383504998e-06,3.518146578024409e-06,1.0238697715602544e-05
1511,0.0,0.0,0.0
3032,1.1549133288190986e-05,8.34230422899527e-06,9.633586169718943e-06
3616,0.0004654653337632402,0.0004565251999810898,0.0004831533477432378
5690,0.00015489317127949465,0.00012975020021267251,9.823555638761728e-05
2229,8.730630665655363e-05,0.00010410725583022823,0.00014877404855156967
2053,1.6400532490296075e-06,7.488765123143074e-06,5.2298064411632125e-06
5246,2.078588494810675e-07,2.1079795576624895e-07,4.271387189119931e-07
6142,7.190111892298577e-05,6.82232663321978e-05,9.607468587617698e-05
103,0.0,0.0,0.0
3145,0.00037524781269894974,0.00046290385930102397,0.0004223629456191557
648,0.0,0.0,0.0
2692,0.00032345026171419456,0.0002530640821884375,0.0005938635745658336
371,2.3884508806707484e-05,2.485996206074019e-05,3.185852771737488e-05
1640,0.0001500384499105357,0.00015700515981110786,0.00015682955664148652
2884,4.971257316593686e-07,5.529565630840728e-07,1.1409825144206898e-06
2906,0.0,0.0,0.0
779,0.0015982212883700793,0.0015081735312122257,0.0015955986369977251
3437,1.0464133248283404e-07,1.4608365636305933e-07,1.1011966366391585e-07
5587,0.00013578880345112,0.00013607401987353242,0.00013695804533299453
2605,0.0010414079858538927,0.0019342943472029515,0.0017333951833278924
1495,0.0007126676219341615,0.0008298754052184715,0.0007985673160288343
3812,8.16196958534474e-05,5.42569025467844e-05,4.173776421641455e-05
3229,0.0,0.0,0.0
6038,0.0003913742739515935,0.0003616652780253978,0.0003870289957400716
1113,5.042794157954157e-07,9.756112202614925e-07,2.1349871993080804e-06
1871,5.54447922254851e-05,3.725053694209287e-05,2.5990243142137483e-05
1567,0.00012042927047727988,0.00017114881827754274,0.00021394161980238464
2857,9.660434039221017e-05,0.00014543619601529496,0.00018717181753056755
2357,0.00013392340445047825,0.00015618163707048263,0.00022535018222692347
5517,0.0,0.0,0.0
50,0.0,0.0,0.0
142,0.001994196572881849,0.001711610435901049,0.0014003659439797362
2373,2.1638870711020877e-06,2.6427208482714105e-06,7.281805595259234e-06
6999,0.0,0.0,0.0
3390,1.4663372577036989e-06,2.373368311825107e-06,1.6768590635514212e-06
6508,0.00013962683432372112,0.00013902258289766496,0.00013834479179494964
5207,4.953496141892403e-05,4.974022777729344e-05,5.2420005124162565e-05
2017,0.00011250630324776878,0.000448503867842803,0.00028361759205552603
6643,0.00026533577835917215,0.00034489837431865,0.00035269099083060903
555,0.00033245155383505626,0.0004529211307495498,0.0005959042355847059
6004,1.2560484761911287e-05,1.458246220341262e-05,3.040169884015802e-05
730,8.438040661535997e-06,8.287589293486826e-06,1.2013956666140325e-05
4290,6.386428352578872e-07,6.376540586046606e-07,1.6106027095883667e-06
4397,2.5104554642031402e-05,3.143621029528842e-05,5.87295092459478e-05
365,1.1064697762684103e-05,1.2467114016545563e-05,2.5420850054255563e-05
6386,9.772058844593332e-06,1.5324543474043937e-05,2.3070314109961116e-05
5921,0.00016692398440444284,0.0001406245229138751,0.00015235279765016388
2667,9.426255329812342e-07,1.1721392456253548e-06,2.807829863376386e-06
7049,8.979460472617448e-05,9.292565492053121e-05,9.780686773363151e-05
1854,0.0,0.0,0.0
877,0.005841293959518497,0.006923821689672569,0.006696887264030377
5249,1.0345004299082481e-05,1.4850433150007005e-05,2.0248500859927012e-05
2027,1.8876095154413012e-05,2.2262656513769815e-05,1.9943727309524298e-05
4906,6.4595746105686e-06,1.025573621032871e-05,8.68615036234185e-06
107,9.499109828287176e-07,1.36954831673213e-06,3.5918197253922656e-06
496,1.2753792120136892e-06,6.799139900671895e-07,7.348283471523422e-07
1210,0.0,0.0,0.0
469,1.780867567417897e-05,1.792233214323265e-05,1.4799135165121742e-05
3542,2.7233672679668212e-05,2.1647960635013893e-05,1.9177772479134064e-05
252,8.269450598327801e-05,0.000314382109155245,0.0002635466358079743
3280,0.0003553491420216155,0.001099934711821204,0.0008698754437178531
4381,0.00018168729922298882,0.00018440844214812424,0.00018608090661357787
4905,4.5846377675544045e-07,6.188454769611683e-07,7.265009554191368e-07
4950,3.112350105322854e-05,4.533818899000773e-05,5.317100988831209e-05
1456,4.6866329840851675e-05,2.6268761730881262e-05,2.1619986248396476e-05
715,0.0,0.0,0.0
169,8.8432750108194e-06,1.249478489577468e-05,1.8677452756072597e-05
567,0.00012108502127625646,0.0001196369887773315,0.00021153879166850407
160,0.0006133935517051989,0.0006219644267319519,0.0009448199421684936
5183,0.00015167775921601026,0.00016345167961041097,0.0001607565494704683
6883,0.0004349796012306213,0.0005809019330680773,0.0008389346296625746
2918,0.0,0.0,0.0
6012,0.0,0.0,0.0
1605,0.00011201763662144388,8.309912478996438e-05,6.322442544101529e-05
1638,0.0005539149617128122,0.00044677456173711,0.0006219804487128563
4565,2.3350513544857713e-05,0.00010415171222696848,4.688195003854543e-05
5881,0.00016715185839551286,0.00017599292363836775,0.00017306388033735354
1515,0.0002568691830550292,0.000247425860867868,0.0003644151269563791
3129,3.776657647273e-05,0.00017772991518720863,7.678821780688007e-05
3698,0.0,0.0,0.0
6727,0.00015999764266241056,0.00020423444741506935,0.0002069521232320372
6090,0.002866015779887883,0.0015867014250739522,0.0010065471490380558
6734,0.0023461867847326384,0.0014730885416628652,0.0016582371190413594
4296,9.84693247366553e-06,1.0590653722007057e-05,1.822071956609043e-05
4591,0.0029465544812929205,0.003046867948983065,0.0024734814814751935
2621,0.0,0.0,0.0
4837,0.0,0.0,0.0
4063,7.376559884009827e-08,2.9878471341142045e-07,1.4553281194783806e-07
4408,0.00045877244107998865,0.0007788347173225409,0.0013057853393877521
2521,0.00038699382690615767,0.00029442650715031445,0.00024278045870441723
1554,8.788371312395416e-05,7.803608189878933e-05,5.87915055088976e-05
1821,0.00010894496043192731,9.235307520929183e-05,8.787686217899773e-05
1174,1.6294714799337315e-05,1.2628906227775577e-05,1.0977729917445315e-05
6806,0.00011629446337172458,0.00011837190204848027,0.00012103801211002043
1329,2.7674723626517417e-05,2.4101573905037234e-05,5.48010025345813e-05
4502,2.4932010113675273e-05,1.757540032386873e-05,1.6170932740719334e-05
5578,1.329242419827079e-06,9.338542060523845e-07,3.3537504610501754e-06
457,0.00010163788258476055,0.00011442475799796157,0.00010764436582765924
6039,2.3520711088727535e-05,2.381938728826121e-05,0.00012322635924560843
7087,1.1413836634079555e-05,1.1203970771976508e-05,1.2207672425745978e-05
6985,7.918127868807099e-05,7.978647568930808e-05,0.0004128252474411474
6831,3.602205097662948e-05,3.24991005600302e-05,6.63152721848221e-05
1973,1.725258889461109e-05,2.4671316319769397e-05,3.620946974414243e-05
3539,8.257951396229382e-05,4.704296848480004e-05,3.2955797620478955e-05
3664,8.073577351179676e-07,6.826238958306219e-06,6.743407952124321e-06
5129,1.4094367078143712e-06,3.2117968024815733e-06,2.9839826049786413e-06
430,0.0037791905188498762,0.003324235520091344,0.0030516967273118666
3419,6.616724200412589e-05,6.432026944600806e-05,6.504384009307239e-05
4545,0.0001019723396495545,5.6741979680502816e-05,3.49359312216476e-05
915,0.0,0.0,0.0
5416,7.590575612010736e-07,2.1128600051581764e-06,3.120178577780356e-06
6894,0.00029735491976458535,0.0016375371046394222,0.0012860790796887797
5468,0.00018900111931577457,0.0002770671329530025,0.0002766266972453756
4586,7.49532365264653e-05,4.317843132181242e-05,5.2281651796498735e-05
7048,0.0,0.0,0.0
1268,0.0013547491731028946,0.001065902442067627,0.0010342423586289983
392,3.9945160371254455e-05,3.3214020895788345e-05,2.8610791046030443e-05
216,4.218449140349234e-06,4.761433833577493e-06,4.753478513706468e-06
3760,0.006599323421802476,0.004995406183576364,0.00596996435152787
6901,8.687151132556743e-05,9.729128612734576e-05,0.00012665623738335703
1885,0.0,0.0,0.0
6234,6.30605797415664e-05,7.636305813345843e-05,0.00017463094548538456
5597,0.0004009834761861378,0.0002561804391976991,0.0001617105165461236
1159,0.0,0.0,0.0
1486,7.951157337013111e-05,0.0002287856783386772,0.00023149419933227335
7081,0.00013953569537892283,0.00012203188569527039,0.00013909655497836438
5931,0.0005424926835325172,0.0007804309871062839,0.0006512070121491868
170,6.859131570436628e-07,9.562202226395977e-07,7.077853111767703e-07
3011,1.5903353308524997e-05,1.965571582451432e-05,2.2290450769310586e-05
6929,7.182519996428258e-05,7.529493559308606e-05,7.805527502320432e-05
4878,1.2773938817959066e-07,2.8948513998241123e-07,4.984966549412527e-07
1419,0.0002700659800976307,0.0011957448187911127,0.0007312525762248697
340,2.0066826719583596e-05,1.622194445269645e-05,1.4650305327777869e-05
2558,0.0,0.0,0.0
1712,0.00014744345643056544,0.00014830988102248422,0.00014804685178436086
6167,4.100246973620421e-06,3.904789901222582e-06,1.8796825675178688e-05
2444,0.0011151871559569992,0.0007792314671667341,0.0005079545942570157
3885,2.111553435654602e-06,5.0794091876378255e-06,4.706036460340671e-06
1216,0.0,0.0,0.0
1421,1.326063727342109e-06,8.475743034013652e-07,4.885867791029747e-07
791,1.6733291702938514e-05,1.64980853627164e-05,4.2259852935236244e-05
5937,0.0001260676955992042,0.00010526683037057508,0.0001330050342113251
5786,9.456883895647977e-05,0.00010109002312220074,0.0001358276975843915
2771,1.3754935263607452e-06,1.116782581117754e-06,9.324906401308744e-07
4927,0.0,0.0,0.0
1872,6.777848734157374e-05,6.743708518718022e-05,7.087180840795418e-05
4244,0.0016548280846355012,0.00101624482604204,0.0006370541076818342
4253,0.00039192598360484,0.00022603627961090945,0.00014348111611975275
3587,0.0,0.0,0.0
4541,0.0,0.0,0.0
4146,0.00026943919180540826,0.0002839670254025425,0.0006464526272215283
946,0.001169107412453836,0.0017059066872723715,0.0020509991443276084
4170,3.532768307766872e-05,8.945656177197564e-05,8.055821093640652e-05
4834,0.0,0.0,0.0
608,0.0001802141241783622,0.00021586691484251156,0.0002704098793993749
3287,0.0,0.0,0.0
3177,0.00045388562356316677,0.0002640024689820292,0.00021348272900853483
7124,3.591118342563846e-07,1.1069391498066902e-06,6.656518171743333e-07
5761,0.0010505167306638253,0.0006633633454373058,0.0005435837354279024
1896,0.00026016732265688765,0.0002649436263092811,0.00032818922484736224
3323,0.0,0.0,0.0
109,0.0,0.0,0.0
2947,3.1021467260774906e-05,3.142526328186194e-05,3.2256631292727645e-05
6960,4.897865684435426e-06,6.968544144846693e-06,4.127520507999009e-06
5448,0.00023101118786785665,0.00026877616450983905,0.00040645874942274256
4472,3.0326462768552283e-05,1.937599574472773e-05,1.5254188818376262e-05
6006,0.0,0.0,0.0
4260,0.0001404241868541303,0.00014068227884530017,0.00014116359274413533
351,0.00016941887595224055,0.00022676507657782598,0.0002426428560894768
2787,0.00023935186569578725,0.00024263195419588953,0.00024448474876160914
3960,0.0003292676093481245,0.00024771915748939623,0.00019195860727394922
5834,6.047104971690446e-05,5.2022220320946746e-05,5.063958801143224e-05
5797,0.0004847947583401328,0.0003929900256443626,0.0005707884164572579
3969,0.0002733709985084069,0.0002669477406971738,0.00028631093587869525
800,1.7155038983802786e-05,2.1930467559506647e-05,2.3169999199110765e-05
6037,0.0,0.0,0.0
2878,7.393283295218053e-07,7.338167258256424e-07,8.688139477989506e-07
3859,0.0,0.0,0.0
739,0.0022682963186438556,0.0014071722375425715,0.0009387680236826307
2126,0.00045266305892816705,0.00037046192786380477,0.0003630455654012872
1806,0.0,0.0,0.0
940,2.009748989128403e-06,1.6242177035485377e-06,1.3211845428192649e-06
3065,0.0003321450648279384,0.0006265328518481625,0.0004622732788767536
522,6.439721693555259e-06,7.342355212296762e-06,8.166324959767197e-06
3283,0.0,0.0,0.0
2376,0.000355145383522859,0.0004030294319839953,0.0004147789841132817
857,7.57691161487682e-05,0.0001379708540589259,0.00014347132023041762
2696,9.505776648496914e-05,0.00015496778225784693,0.00014335903347113956
2940,0.0,0.0,0.0
3201,0.0,0.0,0.0
2049,0.0010700080547792405,0.0008133478872512101,0.000826424922216005
5414,4.4524859399304666e-05,3.84558975711112e-05,5.2971130987736925e-05
300,0.0003762197370493166,0.00044986557815455416,0.0013035691685348827
176,0.0011589603481806162,0.0014267922009300034,0.0009816467245674038
4737,1.2701404290498151e-05,9.024688627410976e-06,1.2790246882534864e-05
6860,0.0,0.0,0.0
2310,0.00021584004618048066,0.00012833382932857934,7.967490209512046e-05
3113,3.438012329374184e-06,5.127109440043504e-06,3.825110750877228e-06
5716,0.0,0.0,0.0
5387,0.001033127874671482,0.0014683142405118301,0.0013561875644720854
2477,3.087606003805161e-06,1.8639727365743841e-06,1.254410582082278e-06
1104,0.0003921744708268027,0.0003329989379364825,0.00030387296224526357
1387,1.1832186980472919e-05,1.0279689442210197e-05,8.709920615637355e-06
6176,7.586260825492114e-06,7.412642335395321e-06,7.610362701259382e-06
4625,0.00016682455121996357,0.00019427485247011157,0.00021412865201549404
6163,2.288432081576703e-06,1.937104560923235e-06,2.870990166155383e-06
4203,0.0007575335347146784,0.0012346726874963951,0.0005392904884220305
6059,0.0009881195864831565,0.0011266521110665788,0.000979152372409543
2339,0.0008152624660065928,0.0006353076978002183,0.0010674034046984796
2088,0.0005971510559786896,0.0005858741426570291,0.0006583667110748933
6121,0.001297016102906182,0.0014102034947534056,0.0017740095120215493
6221,0.00022942310843417942,0.00023100648550128248,0.00019192708148941395
3553,1.6516830736761414e-05,2.203966673602142e-05,3.639352208368585e-05
4854,1.1338064737737525e-06,1.575598751238606e-06,6.29157540634753e-06
6757,0.00010430378492759777,0.00012079648900920387,0.0002088401508488253
5205,1.1110811005875538e-06,1.7636018716859589e-06,1.436370771405361e-06
121,0.00035102184916178144,0.0002979577685304929,0.0002143997706434643
1471,9.523896698162631e-05,8.722892192222514e-05,7.471402867905378e-05
3583,0.0,0.0,0.0
5132,0.0009057905600647697,0.0007827491668888254,0.0007086412689899749
3702,0.0003238580649415661,0.00029584373272217244,0.0006626377325542237
4578,0.0,0.0,0.0
4547,0.00016654804591941243,0.00015918412471751546,0.00015554964213300676
1012,4.4243631673359767e-07,9.80786096980394e-07,1.3330010915397476e-06
5352,0.00010893401487168307,0.00012900373418270444,0.00024548139521609404
3525,0.0001216559321321652,0.0001196495682190807,0.0001179564960505462
727,0.00018815382238445308,0.00020828833682896283,0.00021815923883558122
484,1.0924045172671834e-05,1.4591935232497068e-05,4.0747414974795955e-05
3682,0.000153901148746756,0.00015388736447945761,0.00016802288801990374
2152,1.7785557861357977e-07,1.219122020246857e-07,1.9738217599481496e-07
5392,1.1603352674322255e-05,8.884900362957213e-06,1.8145643438600937e-05
3196,0.0,0.0,0.0
1082,0.0005066337451388538,0.0019217555286803183,0.0012852769018853202
4458,0.00014037057832678272,0.00014037057832678272,0.00014037057832678272
6462,1.4832566191703066e-05,8.494771830292298e-06,1.2787399995751066e-05
285,1.1716398225497719e-05,1.05371542808783e-05,1.1691019954245218e-05
2545,0.00016292193941259452,0.0001490946955439391,0.000197353759714314
3428,7.893058581639805e-05,9.824226599973019e-05,0.00014983035493649477
1065,0.0,0.0,0.0
2264,0.0003102658611046837,0.0002979044711745759,0.0002905134763117584
6042,0.00014790792957928775,0.0001762131546946585,0.0001923346918224569
5994,2.3964328210606725e-06,1.4435030190145555e-06,7.5459484748848e-06
6184,4.977488184287966e-06,4.828707312993891e-06,5.00818143096756e-06
2441,2.007767131662348e-05,1.709555957897271e-05,1.8608661050702017e-05
2849,0.0004319481168043205,0.00044989264607305505,0.00044819401960969696
6295,0.0,0.0,0.0
4294,0.0,0.0,0.0
4321,3.158513063924233e-05,4.1695803426562814e-05,4.2759796895418016e-05
6692,0.0001469146695562225,0.00021617226096787347,0.00017751018239449718
5977,0.00033794849304643405,0.0003240002783588181,0.000326689163938503
765,0.0,0.0,0.0
199,0.0,0.0,0.0
746,0.0,0.0,0.0
1745,2.8430128001692584e-07,3.2477438465552053e-07,2.82881663884557e-07
2939,3.0299997635201357e-05,2.147016443132171e-05,1.7634228072599375e-05
1147,1.4256622172688786e-05,1.9477534702217538e-05,5.569525407854231e-05
5957,7.327961344402721e-06,6.436206147223443e-06,8.450572691602935e-06
1617,0.00014037057832678272,0.0013901951151038742,0.0007652828467153284
958,1.0353517230740147e-05,1.2433875383990362e-05,1.1596830689528003e-05
1563,1.4684313130877412e-05,1.7766095603622674e-05,4.218927730682933e-05
4044,8.046614595074764e-06,1.1512307856185197e-05,8.671517150784594e-06
6772,0.0,0.0,0.0
6568,1.8825335552695482e-06,2.124623457803565e-06,1.515521954886785e-06
5749,0.00014348379044108658,9.636794110755206e-05,7.191263219868508e-05
2014,0.0022261451487067757,0.0017576212624878535,0.0021527591850755805
3051,5.686666058934171e-06,5.9081454048923155e-06,6.315091405471791e-06
1156,0.0,0.0,0.0
3225,0.0003267793041449414,0.0003325813963598828,0.000249828099976758
4965,0.0,0.0,0.0
6808,0.004166475553776546,0.0036196607229809544,0.0031026701071924312
1215,1.383658983676797e-06,7.417074278003767e-07,3.997386170301819e-07
2963,0.001232390805135489,0.0011101651207234646,0.0008191953858089079
1819,0.0002005561597544085,0.00012728713117732772,0.00010401938046949804
2509,0.0,0.0,0.0
5524,1.5807208487451417e-05,1.0714066561798951e-05,8.715746690424407e-06
5372,0.0,0.0,0.0
4970,6.463437321663336e-05,4.83515273133368e-05,4.864541625695049e-05
5073,0.00011744039787207409,0.00012630175312153936,0.00017194521423748998
6448,0.00021731142526241614,0.0002485033659947003,0.00024569304208528936
5732,1.3511414063198947e-05,1.0357853801897076e-05,1.7598721461744838e-05
6093,1.2100622972530425e-05,1.2457140091038797e-05,6.171578334877613e-05
5465,1.2700308478962315e-05,2.0307355225714275e-05,3.8746210819680226e-05
3309,1.1076517173318997e-05,1.1421771314542788e-05,2.1632310693633336e-05
2844,3.8800616697119886e-05,3.862018743247359e-05,5.8412515382303684e-05
1795,0.0004581845133298726,0.00026079902374456164,0.0001722234726598742
6308,0.0,0.0,0.0
6597,0.00040139867300011383,0.00030978245500077597,0.00030011625730770635
4415,7.63102157348327e-06,4.786704806910706e-06,3.889769590650857e-06
1398,0.0,0.0,0.0
5134,0.0,0.0,0.0
2923,7.554312247240813e-06,2.3840417793320778e-05,1.5222777910143434e-05
4979,0.00029890599605520584,0.0009890784431024415,0.0007864701394525928
3095,0.0,0.0,0.0
6852,0.0002719153383096988,0.00022847000905989434,0.00017713370354737617
6052,0.0001583020508692581,0.0001632596718927934,0.00016521240060332225
3242,0.0,0.0,0.0
4655,9.995481856106185e-06,1.2702483535048798e-05,1.308204021363479e-05
6613,1.2786258399018791e-06,8.24107454221549e-07,1.8189109548075201e-06
5537,9.789272068910227e-05,0.00011012930715265937,0.00012136814857675215
3724,9.828101085646802e-05,5.914060291282671e-05,3.600062010013495e-05
6790,2.9311617142267107e-06,3.870406727963877e-06,4.505042216242381e-06
3165,0.0005266982464071327,0.000413852447880597,0.00036816064650378765
4531,0.0,0.0,0.0
499,0.0,0.0,0.0
2759,1.7521850989098674e-05,1.6825353245840574e-05,1.4001677690962994e-05
1093,0.0,0.0,0.0
2950,5.782983910535619e-09,1.5425968324523252e-08,1.1805905378856666e-08
5066,1.8719164859719695e-05,1.3476799641440394e-05,1.0514218407885696e-05
4053,0.0001930451095220038,0.00014400679160441436,0.00019022933126864312
3979,0.00019807655726948353,0.000276822423172659,0.0002281340176797902
5862,2.3975745588137023e-05,2.556435119944315e-05,2.7562516827519025e-05
1654,0.0001317131580695123,7.46442218418649e-05,6.078827096528532e-05
2664,0.0002966807789145044,0.00020951430258242578,0.0002183795039156662
1962,2.913375307955597e-06,3.74452251117924e-06,3.637068302735434e-06
6385,8.762140092600502e-05,9.472297625467928e-05,9.608343553148138e-05
1612,0.0,0.0,0.0
5746,8.515014013858212e-05,9.524592581535811e-05,0.00016707895425274085
5337,0.00043784449467902545,0.0007461188703485273,0.0009416871363507746
4109,1.0101493697652963e-05,2.0309868350421694e-05,2.7528363241819037e-05
4791,0.0003908407866259557,0.0003527659315386285,0.00043022116997913374
930,0.0,0.0,0.0
1336,0.00029865450875441287,0.0007860708117095695,0.0005486485017246817
933,0.00014383385743304495,0.00013152984581949674,0.00010399683476213797
4590,2.6095334225478284e-05,2.5187991125518376e-05,3.8119339258473906e-05
782,9.733435501214917e-05,7.454231753247192e-05,0.00012424008322506753
4755,0.0005653040606396627,0.0005549998041633076,0.0005766725106130457
479,0.00044537453621539783,0.00043892581366564696,0.0004381622555487472
1095,0.0,0.0,0.0
1698,4.152461805512573e-07,5.119767283901725e-07,3.976651056399938e-07
446,0.00017704844143562966,0.0001797450452026887,0.00031439529585511225
6407,7.293407404077532e-06,8.837190680452526e-06,1.37157020081034e-05
3207,2.5397901970233827e-05,2.0688302122943267e-05,1.817760059154781e-05
2122,0.0,0.0,0.0
4946,3.2302642999349346e-05,2.1419939155429968e-05,1.5550072551654194e-05
517,0.0,0.0,0.0
1971,0.0007979984243799668,0.0005730415064544215,0.00048615373767897776
3818,1.6207808587468302e-05,1.0805725986218947e-05,7.910120531220782e-06
5061,0.0020340310760394286,0.0011417976937027896,0.00132557294126192
740,0.0,0.0,0.0
5113,0.0001943910180722288,0.0007430285348197302,0.0004641781871812122
6773,4.731531337774691e-06,7.559641752958157e-06,5.044257043564693e-06
2237,0.0,0.0,0.0
1431,8.67368250808616e-06,1.1405781225278419e-05,1.6521181852614696e-05
5462,0.0,0.0,0.0
1224,4.590339473691954e-06,5.8455402884506755e-06,8.038362676739018e-06
5051,0.0002335717885778915,0.00019686516226592529,0.00026523530634603004
7094,3.923690981379617e-06,4.515707835459268e-06,5.511006553923847e-06
1271,2.9294882556868703e-05,2.484706060915288e-05,2.8542666365771436e-05
2416,4.27166580914225e-06,4.514829324014099e-06,6.128187159287085e-06
82,0.00014377932410409303,0.00014229824009969835,0.00014534253872002152
5322,7.603253826440216e-05,6.190025151574145e-05,7.672205963695534e-05
6622,4.333229193159464e-07,3.2522266546412744e-07,9.859963677309748e-07
6521,0.00014168104050434397,0.0001422971165593831,0.00017449847747611158
2058,0.0,0.0,0.0
6589,0.0,0.0,0.0
346,6.501237786988419e-07,4.973570262887184e-07,8.063004199855539e-07
1618,0.00018518750905398648,0.00022346203426627627,0.0003970783902464146
6699,0.0001067494816466674,5.677624644550757e-05,3.3025893342014936e-05
6961,0.00018793550266096414,0.0002335752515107823,0.0005798405082582907
3815,0.0010267862403154746,0.0009536615522493646,0.0007535247891381806
4976,0.0,0.0,0.0
1939,6.991969094521035e-07,5.859258929174081e-07,4.2215577725842477e-07
827,0.00011818113460591334,7.960290911206867e-05,5.494394477995509e-05
3531,2.99829371578532e-06,3.4228876038425643e-06,3.3455259484392824e-06
6440,0.0010439978127445469,0.0008481047559865913,0.0009932709068696441
1585,7.925874303116362e-05,8.068308707587514e-05,0.00010645443593988721
3653,0.0013177949624181495,0.0016123749450994576,0.0020100331574954924
6382,4.841621866922417e-05,5.898909643771089e-05,6.0172149877699e-05
3193,0.0,0.0,0.0
1415,0.0004326555659071722,0.0004341037334146125,0.000459816705116852
1363,0.0,0.0,0.0
6665,0.0008917023031546798,0.0008900802811349299,0.0008691892975771855
4561,0.0013540248594758506,0.0010946486795661006,0.0010113991165027238
4459,0.0,0.0,0.0
3887,0.0,0.0,0.0
980,0.00022422743748597103,0.0001867573567967665,0.0004041922545724848
2614,0.000535520521395254,0.00044160008420919685,0.0005716831758962678
210,0.00038801970109911775,0.0003535416137722663,0.0003071675495010824
2833,0.0005867289991179828,0.0012875116016841475,0.0008484451687501991
2600,8.283588165091402e-06,9.808527064846559e-06,8.306260119775772e-06
1252,0.0,0.0,0.0
381,0.0,0.0,0.0
6340,3.6421892130312186e-05,4.2010963632513864e-05,6.173322512878435e-05
1634,1.0808052037624978e-05,7.62882242126113e-06,8.080259666936935e-06
3906,1.3293407534290095e-05,1.5527846019181708e-05,3.824921860985774e-05
2051,0.0,0.0,0.0
6877,0.00010541985325446588,0.00010098813085414371,9.006131915237799e-05
6190,0.00012686244418020184,0.000277523872859482,0.00018842379223946257
1951,8.096471372333979e-08,4.245385374828201e-08,6.158266966274437e-08
3801,0.000679609705164577,0.0006091082513706583,0.0005155629715859817
2078,9.956930933665495e-06,1.0278189327882553e-05,1.049448213038209e-05
355,2.7323355539896497e-05,2.8433574995587707e-05,3.472015526348046e-05
4463,0.0,0.0,0.0
5382,0.00028074115665356543,0.00028074115665356543,0.00028074115665356543
1105,2.1733072635030156e-05,2.330039425441913e-05,3.52494887588539e-05
6526,0.002963622565122784,0.002019278055175255,0.0017844803599023538
2208,4.756537027980155e-05,2.6217251773432123e-05,2.1728075749016444e-05
4720,0.0,0.0,0.0
5883,4.127467023428968e-05,6.863828416207727e-05,6.776633853325949e-05
331,1.6951532235768178e-05,2.0310306725790258e-05,1.9043010721097347e-05
4158,0.00014037057832678272,0.00014037057832678272,0.0007652828467153284
4898,0.00014037057832678272,0.00014037057832678272,0.00014037057832678272
710,0.0013026418163630175,0.0018767867006683075,0.0016928279364871383
4636,1.9283234273333996e-06,2.640760708295914e-06,3.5003961529965194e-06
700,0.00026805364252915757,0.00029490655308640426,0.0002964433360716164
476,0.0,0.0,0.0
4728,0.0003196679839595124,0.0003202674860386586,0.0003216378545899858
3330,0.0,0.0,0.0
4192,4.39870812380292e-06,3.3786768393724593e-06,2.009591610303873e-06
5710,0.00026309760884516743,0.0003538837619156156,0.00036663532509301244
2057,0.0,0.0,0.0
1940,3.045046882688514e-05,3.081233913751731e-05,3.363860688348043e-05
6316,5.533046913388096e-06,1.0617280039211557e-05,1.074710942028091e-05
6649,0.0005498712636271653,0.0005276192271895587,0.0005772378699986539
3235,0.0,0.0,0.0
4651,9.981747293510104e-06,9.918200660002739e-06,1.0765415604816186e-05
971,0.0004864325470190738,0.0003185967636192439,0.0004294938478573875
7104,0.0003437238196733231,0.0003336451810898959,0.00041778727190855777
4883,7.428452293425617e-05,6.272085376299775e-05,8.890515065174007e-05
719,0.0007189160877778758,0.0019920579712381925,0.0018001797099677435
5673,0.0,0.0,0.0
3840,0.0002860581328414135,0.00017195596944481333,0.0001468141123598625
5150,1.372126622786491e-05,1.3720183433779199e-05,1.9158509466203784e-05
2033,0.0002529224210073323,0.0002458960030715066,0.00021119769225700686
4909,0.00018236989384045487,0.001448910327876622,0.0008154692987230381
1426,1.909633241252347e-05,1.5464216535105598e-05,3.287836125165468e-05
5575,2.5921522133116536e-07,3.607466940836659e-07,2.152731518845217e-07
5546,3.131557942221505e-05,2.1871932021043057e-05,1.7685319406684096e-05
412,0.00025659351025117194,0.000261184781099697,0.000271041487399533
3974,2.25840740910082e-05,2.2533753287937943e-05,3.0695945378282294e-05
3796,8.20144255404411e-06,9.52094189789211e-06,9.343521288173513e-06
2241,0.0,0.0,1.4090228506286901e-08
1304,9.217673724736599e-05,9.13565190136581e-05,0.0004984193648267871
947,4.679546632027667e-06,7.2535953150547695e-06,7.407108762590665e-06
1225,5.678346176233981e-07,6.85328447667601e-07,4.637687278679564e-06
4437,0.0,0.0,0.0
5579,0.0,0.0,0.0
5850,0.00025242765355558715,0.00022219291063785027,0.0003556872047906164
5973,0.00012155574025855604,0.00014576854950560517,0.00013095258212469308
636,1.1950240272052139e-06,1.6549539879848517e-06,1.7978350550190048e-06
3407,1.1626965326857356e-05,9.32230190605207e-06,1.3389001392730415e-05
684,0.0,0.0,0.0
86,4.282617989837749e-05,4.235154431368256e-05,5.4992738347520674e-05
4570,0.0,0.0,0.0
2852,2.8394175280184457e-05,3.341513188680806e-05,3.595701839281099e-05
2650,4.072104420265881e-06,2.067070050898779e-06,1.436636906668264e-06
407,0.0,0.0,0.0
757,3.0523295210843503e-06,3.4118197449592323e-06,5.014127934305314e-06
3470,0.00021816901704111309,0.000290278029340272,0.0005745608530887591
6477,0.000351744437780814,0.0003054172947679792,0.0002817418354970846
794,4.692307332850913e-05,9.828498517473465e-05,6.521562476395565e-05
92,0.0,0.0,0.0
7116,9.797915559590783e-05,0.00014236338678753517,0.00010527377970233501
855,0.0001767793695189974,0.0001447151481326038,0.000249751987836395
5512,0.0026374087758868044,0.0014027189163219904,0.0007830443320955257
6186,0.00021940835653607072,0.0003289683645488222,0.0002791805380352501
973,9.428585471525222e-05,0.00010640764830516117,0.00011412168111031177
5396,0.0018187943517042233,0.0018806364980103966,0.0015228509551800536
6714,0.00013889646309023866,0.00015910171589846037,0.00017581615260855367
43,9.211634064217359e-05,8.686474986565297e-05,9.198730339138554e-05
5998,0.0,0.0,0.0
7106,5.7796283104977815e-05,6.456089594388524e-05,6.085937905250336e-05
98,3.7546466873908423e-06,3.7256364106094153e-06,7.205249790387514e-06
2926,9.926797692057065e-06,6.704245056862594e-06,9.78524777415769e-06
4291,6.47571911234738e-05,6.086587818272038e-05,5.996870411341993e-05
3853,0.0,0.0,0.0
1492,0.00015670738293978455,0.00015365629258302373,0.00019149293747349052
2062,0.00033731954900331735,0.0002901026775920096,0.00019443181338651077
143,0.00010579383764698272,0.00010832027837718841,0.0001260543499102379
4975,0.0,0.0,0.0
196,5.364688485964456e-06,3.1018142178918163e-06,2.623125433329059e-06
4875,3.627637596982997e-05,0.00020191720680422457,0.00011605357269655737
6755,0.0007285020988877497,0.0005996276106230246,0.0011981645688334674
80,0.0028694050719282535,0.0016332946057580518,0.0016516036947553485
5118,4.5855615683539345e-06,3.032106141187966e-06,3.2827363126626224e-06
5668,8.737467197758234e-06,9.02499560345741e-06,1.469174760143428e-05
1009,0.00015074736410014263,0.00015331948176726433,0.00015504715469114212
6709,0.0,0.0,0.0
6603,0.0,0.0,0.0
2795,7.97953191291805e-06,7.890669885158485e-06,9.408838884048647e-06
7102,0.0,0.0,0.0
4713,9.857112722841873e-05,9.989427573580468e-05,0.00047760066321000493
46,5.7043166103069425e-05,6.250154714327451e-05,5.9259454602497346e-05
1830,1.6176693512928755e-06,1.3247550436241137e-06,1.1294211443903608e-06
4073,0.00011059837787185692,6.495374181976859e-05,4.575631779510486e-05
1372,0.0,0.0,0.0
4140,0.0025230849789678643,0.0028389316618819905,0.0035327673734562443
1937,0.0,0.0,0.0
962,2.484119257501524e-06,1.4573560247142003e-06,2.025407490019738e-06
2964,6.746979604697324e-06,1.5165549908721457e-05,1.1045041548938294e-05
1136,6.737825336663619e-06,8.558386249107798e-06,8.387187986907697e-06
37,4.590999911153765e-05,5.331891509280623e-05,4.521825773738782e-05
6636,0.0,0.0,0.0
5874,4.0357937958750044e-05,2.612722299992109e-05,3.0407683233979896e-05
4017,0.0,0.0,0.0
4572,0.0005194913461239635,0.00032031085509621457,0.00023645462683120512
1710,3.211591385091998e-05,1.9668237938013393e-05,1.6001550659781128e-05
4322,0.0,0.0,0.0
868,1.0819322862262565e-06,6.435927650010244e-07,3.3945398236182337e-06
6380,0.000255153404221193,0.0002906425687004648,0.00031991030070366197
4550,0.0,0.0,0.0
6020,0.00017876525936855224,0.00018747830015075178,0.00019370467314730293
889,0.0,0.0,0.0
270,0.0,0.0,0.0
1901,0.00010906467425046476,9.114894684187944e-05,0.00020922812440421642
241,0.0,0.0,0.0
2591,0.0012464217303349795,0.0012422091642072365,0.0019478813521605059
137,3.5146341093411e-05,4.687467130983447e-05,3.865748603221554e-05
5234,0.0016564234102086693,0.002614948032399571,0.0029714275011227197
5920,0.0005111582536419609,0.0005226446308105813,0.0005727349889033285
6932,2.6429843792627347e-05,2.5042971360736338e-05,2.5381571919784877e-05
4105,0.0,0.0,0.0
789,2.8973437209484195e-05,3.1976370769169e-05,6.966539638671255e-05
642,0.0,0.0,0.0
4162,3.335536292732029e-05,2.4096964405735793e-05,3.3635555729262513e-05
6745,2.034842072569266e-05,2.3602933008594638e-05,2.403214217180735e-05
2986,0.0,0.0,0.0
3671,0.0,1.1697548193898558e-07,7.194095518861129e-08
1292,1.8956227765771338e-05,1.4615770343808196e-05,1.960220464876538e-05
4125,4.096619488983241e-06,4.533198184464195e-06,6.207037006666888e-06
6572,0.0,0.0,0.0
2672,0.0,0.0,0.0
5487,2.1279555114188267e-06,2.156195154687584e-06,5.110828202037816e-06
5042,1.1016675593899066e-05,1.2288610623326633e-05,1.3741358827252379e-05
1665,0.0005582955341827717,0.00037810811363595117,0.0002473594127487324
2192,4.3653917412796125e-06,4.8094732730172975e-06,1.283522882821577e-05
2045,5.842768460287856e-06,5.67987127576637e-06,2.150727432597475e-05
2454,3.65589336821502e-05,3.2333912678666364e-05,3.292210557731524e-05
4384,2.0628393356378014e-06,8.85610915341518e-06,5.492645825652436e-06
2021,0.00030204277525216534,0.0002933457390595622,0.0008757073318994115
55,0.0002213651497790168,0.00018453106525419702,0.00023774724575229792
177,0.00036353533983897717,0.0004364503005021438,0.00035484272898017697
7050,0.0,0.0,0.0
4132,0.0,0.0,0.0
5160,0.00010883127108528729,0.00019634933949331816,0.00019544883782363401
1974,0.0001585094806296156,0.00015829637787642965,0.00015656196768485542
284,7.650658591159442e-06,1.0037116143148498e-05,7.4748664221498805e-06
4821,9.930059287783189e-06,1.2650731452598563e-05,1.8449787047309645e-05
5930,2.032355713112052e-05,3.919241987165941e-05,8.193087772060973e-05
4835,0.0,0.0,0.0
3651,0.0004433458866030753,0.00044287205015282495,0.00048052314950766515
6659,0.00021131263885878143,0.00029964956262032796,0.00031706923005414675
6531,0.0004072546435095007,0.00034989484190980273,0.000420519232724844
3248,4.1675928028193744e-05,3.527473708137506e-05,3.691248131484347e-05
5015,0.0003892609021390391,0.00039132333735785764,0.00029472884978840074
6602,4.004529665084231e-06,4.198101665289697e-06,3.9509405284754085e-06
323,0.0,0.0,0.0
4387,2.0849933062390775e-05,2.1833405130925714e-05,2.6360901417172498e-05
6286,7.862411114350889e-05,8.821409073790877e-05,7.716666341320131e-05
3015,2.2683400081734207e-05,2.2503326820248752e-05,2.0041504678081383e-05
1485,1.2231199505479796e-05,9.04911466941762e-06,9.894989079502867e-06
5005,1.6956446606331022e-06,1.3222800089420808e-06,2.0723627059643525e-06
1643,0.0005494404309419527,0.0005173956757047157,0.0011014205300612981
1656,1.113207131668636e-05,7.241060729774414e-06,6.362807389304329e-06
6624,0.0,0.0,0.0
1557,0.0004855259429662359,0.00046919015050026375,0.00043034202058528283
3996,0.0006658717299578306,0.0005235899294609759,0.0005213201441536509
6739,2.346330622354917e-07,1.800230210615038e-06,1.697142441581638e-06
2343,5.912977013081377e-06,4.187091300133548e-06,5.023437053218743e-06
5758,0.00016115104175539605,0.00012846221828184906,9.210558037218701e-05
6357,0.004058838765422209,0.0057276010350186075,0.00503673279288442
1165,0.0012813099037536097,0.001523089274434543,0.0015309744657823446
3102,0.0,0.0,0.0
2981,0.0,0.0,0.0
4371,0.0002961322540321471,0.00020420730120077266,0.00011031158284479837
3718,0.0,0.0,0.0
7025,7.181416777503661e-07,7.698447074713426e-07,1.2107781796384787e-06
1023,1.8306525035397335e-06,1.5003908198297902e-06,1.2060756451285985e-06
1464,0.0004610367728995291,0.00047537675081634894,0.0005363170339100192
1500,0.0,0.0,0.0
5663,4.0295551345311216e-05,3.7022382494071334e-05,7.210929017856549e-05
3401,0.072689894008486,0.07190202157643223,0.0711098701922637
917,2.6060007437012382e-05,3.0596938415768815e-05,3.740737670376775e-05
3104,6.40100122190638e-05,8.628936571458192e-05,0.00016082445866123394
278,6.009014713210694e-05,6.148952133093893e-05,6.018920072375142e-05
5619,0.00022073303130114137,0.00018240181957990888,0.00022503684474785488
2515,4.727505439733969e-05,0.00013474798868095075,4.90917696650732e-05
4479,0.0002982172425339997,0.00032964067782705454,0.0006036619362095323
5969,0.006539396994076637,0.007507968921407401,0.009975188620758801
1213,2.8804362011525555e-05,0.00013281847612648518,8.641915486461438e-05
6867,0.00027993886879290104,0.0006112208703685427,0.000482202075779288
821,2.247464218718471e-07,3.3078442553678136e-07,4.773743714010304e-07
33,5.604064648568658e-07,3.3398806689872886e-07,8.388980930219231e-07
2864,7.445640918644889e-05,7.765499063518457e-05,9.331268380586605e-05
190,0.00036697748864232294,0.000380033625182219,0.0005107377181225085
2624,0.0,0.0,0.0
6179,0.0,0.0,0.0
1723,0.0009225010086047473,0.0007757759905489127,0.0007297067653177108
5275,0.0,0.0,0.0
4448,0.00016265068327957953,0.00020536064745395763,0.00025711465040676747
1294,3.832025223902894e-05,2.9539933102206755e-05,2.8549987791154767e-05
4800,0.00019495808943478587,0.00022113455772879154,0.0001982515493598809
3520,0.0017461578385863726,0.002080869306671329,0.0018695209899107729
6912,0.0,0.0,0.0
5312,0.0021007201829050587,0.0018959435086196752,0.0024845861399230636
6925,0.003972886099926063,0.002580629033224338,0.0019577689946234673
3178,0.0,0.0,0.0
1784,3.7721956410099806e-05,3.438149248264461e-05,3.4564906070824614e-05
5686,0.0005023897111353105,0.0004914647011037449,0.0006610141326460943
6109,8.995952439582967e-05,7.431719609331113e-05,7.932184724231223e-05
1036,0.00014037057832678272,0.00014037057832678272,0.00014037057832678272
2183,9.6087603907028e-06,5.9732568587491024e-06,5.309149792015786e-06
166,0.03288896362268139,0.03333562562037817,0.03545431925453659
1472,0.001517065957172826,0.0014934799845867446,0.002669892075741585
1873,7.470864793120874e-06,5.702593578416295e-06,8.487993925820315e-06
1516,2.8914740525607943e-06,2.7754639100895573e-06,2.9649507054993067e-06
1477,0.00024381236669386355,0.00021504907311694046,0.0008302132230332384
3303,3.499439233234736e-05,3.581443144089704e-05,3.6707562787396044e-05
2865,5.082693243457737e-05,4.2337683927895754e-05,4.5950227623345545e-05
3952,0.0,0.0,0.0
3709,0.0007140702014368656,0.0005930740474711546,0.0006865064706578428
2490,0.0005074743029610737,0.0009417397681765062,0.0007939502978201443
3515,1.2170711051049262e-07,1.6966187374936358e-07,6.954964252586831e-07
3381,1.0868280010960628e-05,5.940749093723433e-06,1.057753119010584e-05
5237,0.00028074115665356543,0.00028074115665356543,0.00028074115665356543
3878,2.347085838938296e-06,2.7031189073443143e-06,3.7501307079896017e-06
3328,0.0,0.0,0.0
5586,0.0008215667737613274,0.0007609700033318166,0.0007432376517925468
6287,2.006423319895056e-06,1.7845293016918221e-06,1.7393285258465978e-06
1824,0.0,0.0,0.0
5045,8.745295760094601e-05,6.709343664203399e-05,5.490528069711175e-05
3332,0.0001306009580808268,0.00013167660273403933,9.370235501095506e-05
2121,0.00036995117941771304,0.00020502569787115687,0.00012374127064086242
7014,2.151814006326662e-06,5.6733523362913985e-06,5.233567142031531e-06
6414,1.6082331961324915e-06,2.320191268598084e-06,1.4561378013598814e-06
4672,3.0876576708251196e-05,2.227631085691291e-05,2.0890139984651073e-05
1662,0.0,0.0,0.0
4318,4.340369597794512e-05,3.576293315616342e-05,4.8909248690687396e-05
618,1.3976555165083002e-05,1.70550968592622e-05,1.6535239649788163e-05
1958,5.3319624839658423e-05,6.568159012888e-05,8.684568962010812e-05
4393,0.0001152278057461491,9.550169717416725e-05,0.00014304528099071714
1735,9.281093918688286e-07,1.2984304730040145e-06,1.5088097892615495e-06
3831,0.0001421071895483467,0.001393214698473248,0.0007681118568647069
6146,0.0,0.0,0.0
4607,2.8445461299670926e-05,2.7103375125006085e-05,3.080347536331023e-05
6872,0.00011657970854316961,0.00012081803846564685,0.0001414499479902055
2769,0.000162082412447812,0.00019822780798905943,0.00010815293220838479
4662,4.005141638327604e-05,3.215978679523192e-05,2.6056056372449276e-05
2110,0.00014316803721939705,0.0001485933450252102,0.0007702680470534268
4760,0.00012193496674791246,0.00011499672156256299,0.00011656968005756294
4772,0.0,0.0,0.0
2313,0.0,0.0,0.0
1883,0.009479124587710774,0.011895055302948767,0.010973734763882187
1234,7.878904024081614e-06,7.299071271619329e-06,7.525685341887974e-06
1255,5.47004232676896e-05,5.415775041359553e-05,6.096678034726125e-05
6292,2.2920422464933478e-07,1.177353841623188e-07,1.1031536278934792e-07
308,1.3025868708678418e-06,1.1468568013312177e-06,1.1056442623745123e-06
7078,7.909490757446001e-07,1.147843845187042e-06,1.1594503254152666e-06
184,0.00035279119131509054,0.0002712145402143318,0.0002780211926715075
2324,0.0,0.0,0.0
594,4.4479741201932674e-05,0.00015226160831546113,0.0001083774424197031
3447,3.670292626655418e-05,4.6710881103899035e-05,4.645288624817487e-05
5979,0.006303807442391826,0.0051961629535915484,0.004397761564973439
2450,0.00016074579497751343,0.00022018129799445668,0.0002560745386416111
3250,0.0,0.0,0.0
3838,0.0010505827522136958,0.0007785291663306668,0.0006753821302526216
1798,0.0,0.0,0.0
983,1.9144127429661724e-05,1.0196021262460443e-05,5.83521599614117e-06
2279,0.00014409678231008726,0.0009840571577633373,0.0005856196431878445
2890,0.0,0.0,0.0
4185,1.7262497979633866e-05,1.444333508379835e-05,2.4374538319820382e-05
6913,5.402813255389614e-06,4.890476328815229e-06,1.4572415793543502e-05
4611,0.0020731771752179056,0.0023850566229349345,0.00276874289112464
3585,0.00024008392963734438,0.0004164674849221204,0.0003077956030102474
6225,0.00021432977066244667,0.00020317906189045576,0.0002044446293858049
5988,0.0001474750279835239,0.00010221329440806862,9.779781206509179e-05
7096,2.8456203399535614e-06,1.1583589078340443e-05,8.141698664919266e-06
6031,1.1863771687046678e-05,1.2490919785375672e-05,1.1524262039945678e-05
1589,2.7733318014103377e-06,2.7797251700450955e-06,3.714073519306683e-06
4193,4.9573404118189726e-05,4.4003456560682746e-05,4.080102759953435e-05
1808,0.0013338185064819834,0.0009703934282938252,0.0012593672540777358
2581,0.00028074115665356543,0.00028074115665356543,0.00028074115665356543
2526,0.00013745611042694845,0.00010128220603399452,0.00010819358954923747
2059,1.3617589328584348e-05,1.3055932174947781e-05,1.2967884776057191e-05
2346,0.0,0.0,0.0
606,0.0001385718348163075,0.00011550518097627844,9.729570663843735e-05
4139,2.2924948312760505e-05,1.288785970166387e-05,9.796416093188165e-06
4944,1.4762250383287526e-05,1.1331277156152453e-05,1.9449360227464777e-05
6906,0.0,0.0,0.0
6305,0.0003943731695807357,0.0003764739271263289,0.0013696987245413257
6438,0.0015331416472440162,0.0014111421622662239,0.0012297173219201368
2234,2.798151715797748e-07,7.843448118372246e-07,7.251790741252115e-07
4510,0.0004430902541116188,0.0004209277126645599,0.000704507920608085
4813,0.0,0.0,0.0
3871,9.284939368896652e-06,8.89595736417015e-06,8.409274516448812e-06
6920,0.0,0.0,0.0
6364,2.0003601710806257e-05,5.426776511097108e-05,6.001072953969135e-05
6754,0.0,0.0,0.0
5043,0.0007099388917776058,0.0008199158791850378,0.001014629799328875
6017,0.0,0.0,0.0
5357,0.0,0.0,0.0
6934,0.00023995532197828537,0.00014260975637971293,0.00012839478420414142
5300,2.8860126464404183e-05,1.7812358830763817e-05,1.6064820808922174e-05
6557,0.0,0.0,0.0
1852,2.860789559633746e-06,3.4950570255276804e-06,3.498125567856247e-06
1737,2.6018833233155688e-05,3.008742899474565e-05,2.648929665752076e-05
3780,4.187057933978753e-06,4.335284139499193e-06,4.770618235407879e-06
1679,0.0001051686079541699,0.00020636514943468256,0.00024232408733569952
5992,3.723485409537797e-05,2.493534492592929e-05,4.925995627673632e-05
1892,6.210522734480538e-06,6.7223457310787274e-06,8.503669642857534e-06
1573,1.2671793551600142e-07,2.564453606012526e-07,5.33303354563462e-07
4212,0.00015671703977476856,0.00016226547266254092,0.00023572514905863015
7021,0.00021134628213825642,0.0002146906479166358,0.0002452820003625468
356,7.695898914888918e-05,5.78758285529436e-05,4.841737815486156e-05
2550,5.281254652074676e-06,4.516940292453133e-06,5.368760418454519e-06
4529,1.6508405053288567e-05,2.263087137356886e-05,2.008560965250532e-05
6848,1.9735413774811764e-05,1.807326278352555e-05,1.8267676558906737e-05
4739,0.0,0.0,0.0
4412,0.0,0.0,0.0
1353,4.885195048080328e-07,1.479727320933377e-06,1.3194515461912264e-06
5236,3.6090434564516684e-05,3.633521263966993e-05,5.7486897795162695e-05
795,0.00017301285034091165,0.00020375608063911984,0.0002086031173085948
2405,5.025016805833863e-07,3.821035827739117e-06,2.805831260265974e-06
57,0.00013769415216366174,9.51948775392769e-05,9.57165694676853e-05
671,0.0,0.0,0.0
7026,0.0,0.0,0.0
2822,0.00025299245773332494,0.00045373897503050775,0.00033031243397754046
788,0.0002174373977812435,0.000215630893111174,0.00022718005134955932
2960,0.0024779238358150118,0.001995187808457109,0.0019468384894089645
6497,6.763962100259217e-05,7.436150739513973e-05,7.78357593618918e-05
6891,3.7402563146076815e-06,6.095556954638106e-06,4.187311826806187e-06
4773,0.0,0.0,0.0
6408,4.509006065724097e-05,4.1994364888501214e-05,4.22023980686506e-05
438,0.0,0.0,0.0
514,0.0,0.0,0.0
1002,0.00035955635452964357,0.0003806367352423975,0.00034840599718408767
3967,0.00011074202215982814,0.00012893982787963906,0.00014573484370757875
1556,0.00014178511084271132,0.00014146209671881744,0.0007661191827208369
5088,1.7883338757690742e-07,5.789504945326565e-07,7.952486157757265e-07
3562,0.0,0.0,0.0
6812,0.0007060902836560299,0.0009032273602301564,0.0008916081953236034
4366,0.0005777627329915744,0.0005434927327089004,0.00045715521478934527
2602,0.00015025165074832245,0.00017613332353274877,0.0001819987479832246
1660,6.5169890500534075e-06,9.320747754041082e-06,8.552561578762764e-06
891,6.1563210322517576e-06,3.2287452628210224e-06,1.919965463477069e-06
2942,2.4922942072660193e-06,2.1343641384080717e-06,1.9747150334937826e-06
2674,0.000346770424411273,0.00022324987583630064,0.00015522266194407087
5058,4.344034882921132e-06,2.364780939319774e-06,4.576574912449017e-06
2326,0.0002207056542171557,0.00023690582887404097,0.00023039642118324926
182,0.003407868392713986,0.0034084199041723826,0.0033375159994983566
2577,0.0003075195185077972,0.00035206532576110406,0.0004413084179576276
6193,0.0007072575254570858,0.0005462524598535489,0.0006493356876001374
1350,0.00035161014252218137,0.0003380700787285113,0.00040772714432681296
4982,0.0,0.0,0.0
1934,0.0010347535137453833,0.0017770331273675947,0.0011236598976815456
6326,0.00028745613744088924,0.00028834882883577417,0.00033291836893401634
497,4.456344318798609e-05,4.896895389795267e-05,4.8704689789137965e-05
3750,0.00015358061976066402,0.00016328034211382584,0.00016074531387240057
1280,1.1812940993703713e-05,1.6315818849719437e-05,1.7693748820245697e-05
5694,0.0,0.0,0.0
4249,0.000485989946214967,0.0005455764357102545,0.0007035376213145436
4998,2.0491567173746336e-06,1.8446245437587953e-06,1.4850123558148808e-06
2325,1.964349013677681e-05,1.2486187342245726e-05,1.8025675571893133e-05
202,3.172466902823285e-05,0.0001318273602132596,0.0001251534314276794
3365,4.473544675126491e-06,1.7415754227319863e-05,1.1169384676175016e-05
3243,0.0003377135711917149,0.00037732833956088203,0.0004083022120969982
4256,0.0005340366722913848,0.0005066528880942655,0.0004964184851691692
3208,0.0,0.0,0.0
5627,7.79332706380726e-05,0.00016078359454645792,0.00014286628520420195
3286,6.921454298260246e-07,7.2984589631458e-07,9.797894643722323e-07
1829,1.2671225954670032e-05,1.3703795191427746e-05,1.638177863668065e-05
6845,5.35237050426461e-06,5.866080483168637e-06,6.383424524545805e-06
3744,0.00022198542510833475,0.0001820600170519413,0.00018347272559348578
4601,3.9683018425392735e-05,5.079917634023216e-05,4.2368571270329725e-05
764,0.0003161081369290227,0.0003499975398237239,0.0003741683795548225
6219,0.0,0.0,0.0
1572,0.0,0.0,0.0
5607,1.23069247941123e-07,1.565650620732491e-07,1.1521674544648828e-07
2978,1.5608804543339194e-05,1.5593209788186973e-05,1.2443197189746674e-05
5518,0.0,0.0,0.0
2825,0.002546642304836832,0.0035517533195306146,0.0045974907614028445
6283,0.0,0.0,0.0
6484,0.0002655740866037587,0.00033739751303602574,0.0005079401268496614
23,0.0010373890335661773,0.0012639749976226914,0.0010334936988534095
2254,0.00025822741796663036,0.0002513206290365332,0.0003165975654963616
6036,5.673609702508666e-06,8.39860643235269e-06,7.292301940290889e-06
2134,7.7579990888993e-06,6.050775520787024e-06,5.829849465141236e-06
6300,0.0003152272696860838,0.00018995718091610465,0.0001462965181256517
1657,4.803084182646226e-07,2.4814632280516126e-07,6.501386541844789e-07
3900,0.0009056858031721587,0.000625450861709171,0.00045447575792081685
1690,0.0,0.0,0.0
2499,0.0,0.0,0.0
6494,0.0002729331744002532,0.0012646760201901902,0.0009335319739920115
5239,1.6064878202661126e-05,1.2508426297691884e-05,9.340412071867575e-06
1606,0.0,0.0,0.0
4853,0.00034347530752552126,0.0003869435831601096,0.00031818055366116086
3541,1.930850684189825e-06,1.737696237918021e-06,2.398041720297479e-06
5466,0.0017208834168842746,0.001635743776784831,0.0013870585436531002
2980,0.0,0.0,0.0
2426,0.0008393968432367005,0.0008776395438955774,0.0008491104662974998
5336,0.0,0.0,0.0
3231,7.831954145667398e-05,8.537895110299684e-05,0.00010111426457892933
3788,0.0027573284491143727,0.0020156784176211234,0.001126577524325173
3598,6.608397528318926e-06,9.279836104340302e-06,1.1521628520002564e-05
6499,0.0,0.0,0.0
2548,5.242861082494926e-05,0.00025630241623699705,0.0001397133053610992
6954,0.00014089030257544388,0.00014107231817786148,0.00014110081571707444
1713,2.8899446983464574e-05,2.8596715662054993e-05,3.046829719536694e-05
7032,0.00012993406553564669,0.0001071591634537345,0.00010004358744578045
5798,1.6961468300889307e-05,0.00018532556404498996,1.8984208294985e-05
2889,5.783109645309875e-05,7.74775046879452e-05,6.803909218857401e-05
6570,0.0,0.0,0.0
2764,9.229210582253763e-05,8.8592215600486e-05,8.789521733221796e-05
536,0.0,0.0,0.0
5562,2.486066733252443e-07,1.06165857966539e-06,1.509802404804394e-06
6159,0.0,0.0,0.0
2470,0.0,0.0,0.0
2319,1.2153476226033862e-05,1.2284476783613644e-05,2.0691532774236094e-05
2765,0.0,0.0,0.0
3851,3.129779898598698e-05,2.681120648146058e-05,6.238264635104047e-05
662,0.0,0.0,0.0
6428,3.949620093894886e-05,5.6359530237264916e-05,5.202813684285115e-05
1116,0.00026288582201466795,0.000251346600609992,0.0006542362656548997
24,0.007845035636635238,0.00789832245897996,0.007234218505571332
2355,6.277791524231283e-05,5.6732347388141614e-05,9.330898447144246e-05
3311,0.0,0.0,0.0
4319,0.0002403093800939449,0.0002679834436703837,0.000627234098496127
5558,3.8999555570371335e-06,3.3812866114387202e-06,3.2077062728445237e-06
1853,0.0,0.0,0.0
6172,2.1445505022147357e-07,1.0722752511073678e-07,7.594227065338116e-08
3943,4.768350715717457e-06,1.3567921047636984e-05,8.342639800077905e-06
4143,0.0005984665600519335,0.0005437041179905297,0.00043759485623492457
7009,1.8929255627945562e-06,1.8987465464606066e-06,1.8069728832627797e-06
5717,3.2202004334330548e-06,2.8340887467342824e-06,2.5712597447258957e-06
3378,0.0,0.0,0.0
2695,7.794585089976548e-05,5.107096318915391e-05,3.50505688798154e-05
4657,0.0,0.0,0.0
5004,0.0004942543220335979,0.0005235760296584776,0.0005103373093121148
5001,2.1003230441706846e-05,1.392148467863191e-05,2.1859546697527826e-05
4722,0.0,0.0,0.0
5640,9.098852095784048e-06,5.639667547420397e-06,3.3039657155215583e-06
6322,6.99184626857579e-05,7.426908513198617e-05,7.262485185614217e-05
3457,3.567771372578182e-05,4.373366653960954e-05,4.4650822174934634e-05
3852,1.529966689769019e-05,1.9684674689458504e-05,2.0718740143492414e-05
6246,0.00018767787310073963,0.00022110541036489997,0.000344316068400534
5794,0.0,0.0,0.0
4841,0.0005215912756820456,0.0003545688130722153,0.0003933141112775965
4022,4.3139437058501037e-07,4.00529364988045e-07,4.3048243576645006e-07
5420,6.229540962375561e-06,8.549193117101196e-06,8.908453222696626e-06
2855,2.0294481235566683e-07,2.8479597517545813e-07,2.2846677521480113e-07
720,2.5842143225158517e-05,2.9427253784628927e-05,2.804967434051021e-05
1565,2.6465597377863042e-05,3.310447223479284e-05,3.955265780966178e-05
3297,0.00022435858634696102,0.00018220512985396114,0.0004133452929504495
5791,0.00014037057832678272,0.00014037057832678272,0.00014037057832678272
1396,9.471278252125141e-05,5.1757680955074615e-05,3.1755546740571216e-05
2610,0.0,0.0,0.0
3154,4.534173047581074e-06,7.933874619646825e-06,7.71774324231572e-06
7027,8.505981090321522e-05,7.354368626260398e-05,8.086225081760193e-05
4517,0.0,0.0,0.0
1050,9.0502519278181e-05,0.00011095180581356316,0.00015597524621728084
288,7.011880894759082e-06,6.042169952566947e-06,5.843466270874849e-06
1730,0.0,0.0,0.0
4877,0.00019121447794647167,0.00019540697993038656,0.00021162566007382937
4308,2.2998816577460535e-05,1.7984516553099834e-05,1.5834856011682993e-05
4431,1.3509911581482004e-05,1.5133154154852473e-05,1.5721380799652293e-05
425,1.3035025993226046e-05,1.1798924619206858e-05,1.1388523969029528e-05
5221,7.0836904949931225e-06,5.521655208234707e-06,7.611128240130121e-06
565,0.0,0.0,0.0
6779,0.0,0.0,0.0
5376,2.4931350260340237e-06,2.2911007639497055e-06,7.337763668788629e-06
1155,1.253425284721482e-06,9.418197075480005e-07,6.498369407624507e-07
1586,0.0,0.0,0.0
4864,5.5469060925487434e-05,4.898295705626381e-05,4.162588270150026e-05
6634,0.00014419472208405845,0.00016760236316347267,0.00015729107283067438
848,0.0,0.0,0.0
5508,0.0,0.0,0.0
4480,0.0007013906048502452,0.0031313026177996976,0.0019452206797821872
834,0.00011825641419725936,0.00014707805593597268,0.00010649272229162676
4872,0.0004572125548132895,0.00028512685560240275,0.0001921849222681553
4705,5.5043223846226224e-06,7.694851255030491e-06,8.700285678275987e-06
5048,2.7252198744161854e-05,2.6574954254748188e-05,2.8444583545791272e-05
5638,1.9590367529164194e-05,1.750034994351411e-05,6.122577242417685e-05
3126,0.0,0.0,0.0
6023,0.00041228163870973123,0.00041004749450633125,0.000995289865807959
4725,2.0777159333613646e-05,5.864032667599612e-05,4.7612153151696035e-05
6751,2.6275707940270213e-05,3.2518324077846586e-05,6.629379757024437e-05
2718,0.0,0.0,0.0
4680,0.00018623891720753754,0.00016897743269297285,0.00016798460515774183
6110,3.6737018063043394e-06,4.251625459557282e-06,3.657496728738732e-06
3204,4.641300728559151e-06,6.785740773166723e-06,5.7829714099383095e-06
1306,0.00010648502755299711,0.00010482465289951344,0.0001196071299784491
6733,3.543168437899171e-05,2.4316894589805275e-05,1.2780844984524621e-05
1930,5.495032237664203e-05,4.797209737345119e-05,3.837212283164002e-05
573,6.399811949870225e-05,8.076301426705196e-05,0.00015446254869924043
3279,2.6158946518926025e-05,2.3085894780887188e-05,2.7728329038253007e-05
2797,1.4394572829734487e-05,1.510787063763132e-05,2.7299892696764116e-05
2420,6.313240282210452e-05,5.667859540442745e-05,7.325552380306558e-05
691,0.0,0.0,0.0
5897,7.489793566573e-05,7.620112597654157e-05,7.482258708606631e-05
6293,2.726124767954213e-06,2.330118414283067e-06,9.995161247024568e-06
5083,0.0,0.0,0.0
4331,0.0,0.0,0.0
3933,7.381231453822918e-08,1.2025147296505757e-07,1.0354774895518456e-07
6575,2.246058141906218e-05,2.757271938202944e-05,2.9965525679260343e-05
4433,8.14153278528877e-07,4.397585851473205e-06,2.9937968391950947e-06
6885,6.4790970519056645e-06,1.8705569754898e-05,1.187349633490277e-05
3835,0.00016233658399024973,0.00015242095996306502,0.00013967989951316656
3637,0.0,0.0,0.0
1445,1.729423180862531e-05,1.76490185992885e-05,1.8039039409593432e-05
866,5.299598580405655e-06,6.247424596982771e-06,6.192539679045679e-06
3075,0.0018008230908196803,0.004415151749597585,0.0030705720770087693
3476,0.00014105633420048884,0.00014238655382502096,0.00014417456859408575
3567,0.0,0.0,0.0
4088,1.8179814136092518e-06,2.179859166435888e-06,7.0161999125087665e-06
3079,2.18308592785877e-05,8.83397128432334e-05,5.258477569000574e-05
3253,8.703990216675653e-05,5.6034117400744554e-05,4.275763518833236e-05
6594,0.00028277133195117214,0.0002821283139634827,0.0002840229280082449
1888,1.8255821583195085e-06,2.025072476173114e-06,4.095799286551784e-06
320,4.1315903820074786e-05,5.536022742412213e-05,3.930735781054238e-05
5371,4.868041106313576e-06,1.3236370317333774e-05,1.4979783161146e-05
273,1.696609977381194e-05,9.285151583838063e-05,1.9751498620552e-05
2011,0.0004455672135098819,0.0005006405190688289,0.0004479707166096181
417,0.0,0.0,0.0
2684,0.0,0.0,0.0
6922,0.002467490678588589,0.002320701270918769,0.001786532182182765
2076,0.0,0.0,0.0
6567,0.000301588350546763,0.0015524880427411469,0.0009277772359001766
3630,2.7347564407238246e-05,1.9420909226400157e-05,5.224876287408166e-05
2252,0.00015478207008723849,0.00015408034313099832,0.00015416497487159145
760,0.0002137643662665394,0.0002343398706472526,0.00016373240031248933
736,0.0007480951935905446,0.000713604219720239,0.0006104207303743684
5062,4.2961268605324443e-07,1.244723259061213e-06,3.312305573481227e-06
5094,2.234572926042051e-06,7.851698514642878e-06,5.2424081537044504e-06
4323,2.2767489613399467e-06,1.3191911993354638e-06,2.1173924688733185e-06
6871,7.88810288461827e-06,8.473359310989436e-06,9.227134184653848e-06
2009,0.003012539755144374,0.004016589653674003,0.003835857201643712
5007,0.003155118373118909,0.0025886771992276432,0.002939418965021038
3517,5.098537416837588e-05,6.273904645022534e-05,4.9254924397720194e-05
2870,6.787078441841024e-06,8.176315024785517e-06,8.367872733669015e-06
18,3.6495113778733766e-06,4.124095604257715e-06,5.961173412562947e-06
768,0.0001360822684782012,0.00013459685248591558,0.0002611035826176009
595,0.00012069535311315156,0.0001159362584259638,0.00032241086817786263
1211,4.2762951178267914e-07,4.377061585379817e-07,9.36618390646484e-07
132,9.12233225504688e-05,0.00010197023504554542,8.652209439629331e-05
6837,1.0153963349360545e-05,8.139444644226274e-06,8.143959922484511e-06
5191,0.0003196658825512687,0.0002702244655434523,0.0002461596085371751
828,0.0001210635850339181,9.243661446663245e-05,9.831877437725876e-05
2559,8.393934566848816e-07,5.3677658270402446e-06,2.9108533574510074e-06
2988,0.0,0.0,0.0
6138,0.0001853635523778715,0.000242395449521179,0.0001695387428863368
6638,0.0001544508957497679,0.00015601295194528865,0.00015885418956991897
6127,0.0027742954943953476,0.0015205423442299906,0.0009061383646683418
245,0.0005531750632896396,0.00033260509164254206,0.00020187535821842523
4771,2.368551325650244e-06,2.2019171824522926e-06,3.2582009510057485e-06
2024,0.0,0.0,0.0
5859,0.00038541092947001255,0.00034330268526323426,0.0003926527897018089
3268,0.003585018213356227,0.003569502925822593,0.004697222012055262
6358,0.0010919636952105482,0.0015293149968616483,0.0018298369792814628
3595,0.0007445844239909593,0.0005672701241730197,0.00043941150389929025
1919,0.0002724912611099876,0.00021318035888172947,0.0002321744757945098
4676,9.094073631401546e-05,9.19626798781051e-05,8.15802228398629e-05
5551,7.675028208237617e-06,5.589302708692311e-06,4.248968986161564e-06
5480,4.141814428088168e-05,4.736594820724824e-05,3.259829771634179e-05
5613,1.3434481593198492e-06,5.5436657973324396e-06,3.2200320150993005e-06
3395,2.5611837187702666e-05,2.633587174337213e-05,2.569009604512318e-05
2908,3.3566709673997e-06,2.5825522083158763e-06,2.353657715868353e-06
5444,8.556086258354493e-06,2.475377127434503e-05,1.5470957731384724e-05
907,6.925330806475103e-05,6.88772051377314e-05,0.00019747736600119148
6587,2.7461289324176975e-06,1.7497750589444632e-06,2.6576081398231874e-06
2251,0.0001532586426895709,0.0001535401786084994,0.0001246087720090388
6441,2.424896356948265e-05,2.6008525727065166e-05,4.559224316137708e-05
4653,0.0,0.0,0.0
4794,7.886310239995495e-06,7.55676911485542e-06,8.331631509450163e-06
5171,2.5790664698854218e-05,1.619789495100392e-05,1.3200242865327095e-05
1754,0.0,0.0,0.0
2633,0.00014037057832678272,0.00014037057832678272,0.00014037057832678272
2483,3.0221155647970232e-06,2.8536489131927986e-06,4.225823183101306e-06
2378,3.1844663756537644e-05,4.6734233768806284e-05,4.781741364373321e-05
363,0.0004978984183918654,0.000664822561415698,0.000577833204399752
1582,0.00022554301423237616,0.00025379025354170846,0.00040089058562340756
5814,0.0002370731766141681,0.00015077587160376794,0.00020504310802144974
4505,0.0,0.0,0.0
2539,0.0,0.0,0.0
2468,0.0,0.0,0.0
159,1.8068402102094826e-05,2.178734011063052e-05,4.063861488715114e-05
3728,0.0007743532987331444,0.0008697376859647689,0.0009501177784644133
6032,3.0905807911320875e-05,2.6623928416423614e-05,3.929911360800665e-05
6804,0.00011112124080484833,0.00010586926705418397,0.00012574311546639073
6254,0.0005020163269615313,0.0007964024192940657,0.0006989306133661028
1850,0.00022150987144642449,0.00020931629525698122,0.00022816102164389723
3372,0.00015120719346742496,0.00014834964676748344,0.000148526405154072
4806,2.47853241548684e-05,1.4136698236125544e-05,1.341176517559419e-05
6895,0.00010658761258267023,0.0001403410587860975,0.0001932403185449221
1814,0.0001406194266816236,0.0001405138733722977,0.00014067223236034377
2753,0.0,0.0,0.0
3932,7.130598465200195e-06,5.354923040245371e-06,2.3811470901101277e-06
5591,0.0027694252305596584,0.0015439547237816064,0.0009659711019356251
3289,0.0,0.0,0.0
342,8.034660951018522e-05,0.0001358172245749749,0.00015343479642503436
1591,0.0010782820129065641,0.0008346124594058665,0.00081354495820355
492,5.0622194112859064e-05,0.00017605101821209049,0.00010004280454588926
2821,0.00010249842505349221,6.035454785336009e-05,4.023904180024216e-05
1346,0.00021211503393042726,0.00021862517334070687,0.0002516445679889033
5728,1.487132173799778e-06,2.5166618640746542e-06,2.1980233741853717e-06
5186,0.0001263535236640684,0.00011028825598275569,0.00012361547618431544
3188,3.7944801382464425e-05,4.832384975949826e-05,5.8083246650024535e-05
3959,1.565384563346348e-05,1.5793398517284506e-05,1.809203130715114e-05
4992,0.0001454951157257042,0.0001455801105372472,0.00014657058052733923
3492,0.0012479745611289517,0.0006571114996206598,0.00036231374257985737
5032,0.0007608369884034195,0.0006151060886963285,0.0005942991981002823
1390,0.00014673057005828256,0.00017262688366986726,0.0001695870484506443
2563,0.0,0.0,0.0
1094,4.4749985283122175e-05,3.3949164636298636e-05,5.916903732453724e-05
2631,0.0,0.0,0.0
735,1.1697548193898558e-08,5.848774096949279e-09,4.882629819880562e-08
2311,0.0,0.0,0.0
6387,0.00015095690125993118,0.0001463093623769209,0.0002840730454036268
370,0.0034361522526601663,0.003493010755374302,0.003662751116167857
611,5.036005596596692e-06,2.2589444022534818e-05,1.27979934890307e-05
6244,0.0009872754128328809,0.001332358982827916,0.0012127823197194923
4802,0.0,0.0,0.0
3281,1.6614201475837557e-07,7.804540054383592e-07,5.760292030739203e-07
1580,0.00010037319479880932,5.7746194310630275e-05,5.5785362813727374e-05
2375,0.00010595336444776378,0.00012063080006486069,0.0001527126007317271
5365,6.27866198883372e-05,8.770201571436025e-05,5.1728223579934084e-05
1028,0.0,0.0,0.0
5353,5.400109290270239e-05,6.706322950888894e-05,9.648601672028192e-05
5919,0.0001809915311432823,0.00024568369185934657,0.00021153888285277157
6970,3.8019203689967626e-05,3.3251116113581915e-05,2.2785298601055028e-05
3233,0.0,0.0,0.0
4792,3.733177363331998e-05,3.7538895486544473e-05,3.746374973932791e-05
1609,0.0,0.0,0.0
5346,0.0,0.0,0.0
5090,0.0001775483759346281,0.00018206881231753384,0.0003579577181288135
3688,0.003992474538171862,0.0035445238164329685,0.0027160059741627722
1029,0.0,0.0,0.0
5002,0.0001045659549247225,0.00045593319034523035,0.00034490414040728567
6697,2.466615981352211e-05,2.64507692078244e-05,5.325642111055842e-05
5271,7.40334650096933e-06,1.1005374339428831e-05,1.0231582819090672e-05
3431,7.530001595381917e-06,8.436289727385355e-06,7.935179440198395e-06
5824,0.0005683647402785919,0.0005117110335058807,0.00044498225581871844
1405,0.0,0.0,0.0
6373,6.558281487123213e-06,6.759233176552148e-06,3.847600310063676e-05
1360,3.362918720896841e-05,3.652147138334627e-05,3.321311509456894e-05
3198,0.001599276458953756,0.000981984884477884,0.0008481379314342375
5529,3.11933492716816e-05,2.921150778597158e-05,4.108840389866703e-05
6195,0.0,0.0,0.0
1841,0.0,0.0,0.0
3472,3.865737590752149e-06,2.979366867727794e-06,3.970965037620361e-06
313,0.0,0.0,0.0
7086,0.0,0.0,0.0
6338,0.00021169600655247686,0.00021852261273607885,0.0002230242127596859
3024,8.254602448332683e-06,7.05377739134171e-06,5.942113544348489e-06
2788,0.0005681041719487421,0.0004409743651822799,0.0003845380281507589
5338,0.004158803524112404,0.004482304319806808,0.005328444544961809
6346,0.00019366191541156204,0.0001916184115903769,0.0001880444057047583
6114,0.0003836124047545182,0.0003384641000416617,0.0006342617838985501
254,1.2435881854299592e-05,1.1154548703095664e-05,2.40425150147857e-05
3480,0.0,0.0,0.0
6645,0.001156470005205375,0.0010122018624101586,0.0013072142798237177
5056,4.820732109743615e-05,2.5006856004143698e-05,1.3828298258006141e-05
2247,0.0001925330120062989,0.00023082232996530513,0.0002211958547812653
3453,0.0002666111546621616,0.00022095308838116122,0.00020848830163724125
6076,2.863329231257805e-05,3.1484430088230165e-05,5.689875423084978e-05
2154,3.6479080912797446e-06,3.0636386419397497e-06,3.806057462066258e-06
2275,0.0008826607160129172,0.0008570683720075548,0.0011728197267123412
969,1.4673488534918326e-06,8.613447952259081e-07,2.671901344549711e-06
268,2.3717352989153688e-05,2.1792356033280556e-05,2.55564511305682e-05
3162,3.5277586544875666e-05,9.609650599671237e-05,6.999560428064088e-05
6516,1.4801614732800253e-05,1.5320490528549263e-05,1.8416690864493456e-05
3610,1.1685924537000236e-06,1.5665165579168966e-06,1.4520036864899178e-06
322,6.726341893171994e-05,7.97995619436849e-05,0.0002862515125920867
4745,6.4110390910352465e-06,9.781872068150137e-06,6.469461846511402e-06
3656,2.0267302718051436e-05,2.3032716078956638e-05,2.310747387745538e-05
5520,0.0002383551596283818,0.00023010820397025648,0.0005849349025013297
1411,0.00010044680750848005,0.00032294316523755185,0.00022748978087150823
4475,0.0001914887457412396,0.00016869441381513767,0.00015598037913165444
1356,0.00019197463568446161,0.00024197195788640104,0.00020751874358515877
5361,8.151949049476474e-05,8.802950101513772e-05,0.00025501937164779787
3034,0.0003769834403175148,0.00034538410542955063,0.0003793686557446674
1391,0.00012280097120084826,0.00027777432544678676,0.0001939720478759094
3602,6.535282773634413e-06,7.988990564197979e-06,7.301920970035912e-06
5078,9.613551648274093e-05,8.289826191880218e-05,6.535954086138681e-05
2570,1.7512906800098029e-06,9.259069330240763e-07,1.2385670586378072e-06
4374,0.008838186809845052,0.011058241990457048,0.008486699317832962
6984,1.2769594081315852e-06,1.1812657246993775e-06,1.1157482678884205e-06
3439,1.134529529934937e-05,9.811477979928422e-06,1.1681032640136818e-05
4018,0.00020664563301973386,0.00024046312364467442,0.00021147247090758366
4985,9.828087501603252e-05,9.813200085684708e-05,0.00010822782747416976
4083,8.26286442542299e-06,9.006113969102737e-06,8.202105210634103e-06
5398,4.2515154611118696e-05,4.1839291127548023e-05,4.176164787447983e-05
5020,2.7394188956783707e-05,2.367198134670627e-05,2.083561446415928e-05
1183,5.404124218801828e-06,1.1799124179627208e-05,9.62182387285778e-06
5840,0.0026436820381880357,0.0014147637493928723,0.000789243983450412
982,0.0,0.0,0.0
5120,3.04321525516594e-05,2.5821481120545526e-05,2.4718116011221916e-05
85,0.00031730565248718455,0.00025574031245073414,0.0008400663052015632
703,0.0,0.0,0.0
1348,8.17738031691749e-06,8.728352253787772e-06,9.003519366778078e-06
95,0.0001510386344379808,0.0001509911529065596,0.0007844835926520871
5705,0.0,0.0,0.0
979,0.0,0.0,0.0
1416,0.0,0.0,0.0
5349,0.0006234184630257059,0.0006028997232826338,0.0006209487640383382
297,0.0,0.0,0.0
4225,0.0001406985905405391,0.0013950782419684922,0.0007703161794663788
4604,0.0,0.0,0.0
5692,0.0,0.0,0.0
1570,9.853912880729764e-09,1.386258353292628e-08,1.2241481470160318e-07
4902,0.00011479192042745136,8.754363470263375e-05,0.00011130836550359463
223,1.2302787097773089e-06,1.0602933854205085e-06,4.327214790594474e-06
3920,2.723693897918837e-06,2.3754083580393457e-06,2.0991763241516103e-06
2143,0.0008723661929161749,0.0005919278713437015,0.0006390320009870035
3828,0.0001828892037327597,0.0001656231164598068,0.0005266347809011972
6227,8.378381674847702e-06,7.411073398496592e-06,5.682462353520107e-06
1621,0.0004238306215034624,0.0003097767974879032,0.0007152569923879282
3861,0.00014037057832678272,0.00014037057832678272,0.00014037057832678272
5730,0.000868953878459868,0.0012548157094566645,0.001132814122009953
5041,1.8224298442587697e-05,1.3413374995054226e-05,1.8897384621900625e-05
1519,1.3615992755313266e-05,1.3892617029487297e-05,9.429148030057901e-06
6041,0.00014803537926287322,0.00015503726513660274,0.00014992934130916033
3130,0.0,0.0,0.0
4828,0.0,0.0,0.0
5209,4.620024586874835e-05,4.360344966264092e-05,0.0001289112041129469
2384,2.6084541774453418e-05,2.5681158101549786e-05,2.502759621016458e-05
2248,0.0001816039779638862,0.000239134218340356,0.00021430650479949126
4569,0.0005607776004465126,0.00044236694467529505,0.00033093350467033514
4040,9.083412832049939e-06,4.70603513440868e-06,4.070975496991216e-06
5385,0.0003100304448775929,0.0002799871205967208,0.0006324688697592698
1669,1.7064566845296553e-06,1.7114868449325703e-06,2.785326422727208e-06
2903,1.836480470750406e-05,1.8033892425285836e-05,1.75258274444895e-05
4969,6.248245723539873e-05,6.174687599739383e-05,6.147445066277247e-05
5770,0.0,0.0,0.0
2257,0.0014963761374095098,0.0009934955492398839,0.0008441676133978414
6310,3.180325442950494e-05,3.541115693076412e-05,3.58752893230034e-05
1440,0.0,0.0,0.0
5910,0.00011605159581968016,8.814494004412799e-05,9.225175629230131e-05
4721,6.104854975433727e-05,0.00014912199301443508,9.446733848769324e-05
5932,2.5347709806779567e-06,3.814553308982215e-06,2.190374818104552e-06
876,0.0,0.0,0.0
6609,0.0001430609651010206,0.00012994777853130222,0.00010968573880858787
4042,0.0,0.0,0.0
3266,9.73213240206311e-05,0.00010534535495804434,7.422500410423037e-05
4231,3.233691138230221e-05,3.144554726907624e-05,3.125584099838632e-05
681,6.679995805235215e-05,7.751702109009466e-05,0.00016619653784104882
628,2.5710245377136473e-06,9.980249670865887e-06,6.67898319424836e-06
6611,0.0025298223777547066,0.0017093567726610712,0.001442450621334764
6719,1.4636383018096254e-05,9.008014447768895e-06,1.2825737061872797e-05
5701,0.0,0.0,0.0
2645,0.0002648293282251264,0.00025792900660484585,0.00026312350490647593
3325,4.128292060373602e-05,7.529959034334581e-05,7.904576877224218e-05
4915,4.524477995153007e-06,4.950804802542047e-06,8.670325500466943e-06
4271,0.00014037057832678272,0.00014037057832678272,0.00014037057832678272
1454,4.5625812061321024e-05,4.72953918748324e-05,5.902850716389488e-05
3735,8.282015117596607e-05,8.190992045019864e-05,9.754080608293544e-05
1847,1.6844364525921673e-06,2.9458941308327504e-06,2.894284663045016e-06
1746,0.0,0.0,0.0
1785,3.6537415449811353e-07,1.3378014197499571e-06,1.3271943266301988e-06
327,5.5159523889365115e-05,3.3205420978142155e-05,2.217843228521073e-05
2397,0.0,0.0,0.0
1314,0.00015030419146551573,0.00018940422685404743,0.0002929889468565421
2589,0.00012020494942218053,0.0001026544000340532,0.00013178561835344317
4738,0.0005973630541417339,0.00043599090901106236,0.0003434049215485439
4947,9.230367421919127e-06,7.61887878898361e-06,7.606970747088382e-06
6596,9.541866451806132e-05,9.044863100544771e-05,9.116293235912853e-05
1522,0.0,0.0,0.0
3105,0.0,0.0,0.0
2001,0.00012765543395413788,0.00018377221600030826,0.0001550969566796012
577,0.00018434945661150337,0.00018468986937342439,0.0008196789512900329
69,0.00013128028322702514,7.444373930745075e-05,4.66322566145804e-05
2356,0.00012230482343931072,0.00014141300727563258,0.00014546073195139458
6562,1.0996214644853411e-05,1.160604197060185e-05,1.1589239233169938e-05
4618,1.6255944440397395e-05,1.6201569293680386e-05,1.4956052018334912e-05
1313,1.4608526125588584e-05,1.290061762122549e-05,1.3842076525020852e-05
1417,2.7049402908918404e-08,6.488755683926596e-08,3.093867058283771e-07
6314,0.00010815799870079154,7.820324679615577e-05,6.616893604920013e-05
4885,1.0096413277089523e-06,8.695096936142131e-07,7.465383542336111e-07
1371,0.0,0.0,0.0
6496,0.0,0.0,0.0
1960,3.336865051694551e-05,2.5669316968258563e-05,2.5608005366600962e-05
708,3.38825481473626e-05,2.615439176002979e-05,4.3795867831364906e-05
5189,0.00011846336714651184,0.0001142582379382884,0.0005595577637912388
6908,8.080575401397523e-06,6.782182094364203e-06,6.805149792497319e-06
1439,0.0005030526796966411,0.000500669991808462,0.000489764564653591
3705,0.0,0.0,0.0
5654,7.009384065021686e-05,0.00010889355826831691,0.00013281893780433556
6079,0.00016414340481321897,0.00014765198931001916,0.00016174332048061614
3187,0.0004901412856089234,0.0003129295488696278,0.0002696498641925645
2555,0.0002814874778815743,0.0003557228828827739,0.00030907749772710795
21,4.2266651035834677e-05,3.453619649513408e-05,3.952910993873109e-05
2064,0.000847120984150095,0.0019748134307893423,0.0007832002828878327
4983,0.00014037057832678272,0.0013901951151038742,0.0007652828467153284
2296,0.0,0.0,0.0
3648,0.0,0.0,0.0
1742,8.875443247967666e-06,8.115026610276812e-06,6.157470022334675e-06
463,0.0,0.0,0.0
5210,0.00013375165711572667,0.00013493365070434474,0.00015290748687709716
2063,1.0574796450026622e-06,7.75395509797387e-06,4.204537360039198e-06
2484,0.0002736031682754261,0.00032336085293569405,0.00038565251254215883
1137,5.4360761154914936e-05,5.268889953467321e-05,5.216220673973272e-05
4953,4.113083325300045e-05,2.725765859948459e-05,2.0447239325909956e-05
4034,0.0,0.0,0.0
2629,2.9833278396901056e-05,1.6455675404748528e-05,1.458927451475451e-05
6652,0.0,0.0,0.0
3755,0.0,0.0,0.0
117,0.0,0.0,0.0
5190,0.0,0.0,0.0
6686,1.944738118030248e-05,1.1972734298399696e-05,9.27407330695624e-06
4632,0.00017404829993272503,0.00015021447636776253,0.0001404182968941295
2681,4.9136818857553824e-05,5.479626588430036e-05,5.412558971130026e-05
6701,2.915315941407474e-05,2.4604006541964917e-05,2.2857651645563957e-05
5489,0.0003247981743760126,0.00037704184500144934,0.00047178927604503255
3110,0.0003007609494072944,0.0002615243842331108,0.000294096656696642
3804,2.180917816806e-06,3.6925623860762962e-06,4.0096605650553315e-06
2015,1.1264956699317688e-05,1.7319794089041208e-05,2.3823947274686137e-05
2439,0.002740616914389187,0.0029294649576722784,0.0035380368388327785
6942,0.00013277717888200604,0.0001077602939251258,0.00010423874013334341
7062,4.768518030028708e-05,5.1030017542687766e-05,4.691936635843163e-05
4312,0.0005489169146731612,0.0003916530140140351,0.0009364240501759551
2391,0.0005540999689349673,0.0004117430002661022,0.0003383188477250256
1498,1.7804172243010854e-06,2.0508590838508374e-06,2.1254684939490023e-06
3686,2.1505700458249964e-06,1.7590283775703532e-06,1.5127305634512726e-06
1192,3.6643852402274028e-06,3.3663977903645108e-06,1.7777067785110688e-05
3137,0.0,0.0,0.0
3305,0.001657290882409837,0.0010202930336285238,0.0008944717338919381
395,0.00013167893762856643,0.00013110943128925246,0.0001327604233111643
6529,4.5603892824642685e-05,3.923236010614819e-05,8.853742216762239e-05
4265,0.000638999050824068,0.0006935201274923819,0.0010248604232477748
3080,0.0,0.0,0.0
5953,0.00010435774046548904,6.32684493832102e-05,4.061202852375182e-05
4356,0.000923419702223022,0.0008054963954673384,0.0007347324788863605
4151,0.00026127009862145445,0.0002679886315072615,0.00027122559328093343
3927,0.0001901878707417828,0.0007714443434136201,0.0004739483986914523
3826,0.00011929963086889145,9.333661076997003e-05,8.723046108529538e-05
2283,0.0,0.0,0.0
145,5.986106403265469e-05,6.58229567762584e-05,7.785902864058597e-05
6910,0.0001716497758407323,0.000222993746187015,0.00032995034805159977
5901,2.557431879835274e-06,2.5551414333000336e-06,2.5391752839625894e-06
4897,5.262870857560295e-06,7.516087077781772e-06,3.901609431664926e-05
5821,0.0,0.0,0.0
6742,7.842034620085697e-05,0.00010948283264908184,8.91451513607533e-05
705,1.1867528802603927e-05,1.2582558133937387e-05,7.229577119080983e-05
2182,7.910800708137574e-06,1.0600077563613223e-05,2.6438194044055025e-05
6389,1.1480554811617765e-05,9.906964265448039e-06,9.238058712160612e-06
2268,0.0,0.0,0.0
4597,0.0012804619052832198,0.0012951623984530883,0.0015727879931446026
1646,0.00040214065077054856,0.00021670723417486029,0.00012042867346334216
5601,2.8852626963047408e-06,3.1094466319137437e-06,2.823016512572544e-06
7103,1.322690775620388e-06,1.1905942400695608e-06,1.7238116804137694e-06
4141,0.00023794515272649542,0.0002423928247694756,0.00024520838576046195
5589,0.00017134093263320075,0.00016318653588109526,0.00017406678318744446
3646,0.0006276366777321842,0.0010427136071538853,0.0007415461106720623
1860,0.00020809802502806505,0.00030601821551755435,0.00019797574689886435
5629,1.2989247429704137e-05,1.2364909903838655e-05,7.066191837852993e-05
3477,4.362184354425793e-05,2.7843860391451133e-05,1.928028647130532e-05
230,2.4963372652586243e-05,2.484318184134473e-05,2.642426708548016e-05
2209,2.733929180233327e-06,2.0185855947290053e-06,5.0259600760770565e-06
7098,9.72050070653661e-06,1.7430303403028098e-05,4.2146824080577526e-05
724,0.00042959522019895,0.00042404979973357355,0.00086967572930445
2390,0.0,0.0,0.0
4783,1.8445467207527732e-05,2.034104705394173e-05,2.6282184467582587e-05
4295,0.0001633425095191645,0.00015838012395051336,0.0007783456820283354
232,4.000487054647174e-08,2.1629060273936386e-07,1.5671037483649076e-06
4839,0.0004117876371339377,0.0002578231870096845,0.00017456839717972176
1767,0.0,0.0,0.0
1673,0.0023003494961986153,0.003712278913975008,0.0033883573107641733
3599,7.871515631767208e-05,0.000295018755763121,0.00016752706304210918
5678,1.9696225352976242e-05,1.8364800641155115e-05,1.7840382778388943e-05
4907,0.0,0.0,0.0
852,1.9729077272070877e-05,1.6340403873428224e-05,2.1381149914627083e-05
6928,0.00014037057832678272,0.00014037057832678272,0.00014037057832678272
858,0.000758573117845226,0.0007714626450838787,0.0010989426770153534
1004,4.250472241446659e-05,4.184874867430649e-05,7.763614903569786e-05
1983,0.0007399515525405888,0.0004102495808658222,0.0002738386541047626
1645,2.507829256244962e-05,1.8947095150718898e-05,2.0735052965315897e-05
5115,0.00018247967079118251,0.00013953345076572524,0.00010980267715352325
3639,0.0,0.0,0.0
1749,2.97660537900731e-05,2.7320737649335856e-05,3.0079848599183078e-05
4727,3.899176574836039e-05,0.00025493667429307937,0.00014621474248284575
4098,0.0007142608513278399,0.000694847246311773,0.001316574378105632
816,0.0,0.0,0.0
504,4.4536474754354226e-05,3.969933538088173e-05,3.151996319615934e-05
5408,0.00010540009896907043,7.054217573855315e-05,6.782598298304406e-05
2789,0.0,0.0,0.0
4012,0.00019223791569993547,0.0001853976791492711,0.00017884548609626398
7031,6.357827739175008e-05,7.388992384783041e-05,7.206463599819898e-05
6154,0.0002666590523423996,0.0003278740122682143,0.0008134510852057152
745,0.0019055726753433924,0.0011241365772767548,0.000727819814821135
894,7.584305404203563e-05,7.919251910405728e-05,7.996826098868603e-05
6820,0.0001800116341386785,0.00032088805583424046,0.00040003499956483554
3246,1.1635241487478044e-05,1.0522808153323166e-05,9.731074076293458e-06
2293,8.415846861795745e-06,1.0849973734000153e-05,9.860837328636173e-06
5809,9.36134865947842e-05,9.194368039805974e-05,9.388558140394606e-05
732,0.0,0.0,0.0
5395,7.212154336029354e-06,3.798896974460176e-06,2.5922797717902853e-06
1880,6.998955781432975e-06,7.777193584721021e-06,8.906797195845438e-06
3296,6.671965903809339e-06,9.43427732409529e-06,1.0492506518062201e-05
305,0.0,0.0,0.0
6819,1.4355649160631282e-06,5.418317741492979e-06,3.612255663008023e-06
6001,0.0014683454160686327,0.0013230431969223485,0.0018868587849778034
3020,3.8622602782924185e-05,4.1303229063676556e-05,6.0787016799784226e-05
4978,9.263077638517823e-06,9.306745498625777e-06,1.909838420277823e-05
2422,0.000605414560294396,0.0006412897209047596,0.0006112374891906057
5164,1.1777350478946134e-05,6.786990470757753e-06,1.2827194590929498e-05
1671,4.938177203007368e-06,4.671742923929583e-06,3.845797075998071e-06
559,0.0005328300924813449,0.0005046947099164269,0.0005486567179408508
723,0.00013126953826885112,0.00012819260381568068,7.785677499973563e-05
7071,0.0,0.0,0.0
2816,1.1641328191987051e-05,8.123403779253182e-06,6.142729790259707e-06
1100,8.368614599530636e-06,1.315262855449552e-05,1.1634608666235144e-05
6069,0.0,0.0,0.0
986,0.0013616515281338185,0.0012412973658342341,0.001369125066744496
3397,0.0002493693784001632,0.0008414073653885907,0.0006290899999474597
1235,4.2940366629572024e-05,3.8632661872642765e-05,4.077725676165688e-05
3892,0.0005160890462593428,0.0005721083333944042,0.0004905721009306398
4447,0.0,0.0,0.0
1626,0.0,0.0,0.0
3236,5.8154941249483516e-06,3.3776591501180096e-06,2.866554132601166e-06
2335,0.0,0.0,0.0
4168,0.0004934369374182354,0.0005767753771795718,0.0005783183378927164
5050,0.000346008060689113,0.0006020068434168039,0.0007016573230864546
6243,1.3734683542037196e-05,1.6856808014844157e-05,1.5454390240368447e-05
5513,7.481174658782472e-06,7.175228762085157e-06,9.604150934883176e-06
1254,0.0005118752265890371,0.0016203636718306186,0.0007673397743120935
3689,7.248149367703823e-07,7.862431640356313e-07,9.046876607113264e-07
3505,0.0,0.0,0.0
5260,3.704863570779153e-07,3.602717063861911e-07,6.376048287859818e-07
6684,0.0,0.0,0.0
2460,2.2573673998257378e-05,1.5879780037277387e-05,3.5694678955862805e-05
2949,2.314933113350128e-05,2.1700338498401373e-05,3.5471537723665894e-05
1025,2.327280467599339e-05,1.693066317666506e-05,1.625531766600624e-05
2800,0.0002546583289037604,0.00041950774184502693,0.00043987991256639073
5179,0.00036287266260088885,0.00042617098311435747,0.000339249094335652
5184,0.00030904922351925393,0.0005026566914989187,0.00042513129230372764
1102,4.68539564049892e-05,4.9863650747291536e-05,4.722675173904189e-05
1168,0.00023846655075754867,0.00023555108149386645,0.0005373868164736657
5954,0.0,0.0,0.0
1976,3.455263170194711e-05,2.6021564008917007e-05,3.340009032373244e-05
921,0.00011517622850941631,8.441685468999207e-05,8.036875164804231e-05
4533,5.620931696006652e-05,5.523283525862384e-05,0.00019974081342884374
6247,3.169532762064731e-06,3.86996791184901e-06,3.946535201286332e-06
6474,0.003829577208135072,0.004188559733908203,0.002597682155660049
1546,0.0004542928931940862,0.00026357781471626675,0.00016755191310586292
2687,5.245126772678805e-05,5.628169078848763e-05,5.457914943459787e-05
2623,9.078367916575872e-05,9.529711754033011e-05,0.00010266609447597967
5948,1.0026820646756823e-05,1.252306911570424e-05,1.1214219651958197e-05
5592,1.550927445106028e-05,1.9768526405198126e-05,1.5845738505273842e-05
5000,0.0,0.0,0.0
6592,8.75552920647872e-05,5.419339822402149e-05,3.98195068767918e-05
4019,3.752235120022683e-06,1.99861071722855e-06,1.6015401304143233e-06
5963,3.56605073336424e-05,3.917838992111179e-05,0.00013384371110045136
4239,0.0002546379565062063,0.0001764175463229153,0.00012906464531655336
6073,0.00028204911898935785,0.0002317035214831839,0.00021511586961440115
908,0.0,0.0,0.0
5892,3.508157135082846e-05,3.586348839179153e-05,3.867089499079596e-05
5857,0.0011202456786543766,0.0015647755175457595,0.001791166604863615
5144,0.0,0.0,0.0
5804,5.337506353512389e-07,2.800252747834663e-07,3.3929128474178314e-07
604,0.0,0.0,0.0
4054,3.723740889073476e-05,3.7308192566872336e-05,4.5057504417715875e-05
1553,0.0005097864888324097,0.0006809573042722636,0.0005532029025574448
4372,6.150552768452179e-06,4.332223233334075e-06,8.894922719655367e-06
6044,0.0001209942157971216,0.0001340243658539056,0.0001596479436270439
1765,6.465741747760347e-05,6.492109417475877e-05,0.0002155099225870557
1700,3.679920960212969e-05,3.541149402148884e-05,3.548357964592129e-05
227,7.64556357801329e-06,1.80651454806981e-05,1.0383697856004724e-05
2934,0.004418093763808042,0.003012549040132549,0.0023918122060804545
2506,0.00025870057101725415,0.0002723275578333888,0.00026170781719350814
6569,0.00037161786832829477,0.0016410773840696805,0.0014164905216349046
197,0.00283441872206215,0.0016961263345982608,0.0018060544732047385
4980,7.705048097273277e-07,7.645651032165747e-06,4.689417148381769e-06
2005,2.344910805538377e-05,1.8274536408742922e-05,3.134000744977351e-05
778,9.391236104102548e-05,0.00013742494775651975,0.00011557086046740651
5147,0.00012928858889103964,0.0006616647564690759,0.00013046165352000808
4706,2.699434198591975e-08,8.427550107586835e-08,2.5958875727760166e-07
3666,0.0002941084037477345,0.00027842037654871965,0.00024470755012508935
5598,0.0,0.0,0.0
7099,0.0001509483907607122,0.00014597050209010082,0.00014362017883699983
6854,0.00011886290991257495,7.020342624022125e-05,4.4483461237680286e-05
6555,1.6080429441224055e-05,1.7082442496505647e-05,1.907145720776097e-05
4326,0.0,0.0,0.0
617,0.00011288484526945831,0.00015782740578636448,0.00018113462527490892
2731,3.1982216818377244e-05,0.00017203855424024474,0.00010482157540649627
793,0.0017603955298322771,0.0017987786114956226,0.0017734275147233353
1935,0.0,0.0,0.0
1133,6.310015905239863e-05,7.33690457975951e-05,8.696120254722382e-05
716,2.988415370442637e-06,4.882010599442666e-06,4.326167975293224e-06
6417,3.343293882385321e-05,4.536609478494135e-05,4.9571985866211106e-05
4674,7.01793453309668e-07,8.70264246039046e-06,4.852582293620008e-06
1987,2.41331287987567e-05,3.967297351383368e-05,5.742516025389633e-05
3206,1.1317917462520529e-05,1.2165281774698255e-05,1.723858300282967e-05
2507,0.0006020402577102214,0.0007658501143968812,0.0008114494541835951
5844,0.0,0.0,0.0
3946,4.007740402291033e-06,1.8037723475591434e-05,1.9196443304539372e-05
5774,0.0,0.0,0.0
1631,1.3996313583386221e-06,1.6083237523908463e-06,1.3973438751814204e-06
7066,3.0319150908664653e-05,6.04114731331547e-05,4.2525704112732194e-05
6236,0.0008139282063248246,0.00065211077039057,0.0009156517277769528
4407,9.098191400444556e-06,5.244307013107266e-06,3.97993669362341e-06
4829,0.0,0.0,0.0
1614,5.15947622296723e-06,6.206075665011516e-06,7.623163839945452e-06
4742,9.545336458584668e-05,0.0003356477705284318,0.0002238643589440354
5816,0.0,0.0,0.0
2587,0.0,0.0,0.0
3256,0.0,0.0,0.0
2907,8.811116219786459e-05,7.710943868069985e-05,8.21331604949838e-05
3467,9.519417049281887e-06,1.301187795914345e-05,1.834722527501496e-05
6065,1.1872254420998913e-05,1.2649812101876386e-05,2.4776804797911976e-05
2302,3.553123221861175e-07,2.0207787371828167e-07,7.186819876488477e-07
4602,0.0010391451931866518,0.001668271757358433,0.0011729611369223735
4111,0.0009238559613093457,0.0005956758013478758,0.0003260798408218885
4867,3.5924068165482695e-05,3.720698861843075e-05,3.621326785941568e-05
5885,9.81574965095366e-06,1.008198703635773e-05,4.7738172496220964e-05
4009,3.504322176230759e-07,3.2156158478168547e-07,1.4112110113583525e-06
6336,2.274580537904093e-05,2.2671052782646387e-05,2.7918126407394476e-05
3254,2.402850220636165e-06,3.080851214778266e-06,3.7520020403417685e-06
410,0.00027678711945758403,0.00026790919242237674,0.00028670443307972755
3422,0.0,0.0,0.0
5292,0.0011478462163403416,0.0010379759593696495,0.0010373916972836812
2998,2.7565989903680417e-05,2.8677762084857195e-05,2.7561855026021894e-05
131,1.2344952823389622e-05,1.2841584359432777e-05,1.1146560667933712e-05
1365,3.581597581453016e-05,2.3567075300556216e-05,1.7885103813971666e-05
5891,0.0,0.0,0.0
4555,0.001680829616917442,0.0012570770432979235,0.001325125088576455
2882,0.00043692598120043065,0.0005014258803738814,0.0004330039126680441
1780,0.0,0.0,0.0
3245,0.0005094656964133358,0.00043609904361313395,0.00041570151984656546
1166,0.00015382722543385427,0.00015191623049189785,0.00017165668506076727
1548,5.959563818760316e-06,4.197915948180888e-06,3.0278563193871994e-06
6553,0.0013255431036520195,0.0009189637527976118,0.0007891073654670507
5618,7.116632055882649e-06,2.1109854481515432e-05,1.3399614470819773e-05
3329,1.592117111173129e-05,1.4838440036469411e-05,1.2937585654310636e-05
6409,1.6584979426917282e-06,1.5453289894235972e-06,1.207533122396596e-06
2273,3.820174872892487e-05,3.8447492385857476e-05,3.0958535400336015e-05
4133,0.0003673693441678339,0.00026235777026378863,0.0002876879823514832
3548,0.0001536823406096169,0.00015978928534983198,0.0007844338961439419
2706,0.0,0.0,0.0
7051,0.00023187139388934866,0.00024634575755843306,0.00025264509472412304
2853,0.00011346356205085126,7.508856585948376e-05,6.465199243923164e-05
5006,0.0008956474726645131,0.0006278590537147205,0.001129865302625775
4008,0.00018697215289626844,0.00016351792234310956,0.00020158198852028445
1857,0.00019716821982928383,0.00023330701271120338,0.0002982394123813401
4327,0.0,0.0,0.0
4207,0.0,0.0,0.0
3141,5.457414868297367e-05,6.395310720893513e-05,0.00010608636949898542
1991,4.865360891035422e-05,5.178811887921084e-05,4.919239722431029e-05
3661,0.0002166257467516856,0.00021360604656403987,0.00024967672877809825
2856,1.0190659768687273e-05,7.2192251167259525e-06,6.023059598623198e-06
5504,0.0,0.0,0.0
1957,0.0,0.0,0.0
4508,0.00013010234210800303,0.000184517647078817,0.0001497222817307612
1229,0.002026190130632398,0.0017605459140031963,0.0023947402435722707
4332,0.0,0.0,0.0
5238,4.62374282517323e-05,3.633714281288298e-05,4.1946414469223246e-05
1833,0.00018694370111259394,0.0003382318031120633,0.00019771391151946486
2796,0.00022340064609455417,0.0008653193859431211,0.0005448709420670256
5990,0.0,0.0,0.0
5033,0.0014840234196300624,0.001606118211553469,0.0013277512562736209
2560,0.0,0.0,0.0
3676,7.144316092096537e-05,6.815285961642616e-05,7.009419650105802e-05
2421,0.0013966320808189877,0.0007400134544910536,0.0004080419001575656
3371,0.000960498927272545,0.0010846363018275622,0.0010764304017159443
4091,4.249745713724542e-05,4.12619116333373e-05,3.853709697169726e-05
264,6.2296889135482e-06,6.1726865495475115e-06,1.7154959052020517e-05
4370,6.767099146550947e-05,6.999188686743533e-05,7.67623631300308e-05
4599,1.4819968053560534e-05,2.2010593255210664e-05,5.3549870717394614e-05
5124,0.00014129427597165997,0.0001428850453999227,0.0001413374374299927
6693,4.41091610716556e-05,9.919781774684747e-05,7.493529957437513e-05
5492,0.00024787990324245035,0.00017407097727479423,0.0001387600199226604
3855,0.00048742644765839923,0.0006247627592631197,0.0007550399315059911
2536,3.984781369359207e-06,9.482925149321545e-06,8.960342113286211e-06
633,6.378997863011814e-06,6.06549847188269e-06,1.0090602507835717e-05
4416,5.625752357791101e-07,5.600916827666068e-06,3.7018895275245746e-06
1438,1.1371862935194273e-06,2.2714600674869684e-06,1.6874365281541345e-06
2842,1.1926957982626092e-05,1.0971653047592264e-05,9.082301096545222e-06
1870,9.736953943631473e-06,1.1763721835836679e-05,1.4506145979005552e-05
3396,0.0001327741055279623,0.00013781994679417555,0.0002403044658896117
5941,0.00045859107199462874,0.0004064692681690342,0.0004076728006229996
3574,9.871523100769868e-06,1.1756592776802613e-05,2.1621722314242593e-05
6324,0.0,0.0,0.0
3337,3.917169803319877e-06,1.1500800500735672e-05,6.950112218560418e-06
106,0.00010969420854552209,0.0001071312897999529,0.00014004615688624494
1074,2.136431302737516e-07,2.0936112021505174e-07,1.0886588650335809e-06
6764,3.144210196107129e-05,3.387913707860016e-05,3.336806375737414e-05
1475,0.0007719022244581545,0.0007800370702501804,0.0006991018448221214
3384,9.80258974072062e-06,9.667111461575146e-06,1.3696177875882467e-05
7037,0.0,0.0,0.0
3144,0.0,0.0,0.0
3644,3.2804523146471524e-06,2.623195392636639e-05,1.446061191675566e-05
1653,0.0,0.0,0.0
269,5.678990575211085e-06,5.375586493186047e-06,5.412684444191695e-06
3512,0.00014692976978098992,0.00014714389498929778,0.00017689424914391237
3741,1.696340478300584e-05,9.44526285183743e-06,7.781079205785128e-06
2197,8.080580729854203e-06,9.640759985903044e-06,1.5554176584074667e-05
843,2.1182195794502236e-05,1.9488401560814627e-05,1.8715547413593838e-05
2913,0.0007164915009505809,0.00071943869280604,0.0006512014184151258
2713,3.513606842452517e-05,3.2727732775309995e-05,6.073511967011718e-05
3753,9.80025238444126e-07,8.072661453237865e-07,9.590427862228735e-07
6040,2.7853787514586138e-08,7.821428896421506e-08,5.713467082091388e-08
2823,2.680635743605959e-05,0.00012129921868422617,9.62451874154149e-05
4683,0.0001116384287841966,7.614027031820475e-05,5.546759254316666e-05
3854,0.0,0.0,0.0
5748,9.219736849514328e-05,8.642597454732068e-05,0.00011992830391459536
1977,0.00013131009444207475,0.00011159467612956042,0.00011124573310038753
3436,0.0008005141499036382,0.0009855920536261508,0.001092420887522002
1611,0.00031697727003295555,0.0002745334538635538,0.00025732108510010277
2671,6.820910742954204e-06,1.2606319449375412e-05,1.2228592860645819e-05
2476,0.00030381226327606456,0.0004685682928912894,0.0003790022653751414
3668,8.658650816644131e-05,8.291395992604814e-05,0.00010788920313239091
2271,2.8583932209146136e-05,0.0002445653584830349,0.000134218601354499
906,9.280433068298678e-07,1.3763098946655097e-06,8.882343677980783e-07
4217,1.3195551526836191e-05,1.67885817043918e-05,2.2056114131295472e-05
5153,0.00013260690546613584,9.457666352723336e-05,8.462261901774645e-05
1186,0.0002682531561895852,0.00027512040905741273,0.0004877402707970971
5605,1.0761566173002975e-05,6.070846600378179e-06,5.662489124447503e-06
4615,0.0002027094839094088,0.00021946024188115485,0.00023418130046608937
1319,2.821804624113163e-05,1.9868795220414146e-05,1.4416107111641814e-05
4996,7.640359321732914e-06,6.783762550319671e-06,1.075582203207672e-05
6126,2.3710212873198893e-06,2.488869532193636e-06,2.008145394310098e-06
1130,0.0,0.0,0.0
1084,9.539379006602709e-05,9.664971179889546e-05,0.00010885308445131539
6189,0.0,0.0,0.0
5669,1.412753488555315e-06,7.063767442776575e-07,3.712414937117067e-07
3169,6.994283629072224e-05,8.347648416749937e-05,6.927867074651074e-05
4928,1.3049659247190178e-05,1.2019473588770472e-05,1.8057985657962164e-05
4808,0.0003099294793106886,0.00024637580830857205,0.0003892281925517145
2010,9.78654209452809e-05,0.0004183365423922694,0.00018329936545539614
5040,0.00013029168368877613,0.00010885033560059909,9.717389788260369e-05
375,0.00016430371616485022,0.00023730502676984317,0.00030635158420593873
6125,0.0,0.0,0.0
1444,0.0,0.0,0.0
3153,1.294038281812079e-05,1.2856375999893467e-05,1.474364619246844e-05
4424,0.0,0.0,0.0
5181,3.5529855292824315e-05,3.816109759162402e-05,3.132421467996773e-05
790,0.0004188483991321079,0.00042493072391714705,0.0003882236456280193
1514,9.27121359364071e-05,0.00018986896082141583,0.00014507348491883283
4640,0.00012881080573449226,0.00014982455682497118,0.00021597209393018878
1157,1.0970787681107148e-05,2.7951623935721798e-05,2.7652672196204225e-05
4654,6.448769869369148e-05,8.066194804428832e-05,0.0002201184533276074
929,2.7013216650638523e-06,2.189004270570606e-06,3.0057376810581794e-06
3295,7.612186551568084e-05,8.079381810075745e-05,6.381149210416504e-05
3975,0.0,0.0,0.0
3048,0.0,0.0,0.0
7115,2.3127283240465682e-05,2.7776824390761114e-05,2.472825851026663e-05
2596,0.0,0.0,0.0
5689,5.832453862354106e-06,5.3302770522280934e-05,3.0275045372208646e-05
2202,8.699112451523963e-05,0.00048424486302643633,0.0002929327098551725
4023,0.0007993039052156291,0.000780090857651576,0.0007123745325134081
3203,6.854449911770135e-05,6.643642465565146e-05,8.761432026088475e-05
2077,3.251432081065496e-05,3.1380876436752e-05,3.1223322926371233e-05
5800,3.5650218557928956e-06,3.383445903323106e-06,1.481318546379048e-05
5053,0.0,0.0,0.0
1120,0.0001456589483335889,0.0001350784779118152,0.00018596004613783757
1466,0.0006263948286051051,0.00034582768439398305,0.00020567927861056827
2632,0.0013501493994250095,0.001185544409340079,0.001083460845993019
6986,0.0010827239252867082,0.0009182941629763976,0.0008665260517448178
472,0.0,0.0,0.0
590,0.0,0.0,0.0
5451,0.00044678154546587927,0.0005579196945770973,0.0005649789402332069
3377,0.0003298213609660379,0.00034146895462933206,0.000399940632122023
1049,0.0002070829122558857,0.00021458363918661514,0.0002106766786008164
3050,0.0007531197464913865,0.0009344377341888654,0.0007879299183275937
4628,0.0004988042417599392,0.0007192180425996314,0.0007409780397713944
2437,6.357859889293846e-05,6.957756596790145e-05,8.564476722347008e-05
2862,0.00015045815099624815,0.0001665833158832259,0.00016104861826098368
1604,0.0004401432100430032,0.0005751248851915948,0.0006435140393419131
4066,0.0,0.0,0.0
2714,0.0,0.0,0.0
6698,9.206323486367769e-05,9.734004039859499e-05,9.554591595763402e-05
207,0.0026560609186593934,0.0014019235933377613,0.0007869495021900979
6810,0.0006925419916719604,0.0006651277306661085,0.0009467081883320951
4191,0.0017185504017141486,0.0016412052107235395,0.0019307732715758566
5415,0.00040860080602484166,0.0005293146944763069,0.00040984234027471384
2032,6.599096900266069e-05,7.410385406681328e-05,6.810849548904323e-05
650,0.00042884902877970776,0.0008250311286766835,0.000923494681956463
5167,0.0,0.0,0.0
3016,0.0,0.0,0.0
7069,0.0023730489339773165,0.002093902781858121,0.0020109542794041293
3633,0.0005365023415453334,0.000601332053368604,0.0005374798810668857
6237,0.000276525145978511,0.00027391142399650994,0.0002762524217642865
6475,0.0011901320562818726,0.001644415157651234,0.001203348664425914
5319,1.8488339585255074e-05,1.780931895168016e-05,2.069260874664047e-05
3685,0.0001663667612563633,0.00017582436068365893,0.00014718775612656133
819,1.3868609906539481e-05,7.972065936082841e-06,6.439680330189888e-06
6539,0.0,0.0,0.0
5329,0.00014913776882707132,0.00015060372827504148,0.00016011601277187053
2919,0.0005641581999086565,0.0004589653965345059,0.0004211165150083654
551,0.00013195758297904808,0.0006794376248231605,0.0004027674500792218
5457,1.263901797108298e-05,9.3785290307339e-06,5.837532323194016e-06
6759,9.762719828050179e-07,1.5330360063609867e-06,1.9712795120246875e-06
2748,8.812005738073449e-05,0.00010101486305195886,0.00011340032048957178
1447,7.96201824444356e-07,3.514498060946834e-06,2.1712813759171425e-06
2646,0.0,0.0,0.0
3507,2.1115877282964613e-05,1.5224544740997682e-05,1.0075171647015018e-05
1560,0.0006230790034874943,0.0004916709368093181,0.0004092802013923074
6887,5.3721394987182714e-05,3.7043770046481554e-05,2.6720274526999554e-05
5535,8.80092546001032e-06,9.289709696886723e-06,4.7756854350737286e-05
5350,0.0003145232141838418,0.0003672125339643812,0.001047206042215268
3064,6.389417667407671e-06,5.700651854509339e-06,4.923930360549035e-06
3701,0.0,0.0,0.0
3798,0.0,0.0,0.0
6147,0.000572531118641106,0.0008511702777531982,0.0008944749123463713
1448,0.00016002773025329957,0.0001648854384215654,0.0001758796495168604
5664,0.0,0.0,0.0
7030,0.00026502268228531094,0.00024549960326642075,0.0002454461916500298
1652,0.0,0.0,0.0
2626,6.183980497343675e-05,6.132285377565085e-05,6.389936546186622e-05
1418,0.0,0.0,0.0
3240,0.0005255901297720852,0.0004905767518444444,0.0005114973722348189
5939,1.1534743830676152e-06,1.3775325773159709e-06,2.4022733893651692e-06
1771,7.723698387490376e-07,6.561129865950149e-07,2.9761116669912686e-06
520,1.6308023883590283e-05,1.571436638383183e-05,1.4761379002379373e-05
7092,0.0,0.0,0.0
1815,3.0663233346444916e-06,2.9768285263074073e-06,2.6960646773375337e-06
5911,0.001129902255209888,0.0008427780515392639,0.0007603992345186822
415,6.22075722040736e-07,3.93810729218498e-07,4.535918946543055e-07
5868,0.00020305172431651946,0.0014654020818019864,0.0008366656938811531
777,1.4479888090422772e-05,4.733052069531894e-05,8.866418427321052e-05
6675,5.358351929859586e-06,5.372545648267536e-06,4.869914949607567e-06
808,1.8737652741581228e-06,1.8918526196186252e-06,1.8820368645375432e-06
149,0.00014333065343107078,0.0001399517109691519,0.00016994808495999637
5636,9.202773242936981e-07,9.555950474899352e-07,1.0903632209255425e-06
2761,1.7427034211873233e-06,1.5587773101503427e-06,1.3449672417328422e-06
675,0.002917340125395497,0.0032380995787223317,0.0037245326466147748
1227,0.00011860070859023604,0.00015668151059475903,0.000279444902056149
4620,0.002611880021381035,0.002503894265145631,0.0026610865990084123
2128,0.00015071337382338573,8.077278602900079e-05,4.9746074056935485e-05
2111,9.934621145495428e-05,0.00010988456723166459,0.00010610929452919236
1217,0.0,0.0,0.0
485,0.003919117805760482,0.004949068647092005,0.004630497828021563
849,9.01218774463478e-06,6.927677076773703e-06,7.535062521085342e-06
200,0.0004050697390973125,0.0004888032164369028,0.0010588303187095193
6116,0.0006022055644863441,0.0007075336861699712,0.0008731950606893854
1058,6.329823191318365e-05,5.619907980894053e-05,9.166048985104109e-05
4494,9.618554805443541e-05,8.738073893957394e-05,0.0001327576262902791
436,9.44193238638668e-06,1.0133562457430118e-05,4.951454520513326e-05
2409,3.274843949990761e-05,3.5512089090415067e-05,4.084145827823034e-05
4566,2.2278640926144467e-06,2.1390318303836507e-06,2.0920526146242706e-06
2608,0.0,0.0,0.0
2534,1.5487981897668014e-05,1.4249132845476056e-05,1.9522309854001358e-05
6187,5.4842967534915096e-05,7.806168003725299e-05,5.824762375047619e-05
6559,3.029861496260084e-05,2.8744391432157186e-05,2.9314761707302925e-05
2,0.0,0.0,0.0
3247,0.0,0.0,0.0
1906,0.00014367931720854317,0.00015940434143342546,0.0001589195913764499
3306,0.0,0.0,0.0
7011,2.5682105157913196e-05,2.7449264777547877e-05,1.547563713270753e-05
2222,4.459657488588369e-06,4.4964743477855546e-05,2.429455527037737e-05
4112,0.00012198085313190896,0.0001279119001543319,0.00015855615174557982
67,1.9043388702659517e-05,1.9983008829090913e-05,2.0038157938111418e-05
3274,3.414187787827311e-05,2.854009256181207e-05,2.3841018930476186e-05
4581,0.00014037057832678272,0.00014037057832678272,0.00014037057832678272
5326,0.0,0.0,0.0
2050,6.075721069055822e-06,5.9732747974510925e-06,5.719652504147441e-06
1531,0.0,0.0,0.0
570,0.0004387379772438483,0.0005981125032520723,0.0006829765962820446
3493,0.0001907856681584143,0.00019743233457321542,0.00021428367738491187
1949,0.0001486940891416783,0.000151805668360965,0.0001485000535316738
2742,0.0,0.0,0.0
6493,2.24075780080733e-05,2.3414779273389856e-05,2.523223788800321e-05
1188,0.0,0.0,0.0
1619,1.3533578689062568e-05,1.710367231520172e-05,1.3994782758215718e-05
6018,0.0,0.0,0.0
6892,0.0002932969272738414,0.0003133850939878455,0.0002989070361645528
1283,0.0038164491100552865,0.0031666235169837964,0.003048208075653838
6050,0.00011969266756319387,0.00011235764245827708,0.00011336447628697932
2030,3.602535113483562e-05,7.210034750445118e-05,5.523532574914766e-05
3042,0.0018574379292645188,0.002614001665829684,0.0022291179956520435
1406,6.680471099662503e-08,4.4258324948004964e-07,8.217896955016637e-07
6836,1.5374853184214872e-05,1.3555151107037158e-05,1.5145165640593187e-05
1167,0.00024365219232379853,0.0002457283074363381,0.00024619594104181207
3312,3.704096198442571e-05,3.228953328998329e-05,3.9056743212959336e-05
2874,0.00011420923564273943,9.729082874876297e-05,7.561019091579931e-05
1115,0.000526732079620597,0.0005379018151641348,0.0005661892269636678
6657,0.0001548941996628942,0.00015904803304362094,0.00016024741143827348
4595,0.0007149150972248818,0.000650928009101655,0.0005678681328534605
6185,0.00014037057832678272,0.00014037057832678272,0.0007656736611420888
3070,0.0001500278079827081,0.000150839573599384,0.0001508294138046114
1433,8.433768784432882e-05,6.787485726846899e-05,5.6132023649611245e-05
1720,1.7642071295442757e-05,1.6836171490808722e-05,1.119185683535339e-05
1305,0.0,0.0,0.0
32,7.416856956110302e-06,7.349164616285705e-06,8.278202998280812e-06
6222,0.00017374557738041672,0.00018706317935337445,0.00020876745581341439
5441,5.140713289926159e-05,4.1453440289965115e-05,9.950445625823168e-05
3695,5.301460278950446e-05,5.011320208825576e-05,5.12993170721911e-05
1470,6.608291080974312e-05,7.195463566742179e-05,7.678182871347643e-05
656,2.1710278152391667e-05,1.528032339137334e-05,1.581389272573124e-05
7121,6.816862784105414e-06,4.977115898817129e-06,5.728732673603911e-06
1395,3.948506754391713e-05,0.000308784630937839,0.00017287495668757427
3443,9.723011963230302e-05,8.156583545184292e-05,8.495758231876693e-05
5287,1.5570026562362127e-05,1.5023410286919922e-05,2.0419858929641058e-05
3491,0.00032569946818498784,0.00034335076642027053,0.00039064688740998206
3498,0.0010377138520427942,0.0009125527164286577,0.0008053270650350598
1978,0.00027794750486388693,0.000856249253101395,0.0006529414737216117
3318,0.0,0.0,0.0
4515,0.00032532907742426303,0.00020975194976948503,0.0001449759414137111
6612,8.10760089009933e-06,8.447697535517615e-06,1.1610887928414205e-05
2894,0.00031622607333983834,0.0005683289689697279,0.0004647166406913698
2682,1.2140901858825623e-05,8.561597468586248e-06,1.2153012033641203e-05
4513,0.0004841880944702446,0.000519818818399248,0.0004750895309915921
5195,1.0836735500178786e-06,6.028199483072836e-07,6.74363626286641e-07
6823,8.28081991026573e-07,5.204523472228767e-07,3.729373304246275e-07
3886,0.00330021578425664,0.0037841782184136453,0.003650136161006329
2924,0.0015285949050279602,0.001612702225864556,0.0012541712063188543
3899,0.0,0.0,0.0
5726,4.587118715482411e-05,3.8722879680824284e-05,2.7906644191998803e-05
6760,0.0,0.0,0.0
3663,6.763524965334652e-05,0.00013498518787303344,0.00014752906078035262
3989,1.7195312126086733e-05,3.8477870249851474e-05,3.594646706037811e-05
2424,1.8318142470712334e-05,2.948392012983327e-05,6.557674879379372e-05
692,0.00014879299246816393,0.0001464371400694531,0.000145568518377879
6648,8.058077419309175e-05,9.609056732208315e-05,0.0001632390405873284
3747,0.0007289554899035985,0.0006545354614446522,0.0006060680555626178
5452,9.928182227982753e-06,1.0276469261147572e-05,1.480779141113275e-05
3523,9.790296721230014e-06,9.117004207952728e-06,8.813085025772722e-06
4336,1.374737744378726e-05,1.4121287946611224e-05,1.114486623397208e-05
863,0.0006606000502885922,0.0008033142275976285,0.000913881783349411
6964,0.00011581574694227531,7.773658605572872e-05,7.664932419330819e-05
6381,0.0,0.0,0.0
6168,0.0022979416084054033,0.0035908679971215877,0.003470670172975706
5299,0.00016098414451703468,0.00015779259496861547,0.0001583195043528907
7053,0.0012964964807333243,0.0026970239336775973,0.00205132718298333
4104,8.272734900655622e-05,8.682371950595284e-05,8.99597483836894e-05
1932,3.959315103279392e-05,2.2139136014244243e-05,1.4635362248186273e-05
5317,1.345152117629174e-05,1.4314896188708376e-05,1.6795973750735268e-05
5576,0.00023086627681037232,0.00032466859989869237,0.00026317111518126647
2129,0.0012660899732431456,0.0015820280545216661,0.0013087377010440257
1476,4.344364086809606e-05,5.5781992826454574e-05,5.2697792344004265e-05
1916,1.276199900687031e-05,1.3237774123337112e-05,2.5219092166504453e-05
6846,0.0,0.0,0.0
3897,0.00030812275348652803,0.0003773491383275737,0.00035758663691039624
2686,0.0,0.0,0.0
2159,0.0,0.0,0.0
3970,0.00020735398407994578,0.00031717203796564826,0.0003746976046512251
2047,0.0001131802266575739,0.00011663541463080701,0.00013966468500570134
3460,0.0,0.0,0.0
5927,0.00016388590314073443,0.00022507103245772165,0.00022331958137797363
4643,2.8610397844156333e-06,2.6660892804399403e-06,6.750854114860591e-06
5180,3.361010246507503e-06,3.6170901354075456e-06,2.1515913488731764e-05
1675,0.0006562185982894635,0.0006798039022286156,0.0007148915809554873
1189,6.010953262068174e-05,5.879541966677428e-05,7.207919407574671e-05
4704,1.2480965566307537e-05,1.2026876565819995e-05,1.3253150458278164e-05
5614,2.8009902416998077e-05,1.6715633798880608e-05,1.7251514380735456e-05
5536,0.0,0.0,0.0
138,0.0002747071991148261,0.00027861876347173777,0.00028405565883357013
5283,0.0009050299329237111,0.0007334366606335042,0.00047579722430927767
3982,0.00014582611818380722,0.00011166423526942855,0.0001161107026013141
823,0.00016511252515359143,0.00012557503445005035,0.00016972204734645892
1741,3.408860488051304e-05,2.7043213997189444e-05,2.4428096019369553e-05
5858,2.60062235189093e-06,2.1534415283372935e-06,3.921776219167384e-06
5284,0.0,0.0,0.0
6691,3.217709297470117e-05,2.950052069009481e-05,3.336647714575018e-05
885,0.0003649609585508651,0.0002966275085390705,0.00042273627154573604
7002,2.131028445427875e-05,2.738054757372453e-05,4.046386203093748e-05
1781,0.00025112036748164816,0.001293637147843095,0.0008165560797021061
4912,8.182750840800481e-05,5.6623584488846824e-05,4.871222878179784e-05
2638,0.00033542239769216575,0.0003337788521573914,0.0007567898229801134
3452,5.372349201541629e-05,4.286279325462916e-05,3.206619459737743e-05
6411,7.185543897194822e-05,5.0416372316708435e-05,3.973864055292159e-05
1080,7.543670520266429e-05,8.470158268619851e-05,0.00010719558847108427
5375,0.00015834158147408597,0.00013336913931431406,0.00012911824140591848
4959,0.0001440451067003794,0.0001442343657148635,0.0007246190356119722
835,1.2777685196375577e-05,1.3262587517865116e-05,1.203207122075784e-05
6078,0.0002151245689772847,0.00018553712004772943,0.0001664714121412496
6528,9.202773242936981e-07,9.555950474899352e-07,1.0903632209255425e-06
4719,1.847654236785647e-05,1.534393240516122e-05,1.1273053612004576e-05
4629,5.572428340475343e-05,4.500957398623966e-05,5.735789721038342e-05
6621,0.0005655453131765042,0.0010186433542567755,0.0010434652821444369
4656,0.00029943364323737476,0.00021241623538030972,0.000175681177937349
6527,4.786150796601851e-06,1.2245764834533604e-05,2.979087913985657e-06
5266,0.00014877865917331762,0.0012295595273478632,0.00014613361695760776
312,1.4450658089507217e-05,1.2317472747831664e-05,3.23501992539171e-05
4144,0.0009036892708721095,0.0006278243570898927,0.0005312049672711924
6072,0.00039231792123194516,0.000499650156689208,0.00038146858055326165
1193,0.00032621414623585965,0.00038562447109110557,0.00038513988661655735
5325,0.00027771402684995366,0.0004611114008100871,0.0004790463603548179
1003,0.00016430425015885567,0.00012044358444452802,0.00014911096102739204
5178,5.754591035373003e-05,4.3263716490163825e-05,3.424468182753194e-05
1879,6.580271237871343e-06,1.6523021132694242e-05,1.2328986800639601e-05
5128,0.00012409547372446188,0.0001205343624311683,0.0005595368409447946
6673,0.0,0.0,0.0
2216,8.459221956444892e-07,7.436198995401936e-07,1.987841563141891e-06
1641,6.224828760107481e-05,0.00023301157545517042,0.00014790911785267109
5672,4.6766346901656244e-05,4.1051934283549204e-05,3.364535610059812e-05
4117,1.626298141921793e-06,1.0239387369578185e-06,4.2232786586943664e-06
3358,1.1164760081121466e-06,1.2055223845056897e-06,1.1423777451508724e-06
817,0.000342345331385044,0.0002367281694124758,0.00020694565387861645
6604,0.00010600256019606856,7.452911648016612e-05,7.345771485393805e-05
2977,0.00018743241057230631,0.0001949530901909446,0.00019363894213163247
4995,1.0036256997465388e-06,6.868778102575729e-07,5.340334271800099e-07
6055,8.56682881659971e-05,6.717587596717414e-05,7.196638751241764e-05
5649,0.00011849363380380498,0.0001280102858170463,0.00013297338133861646
357,1.0140924973799631e-05,9.284142294200041e-06,1.0882215753096634e-05
4753,1.8640968886072947e-06,3.6677240406377265e-06,4.8597582519715535e-06
2567,6.029238286655643e-07,9.861098957036612e-07,1.2361950811424662e-06
1491,0.00014037057832678272,0.00014037057832678272,0.00014037057832678272
6112,4.160352954676809e-05,5.124707184863734e-05,4.579232364583579e-05
5035,5.2300199766841975e-05,5.3604814026677246e-05,5.2173956080390716e-05
5174,6.221567717148637e-05,7.196946312780908e-05,0.00013797890786235373
2750,0.00010357069400180466,9.379742354552864e-05,0.00010353702979052711
1828,3.25120880498652e-05,2.5573951058372478e-05,2.0558738996620725e-05
5010,0.0009181797308975145,0.0006497307072962334,0.0005280209662010949
206,0.0027511993278667986,0.001490152430969691,0.000849878556840862
5423,0.00016376648714164132,0.00015348136407068404,0.00017049979034058183
5848,0.0022103118661804346,0.0022506063977033057,0.0017230649093106585
6573,3.443070275546855e-05,4.230188589446769e-05,4.729427291124643e-05
6256,0.0,0.0,0.0
2655,0.0,0.0,0.0
255,8.61569230954642e-06,1.1099607069461715e-05,1.4588350861357317e-05
1866,6.144698541334792e-07,9.928807094898521e-07,1.2270363537199066e-06
2042,0.00014236081701442667,0.00016449197101501336,0.00015395152302339458
2443,0.00011222549309018625,0.00010918028149022037,0.00010868690275581076
6321,0.0003678012586453665,0.000575414852519674,0.0005841796330168788
2991,2.0647073684272297e-05,4.326943720184585e-05,3.9791909915609865e-05
6391,0.0,0.0,0.0
1731,9.335433993458923e-05,6.402093160457114e-05,4.8301861592992024e-05
798,1.301987720984071e-05,1.251576198087563e-05,1.4014457505271946e-05
6584,0.0005090813739590553,0.0003378993246596896,0.00026807422893563513
6060,0.00014037057832678272,0.00014037057832678272,0.0007652828467153283
7112,0.0008165777066504539,0.0008054309399770783,0.0007412840289103389
989,0.00018873734646237205,0.00020751865481085372,0.00018359837664616525
4103,0.0,0.0,0.0
5328,0.002706606597722706,0.0015870989335417802,0.0011772931234953997
3674,0.00010326209531653055,0.00024242642818651802,0.00020271725593140304
1773,0.11425203919310005,0.11441027154229355,0.12510986972888888
935,6.664165857230413e-05,7.111054569061115e-05,7.771117152000942e-05
4973,0.0002538855206934744,0.00028074806572641757,0.00027648703581309783
1345,0.00022667236661994206,0.0002492410101319803,0.0002488696516158236
2440,6.84539279858132e-05,6.646241841942651e-05,9.900126972617105e-05
2566,0.00018966354471334132,0.0002124294579244001,0.00019208039442521565
1628,0.0007696285817974639,0.0009107186374929674,0.0009967334364683912
1576,0.00013378045425464137,0.00010376066376021163,0.00011774988304004881
1276,0.0,0.0,0.0
1185,3.818531469852003e-06,3.1961424854950946e-06,3.4237090211685853e-06
3304,0.0,0.0,0.0
3333,0.0,0.0,0.0
4893,0.000657876389705311,0.00037299447613668414,0.0003761089815569352
655,0.0,0.0,0.0
2928,0.002637318781634094,0.002926900634742103,0.004731011026958797
2442,0.0001252799130426405,0.00012601908528091048,0.00012306451214263474
2818,0.0,0.0,0.0
3125,1.1705525173291607e-06,3.842042955055152e-06,3.280421422349325e-06
3723,2.210913984449554e-05,1.4515371829394161e-05,1.0272610792204094e-05
1369,0.0005911386791717274,0.00036833919650241045,0.00020618255991601594
90,1.1889852723531135e-06,1.418682589359168e-06,1.5935249654835998e-06
2198,8.688745665333366e-07,1.0031154243166482e-05,6.57053137009202e-06
6802,0.00010545936441729924,9.881584203817174e-05,0.00010246570358982688
3516,4.6621118242037356e-05,4.3262564601991896e-05,7.159499867188524e-05
4038,0.0003262441035860586,0.00034003855244040183,0.00033578808107753325
4173,0.0015208730009695602,0.0010194137541381788,0.0007668243737110453
4221,5.7908326042301876e-05,7.806412337690559e-05,0.00011135247890171504
4752,2.970098039886983e-06,2.798965058555303e-06,2.984367016468424e-06
3874,0.0001072959210462959,7.898093715866441e-05,6.123336225698678e-05
4762,3.110509889528812e-05,2.8403908616108845e-05,3.0633603506919884e-05
2417,0.0,0.0,0.0
2616,0.0,0.0,0.0
900,0.00011295673154282032,0.00011569803259085519,0.0001231508984070835
4346,4.510142494188389e-05,4.241186203535267e-05,4.121067637837465e-05
3509,0.0006194794766688138,0.00034278475930532587,0.0002024153902385463
6532,6.360428658301801e-05,8.239094203964054e-05,7.85491729440438e-05
6826,0.0,0.0,0.0
6977,1.9976931641772913e-06,2.854065865819266e-06,3.7891289678399962e-06
5044,0.0002634694355892416,0.00014706338623625255,9.16187961366771e-05
2691,2.8229824078166224e-05,2.561733781623877e-05,4.3343100923697325e-05
4489,1.181140788988188e-05,1.3118359415792393e-05,1.651081073698902e-05
369,0.0,0.0,0.0
3212,0.00013975548592039884,9.166666282639059e-05,4.061225257515352e-05
833,7.016196131475308e-06,6.993215250068988e-06,7.334274239753545e-06
591,2.1989166870397883e-05,1.9345077944120903e-05,1.8306842655533655e-05
3618,0.00014650686682854758,0.0001646988309700528,0.00018665222706464583
1178,0.0003062568663604337,0.00032842762941941904,0.0005244268636064694
3241,0.000296305803974882,0.00031014747222787517,0.0003518320847875965
4668,5.905884134299175e-05,4.440450545068998e-05,4.575325953492407e-05
6160,2.928725658310325e-05,2.552592174369752e-05,2.2650255427304214e-05
3612,8.436523862170486e-06,5.5102010922376905e-06,4.00281734218522e-06
362,0.00044755595672204434,0.0008942227828264318,0.0006778057377422034
4183,0.00014037057832678272,0.001391759351069803,0.000765673661142088
321,0.00015785085479010224,0.0001012635075009613,0.00011334614157039188
4354,0.0,0.0,0.0
2211,0.0,0.0,0.0
5882,0.0005970383766563604,0.0004885487183476379,0.0005786101322618277
5648,0.0001419576115411023,0.00010386363262440191,0.00010054867506684325
5155,0.00018431673448399428,0.0001832606643206281,0.00019424403666616494
343,0.0007266304117480726,0.0005385181494952951,0.0006827391811764085
6610,0.0,0.0,0.0
2270,0.00105490034039497,0.0007540484674842439,0.0010040119507060221
2207,6.9115825794956765e-06,7.640049251558792e-06,1.207905073554335e-05
2446,1.9933011642214686e-05,2.0595852500021925e-05,2.034799340091998e-05
6212,3.2497166964362685e-06,5.31957872198942e-06,5.237737522883852e-06
4247,2.965396960052769e-05,2.8130248945827806e-05,2.982077043384088e-05
3986,7.743083493813748e-05,8.341703286695e-05,7.440525602296836e-05
426,5.0784083375577284e-06,4.65993621873583e-06,9.475711081222594e-06
6953,0.0,0.0,0.0
2478,0.0,0.0,0.0
669,0.0,0.0,0.0
5097,0.0,0.0,0.0
5437,1.1849013925177312e-05,8.349730436886463e-06,8.506409107911093e-06
3074,0.0,0.0,0.0
3490,3.5030052542885856e-05,3.721472840703034e-05,3.7111283532310576e-05
4062,7.13066753230856e-06,7.606967486771956e-06,8.016387446072652e-06
1812,0.0023685560681412482,0.0030667912154102622,0.0032877812874016464
707,0.0,0.0,0.0
4730,5.146052781370895e-05,2.728804148817888e-05,1.5411936022463323e-05
743,4.070216061969751e-06,2.883605524995818e-06,3.0036226844698035e-06
2084,0.0,0.0,0.0
1256,3.438012329374184e-06,5.127109440043504e-06,3.82272005665793e-06
2863,0.0,0.0,0.0
3037,8.177205809673311e-06,2.4467451864400194e-05,4.749478211980602e-05
3025,8.444537308461337e-05,6.398370892131426e-05,5.5587465046739705e-05
2130,0.00014099789568650662,0.00014596136036644424,0.00021063382955071585
2314,0.0029561869792921087,0.0016953488774131412,0.0011033154389584706
3392,8.661072240129437e-05,8.309669709341676e-05,0.00010956356861070656
5049,1.628002850735792e-05,2.378914409644953e-05,2.110218852872238e-05
2459,3.1269138942104973e-06,6.693274408105927e-06,5.989038165206745e-06
995,0.00029833723718943256,0.000528298842382689,0.0003437230508527321
3696,0.0002647910213980571,0.00026522315257579724,0.0003914697247161535
2171,9.597564145960255e-07,1.2631384573972247e-06,3.6735339593275177e-06
3687,5.1625350253019685e-06,9.196880740252554e-06,6.9415498826476954e-06
5912,0.0035578890263193367,0.002210133039280529,0.00163698217499735
2464,0.0005565619199076914,0.0010798921245593987,0.0008055480584787817
359,6.177129288775758e-08,8.798162938264374e-08,5.507505832664493e-07
2070,0.0,0.0,0.0
6758,1.1123472398650596e-05,2.1796553515707264e-05,1.788070533395253e-05
5903,1.2185924202922586e-05,1.1470251594534582e-05,1.0480446059618175e-05
6436,0.0005537577574986518,0.00045502464883896454,0.00044422234037720844
2618,0.0009698644686000072,0.000719380548553597,0.0005313583246114624
2848,0.0001460774667533293,0.00014865637032993614,0.0001469886522578051
3962,2.2618965074623442e-05,2.4122212166021396e-05,2.3677742994385276e-05
543,0.0,0.0,0.0
3341,0.0,0.0,0.0
6605,0.000834847709089391,0.00205021907771482,0.00161400102610394
1994,6.302841492889679e-06,5.76400927295586e-06,4.584822318377719e-06
3746,0.00021606992389770128,0.0001992565469289903,0.00029816223469053457
3224,0.0,0.0,0.0
141,8.47948859808882e-06,1.7754482154729387e-05,1.3772855221170492e-05
1975,1.2859090850935104e-05,3.0790635169014256e-05,2.5716170179418056e-05
1578,8.096274567385932e-06,7.978816506954389e-06,9.337547058520888e-06
2593,0.0,0.0,0.0
4110,0.00010026994885676764,7.697025105010039e-05,7.481332583402255e-05
4764,0.00013578985090473175,0.00013561119778151393,0.00014667780128669957
4350,1.8333661256510363e-07,7.70819536658242e-07,6.168950062319583e-07
3496,3.835045928365169e-05,2.4899129146614606e-05,2.7921753234434633e-05
3552,2.988415370442637e-06,4.888120750380642e-06,4.3288735212440015e-06
386,0.00014031609870632982,0.00011677988331474271,0.00010296179225021345
3752,8.030607218726667e-06,1.0865353616665152e-05,1.4409249191746133e-05
4129,0.00012848665032229447,0.00012772757808171632,0.00014199389502906525
6061,0.0005367614782070888,0.0006897894113625869,0.0006652326773226282
3255,0.0,0.0,0.0
6476,0.0,0.0,0.0
6400,2.9567135759001886e-05,1.8504764301972126e-05,1.1628345967314236e-05
7036,0.00038680955119505276,0.0003951842717679215,0.0003373461724844541
2709,6.321384022249613e-06,3.237137529596315e-05,3.8116712456302686e-05
3394,2.4696954753477086e-05,3.270586364403477e-05,3.492423087547758e-05
316,3.649086012859223e-06,2.6686561846340523e-06,3.048740303736257e-06
5003,6.977884373520257e-06,1.1561044953714611e-05,2.1438202901672393e-05
5674,0.0005302580439546477,0.0010158719182529659,0.0016214894538500956
888,9.51658838871035e-05,0.0001685653168151033,0.00012704140749625762
1088,0.0002801396000205037,0.00021118306534378929,0.00016925249912630121
1714,0.00026834322096589466,0.0002530017942463153,0.00022883469878275602
2689,7.397364381795352e-06,6.789231254402206e-06,6.827279527069242e-06
1323,4.264067697200285e-05,5.8299185924422e-05,4.9642391685450096e-05
3603,6.070591215898673e-06,1.2785256016455001e-05,1.1941783273024731e-05
2398,0.0005623316483631762,0.0005444740524663422,0.000761078130362936
2512,2.203487055907621e-06,2.4400743753849134e-06,2.1789584936210343e-06
1330,4.129731609538314e-06,3.750329363687115e-06,3.6495149869811084e-06
2946,0.0,0.0,0.0
4106,0.0,0.0,0.0
156,0.0,0.0,0.0
1917,4.943355271091959e-06,4.6698735866767375e-06,4.437180387513445e-06
6194,1.0682071102360738e-05,1.3035373356015947e-05,1.421204500416851e-05
2968,0.0,0.0,0.0
6971,0.0,0.0,0.0
5666,0.0003128099988511839,0.00016917434053303576,9.6050505169142e-05
299,1.0835602872939473e-05,5.934573257465056e-05,3.531573217688604e-05
1264,0.0,0.0,0.0
3713,0.0004691028699956586,0.0008866043175658389,0.0006704385657067827
4278,0.00010969611676752841,8.881392129980273e-05,0.00021049967693125904
951,0.0,0.0,0.0
5059,5.327407013799688e-06,7.329087383225614e-06,8.719894797352001e-06
6281,0.00025905286996084616,0.0009012517945091224,0.000617341389568177
5344,0.0,0.0,0.0
2156,2.224320547936581e-05,2.2577214181747656e-05,3.832070505649688e-05
2958,2.8614742843332e-05,2.7853616945549483e-05,2.931017912714178e-05
2145,3.840849459621277e-05,2.054800578747752e-05,1.80824829193653e-05
3078,0.0,0.0,0.0
108,0.0,0.0,0.0
6672,0.00010532725610111116,0.00010778774487142813,9.589689578933563e-05
4456,0.0003678351693014697,0.0002810508384469002,0.00027645766983705244
978,0.0,0.0,0.0
1914,3.0464048259403518e-05,2.848394032656476e-05,3.788357537802757e-05
3622,1.0781213021719466e-05,1.1136609463239782e-05,1.561874438100162e-05
1708,7.270294323530584e-07,1.4368519413553864e-06,1.5709083941206442e-06
4434,0.00012536078316936078,0.0005986980865798673,0.0003882781688557616
4768,3.677731668444404e-05,3.407750941541689e-05,5.033616693165261e-05
3300,0.0004389641802447217,0.0004359792592584849,0.00045271257504425036
4880,2.6890404918873606e-06,3.162368237115708e-06,3.2922031433714486e-06
3611,0.0,0.0,0.0
4280,0.0001435036029055012,0.0003186686108126459,0.00018246331102190084
29,6.23635311942012e-06,1.0906278846532887e-05,7.538974493007227e-06
5081,3.1236220760041416e-06,2.9100094124543433e-06,3.4946795289402684e-06
5146,0.0006566302900271523,0.0008618896101869467,0.000681046703457037
435,0.00012922223027487376,0.00016025151151844404,0.00017593016869673318
6995,0.0,0.0,0.0
1734,5.179880794492166e-05,6.72216936748926e-05,3.7412969541396136e-05
4803,0.0,1.2031763856581374e-07,1.863964426692529e-07
6738,0.0,0.0,0.0
3383,0.000149277869143676,0.0001004279406046092,8.590895736548499e-05
1383,1.380548539088699e-06,1.8734135993483957e-06,1.8254070368922199e-06
6465,0.0004453196319724176,0.0005175919500166287,0.0009842688607237667
6241,6.2574346067630335e-06,6.394200594330622e-06,7.9557002889773e-06
2401,0.0,0.0,0.0
1175,0.0015068555405543518,0.0013995539391710313,0.0013162540977962227
453,0.0,0.0,0.0
3066,0.0,0.0,0.0
2982,0.0001406242874233186,9.148682882453767e-05,8.706887932332836e-05
5949,0.0005840742151156147,0.00044612085063772404,0.0004614808602644308
6374,0.00018538253242494655,0.00016875193003397336,0.0001497333478423173
4174,8.948130488256362e-05,0.0003287475951465971,0.0001987682862846064
6801,0.00027293171605859726,0.00031808480589306924,0.0003887920598767621
2091,2.7677234565920697e-08,1.931040379534536e-07,1.2861642521212282e-06
2781,0.008308108204523504,0.008272299806999138,0.007764807705155254
4879,0.0,0.0,0.0
1805,4.126172469852435e-05,7.717995788700945e-05,6.138431374651796e-05
3945,2.860925703598946e-05,1.9283163388920467e-05,1.1701771968540348e-05
2369,0.0002252251457030348,0.00021899807284652385,0.0002175509382283839
5756,2.810064709612797e-07,2.861354165950618e-07,6.39563390855885e-07
5698,2.981558204774499e-05,2.8294896779862572e-05,2.9825839639537948e-05
3350,0.0,0.0,0.0
3971,0.0,0.0,0.0
6793,0.0001506350819261627,0.00015124260402276442,0.0003276944102737346
4121,0.0008707943497698289,0.0009647755425722626,0.0008367229115659235
3117,0.0010318846885167584,0.0008254704749940948,0.0005802949661773966
3638,0.0015654625496799167,0.0008380605613448116,0.0004836506344410127
4789,9.386514578307612e-06,8.706265666542843e-06,8.632075133897823e-06
4512,2.912046903283064e-05,4.1554239719107834e-05,5.975297246129711e-05
2538,0.00011836484023682304,0.00019405927166231803,0.0001294969176615037
3503,0.0,0.0,0.0
1832,0.0,0.0,0.0
3108,0.0003703658916481949,0.0002885412383628073,0.00029653611781839596
7091,9.3960539011843e-05,0.00012323525535804888,0.00015869604454289785
6092,2.4830841014600017e-05,1.8003264311690184e-05,1.9823143058001233e-05
584,9.432935889615192e-07,1.3451535720673605e-06,1.9967799645323406e-06
5823,0.000263900921050389,0.00022449119031447374,0.00017614591202515202
5133,6.449553876731287e-05,6.857666071966807e-05,0.00012426146398598068
1703,1.1899206728789808e-06,9.082553805720126e-07,6.951094431571803e-07
585,0.00010472615633102832,0.00012616556759338461,0.00013045148876947684
5603,4.599277350777817e-06,4.351692131065578e-06,5.560472679045589e-06
2574,0.0001531909776859865,0.0008563872652078322,0.000507360786908676
6943,0.00043273277920495985,0.0004450330617951354,0.0006864344356532666
3481,2.2240579436837437e-07,1.5256171614297895e-06,1.5704958958613443e-06
1955,9.954990920609863e-05,0.0001005277929826498,0.00010054180907561659
3167,7.963363865535416e-06,6.339087985106557e-06,8.98158984545972e-06
6094,4.7200671894461816e-05,6.773314244987634e-05,5.318925127260152e-05
2625,1.5388775744255012e-05,1.568577874423486e-05,1.4469471912914895e-05
2775,0.0,0.0,0.0
1512,2.5480047742610883e-05,3.821598853474201e-05,3.581448046177011e-05
5509,0.00039901275220890505,0.00033344177823920216,0.0003178724589076657
2888,0.00028690039508464407,0.0003101714009649582,0.00047454915691643866
303,6.4334357789421176e-06,5.803172704213695e-06,3.3000948216157884e-06
5501,0.0004998932564107017,0.00037584798661321686,0.0003453190304344922
5747,0.000816515539052986,0.0007215152849799301,0.0009466318955647693
445,0.0,0.0,0.0
3164,3.448207060972483e-05,2.5552271160228635e-05,2.3353693104652388e-05
5060,6.625785148476357e-08,1.6341735426492313e-07,1.4841109320900941e-07
6421,3.2116695674207485e-05,1.9427419471719972e-05,2.0616314125431938e-05
1503,9.313512402012666e-05,0.00010375845430082574,0.00011999624771468074
1683,3.466069456520642e-05,2.838866499969538e-05,4.619342500916441e-05
4155,0.00021402969950664653,0.00023129590484751784,0.00027087331911435216
3398,0.0,0.0,0.0
5084,0.0,0.0,0.0
6288,2.8454946526452267e-06,2.215821089479066e-06,2.33879594752311e-06
6776,0.002493050577947456,0.003564348777249553,0.0030294135540734715
2808,0.0021814181276251523,0.001616544090234925,0.0014550737648870765
1073,0.0,0.0,0.0
6817,0.0,0.0,0.0
6231,0.00016948148880196518,0.0002914469030384108,0.0002249358460399294
4726,2.777096616281581e-06,2.646357035489059e-06,2.257309427355093e-06
5202,2.4997827007190578e-05,1.89826265866641e-05,1.596586378031632e-05
2597,6.402818016518677e-06,5.732944733805175e-06,5.13346914619877e-06
1290,0.00023957674243911187,0.00020539390367096556,0.00023250151114928092
4403,2.8893613261184005e-05,3.606144286903777e-05,2.5901790110913102e-05
1504,7.979165819039198e-07,5.283898612307022e-07,2.96430593571842e-07
6833,0.0,8.559181605291629e-09,5.79281048397154e-08
2710,4.089826995304777e-06,4.343660562053973e-06,5.37084855061408e-06
1997,0.00017404415932309372,0.00016673515401920995,0.00018912277769464282
6353,6.891976494641165e-08,5.085668377019206e-08,2.42446750567784e-07
2777,7.670383092399072e-06,4.413937787660267e-06,3.024554904785652e-06
4544,2.1996807278968585e-05,1.4796609868217112e-05,1.5802322267841403e-05
4711,0.0008427765565969103,0.0006592921073715156,0.0009385141524036868
3802,0.0,0.0,0.0
6834,0.0,0.0,0.0
47,0.0,0.0,0.0
3069,0.0001533899509338401,0.00015611763348216941,0.00015908596551997368
6104,0.00015726884750885396,0.00014271337648992147,0.0001705137715074477
4206,5.8507527835993955e-05,5.2729985278872165e-05,7.489191840618857e-05
5600,3.6713346924031155e-05,4.359514053305361e-05,5.92642728311966e-05
5296,0.0005381043189687415,0.00042995198619766984,0.00042044239481960375
3019,0.0,0.0,0.0
2835,5.818262664239756e-05,4.897459338741066e-05,5.5326984385988046e-05
3094,0.0,0.0,0.0
5793,4.6899451956900506e-05,5.717440330160951e-05,5.14587853140863e-05
5560,0.0,0.0,0.0
5557,0.0003918093530840423,0.0003333488792323542,0.0003624711035959178
115,0.0,0.0,0.0
2571,6.373538264133105e-05,6.472980387638454e-05,5.718479831909321e-05
373,1.7426321302947463e-05,2.101060328340737e-05,2.8213992080412933e-05
2317,2.5386774734025434e-06,4.255384153901021e-06,2.629811264572319e-06
1905,0.0,0.0,0.0
6249,0.0,0.0,0.0
6681,9.43691936167087e-05,0.00010918730608542449,0.0001298493760169053
6182,4.466074860850618e-05,4.7234121583823395e-05,5.009486474704476e-05
2213,0.0008375198926566246,0.0012882894407376026,0.0012590537590644497
1067,0.0,0.0,0.0
5431,3.3577280875518775e-06,2.854380911198368e-06,2.9893452866601572e-06
6066,0.0,0.0,0.0
3918,1.041116045621639e-06,1.7784086287350405e-06,2.103525851304788e-06
2774,5.634025984888688e-06,5.769668197098383e-06,3.846838952527067e-06
2757,1.3549515095319042e-05,1.461629163083145e-05,1.2973743238825041e-05
3083,9.376201825718502e-05,8.371481610534669e-05,0.00024690415333391554
5847,2.296448279971022e-05,2.1773327251094095e-05,1.933529793440827e-05
1218,5.508168963747498e-06,1.2670513964205418e-05,7.971906621858007e-06
6511,1.982392345384894e-06,6.183311190422117e-06,4.081294677986692e-06
1595,3.066809361644976e-05,3.598286371186342e-05,6.511965699728299e-05
3103,5.05565372622056e-06,1.4082569407776047e-05,1.138419661169923e-05
556,0.0,0.0,0.0
4688,0.0,0.0,0.0
1103,0.020082757209567887,0.021054438831978776,0.02016813494440889
2327,0.00014105147725047262,0.00014082736883108769,0.00014086568494770923
2408,1.2611320573240327e-05,1.3072939752742154e-05,1.4044886186625626e-05
5106,0.00021630168985329983,0.0002245738768845645,0.0002414878230587341
6328,0.0,0.0,0.0
3265,0.0,0.0,0.0
1039,0.00012790869176259364,0.00010259896542512607,0.00015219090178591037
3047,0.0017455134249303433,0.0017326551744728835,0.0018468812539292345
6013,3.7233865806875026e-06,1.3359284430121066e-05,7.639605552182509e-06
6866,1.6033464184918405e-07,4.1697130848347787e-07,3.2533596348206365e-07
3869,1.841238715127065e-06,1.9636001554772e-06,1.9819970092182866e-06
3792,3.0613852649600474e-05,2.91444657446524e-05,2.8006634441539997e-05
3100,0.0,0.0,0.0
2497,0.0003647760937005862,0.00039905173718309813,0.0004084136546394219
6492,1.5780090120898586e-05,1.4673280182724007e-05,3.6568884760202507e-05
6352,0.00043169870348099736,0.0009685736348838456,0.0017777925009404459
6674,0.0,0.0,0.0
2564,0.00014671945531442602,0.0001252231490312355,9.910744024262619e-05
5278,7.108563666971094e-05,7.211970632919838e-05,6.16642907712158e-05
811,0.000708260815537088,0.00048341848044037384,0.00039969026865920325
178,0.008171791924913007,0.0069997288296080665,0.006914027758971677
2727,5.24237479884534e-06,4.730524411836877e-06,3.895055187736786e-06
1826,0.00022449185018484486,0.0002195722376200652,0.00021700883680507153
3357,5.726027551810307e-05,6.113241040398422e-05,6.373369622396694e-05
1366,3.1979273383498934e-06,3.3141670615842094e-06,2.255047866122877e-06
1469,5.83694914788528e-07,4.5034502795544874e-07,7.305194808798779e-07
6074,0.002596061403896552,0.002943527064751397,0.0028972479105997474
2102,2.0931281939072874e-05,2.912473784130357e-05,4.133874476651696e-05
4466,0.0001235643641909374,0.00011423123213419754,9.165403649403982e-05
5630,0.0002632651066125881,0.0002616831539491895,0.0002068982062887687
3216,0.0,0.0,0.0
6124,2.4322382425416318e-05,2.185430575317591e-05,2.1246531291999425e-05
695,7.132109992627784e-05,6.045472436366356e-05,5.326864155762896e-05
1667,4.8673361683864444e-05,4.05037423225144e-05,3.819070501874549e-05
896,0.0,0.0,0.0
5841,0.0001441371786472428,9.67710388389034e-05,7.930226385653342e-05
4390,0.00043935554278663557,0.0004339559040323099,0.00044025942896349203
6271,0.00014037057832678272,0.00014037057832678272,0.00014037057832678272
3609,0.0,0.0,0.0
5962,0.0,0.0,0.0
2488,2.0147443630996518e-06,1.2861316714948331e-06,1.2784138885041327e-06
2127,0.0,0.0,0.0
5890,5.9510090266022065e-05,0.00014227707367683862,8.700995629037236e-05
4652,5.842400508460131e-06,4.326102584335133e-06,2.0132922113705993e-05
840,8.745293401597547e-07,6.439285724716264e-07,6.925338523378833e-07
6746,0.00011856466556877262,0.00011635413405467492,0.00011744608332693921
1296,0.0,0.0,0.0
2606,6.204518919018634e-05,5.97793323973713e-05,7.24676654351293e-05
2035,0.00027943870599335505,0.00024357654869919222,0.00023180036111470904
4093,1.2856515844698597e-06,1.44452366076333e-06,1.1195264632485226e-06
1437,5.139617701076256e-05,5.546501973023221e-05,0.00017218345077075264
998,0.0,0.0,0.0
904,0.0,0.0,0.0
4759,2.7935682717850267e-05,2.6812924240048593e-05,0.00010425775372104473
5521,3.114560735716285e-05,2.8274819194133325e-05,6.852295294312806e-05
6718,2.354740282550483e-05,1.5298121204085517e-05,1.3942796769942497e-05
261,0.0004664394335765768,0.0005432463121746943,0.0005691163050063208
4002,0.00012023539167206155,0.00017441790513054124,0.0002898969600154433
5935,6.520841845456165e-06,6.560407242080949e-06,4.906803307647707e-06
6552,0.0,0.0,0.0
4050,0.0,0.0,0.0
6671,0.0,0.0,0.0
1788,8.044475644245923e-06,7.076352796643504e-06,7.88173192480703e-06
4030,3.3125634767799466e-05,3.743417929344897e-05,4.7476907412570794e-05
2604,1.729140741775076e-05,1.886827317408093e-05,1.87942264200709e-05
5426,4.472143281898809e-06,5.960559289409944e-06,4.485369212585007e-06
5580,0.0018850652401814047,0.0016846337917693747,0.00307443401728966
3140,2.044645345033142e-06,1.838284929766764e-05,1.0243489493489877e-05
4521,2.7136044543733447e-05,3.1054758220059076e-05,4.074175015670318e-05
6590,0.0008383035302862901,0.00047002649518901985,0.0002781282851069779
1599,0.00012644740613785747,0.00011396186223066241,0.00019357415274345207
785,5.29605449598374e-05,7.101413317004394e-05,8.468726114403513e-05
3319,6.91816874097965e-05,0.00014891401708151986,0.00015158573282456032
3779,0.0,0.0,0.0
2303,0.00022078337371749047,0.00017886779697603858,0.0002103809288764159
1400,5.8850889843700434e-05,3.903935453862291e-05,3.6262986545961845e-05
553,0.0002491204336857489,0.0001700784133599544,0.00014006920220676662
4506,9.303916879311931e-05,8.519703095635996e-05,7.875164495355815e-05
6869,5.4084194749692866e-05,3.890458999571699e-05,3.8869970752187677e-05
1566,0.00014973958720347234,0.00013828104850416268,0.00015672287454541355
5289,0.00014794877999227727,0.0014010119137089717,0.0008140234566673416
5621,5.2180806225802256e-05,6.324702807035369e-05,5.352901919115876e-05
2992,2.374968093321927e-05,3.0825014239736984e-05,4.123960520406753e-05
6375,0.0,0.0,0.0
4199,4.6759102044436585e-05,4.752176817138572e-05,0.00015296908021719137
4576,1.249992290943728e-06,1.4898298457407698e-06,9.762540884920374e-07
3335,2.5479873374076783e-07,7.129480013615504e-07,5.416309212477476e-07
4780,0.00048041924745664854,0.0007828818302660514,0.0006424556701277545
3545,6.0529862867862545e-05,4.723577118638515e-05,4.042613462345935e-05
6658,1.965584838580405e-05,1.754962009656242e-05,1.742590900240717e-05
6136,0.042546829822140524,0.04006502336260272,0.03751934188426113
2500,1.8112903972034846e-05,2.457523499739242e-05,2.7369948401595354e-05
3001,1.23240083682169e-05,9.378391386323823e-06,1.4585884620664937e-05
5851,0.0001028469592260205,8.864643572668676e-05,0.00016690553480102374
470,0.0,0.0,0.0
4548,3.7739885987418473e-06,9.37241108284432e-06,6.051515759961288e-06
1574,0.0,0.0,0.0
3833,8.89967475224549e-05,0.00010158884235661094,9.430903817892223e-05
4938,6.740354285496456e-05,3.727370424111369e-05,2.0665841718562003e-05
4048,1.6060205018254411e-06,4.849080134207274e-06,4.951311743727686e-06
4395,9.285638543513062e-05,8.983480970968334e-05,8.52068351354634e-05
2779,0.008409089558530121,0.009749105763824853,0.008420523123504584
5162,0.0002768224175035247,0.0008608166439158342,0.0007805757296005021
5077,0.00014037057832678272,0.00014037057832678272,0.00014037057832678272
4669,0.00014117756445242486,0.00011369028286926037,0.00011544040054241384
541,3.64327626083209e-05,0.0003544663304015458,0.00019678729449204365
4254,4.4176137155366266e-05,5.3984784484125274e-05,5.8406757231198436e-05
2096,0.00035700336802934327,0.00038256947182183846,0.0003607346295268809
6183,2.3586066061100924e-07,3.142344481695329e-07,3.560348977169234e-07
5788,8.301238710628726e-05,8.090950505469889e-05,8.206916694613208e-05
7003,0.0001352412854316279,0.00017917715755694873,0.0002912581176662869
1972,1.384117440797804e-06,8.346245270726664e-07,1.199665031283536e-06
1061,3.9881758025769006e-07,8.820845435115598e-07,5.496319062417143e-06
1909,0.0,0.0,0.0
2815,0.0001916656085591152,0.00017702012303851198,0.0001750315543958194
3276,4.164010529411305e-06,2.4263018889530857e-06,1.5552137381704722e-06
3762,0.000860415511892369,0.0010270712982419989,0.001270052846877688
4259,9.767761440262843e-07,1.3857560259580446e-06,2.1164216572801683e-06
3045,0.0,0.0,0.0
298,1.1359075518197572e-06,2.3614387124549903e-06,1.5266046821914612e-06
2834,5.062085396576146e-06,5.1145485268427215e-06,7.975159378955074e-06
2760,5.486796480742718e-05,4.931783549554136e-05,5.715668423557791e-05
4863,0.0034728181913850375,0.004132511802372289,0.0034490174066374693
4120,2.1487096905972354e-06,1.5577024526832036e-06,7.651228005413787e-07
6279,6.328201631527829e-05,4.840717641110207e-05,5.3127479881170515e-05
1197,0.0,0.0,0.0
3763,0.0027859537276096447,0.0026975681841995133,0.0030606295240184103
2082,5.058897425670953e-06,4.774410010666737e-06,3.32749460822945e-06
6561,0.0,0.0,0.0
7035,0.0,0.0,0.0
5323,7.977272814869474e-05,0.00019976506496012373,0.00012686742180723098
1716,0.00013467771185479206,7.157313506342191e-05,5.054786302595973e-05
3194,1.4883999342028844e-05,2.17677139735581e-05,1.784715827754219e-05
5806,0.0,0.0,0.0
2772,2.1838487899170864e-06,5.326582584156615e-06,1.0363038717900927e-05
1913,0.00016733164278890178,0.00018040054655034217,0.00015612036957353027
6564,0.00028761343623975524,0.00027042139072069215,0.0002480800414573182
1775,0.0006941778168182705,0.0006963797834574067,0.0007364866139266947
3614,2.4621772064134867e-05,1.3781454323823089e-05,9.388025393516365e-06
902,0.0,0.0,0.0
3589,0.00010303509569485766,0.00010360727989122211,0.0003220323011377769
5679,0.0,0.0,0.0
5670,0.0002810904987675328,0.00028097050940931975,0.00028122188636619654
3071,9.352888841255664e-07,1.1029707425282638e-06,1.3898226011518643e-06
3902,0.005839027521604619,0.006314984600233306,0.007437135830824017
4204,2.7471680580858243e-05,2.5838026692818378e-05,3.7619854563609214e-05
626,6.465947390623806e-06,5.776566251584199e-06,6.038216816997873e-06
5421,0.0,0.0,0.0
6998,5.216930402064693e-05,3.099373580037716e-05,2.509101421935317e-05
5549,0.00010586913967467291,7.254390968525933e-05,0.00015201933946946416
1187,1.1905104689273032e-06,1.8230326751893117e-06,2.0138205694267073e-06
6398,1.638282370118632e-06,2.303308193627018e-06,1.708786119028639e-06
5403,2.894574800505216e-06,9.245060951703327e-06,6.3503386253590605e-06
6447,2.3206213292332382e-05,2.4139220809667372e-05,2.4831620500830076e-05
2458,0.00010448269640237586,0.00010570628584310021,9.37415631070453e-05
4004,0.003302271456399127,0.0031687377113121763,0.0030609777269235373
4659,8.618391292302214e-05,7.196034044526045e-05,5.4282163224134824e-05
4761,3.082030274882464e-05,3.167008933149009e-05,0.00016468464138613402
3935,0.0002937182247307309,0.00025389186052118096,0.0002311129841598793
427,1.8880628550335063e-06,1.8557547681583688e-06,1.2836939618588294e-05
3338,0.00032309152048444023,0.001079940481710758,0.0006684811574855685
4380,0.00025252795807452694,0.0002716439594042597,0.00034129938819086496
2927,0.0,0.0,0.0
2080,9.810014844305646e-08,1.4243560112178601e-06,1.0591875415797006e-06
678,3.5171566248622165e-07,4.675191991000463e-07,4.1577343245091405e-07
5719,0.00015408494253276223,0.0001563373378262897,0.00016078874641984285
5407,7.347297588877869e-05,0.00017771036057192622,0.0001969847357199377
25,0.0,0.0,0.0
5151,1.2920056898115293e-05,1.2319598174667971e-05,1.1651994423525987e-05
6744,0.0,0.0,0.0
4339,5.5412023632217234e-05,5.4104218056460884e-05,6.741594561105093e-05
5796,2.6427968353217832e-05,2.6557583136118664e-05,2.70055998623355e-05
630,2.5711568878834973e-06,2.631877212800944e-06,1.702974846074417e-06
2670,3.399398286016736e-06,1.8091780176174122e-06,1.6252669898868e-06
201,0.0006208469650376607,0.0005748990642030273,0.0005744976801085256
1047,6.009505224501372e-05,0.00016029801781143428,0.0001348828417684089
244,5.9539041131124514e-05,7.349285707009674e-05,8.527632832140301e-05
6632,0.00025789568691902764,0.0002797022017720848,0.0003434482265028606
3785,0.0,0.0,0.0
1300,0.0,0.0,0.0
5776,0.0002931484440252781,0.0003077201890874023,0.0002655307416294076
6571,0.0001322111985471292,0.0009589407082941691,0.0006227787507143104
2703,5.389870956746394e-05,5.7619430040726084e-05,0.00012964083303234518
2972,7.154538562244184e-06,5.577763912339663e-06,7.657287243102694e-06
990,2.175055639343348e-06,2.263440077614047e-06,2.3206318662413566e-06
6667,1.3122652674081983e-06,1.3782992667318497e-06,1.3512214034833906e-06
1121,7.10731015847144e-06,6.96953156659266e-05,3.834588887441904e-05
364,0.0003111594668818268,0.00019836913383561606,0.0001687998620781888
1132,0.00015652442228103654,0.0005542753171112179,0.00034949300717655556
2838,0.00024127050408158653,0.00041972626582515,0.00036152540167792754
6505,3.642280155181351e-05,2.4262191505191173e-05,3.1698258019075954e-05
5817,0.001675060865637554,0.0009117547351895179,0.0005427325970474519
2333,0.0005607278455736508,0.00033319891387843716,0.0001956522942395773
4409,7.483144664143521e-07,2.1352304997996776e-06,1.207350084383827e-06
4299,0.0004278146594079389,0.00048385947090444565,0.000607716160297555
4799,0.0005838368069687263,0.0008708490840689102,0.0007920565883188548
775,2.4711172146779685e-06,2.0114400349305704e-06,2.194918976176499e-06
5436,3.946359697431587e-06,3.574899514859992e-06,1.2203193757900684e-05
2116,4.372018249432794e-05,4.957100774985241e-05,5.354607131771448e-05
6434,6.064214853167275e-05,7.53865596982247e-05,7.331405843749875e-05
66,0.0,0.0,0.0
3139,0.0,0.0,0.0
1931,0.0,0.0,0.0
3418,0.0013267988130585054,0.000937655800667502,0.0008053101950886984
2711,6.514706273491018e-08,8.783293962861954e-08,1.2953638435613113e-07
3684,4.57518819224514e-06,5.726568350085384e-06,5.011163867965622e-06
1382,0.001777321565532722,0.0017714740414227176,0.00314711574738986
4156,0.0,0.0,0.0
262,9.456562562167366e-06,1.0076566951004261e-05,8.388112507856503e-06
2280,0.0,0.0,0.0
2253,2.5038325567460045e-08,2.1460193926073407e-08,1.5727512155991947e-08
1428,0.00019549735098421648,0.0001903574989680052,0.0002009878611905812
3576,0.00011179508132044187,8.35294674612229e-05,5.540724436885946e-05
2493,0.0001337655068214908,0.0001660066594747823,0.00013962333209825521
3522,0.0003846400394622698,0.00021392443643584406,0.00012838989317345587
2701,1.7779470052342404e-05,1.7914971676380106e-05,1.3357305153447717e-05
6641,0.0,0.0,0.0
113,3.1211726704606033e-05,2.9303229404490698e-05,4.450998464721616e-05
1501,0.0002488171466961735,0.0002280255712460669,0.00020601459409719445
640,0.0006100571432135098,0.0006029739122127989,0.0006631753056857272
6359,0.002276968018647968,0.0027193157726415236,0.0021974441463612597
1273,0.0,0.0,0.0
3292,2.5046984152112007e-06,2.7446863399378246e-06,2.7279843768811053e-06
4394,0.0,0.0,0.0
1588,0.00017223252065616152,0.00017562741383998494,0.00017421318255858969
2527,7.778966004040818e-06,7.925941018332314e-06,7.414208103619865e-06
6054,5.734210520837359e-05,0.0001131656823874072,8.543622476283771e-05
2607,0.0,0.0,0.0
2146,0.000257810233331661,0.0002569654956544315,0.0002546821008650217
1613,0.00017000396407235304,0.00013266036722885704,0.00013027434126030964
6997,0.0,0.0,0.0
909,7.41012440856508e-05,4.1346618806772554e-05,2.552621386281145e-05
3915,0.0003341590829069541,0.00024969947065580565,0.00024975888991975013
6262,0.0002574488853204657,0.0002511089667553971,0.00021772730734013283
5907,4.0838297236116204e-05,3.398445974535909e-05,5.0350519591292264e-05
938,0.00031280034451067743,0.0004732832710704315,0.0005249267209462819
6285,0.0,0.0,0.0
1629,2.951496913149381e-06,2.8409486283296076e-06,2.8969935984028923e-06
440,0.00014044251821003137,0.0001404673812158732,0.00014057720749381588
6454,1.4015715497037953e-07,2.7736656642631124e-07,2.1042770196961437e-07
6905,4.727256376429137e-07,4.4452337539905096e-07,8.090559152232447e-07
5455,0.0,0.0,0.0
5714,0.00013079688949681662,0.00012066569407666413,0.0001875894738182892
841,8.088369419927472e-06,1.3230387523101106e-05,1.34872177806892e-05
1451,0.0004515500163174884,0.000295148896710868,0.0003096999786169592
620,5.846785556471306e-05,5.8369193969276564e-05,5.3070776317499094e-05
1127,3.31516847274056e-06,2.2772974122051875e-06,5.7068482289307945e-06
1354,5.246015541138607e-06,5.465500757335199e-06,4.919775457934505e-06
5918,9.647085063337673e-05,0.00010934504731660608,0.00010700372020438847
625,0.0,0.0,0.0
1581,5.560663894164564e-07,3.6976310019715435e-07,1.4835694285100446e-06
3423,2.395126133370274e-05,2.6547151694592832e-05,2.665459985235318e-05
7020,4.1500802712561466e-05,4.589707082229404e-05,4.068029501327895e-05
2175,0.00019364841200392174,0.0002748079375472287,0.00021338854719897028
6978,0.0,0.0,0.0
5152,7.0787440363498015e-06,7.685092936469354e-06,7.594769589038761e-06
1569,1.9645009265059703e-05,2.1790361295537805e-05,2.570710788447783e-05
6253,1.8676026992844426e-06,2.0453076205680557e-06,3.5689698005931143e-06
7107,0.0004663207307572593,0.0017091483277195502,0.0013059204136569428
6274,6.394339429852732e-07,5.366313874127946e-07,4.993173811423605e-07
3220,0.0,0.0,0.0
507,0.0014075634435471494,0.00140045184427532,0.0013891464675600605
7077,0.00012557856527367235,0.00011295332149983037,0.00011188874614800236
4268,6.714298841907382e-06,3.7283875843735545e-05,2.300870432541805e-05
2445,7.625922388926867e-07,7.347082535710985e-07,1.2336257471118848e-06
4811,1.1713760037614693e-06,9.449635841946621e-07,9.294073649599728e-07
4534,2.978242597647302e-07,5.550782729673583e-07,3.029610000888004e-06
4609,0.0,0.0,0.0
3956,0.000109128605876714,0.00011953412913834971,0.00028742106645935126
4059,0.0,0.0,0.0
4781,9.290811496941882e-05,0.00020205629824961114,0.00020431819556283743
3588,0.0,0.0,0.0
4282,0.0006798955640424221,0.0009922891599092039,0.0008319208767372674
1282,0.0,0.0,0.0
6654,0.00034540036942438436,0.00018383808094935374,0.00010605783372376925
2745,0.0,0.0,0.0
4990,2.813730942682304e-07,4.1178170273323807e-07,2.54464520908016e-07
6034,4.9416120507852926e-05,0.0001038865105054581,4.50009253567781e-05
5952,0.00023216507553516845,0.00028783008394789826,0.0008603302067311847
6736,2.8892344698944332e-05,1.6948000774266106e-05,1.2040765947401216e-05
3449,0.00014111674003187524,0.000141233382659334,0.00014125626065197567
869,7.774805283673786e-05,0.0001412259497205747,0.00015580439579829906
4836,0.0,0.0,0.0
3497,8.013872420634666e-06,9.314081189838707e-06,4.0403493311560376e-05
1248,0.0,0.0,0.0
1670,2.1066720297569113e-06,1.5162005410841736e-06,3.242389143542842e-06
2891,5.3085913860155515e-05,7.794347320662301e-05,7.529318846858683e-05
6917,0.002780291554507755,0.005207323121967725,0.003915184086614182
6924,8.5353711795357e-05,0.00010093576665477648,0.0001493667025750627
3135,0.0,0.0,0.0
2487,4.638222560730326e-05,4.6455891814723864e-05,4.596606366227705e-05
3218,5.27534443349427e-05,5.278414314440611e-05,0.00028322548322616786
2767,0.0,0.0,0.0
3091,0.00018102844498199018,0.00017120524802984822,0.00021164531759746463
3214,0.0,0.0,0.0
3742,0.0004200305197288795,0.00036864702181338025,0.0003390493004544202
2513,7.820024618812172e-05,7.40159364332213e-05,0.00035893406747884097
2451,0.0018887299508926563,0.001914896512028455,0.0015095019760522732
4940,0.00024523731366668966,0.00026831623330635107,0.00039877055089025383
5983,6.589606419244718e-05,6.363755839316424e-05,7.085610649140342e-05
6099,3.017756065011116e-07,4.828094886611964e-06,2.611155961440643e-06
4917,1.0184120482352376e-05,0.00011067049358180663,6.104891710322404e-05
7105,0.0004511980163714777,0.000516707353976584,0.000626542691392089
820,0.00018670868366798494,0.00024829170079762803,0.00022324737740331803
5306,1.6852679724010985e-07,1.7602841840783999e-07,1.9817516234521743e-07
4219,0.0004270819418834464,0.0002276880129859913,0.00011795814486567528
1598,0.012854927104111747,0.015889179045824806,0.02048033401142101
5803,0.0004834170045406841,0.0003586811616834506,0.000330861875166318
2353,0.0,0.0,0.0
6177,1.472401511441723e-05,1.0437872416153923e-05,1.1137568556417492e-05
5906,0.00018646278029992266,0.0014477097800442392,0.0008249360167373319
353,0.00030159014661486404,0.0004352407012751173,0.00030674091592507814
4169,6.92289587699629e-06,4.822241240389137e-06,4.92636744480025e-06
1721,0.000477305020101959,0.000367362639702634,0.00044053300315189113
4317,0.00014376073284917964,0.00020262528722543073,0.0002839849272060533
4955,0.0,0.0,0.0
1041,0.004327365850420606,0.0026742688806081997,0.0018308468340015676
2151,2.9645096418523734e-05,2.2695967054756842e-05,2.4144764141255037e-05
4587,2.187472417991085e-06,2.0012724939563615e-06,2.0581425469485903e-06
4147,0.0,0.0,0.0
1904,0.001863456090072096,0.002041236420451559,0.002972052583364152
5250,0.0,0.0,0.0
1751,1.4005434108613789e-05,9.73416657139e-05,5.543005384894007e-05
738,0.00029358654963741705,0.00025733164100712907,0.0003868292384967331
1738,1.618460273852192e-06,1.488897660208464e-06,1.3163374857377144e-06
2541,1.3208836389679578e-06,1.1109403299206512e-06,7.366619139097438e-07
2100,0.0,0.0,0.0
2108,0.0,0.0,0.0
571,4.894356603153191e-06,5.904773129593397e-06,6.138660753153977e-06
39,5.170903755100697e-06,6.8303018129671234e-06,1.1965160311299949e-05
586,0.0,0.0,0.0
3257,6.131764966969793e-05,5.768549280186206e-05,6.0540095172189086e-05
380,0.000362222066616629,0.0004157880200313754,0.0003221906788207295
4592,4.209702041068867e-05,0.0001357215132710852,0.0001036237513171053
1988,1.8921369986623343e-06,1.5517707138638636e-06,1.6639911433809059e-06
4579,0.00014037057832678272,0.00014037057832678272,0.00014037057832678272
1453,1.529590610311577e-05,1.6502513343058283e-05,1.5374587805755515e-05
3860,7.10788917555908e-05,6.879735985014182e-05,6.916751540118864e-05
7065,0.001335849829981363,0.002125178236147276,0.001702783049932842
5801,2.3492580193735278e-05,2.2978140026458425e-05,2.2995602027075346e-05
4677,4.048130663369945e-06,5.312611099990202e-06,3.904304480116387e-06
5863,0.00035649394922698346,0.0004770569375204637,0.0013851062930620506
1502,4.923661975567661e-05,3.972678044833196e-05,6.65610559578512e-05
3939,3.3407474270150286e-05,4.392953388644785e-05,4.631807333105298e-05
5628,0.00015250802779887145,0.00018481207394534203,0.00020287782814965496
5141,8.023658092365455e-05,5.1602292392129976e-05,6.527137059320363e-05
5067,3.521543867381443e-05,2.9251910511926457e-05,4.213313989318778e-05
3787,7.191354149366446e-05,6.640268996296005e-05,0.00010610777159108099
1790,0.0,0.0,0.0
805,8.18644532567858e-06,1.8678018510887816e-05,3.0030209194220227e-05
5660,7.27263676392516e-05,0.00010561786007025646,7.431372741600492e-05
1982,7.784223581584147e-06,8.170045662070936e-06,2.7638191531431108e-05
2228,0.00010779057289684637,0.00010644937503115706,0.00023726337464615084
1335,0.00022692170253091681,0.00022812251197125744,0.00018303258863625448
2528,7.400674993270408e-05,0.00014488441647178405,0.00016722101453244012
1752,1.7688207187652144e-05,9.447168822061316e-06,2.169098505031283e-06
4818,0.0001453651635373926,0.00015096682754970725,0.00015595206320636316
6721,1.7528740147772437e-06,1.7109662316761477e-06,1.878323576902654e-06
598,1.465089857793237e-07,1.4983798644395834e-07,7.388645977860404e-07
882,6.829408365985811e-06,5.752223006100923e-06,5.8610502200515554e-06
3983,5.787266368426757e-05,5.670318249080516e-05,5.5368659414356495e-05
548,5.017190279783306e-06,4.521956776161335e-06,2.2564661320596124e-05
5548,2.1547535340278173e-06,1.5911857973599712e-06,1.2626895540968561e-06
2482,8.66802214982612e-05,9.233660631575097e-05,8.364484184811413e-05
2038,6.819574764473832e-06,1.2481671132092262e-05,5.2766782794755255e-06
3004,0.00030671537940488077,0.00046270490973566823,0.00040465693584116453
609,8.410462889854487e-05,8.320204804237507e-05,8.206899803933793e-05
2095,0.00039328050447085086,0.0003941951840326649,0.00025085248647731354
5108,2.5235687545083064e-06,2.775647978942868e-06,2.4127539957283176e-06
2843,0.0,0.0,0.0
4840,2.6115109479403794e-05,1.9944029082081098e-05,2.1783019465627106e-05
6850,8.179817249398123e-06,5.262938009925844e-06,3.1667265761445436e-06
1851,1.0325359490414313e-05,1.0638540095937997e-05,1.0214184759170998e-05
3128,0.00014091328858764063,0.00014086361144818258,0.00014112880369064794
6466,3.9775940994131124e-05,5.7849669521777e-05,4.9935407104634836e-05
3822,0.00020914871860711802,0.0002395262066865607,0.00028112521640613603
3513,0.0,0.0,0.0
1505,0.0,0.0,0.0
1096,3.913904577670926e-06,3.3057881483588696e-06,1.927112424628147e-06
994,0.0,0.0,0.0
1689,4.453814680572599e-06,3.4365672765920025e-06,3.5242578185112614e-06
1968,1.927485414997638e-05,2.1048359026670416e-05,2.4273769630077794e-05
7109,0.0005373476584262511,0.00046755463701349487,0.0006304200345701268
3003,0.0,0.0,0.0
2666,0.0,0.0,0.0
1480,0.0,0.0,0.0
6313,0.0005001633559491601,0.00043698376375639374,0.00031577138895099577
1146,0.0003732720475797556,0.00043669263775980154,0.0005541677519368404
5107,0.0,0.0,0.0
5886,0.0004805926574530666,0.0003412490156975785,0.0003279015868921176
1078,0.0,0.0,0.0
6728,3.0947126390780275e-05,3.8912863977198604e-05,3.6691796968377026e-05
6750,0.0031300156101136956,0.0037532812363453003,0.002881121872384328
3363,0.0001522220058570573,0.00022130000226225469,0.00026866129055406763
4187,0.0002636931296113075,0.0002784520789492588,0.0002772779050228763
1342,0.00020850974677303946,0.0001857259885908705,0.0001727984208150167
1942,9.429897465430305e-05,0.00024146149313723528,0.00016989165150352995
6425,0.0,0.0,0.0
5222,0.0,0.0,0.0
686,0.00014569069023524791,0.00013288054406024378,0.000127274122236296
6307,0.0,0.0,0.0
5741,1.7830676539685148e-07,3.441493154816167e-06,2.164967756114212e-06
6813,0.0,0.0,0.0
5972,0.00037833659723591025,0.0002025549865266852,0.00011410086600940317
6542,0.0,0.0,0.0
6330,1.7065460338227713e-06,1.9719222373065156e-06,1.33207254351533e-06
6117,5.024337382397471e-06,7.643520744345551e-06,2.6568688646615447e-05
2579,3.6495113778733766e-06,4.124095604257715e-06,5.961173412562947e-06
5615,1.9623382396690862e-05,1.8828499308339287e-05,1.5193473223357793e-05
2330,0.000712416745047515,0.0006829803577654814,0.0006606472590761047
1868,5.061573726855381e-06,5.6128312505822745e-06,5.580990121855532e-06
5853,0.00022247443361925428,0.0002108626991395359,0.0002058181479166856
6370,0.0,0.0,0.0
4766,0.0003383073313777539,0.00034255953864819835,0.0003385467499523585
4678,8.937285512502317e-06,1.5389667578753536e-05,1.967456185649939e-05
2366,1.3650766862714094e-05,9.885216183914267e-06,6.35785462753774e-06
2636,0.00010432920315703085,0.0001509670001627265,0.00023486363025018606
3486,0.0009114265257387981,0.000956067826026242,0.0016026068522788863
1719,0.00028074115665356543,0.00028074115665356543,0.0009054779618192028
4723,3.260431305326456e-05,2.844337622180603e-05,2.8061632033480932e-05
2755,4.662653309906822e-06,4.761277905662147e-06,5.418717714102622e-06
4962,0.0007638583910134858,0.000510438498923755,0.000668877856648897
5481,0.00028273997769540023,0.00028232915630905365,0.0002819280188195021
3749,0.00032211476694144473,0.00030629371350845877,0.0002907163927779737
6938,9.49135293986731e-06,4.254736683022309e-05,2.7279010415740767e-05
168,2.0868031696220232e-07,2.0476905130945218e-06,1.721950703557023e-06
5391,8.20921137841218e-06,4.536195990800118e-05,2.5749964883547457e-05
5232,0.0,0.0,0.0
3471,0.00027651442732456126,0.0009944574370458028,0.00029015580962579707
3654,0.0,0.0,0.0
6363,0.00014037057832678272,0.00014037057832678272,0.00014037057832678272
4516,0.0,0.0,0.0
7097,4.685613043124235e-05,4.534262581037251e-05,4.3057370187873544e-05
5825,0.0015168060299818916,0.0019809312732289013,0.0016947508745325508
3464,0.0,0.0,0.0
4756,0.00014400079197022183,0.00016793863780604305,0.00022645744016557703
136,2.768829877431028e-07,2.130306543538613e-07,2.4453486604767716e-07
5334,1.0889474514161387e-06,7.636960785578795e-07,9.635172219169016e-07
1967,0.0004562726074708225,0.00046681589300240584,0.0004321900449303669
1527,0.0005757496625743279,0.0005609031555959211,0.00043933402021640374
175,1.013986878613361e-06,1.0213182123821824e-06,6.830198037072607e-06
5204,0.0010115100724455708,0.0007662535493791256,0.0008706403899175954
4379,0.0,0.0,0.0
2712,2.5653937308756153e-05,2.4074036929079003e-05,6.517970548236488e-05
4421,0.0,0.0,0.0
1297,7.603486396157723e-06,7.458927580064094e-06,1.3154196582947914e-05
5429,2.1559849024212624e-05,3.10017646076891e-05,6.773766874397451e-05
1929,0.0,0.0,0.0
6713,1.1926957982626092e-05,1.0971653047592264e-05,9.087981084723174e-06
4072,2.4446625219580473e-05,2.3452181057756907e-05,3.381498843899223e-05
6171,0.0,0.0,0.0
2872,0.00118092042552506,0.0013629607764125056,0.001099882222299253
1378,1.3735324674221849e-05,1.2504703518172882e-05,1.2171367802380767e-05
4588,0.0,0.0,0.0
6335,5.631750640997546e-05,4.613985990902793e-05,5.341478379339941e-05
460,0.00011739599823649974,0.00010893243825109232,0.00015286125885553394
139,0.0,0.0,0.0
3059,3.72860329992705e-05,3.7719596193508925e-05,0.00012904217511961426
6000,0.00012517937571865733,0.00013391472854114433,0.00016130126214023438
1776,7.461328396600033e-06,1.743045136840676e-05,8.975482984683609e-06
1668,5.6886041971184805e-05,4.1993326637006365e-05,3.61445665503052e-05
1874,0.0,0.0,0.0
5390,0.0008652409072928981,0.0008261651048070039,0.0008062781990058062
4094,4.9510062404174424e-05,4.98150998233158e-05,4.955227369745337e-05
5772,0.0004550303303151835,0.000437538075369452,0.0006365957930652152
5432,1.4353125606649827e-05,1.3062637058056345e-05,1.021864358581216e-05
5567,0.00012448496869887454,0.00016268148960946516,0.00027572442689307897
1180,3.5878152718497426e-05,6.566831731039836e-05,5.9066436572139456e-05
1725,0.00012059282670657346,0.00011334052536491175,0.0001347226848260303
89,1.4943496212974962e-05,1.844131418208386e-05,1.7930577370615635e-05
4833,0.0015977163369582377,0.0014611404198167815,0.001971381311458116
3955,0.00014037057832678272,0.00014037057832678272,0.00014037057832678272
6457,7.504536926715742e-05,7.662273574848137e-05,0.00010278257098145128
6202,0.0005336178172441279,0.0007728845773951364,0.0005581818078781159
822,6.937887791182954e-07,1.8821095120954235e-06,1.8469445877816887e-06
6703,0.0,0.0,0.0
6704,0.0,0.0,0.0
512,4.567964051379958e-05,3.214941003999899e-05,2.6676469582593083e-05
5632,3.956947052846039e-05,4.1805970388971804e-05,0.00022781936747005678
2719,0.005866038970039135,0.0058672695774412255,0.005697529568042901
4751,5.595311410321889e-07,3.903673883750713e-07,2.289279660047418e-06
6297,0.0,0.0,0.0
4301,7.261519007268e-05,6.609377847626886e-05,9.797491309997826e-05
3896,0.0,0.0,0.0
5030,0.00013315606615138967,0.00013359132988605813,0.00013517214750171275
3921,8.0770519175848e-05,6.653940866112074e-05,6.328718612986393e-05
2799,0.0018870090607778444,0.0018147255260120988,0.0025951032757516846
5148,0.0008718081488845837,0.0005591996133506277,0.00044948471286892865
5765,0.0003626532817604782,0.00023284853378853525,0.00024279503013585038
4647,8.899602464292252e-05,5.5037144325451026e-05,4.471144811251729e-05
5068,6.390736981526353e-05,7.307322461804375e-05,0.00010840247416008527
4097,0.002429404443593104,0.0013719251320709058,0.001403285346837195
332,2.0081073208477186e-05,1.2027502785957308e-05,7.071067048267357e-06
4215,1.6167687272939673e-05,1.8026782069299647e-05,1.882217249678011e-05
3502,9.752779643439505e-06,9.258007198838051e-06,1.1946132463457116e-05
1818,1.7071044330382813e-05,1.6368677470634028e-05,1.9486593188800925e-05
1359,8.791394633174412e-07,9.241395026823579e-07,1.164846619109084e-06
4567,4.605950881056867e-06,8.119478090033626e-06,9.800970513971713e-06
4524,0.0008716806543048372,0.0012079931436927364,0.0011879608746867938
5280,0.0,0.0,0.0
2288,8.801816484910077e-06,8.411114069873987e-06,1.3339882664696418e-05
4164,0.0001575110021724177,0.0001329164845326682,0.00014085339613431443
4787,7.802570891734716e-06,8.718399034979808e-06,1.0279489237817226e-05
2951,8.156418640048156e-05,9.259031429280815e-05,0.00010098887262857502
6965,3.07904897195545e-07,1.9423874837900927e-07,1.5306332813991264e-07
2820,1.6273724980736148e-05,1.5531418848698747e-05,2.490078599267324e-05
5813,0.0002942162005148867,0.0003193753075155251,0.0003628700766807811
283,3.8690715415589654e-05,5.145024483603635e-05,4.3764864458650126e-05
4248,6.409484182338924e-07,3.5080922935723123e-07,3.7261848549233003e-07
3380,1.3258788429440538e-06,2.3275272417192764e-06,2.242444020863801e-06
2961,4.679880544267789e-07,6.990692007599126e-07,2.29830180671099e-06
1863,0.00011012694189707754,0.00015633870195810648,0.00018536143038523726
6145,0.0001777522844489268,0.00018113605460688174,0.00018220560033282055
3114,0.0,0.0,0.0
2885,0.00014029567759812913,0.00015953905890617382,0.0003938765294688841
5194,4.29824306206385e-05,2.3155427442703385e-05,2.3163759869214143e-05
3215,1.1177002817009341e-06,6.610222739584644e-07,1.5071847609069793e-06
6900,2.9306037541930648e-05,2.8754755020352926e-05,0.00012552171285422302
2547,1.841249871801866e-05,1.3962799729663802e-05,2.0186212413943646e-05
3891,0.0,0.0,0.0
2029,0.00014248222679012009,0.00014259588490011995,0.00014383754504696317
2553,1.771460323326204e-05,2.0653068547250806e-05,2.0414510180072377e-05
1101,0.00014037057832678272,0.0013901951151038749,0.0007652828467153288
6096,3.6440777801207554e-06,2.1553323927542673e-06,1.196528539388149e-06
26,0.005725632371633094,0.00516477179481609,0.004742800244766258
3400,0.0,0.0,0.0
4852,5.893217813758544e-06,8.24619812506009e-06,7.378651571997945e-06
5542,0.00029294945637139996,0.000268538754507235,0.0003511595090665762
6442,0.0001030279962213898,6.631320703057179e-05,6.585738546508395e-05
5380,0.00012571964859049652,7.63510742488859e-05,0.00011323340734474621
3264,2.6730291604358983e-05,3.805448316022726e-05,4.2627101193881024e-05
966,0.00011371506798681228,0.0002823060091457828,0.00023091127042178272
71,0.0,0.0,0.0
1890,3.3021116215301855e-05,2.9546667003915297e-05,3.3621933780562085e-05
959,1.8335387289380927e-05,1.0471786274632104e-05,5.789239205554814e-06
5573,0.00011174105598431674,0.00015260303700406985,0.0001249024050350106
5470,3.647976339173406e-05,3.864130532918837e-05,4.201861880474006e-05
895,0.0,0.0,0.0
5677,5.373812434161996e-06,3.7253696875813786e-06,3.782140645084976e-06
2783,3.221416299758435e-05,2.4230044846039395e-05,3.269663722385222e-05
583,0.00024492578309976185,0.0002503358167011426,0.0002525191585451848
3249,0.00021940861430998616,0.00022698867738283796,0.0002743046615898172
1277,0.000341441070041692,0.00039811116417890933,0.00044768257874498474
3829,0.00016814147807447534,0.0002410674313946327,0.00019504574094931964
4724,5.552652686078334e-06,7.5309775858039595e-06,8.945933077169864e-06
3062,1.2617719735217513e-05,3.109809644067937e-05,1.8715995696314254e-05
155,0.00014037057832678272,0.00014037057832678272,0.0007652828467153288
4314,0.00039326359880777987,0.00026579579592725096,0.00026178519305074575
4497,5.638141457713813e-06,6.00971526241795e-06,5.162812922675879e-06
1635,7.309731250026877e-05,0.00014316524895880586,0.00011247183973540094
5297,0.0,0.0,0.0
2832,0.0008472469699617184,0.0006702810387225485,0.0005935445062897288
1310,0.00023804747911054003,0.0002137268917394726,0.0001868940744640407
3836,5.321250305617486e-05,5.157188708786621e-05,0.00012876953824192207
4001,0.000765204610783198,0.0009995217459474546,0.0009026941571446789
101,4.817685385756412e-07,9.065052926184829e-07,3.585211325722929e-06
458,0.0007225112141784672,0.0005414783662976734,0.001485823224470867
4496,0.0,0.0,0.0
1244,2.7698969300321064e-06,2.501688669672156e-06,2.3481686457113873e-06
4180,7.554277674714373e-07,7.347985497035238e-07,6.957352936163402e-07
2123,0.00011478490895299136,0.00010054457450540919,9.869522634107697e-05
3434,1.1666320972890317e-07,9.660763076955739e-08,1.6603401610644615e-07
2261,0.0,0.0,0.0
6680,1.360457635665346e-05,9.505711789286957e-06,8.770615179914682e-06
4423,5.3044657222848974e-05,4.723193140910656e-05,6.103863191303811e-05
4195,6.529073960247141e-05,7.195288882384881e-05,6.353923267560626e-05
2987,7.761922773407657e-05,0.0001131864280270016,0.0001846071620836752
5909,2.130787879243806e-05,2.0768584655641553e-05,2.4034932993855477e-05
3608,2.827207597743403e-05,2.7824811747677482e-05,3.101079109059458e-05
1648,0.00014037893371834977,0.00014039221631185106,0.00014048145860354454
2505,0.00045424180912730246,0.0002979245122434336,0.00028880030426432817
1831,1.8513171857410136e-06,2.421937567063586e-06,1.031071922170513e-05
3173,0.0022839562776786866,0.002566924264851994,0.0022228557416122405
2389,4.499153141043355e-05,3.5899352006224736e-05,4.766593976168401e-05
6740,0.0007995081023824297,0.0008234771869231115,0.0009930713801698306
1907,5.165688225153713e-07,7.997274648732812e-07,7.406138278108214e-07
5449,5.0125829836219094e-05,3.616400144479077e-05,2.4167381791550907e-05
826,3.659707542934198e-07,2.8419948238545843e-07,9.864030421650431e-07
1467,0.0005920488873211519,0.0013858873001941143,0.0011547594457088143
6197,0.0,0.0,0.0
1649,0.00014037057832678272,0.00014037057832678272,0.00014037057832678272
4925,0.00015135869820943676,0.00018608355351501952,0.00018975599932462503
19,0.00021279707933849403,0.0002696090281805298,0.00018506596477347705
44,4.014090908819454e-05,3.358867990729176e-05,8.904940771575983e-05
3884,1.3375201124321138e-05,1.5574349749603736e-05,1.5004067631274876e-05
2196,2.3483102449213486e-06,4.777819549430379e-06,3.797137686283794e-06
2210,0.0005588509787237581,0.00039564589065117117,0.00023888866511273494
1694,0.00020217566451046623,0.0002025431150666266,0.00045884074438307695
2167,0.0,0.0,0.0
1275,0.0004079531884907322,0.00044865243603308205,0.00042736194672107997
4218,0.00014981683673202217,0.00010355879677221701,0.00013233941364119048
2374,0.0,0.0,0.0
3953,1.812372680577401e-06,9.885290961629235e-06,1.7719273819297068e-05
4486,0.00019617005998296994,0.0003665679477664919,0.0002816314450294117
893,0.0004799190254955488,0.0006213632442482378,0.0004617190177793074
2176,0.0,0.0,0.0
6058,0.00012550128110907602,0.0001094349051698537,8.704021535480385e-05
3006,5.57052753542572e-06,5.081776080558037e-06,7.596616011726318e-06
5052,9.877426900579912e-05,9.412863876161836e-05,5.8746095665722194e-05
1110,0.002791499387226978,0.0016685250484959186,0.0009715993044554486
3054,1.3733868231853855e-05,1.3939656054802907e-05,1.3823838243278762e-05
1364,0.00025964533896786346,0.0003459727038353325,0.0004444314668615922
506,0.0001658462830726468,0.00023261479010676592,0.00030558306279691063
7013,4.634099012855302e-05,4.4594667177936934e-05,0.00017750559238685705
151,0.0,0.0,0.0
6393,0.00023672117319971223,0.0002156938171232155,0.0002495564428599693
4304,0.0,0.0,0.0
4605,1.1824766966041235e-05,8.23861745080365e-06,7.001006845891871e-06
418,5.26726046687118e-05,3.927562552445128e-05,3.4949840403008943e-05
3529,5.6175835709389884e-05,6.008812975245778e-05,8.904609252842821e-05
5310,0.0,0.0,0.0
5959,4.042761352200191e-05,3.832601548577757e-05,4.133576434371437e-05
6628,7.798984056146775e-05,0.0001471785420727541,0.00013185928988855244
1046,0.0002866564094999813,0.00027229930059020034,0.0002808186374488909
2026,0.005437083702269509,0.0048713058655165216,0.005292784465754691
2561,1.0002463935185676e-06,1.0819582841202163e-06,7.724599942697267e-07
5633,8.738349602449543e-05,0.00017812105302750656,0.0001404900322631942
4926,0.0005478114092793552,0.000288961626352055,0.0001621286413370129
4386,6.985267645147243e-05,4.007028621223775e-05,2.8569708679715504e-05
537,3.094871651871755e-06,2.6616361969905932e-06,3.734041637802608e-06
403,0.00014605194633656566,0.00020648672063793713,0.00019166565393402232
5880,8.224542373230486e-06,5.939596342924786e-06,5.9613068298464825e-06
1086,0.0001847899885491329,0.00019073324521521145,0.00023166499614609134
3115,7.195450237272028e-06,3.6612490766218064e-06,2.8426055925659604e-06
1066,0.0003130281917258909,0.0004053214468958032,0.00031475545734712627
1876,0.00010388240785292334,0.00043503287690562447,0.00026335475154893245
4987,0.00023079103563965878,0.000215407157153797,0.00024196866584466671
2048,0.0,0.0,0.0
6795,0.0,0.0,0.0
1263,0.0,0.0,0.0
6153,8.646941639768934e-07,1.4088008609951283e-06,8.925464657640354e-07
179,4.727703758863505e-05,5.190479414910764e-05,9.950483176376446e-05
651,0.0,0.0,0.0
1797,0.0002992549695114324,0.0016079161048684024,0.00034097736653914616
5225,0.0004318893583780361,0.0004035239292210651,0.0004883432619909745
4477,9.494716658175858e-05,9.221229135770952e-05,9.59293912241192e-05
807,0.006129825752900579,0.004382097695019223,0.0036180666221476963
1270,0.0001426405062998702,0.00014612303025307325,0.0007750528615804561
1388,0.000294341722915188,0.00016444317523984129,0.00011248378223533044
4049,7.823314673758632e-05,7.515530821319393e-05,7.923821261362938e-05
5009,4.853950944531913e-06,4.687654145104381e-06,4.624094334475782e-06
6951,0.0,0.0,0.0
20,2.6349681036774844e-05,1.484810808163953e-05,5.608923038657045e-06
6488,0.00016290604569026845,0.00016088041671157566,0.00015713997385016114
4310,0.0010921982519297236,0.001092269850102842,0.0013282992970816798
731,0.0,0.0,0.0
4269,2.0433955649742312e-06,2.2680151059091033e-06,2.025346236559501e-06
2485,0.00012095320798238863,0.00012653108239118045,0.0001204680575067137
3690,0.0,0.0,0.0
2680,0.0002193801172587715,0.00018675002056411824,0.00014111094299973834
275,0.0010556397519956885,0.0010064310744723709,0.001167605697747239
2455,0.00015147354594175736,0.0013997289787367696,0.0007985971515197525
1139,0.0,0.0,0.0
2824,7.992663220279494e-05,7.551247690304209e-05,7.606216660899043e-05
1496,2.4172252034216666e-05,3.472850557096411e-05,2.8104858657323406e-05
5402,0.0010039181017978472,0.0011207991478808064,0.0012037211914746359
4007,5.6976644326997486e-06,7.119647798862453e-06,8.6186719622515e-06
2922,0.00157009220813732,0.002324080056100542,0.002956212573959512
218,0.00014042351942974103,0.00014047011134433318,0.0001414560124030568
350,1.7446744065290547e-05,2.0888722398955024e-05,3.724625046085388e-05
4398,0.0,0.0,0.0
1413,0.00011065860468157387,9.560368403884674e-05,9.35628353816032e-05
6950,0.0,0.0,0.0
6988,0.0,0.0,0.0
5940,2.823998566095508e-06,2.5065159803335866e-06,7.2256589919176544e-06
1465,0.0,0.0,0.0
6451,2.767017737825172e-05,3.0187776858777415e-05,6.733019576943707e-05
6743,0.00015846400208417203,0.00017651692909014218,0.0001674000859649894
3367,0.0,0.0,0.0
984,3.985571230816114e-06,3.1797379430115695e-06,3.4000101450372617e-06
6360,1.3637913874481943e-06,1.4274403377264485e-06,9.92753881144684e-07
2798,1.7955555528412852e-05,2.711120877583149e-05,2.9931743792429474e-05
2785,8.349225564169787e-06,9.553769436860502e-06,9.880107446144462e-06
5223,1.233959097257404e-05,2.1154589184758407e-05,1.3677105898116507e-05
1328,0.000351567289987728,0.00028199050403061843,0.000229035057790442
4557,0.0001611341975210403,0.00015833726926866337,0.0001680200363969395
668,0.0004199279928693607,0.0005052950749791231,0.0004999855062797986
1228,0.0,0.0,0.0
3152,0.0,0.0,0.0
5199,0.0,0.0,0.0
6323,0.00014037057832678272,0.00014037057832678272,0.00014037057832678272
1995,0.0003162137115152758,0.00025939560558658543,0.00022740402643939034
5802,0.0032051270166572584,0.004305058584581341,0.0042370999031004376
5440,4.892093600664085e-05,0.00017655925694483207,0.0001410823462500618
3782,4.636538641644198e-06,2.491688900335294e-06,4.140352788609989e-06
4325,3.75598134597761e-06,6.406921911368295e-06,1.148956159035856e-05
5936,0.0,0.0,0.0
3720,2.3174070932791277e-08,2.770946730845823e-07,4.0982773601124347e-07
3743,0.00031464742407782373,0.00039901925902276685,0.00043154004503378844
6799,6.117387683378462e-06,5.639585726039644e-06,5.6927123718904415e-06
5126,5.7247059148898e-07,3.1703371534731273e-07,4.6634159433487944e-07
4154,4.23649575948475e-05,3.716311424325432e-05,3.707674084219927e-05
5616,0.0001771709543625533,0.0001542453391280806,0.0002433525804003647
5519,0.0003933449570419333,0.0004232715618278014,0.0008034643344976693
7082,4.6391787117652944e-07,4.1522593323216624e-07,6.216297198432137e-07
4267,0.00032256095561594787,0.00029339605388989723,0.00029575645280966557
3991,0.0016831451436980435,0.0019331114896244742,0.0016170297584486874
7057,0.00019583335106278552,0.0002749546814859425,0.00022753809700303614
3816,0.0,0.0,0.0
6918,0.00022705641793666103,0.0002805786637534672,0.0001850077940736127
5760,0.00013221254476813,0.00019974457965671384,0.00021649590547106218
905,0.0,0.0,0.0
4617,7.825001295988983e-05,6.536476464893534e-05,9.891165327791145e-05
431,0.0010139938722354962,0.0009185447924125223,0.0011388402386243628
4420,0.0002228506814041004,0.00021599130490407425,0.00022475325937128382
2737,1.3893201916377631e-05,8.884659740286078e-06,6.5349076422158395e-06
5063,0.0,0.0,0.0
4118,4.162531030840399e-06,3.81859414565977e-06,3.575798236914319e-06
5161,1.0423640963759568e-05,1.053546712429125e-05,1.065607291511503e-05
5026,3.5299337529311928e-06,1.4357982801239506e-05,9.071954374259973e-06
1463,0.00011727541965951148,0.00011584170307470829,0.00011560268435596829
5406,2.4511990006237887e-05,3.405953846598337e-05,3.665770008672461e-05
521,0.0,0.0,0.0
7004,9.460435095579508e-05,0.00010279644794417467,8.723501760762368e-05
334,0.0,0.0,0.0
5119,1.8964469097821788e-06,1.4707505255283012e-06,1.5377551316378485e-06
3704,9.576215932598168e-05,9.515672069265159e-05,0.0001093022239782831
374,0.00023500218435012994,0.00019999367984374267,0.00015435672877526127
1993,3.243786248110801e-05,5.251828626844583e-05,3.996394920886943e-05
6696,0.00027646809588691276,0.0002357694111223907,0.00023571689338716862
4148,0.0,0.0,0.0
3237,0.004038926188687899,0.003398577942189656,0.0021282257236498563
2702,6.431123192608809e-07,1.3030698576850285e-06,8.7012961056032e-07
4934,1.0490653460700087e-05,1.0597083618606133e-05,1.445697099063799e-05
281,0.0002666704330177444,0.0003425297434036433,0.0003540450489968221
2259,0.0,0.0,0.0
6422,0.0001698136673601551,0.00017494934639169339,0.00019495987938698378
6512,3.1916384795035574e-05,2.7309723445772153e-05,2.4787614747163183e-05
4743,8.62960042400218e-05,5.668618284384536e-05,3.9916153491668366e-05
6807,9.138635882133283e-06,4.7332661155641765e-06,2.5950085404133006e-06
6586,0.0,0.0,0.0
4178,2.6753990958368423e-06,1.3816398909286366e-06,7.626796639211991e-07
3710,2.098703558577858e-05,1.0756437883788374e-05,6.241886848120004e-06
2085,0.0013390885837755396,0.0011499513916897886,0.0012557721017061984
3474,2.9720539006927863e-05,3.053275759930379e-05,2.968413702088093e-05
4585,5.849825017004987e-05,5.106239436550286e-05,5.96726779695076e-05
3813,0.000168495482071102,0.00011891339694066925,0.00010904666279567743
2983,1.300619049640398e-05,1.2142347655024646e-05,1.626230697230399e-05
5422,0.00011674616853919007,7.170483693120875e-05,2.8304019596327523e-05
5900,0.00013181570559415743,0.00012358666398546076,0.00012180454413863175
3046,5.136161361855644e-06,5.478643630360042e-06,8.212688275311292e-06
5091,0.00016994799820905997,0.00017451602057619043,0.00021207886247225644
702,2.3928632976044484e-06,2.6402539351436926e-06,4.935998974502096e-06
2328,3.2703788564454678e-06,4.374982910002412e-06,5.128387142616268e-06
4234,0.0,0.0,0.0
4417,4.195506442428294e-05,3.699345434675703e-05,2.941482906029107e-05
3106,0.0,0.0,0.0
6435,2.8347006780731943e-05,6.914472160281246e-05,5.6017579268842416e-05
249,0.00018072433775241547,0.00018185225284324082,0.00018366339165064237
5036,0.0,0.0,0.0
388,1.4425433580515402e-05,1.5688479391228143e-05,1.3197753204396237e-05
2382,0.0,0.0,0.0
2723,0.0008002296038450581,0.0005112679143883145,0.00037089933852712994
3856,0.0001018534295566588,0.00010662234665083577,0.00010055556694981721
256,0.0,0.0,0.0
5631,0.0002799392965356653,0.00027788997390836674,0.0005268424472235968
31,0.0,0.0,0.0
2276,2.7532663292185604e-05,2.3371542328055853e-05,2.0571916338048246e-05
3619,6.9683558305621064e-06,5.224774190043766e-06,7.733379816874263e-06
1571,0.0,0.0,0.0
688,4.7467408620051774e-05,3.2700220075569736e-05,4.4565793535258714e-05
2101,0.00013934166314040613,0.00013842679411742715,0.00014418289496524934
5240,0.0001564649841436961,0.0001344000447906171,0.00012514404449044265
2546,0.0,0.0,0.0
5279,4.812980486836535e-07,5.304082495788318e-07,8.5003004268569e-07
2365,0.000220019076081387,0.00019469184241503048,0.0001787318934070382
2329,6.641077840415805e-05,4.409469560797086e-05,5.6357832668693554e-05
3737,0.0,0.0,0.0
2656,5.0385407468565006e-06,4.469519985274374e-06,4.7061023618091055e-06
2155,0.00031471644854593763,0.00025973572424285165,0.00023816678424665467
2730,2.1105985783127455e-05,2.2288063778482452e-05,3.4046999095517146e-05
3830,0.0018565958059041487,0.0014686508805593665,0.0010608957184296392
1562,0.0,0.0,0.0
3667,0.0,0.0,0.0
6033,0.0016432650363372718,0.0014342734835420614,0.0018353377047909134
5658,3.4408173906703755e-05,3.559469223419816e-05,2.747595662046429e-05
7123,5.068068553694251e-07,4.106674774998103e-07,3.7464969425441634e-07
861,0.0,0.0,0.0
1089,0.003350066380145654,0.0034030178239745808,0.003692370056066709
3794,5.941347785920994e-06,9.691606973430055e-06,1.0225414402507089e-05
6534,2.299124178584341e-05,7.384894575617472e-05,4.8189962587737074e-05
2041,2.3020210643618037e-05,1.2326287201444229e-05,7.545789822961822e-06
6870,0.00017140076487436734,0.0001576316006629593,0.00017542476093220953
3919,9.996950662254736e-07,1.249199291490143e-06,1.0593482886183722e-06
