node,degree_centrality,betweenness_centrality,pagerank,degree_raw,louvain_community,participation_coefficient,z_within_degree,role
2299,0.0009824561403508772,0.0004085099586164729,0.0001228296009970262,7,16,0.5714285714285714,0.03529896973110142,Khac (Peripheral)
153,0.0026666666666666666,0.0009430038474908699,0.00023674697674696274,19,2,0.8033240997229917,1.0052239911153695,Streamer Cau noi (Bridge)
397,0.001263157894736842,3.5404571648688884e-05,0.00012175992199203355,9,5,0.19753086419753085,-0.08446315745912726,Khac (Peripheral)
5623,0.00042105263157894734,1.4923360272275755e-06,5.231709731225295e-05,3,14,0.6666666666666667,-0.5111872250074323,Streamer Cau noi (Bridge)
5875,0.0002807017543859649,1.513313757249658e-05,5.5278797693840434e-05,2,6,0.0,-0.29170288937188404,Khac (Peripheral)
3346,0.0002807017543859649,9.110980091886637e-07,4.724826918090999e-05,2,1,0.5,-0.7142676008076517,Khac (Peripheral)
6930,0.0019649122807017545,0.00045812912169375397,0.0001763328018224445,14,16,0.7755102040816326,0.03529896973110142,Streamer Cau noi (Bridge)
6367,0.00042105263157894734,1.916882230512006e-05,6.1176535954896e-05,3,4,0.6666666666666667,-0.45047486221988475,Streamer Cau noi (Bridge)
1434,0.0005614035087719298,2.58012716090597e-05,7.007901204181254e-05,4,14,0.375,-0.2539918620224932,Khac (Peripheral)
4470,0.001263157894736842,0.0002139265182298651,0.00012096620972015283,9,9,0.5185185185185186,0.14365775267111203,Khac (Peripheral)
5122,0.008982456140350877,0.002886153099544598,0.0007231629694026005,64,3,0.73046875,2.8534764761621028,Khac (Peripheral)
4790,0.0007017543859649122,6.619681666540621e-06,7.508306717066353e-05,5,1,0.31999999999999984,-0.36732359257760294,Khac (Peripheral)
4919,0.0008421052631578947,0.00015100410564342957,0.00011826174016389174,6,1,0.2777777777777777,-0.25167558983425337,Khac (Peripheral)
575,0.0002807017543859649,0.0,4.503175157053512e-05,2,9,0.0,-0.1780241547109686,Khac (Peripheral)
639,0.0011228070175438596,7.507931208071719e-06,0.0001064151934001288,8,6,0.40625,-0.00793149850255878,Khac (Peripheral)
7012,0.001263157894736842,5.215233079842567e-05,0.00014348029873678637,9,15,0.6419753086419753,0.5791998523723334,Streamer Cau noi (Bridge)
6445,0.0005614035087719298,9.179805797869909e-05,7.596467832900612e-05,4,16,0.625,-0.14312629133157528,Streamer Cau noi (Bridge)
1170,0.0032280701754385964,0.0008938877757389244,0.0003206535410232749,23,14,0.6313799621928167,0.7747895899172631,Streamer Cau noi (Bridge)
326,0.0016842105263157893,0.00017474752918470284,0.00015210626739143711,12,4,0.7916666666666667,-0.24934032964200262,Streamer Cau noi (Bridge)
4956,0.0002807017543859649,0.0013901951151038742,7.665772242522014e-05,2,1,0.0,-0.5986195980643021,Khac (Peripheral)
2639,0.0018245614035087717,0.00027452713178162033,0.0001701429752112193,13,9,0.7692307692307692,0.06323727582559185,Streamer Cau noi (Bridge)
5028,0.00042105263157894734,2.1045885125352064e-05,6.513418841186749e-05,3,9,0.4444444444444444,-0.1780241547109686,Khac (Peripheral)
6277,0.0008421052631578947,5.521440614374478e-05,9.316636404144371e-05,6,9,0.0,0.14365775267111203,Khac (Peripheral)
6784,0.0005614035087719298,9.701924521076268e-06,6.261649254500683e-05,4,9,0.75,-0.2584446315564888,Streamer Cau noi (Bridge)
49,0.0007017543859649122,1.5729344178428496e-05,9.317791303342254e-05,5,15,0.56,-0.02843616846272445,Khac (Peripheral)
4526,0.00014035087719298245,0.0,3.3802867506315046e-05,1,4,0.0,-0.45047486221988475,Khac (Peripheral)
4108,0.00042105263157894734,3.544976721045944e-05,6.114746334729269e-05,3,15,0.4444444444444444,-0.3322541788802534,Khac (Peripheral)
1171,0.00014035087719298245,0.0,3.180828511026556e-05,1,4,0.0,-0.45047486221988475,Khac (Peripheral)
2568,0.00014035087719298245,0.0,3.394113080452684e-05,1,4,0.0,-0.45047486221988475,Khac (Peripheral)
5731,0.005614035087719298,0.0018838980789182428,0.0004556365379808223,40,6,0.5149999999999999,1.4818683035613986,Khac (Peripheral)
1760,0.0009824561403508772,3.272126134404685e-05,0.00010727360519999693,7,1,0.5714285714285714,-0.36732359257760294,Khac (Peripheral)
6707,0.0005614035087719298,0.00018537965986009105,9.117171490297316e-05,4,16,0.625,-0.14312629133157528,Streamer Cau noi (Bridge)
2019,0.0029473684210526313,0.0004011020857103634,0.00024687132897548093,21,6,0.4897959183673469,0.5596112832360918,Khac (Peripheral)
634,0.00014035087719298245,0.0,3.0345629651401183e-05,1,5,0.0,-0.6061473652949135,Khac (Peripheral)
4670,0.00014035087719298245,0.0,3.214364973904356e-05,1,9,0.0,-0.2584446315564888,Khac (Peripheral)
2399,0.0019649122807017545,0.000138625301689353,0.0001762981153014013,14,4,0.6326530612244898,0.018839047128506894,Streamer Cau noi (Bridge)
5737,0.00014035087719298245,0.0,3.220610088201645e-05,1,1,0.0,-0.7142676008076517,Khac (Peripheral)
6974,0.004350877192982456,0.0008785989137703439,0.00042793764821955906,31,1,0.5681581685744017,1.4830444513159904,Khac (Peripheral)
6919,0.00014035087719298245,0.0,3.584581951365492e-05,1,16,0.0,-0.23233892186291363,Khac (Peripheral)
240,0.0005614035087719298,5.3194878693889066e-05,6.650919442643128e-05,4,5,0.0,-0.38256841907957656,Khac (Peripheral)
5646,0.0005614035087719298,1.8583393903154707e-05,6.696042998941556e-05,4,9,0.625,-0.1780241547109686,Streamer Cau noi (Bridge)
158,0.0005614035087719298,1.2671502086162078e-05,6.246589920403117e-05,4,4,0.375,-0.31638517383463,Khac (Peripheral)
3298,0.001263157894736842,1.3663681043310496e-05,0.00010731531771434919,9,5,0.19753086419753085,-0.08446315745912726,Khac (Peripheral)
2354,0.003789473684210526,0.0006032378077187984,0.0002921694739559438,27,5,0.6145404663923182,0.437221050376659,Khac (Peripheral)
1161,0.0008421052631578947,0.0001810599682218436,0.00011689391459664933,6,0,0.6666666666666667,0.029268008972723546,Streamer Cau noi (Bridge)
1869,0.015719298245614036,0.006335495556887781,0.001282442603665481,112,5,0.697704081632653,3.6418526127964888,Khac (Peripheral)
3499,0.004912280701754385,0.0013326654363021767,0.0004312824868316527,35,5,0.7020408163265306,0.660799996591996,Streamer Cau noi (Bridge)
5655,0.001263157894736842,3.4899208612290785e-05,0.0001380521152804374,9,13,0.37037037037037035,1.3109354082284255,Khac (Peripheral)
5295,0.0005614035087719298,0.000354151286307726,9.052928976728528e-05,4,1,0.625,-0.5986195980643021,Streamer Cau noi (Bridge)
6468,0.00014035087719298245,0.0,3.416967136606929e-05,1,4,0.0,-0.45047486221988475,Khac (Peripheral)
3872,0.0002807017543859649,0.0,6.202563843556215e-05,2,16,0.0,-0.14312629133157528,Khac (Peripheral)
5676,0.0014035087719298245,6.696157756064347e-05,0.00014368182657676173,10,14,0.76,-0.12539418053002366,Streamer Cau noi (Bridge)
72,0.0002807017543859649,1.336186151053556e-06,4.0026559905271885e-05,2,5,0.0,-0.5316210498898012,Khac (Peripheral)
544,0.00042105263157894734,0.0,5.465749110895544e-05,3,16,0.0,-0.05391366080023693,Khac (Peripheral)
4228,0.00042105263157894734,0.000188813981829289,6.711081603362263e-05,3,10,0.4444444444444444,-0.48321712779513526,Khac (Peripheral)
2430,0.0005614035087719298,2.4141758867526115e-05,7.288276030710906e-05,4,14,0.5,-0.3825895435149627,Khac (Peripheral)
2677,0.005052631578947368,0.00031421939291470817,0.0003933876743735825,36,4,0.15740740740740755,1.6949601519441915,Khac (Peripheral)
576,0.0002807017543859649,2.828066008945846e-06,4.532585320089838e-05,2,13,0.0,-0.4139796025984502,Khac (Peripheral)
5986,0.0023859649122807015,0.0009100672693480552,0.00021819944038383812,17,4,0.6228373702422145,0.15292873551376165,Streamer Cau noi (Bridge)
3707,0.0002807017543859649,0.00014037057832678272,8.584597695257335e-05,2,13,0.0,-0.4139796025984502,Khac (Peripheral)
809,0.002245614035087719,0.00039689472771281515,0.00019886337673572245,16,5,0.6875,-0.08446315745912726,Streamer Cau noi (Bridge)
593,0.0009824561403508772,2.6939626226150024e-05,9.443907363226498e-05,7,14,0.653061224489796,-0.2539918620224932,Streamer Cau noi (Bridge)
2456,0.0008421052631578947,0.00015957190542070034,9.684941317599711e-05,6,1,0.2777777777777777,-0.25167558983425337,Khac (Peripheral)
6911,0.0007017543859649122,1.9625984863268818e-05,9.720485163690158e-05,5,8,0.31999999999999984,0.25678193912766795,Khac (Peripheral)
3362,0.00014035087719298245,0.0,3.2308911402435635e-05,1,5,0.0,-0.6061473652949135,Khac (Peripheral)
7101,0.00014035087719298245,0.0,5.391992885526371e-05,1,3,0.0,-0.5587867256689831,Khac (Peripheral)
7060,0.0009824561403508772,9.694037020896662e-05,0.00010164861402311427,7,9,0.44897959183673464,0.06323727582559185,Khac (Peripheral)
6080,0.001543859649122807,0.000227145098899294,0.0001479246224815245,11,9,0.6446280991735538,0.14365775267111203,Streamer Cau noi (Bridge)
5771,0.0002807017543859649,0.0,4.391353069110488e-05,2,14,0.5,-0.5111872250074323,Khac (Peripheral)
5914,0.0002807017543859649,0.00014037057832678272,8.385241312789483e-05,2,3,0.0,-0.3881735655774289,Khac (Peripheral)
6794,0.00042105263157894734,6.613711012355741e-06,6.150639076608623e-05,3,16,0.4444444444444444,-0.14312629133157528,Khac (Peripheral)
3361,0.00042105263157894734,2.4109841000950994e-05,5.23098958916598e-05,3,1,0.6666666666666667,-0.7142676008076517,Streamer Cau noi (Bridge)
3260,0.0002807017543859649,3.3301631589896836e-05,4.7021064862634363e-05,2,16,0.5,-0.23233892186291363,Khac (Peripheral)
936,0.0008421052631578947,0.00015738837064885506,9.839134474161153e-05,6,16,0.6666666666666667,-0.05391366080023693,Streamer Cau noi (Bridge)
3837,0.0008421052631578947,0.0009073805543428887,0.00010858038845256564,6,1,0.5,-0.36732359257760294,Khac (Peripheral)
2233,0.0002807017543859649,4.79205670163791e-07,5.2972489896560784e-05,2,9,0.0,-0.1780241547109686,Khac (Peripheral)
4568,0.007859649122807018,0.0033900567867012374,0.0006380987069385847,56,5,0.7021683673469388,1.10795788902267,Streamer Cau noi (Bridge)
3468,0.0007017543859649122,0.0001644064010248952,9.628267191173115e-05,5,4,0.56,-0.31638517383463,Khac (Peripheral)
5540,0.0005614035087719298,1.1168511329253741e-05,8.074411518612504e-05,4,14,0.375,-0.2539918620224932,Khac (Peripheral)
6304,0.0011228070175438596,0.00029121511385892944,0.00011540073165245051,8,9,0.75,-0.09760367786544846,Streamer Cau noi (Bridge)
3284,0.0002807017543859649,1.3773125053554202e-05,4.115339057061336e-05,2,9,0.5,-0.2584446315564888,Khac (Peripheral)
1376,0.0018245614035087717,0.00021971273710214673,0.00018102120912870162,13,5,0.7692307692307692,-0.38256841907957656,Streamer Cau noi (Bridge)
4702,0.008,0.0039741867888968795,0.0006633890918465125,57,5,0.657433056325023,1.7041684122635685,Streamer Cau noi (Bridge)
6480,0.0014035087719298245,6.0375105305076146e-05,0.0001177654213172433,10,5,0.33999999999999986,-0.08446315745912726,Khac (Peripheral)
5021,0.00014035087719298245,0.0,3.286902722041417e-05,1,16,0.0,-0.23233892186291363,Khac (Peripheral)
6756,0.003929824561403509,0.0017471139943359651,0.0003216988953151353,28,6,0.25765306122448983,1.2690397604094048,Khac (Peripheral)
2533,0.002105263157894737,0.00011977188359644067,0.00017890372555056045,15,5,0.6488888888888888,-0.08446315745912726,Streamer Cau noi (Bridge)
6062,0.0002807017543859649,0.00014037057832678272,8.018367832001404e-05,2,1,0.0,-0.5986195980643021,Khac (Peripheral)
5956,0.0007017543859649122,1.1294077799239203e-05,8.230256873659715e-05,5,16,0.31999999999999984,0.03529896973110142,Khac (Peripheral)
5768,0.006736842105263157,0.0041172022236980075,0.0006460717361437326,48,6,0.7413194444444444,1.056211217257411,Streamer Cau noi (Bridge)
1636,0.00042105263157894734,1.2438934676541998e-05,5.6587389037465226e-05,3,9,0.6666666666666667,-0.2584446315564888,Streamer Cau noi (Bridge)
1524,0.0026666666666666666,0.0003967932461354643,0.0002394660543374175,19,5,0.5761772853185596,0.21364210416132204,Khac (Peripheral)
1385,0.0005614035087719298,0.0002048351603861395,6.686362053956983e-05,4,6,0.375,-0.2207600416545527,Khac (Peripheral)
119,0.0007017543859649122,5.3992713991564894e-05,7.656288170709705e-05,5,5,0.72,-0.5316210498898012,Streamer Cau noi (Bridge)
3213,0.0008421052631578947,2.3166017893660123e-05,8.900412366380423e-05,6,4,0.5,-0.24934032964200262,Khac (Peripheral)
4487,0.0005614035087719298,3.842159093729975e-05,8.28703622832687e-05,4,5,0.625,-0.5316210498898012,Streamer Cau noi (Bridge)
839,0.0014035087719298245,6.741212721053026e-05,0.0001406854078334121,10,4,0.4600000000000001,-0.04820579706412048,Khac (Peripheral)
6165,0.0019649122807017545,0.0007919434463016323,0.0001974514620966419,14,4,0.6836734693877551,-0.04820579706412048,Streamer Cau noi (Bridge)
1150,0.00042105263157894734,1.7915199259965515e-06,5.760569155887489e-05,3,9,0.0,-0.09760367786544846,Khac (Peripheral)
701,0.00042105263157894734,1.8729299845541035e-05,5.5079756952829484e-05,3,13,0.6666666666666667,-0.7589626047638253,Streamer Cau noi (Bridge)
1794,0.00014035087719298245,0.0,4.888496236685711e-05,1,8,0.0,-0.7985918306870473,Khac (Peripheral)
3998,0.0009824561403508772,0.00022034542910626825,0.00011058280182483321,7,16,0.44897959183673464,0.12451160026243978,Khac (Peripheral)
4923,0.0014035087719298245,0.00016792246222411406,0.00013244027353976294,10,2,0.76,-0.6448606735457089,Streamer Cau noi (Bridge)
542,0.001543859649122807,0.00040440159218121534,0.00016663200816681187,11,1,0.743801652892562,-0.36732359257760294,Streamer Cau noi (Bridge)
7074,0.00014035087719298245,0.0,3.43243164963483e-05,1,6,0.0,-0.3626457370892153,Khac (Peripheral)
4315,0.0016842105263157893,0.0002489448283997084,0.00016491843892063265,12,1,0.6527777777777778,-0.1360275870909038,Streamer Cau noi (Bridge)
1481,0.007859649122807018,0.0014407792978866334,0.0005969940898375772,56,5,0.39987244897959173,2.523957881719804,Khac (Peripheral)
5915,0.0008421052631578947,0.0001520192864074743,0.00010507775025051476,6,9,0.6111111111111112,-0.09760367786544846,Khac (Peripheral)
948,0.0019649122807017545,0.00023178730066325068,0.00018126078267576064,14,1,0.7653061224489797,-0.36732359257760294,Streamer Cau noi (Bridge)
799,0.001263157894736842,5.422027548844424e-05,0.0001317725371923176,9,0,0.8148148148148149,-0.2570494701082677,Streamer Cau noi (Bridge)
6513,0.0009824561403508772,0.0002483158995616347,0.00011710670773861587,7,14,0.6122448979591837,-0.12539418053002366,Khac (Peripheral)
413,0.00042105263157894734,4.651497928321849e-06,5.791846804699779e-05,3,9,0.6666666666666667,-0.2584446315564888,Streamer Cau noi (Bridge)
3811,0.0002807017543859649,1.881394485515805e-06,5.426363229351082e-05,2,6,0.5,-0.3626457370892153,Khac (Peripheral)
7055,0.004350877192982456,0.0002812945815296978,0.0003530670445277521,31,4,0.28511966701352753,1.2256462425957997,Khac (Peripheral)
1923,0.00014035087719298245,0.0,3.2385891955629855e-05,1,6,0.0,-0.3626457370892153,Khac (Peripheral)
5383,0.0002807017543859649,2.056428568687095e-06,5.046910708365075e-05,2,16,0.5,-0.23233892186291363,Khac (Peripheral)
1920,0.0002807017543859649,4.689037091885986e-07,4.900497873731672e-05,2,9,0.5,-0.2584446315564888,Khac (Peripheral)
3555,0.00014035087719298245,0.0,5.1556076787794906e-05,1,7,0.0,-1.372812945967288,Khac (Peripheral)
6861,0.001263157894736842,0.0003545396304109577,0.00014005689189649075,9,9,0.37037037037037035,0.22407822951663217,Khac (Peripheral)
1893,0.0002807017543859649,2.621758434486617e-06,5.3153027415748895e-05,2,16,0.5,-0.23233892186291363,Khac (Peripheral)
5490,0.0014035087719298245,0.00019402257294032557,0.00015160385336993753,10,4,0.82,-0.31638517383463,Streamer Cau noi (Bridge)
3977,0.00014035087719298245,0.0,3.305900327248635e-05,1,16,0.0,-0.23233892186291363,Khac (Peripheral)
2265,0.001263157894736842,9.123726218907184e-05,0.00011998544716767073,9,5,0.49382716049382713,-0.2335157882693519,Khac (Peripheral)
661,0.0002807017543859649,1.0134037132801775e-07,4.657980715748075e-05,2,9,0.5,-0.2584446315564888,Khac (Peripheral)
4449,0.001263157894736842,4.654552807044649e-05,0.0001110776584387231,9,1,0.6172839506172839,-0.25167558983425337,Khac (Peripheral)
5038,0.004631578947368421,0.0008579352216618815,0.0003732714199314269,33,5,0.6556473829201102,0.5862736811868836,Streamer Cau noi (Bridge)
6720,0.00014035087719298245,0.0,3.338628045939249e-05,1,9,0.0,-0.2584446315564888,Khac (Peripheral)
3714,0.00014035087719298245,0.0,4.072527019725888e-05,1,2,0.0,-0.6448606735457089,Khac (Peripheral)
260,0.0002807017543859649,0.0,4.2567381174615506e-05,2,16,0.5,-0.23233892186291363,Khac (Peripheral)
4330,0.006456140350877193,0.0012327994451088648,0.0005393716933939669,46,0,0.834593572778828,2.6061253207016444,Khac (Peripheral)
3957,0.00014035087719298245,0.0,4.351997155988909e-05,1,4,0.0,-0.45047486221988475,Khac (Peripheral)
1664,0.0002807017543859649,2.878864291606896e-06,4.763329162640721e-05,2,6,0.0,-0.29170288937188404,Khac (Peripheral)
3209,0.007719298245614035,0.001526586224838412,0.0006455031662831232,55,6,0.4991735537190083,2.262239628452043,Khac (Peripheral)
5888,0.0019649122807017545,8.271112379410999e-05,0.0001789797507424381,14,1,0.3571428571428572,0.44221242662584415,Khac (Peripheral)
2453,0.00014035087719298245,0.0,5.813501858036641e-05,1,16,0.0,-0.23233892186291363,Khac (Peripheral)
5720,0.00014035087719298245,0.0,3.266944956948561e-05,1,14,0.0,-0.5111872250074323,Khac (Peripheral)
38,0.0002807017543859649,3.1066152016344527e-06,4.4865831641083186e-05,2,9,0.5,-0.2584446315564888,Khac (Peripheral)
5594,0.001263157894736842,0.0001224886704477057,0.00013938475412337065,9,14,0.49382716049382713,0.13180118245491543,Khac (Peripheral)
4460,0.00042105263157894734,0.00014056124252216585,9.130780879169063e-05,3,1,0.0,-0.4829715953209526,Khac (Peripheral)
4958,0.0019649122807017545,0.0002609677275716339,0.00018069940855342328,14,6,0.8673469387755102,-0.2207600416545527,Streamer Cau noi (Bridge)
77,0.0007017543859649122,0.0001562154888022434,9.059198957340971e-05,5,6,0.31999999999999984,-0.1498171939372214,Khac (Peripheral)
6752,0.0016842105263157893,5.014987925945802e-05,0.00014509658162732906,12,1,0.48611111111111116,0.09526841839579539,Khac (Peripheral)
6945,0.00014035087719298245,0.0,3.1358693039005883e-05,1,1,0.0,-0.7142676008076517,Khac (Peripheral)
3678,0.0002807017543859649,1.0973258093008172e-06,4.14074315276835e-05,2,8,0.5,-0.7985918306870473,Khac (Peripheral)
875,0.0009824561403508772,3.269860397106936e-05,9.849338720847559e-05,7,16,0.7755102040816326,-0.23233892186291363,Streamer Cau noi (Bridge)
3551,0.0033684210526315787,0.0029322458264111765,0.0003030739601950805,24,6,0.7604166666666666,0.20489704464943517,Streamer Cau noi (Bridge)
4273,0.0007017543859649122,0.00020932524898574988,8.583306484904283e-05,5,10,0.6399999999999999,-0.48321712779513526,Streamer Cau noi (Bridge)
6220,0.0002807017543859649,9.165007455705644e-07,4.2261880590396636e-05,2,3,0.5,-0.5587867256689831,Khac (Peripheral)
4999,0.00014035087719298245,0.0,3.178046519349181e-05,1,6,0.0,-0.3626457370892153,Khac (Peripheral)
4537,0.00042105263157894734,0.0,7.665486791234574e-05,3,14,0.0,-0.2539918620224932,Khac (Peripheral)
465,0.002245614035087719,0.002324713305808669,0.0002438034323270387,16,1,0.6640625,0.09526841839579539,Streamer Cau noi (Bridge)
4971,0.0002807017543859649,1.43782514661009e-07,4.464945544573623e-05,2,3,0.5,-0.5587867256689831,Khac (Peripheral)
6276,0.00014035087719298245,0.0,3.349093727425573e-05,1,16,0.0,-0.23233892186291363,Khac (Peripheral)
2540,0.00042105263157894734,7.374352830877787e-06,6.245019097882223e-05,3,0,0.4444444444444444,-0.2570494701082677,Khac (Peripheral)
2412,0.00014035087719298245,0.0,3.198389107863461e-05,1,6,0.0,-0.3626457370892153,Khac (Peripheral)
1596,0.0007017543859649122,4.050629253769131e-05,7.609970968143554e-05,5,5,0.72,-0.5316210498898012,Streamer Cau noi (Bridge)
1766,0.0008421052631578947,0.00011713575466234987,9.052223238889491e-05,6,0,0.6111111111111112,-0.2570494701082677,Khac (Peripheral)
6077,0.008280701754385965,0.0015118277480616526,0.0007176519331458356,59,16,0.7894283251939098,1.73033894982653,Streamer Cau noi (Bridge)
2433,0.0005614035087719298,6.936782547762296e-05,7.444768823844941e-05,4,13,0.625,-0.4139796025984502,Streamer Cau noi (Bridge)
1206,0.00014035087719298245,0.0,3.263724399544556e-05,1,2,0.0,-0.6448606735457089,Khac (Peripheral)
1922,0.0005614035087719298,0.00015586869347118857,8.816703626510443e-05,4,1,0.375,-0.4829715953209526,Khac (Peripheral)
2933,0.00014035087719298245,0.0,3.163937009732513e-05,1,1,0.0,-0.7142676008076517,Khac (Peripheral)
6007,0.0033684210526315787,0.0005104117505048475,0.0002992609418397452,24,1,0.22916666666666663,1.59869245405934,Khac (Peripheral)
4230,0.008,0.0018054873224467305,0.0006067177551661396,57,1,0.6715912588488766,2.408228473262787,Streamer Cau noi (Bridge)
6556,0.002245614035087719,0.0001707294737400768,0.00018879575806739614,16,6,0.609375,0.20489704464943517,Khac (Peripheral)
2675,0.0009824561403508772,4.235015608728538e-05,0.00010053609950506074,7,16,0.7755102040816326,-0.14312629133157528,Streamer Cau noi (Bridge)
2203,0.001263157894736842,0.00011467100582173522,0.00012233851911898474,9,6,0.7160493827160495,-0.1498171939372214,Streamer Cau noi (Bridge)
5471,0.0008421052631578947,3.4814329781382855e-05,9.781589029956745e-05,6,14,0.4444444444444444,-0.12539418053002366,Khac (Peripheral)
3593,0.00014035087719298245,0.0,3.349093727425573e-05,1,16,0.0,-0.23233892186291363,Khac (Peripheral)
1019,0.0002807017543859649,0.0,4.1959487809965425e-05,2,1,0.0,-0.5986195980643021,Khac (Peripheral)
257,0.0011228070175438596,0.00011535422910438178,0.0001426736307045526,8,16,0.65625,0.03529896973110142,Streamer Cau noi (Bridge)
366,0.001543859649122807,6.837267654339017e-05,0.00013807041688508872,11,5,0.31404958677685935,-0.009936842054014941,Khac (Peripheral)
1063,0.0014035087719298245,8.996254682746135e-05,0.00017232652206129075,10,9,0.42000000000000004,0.22407822951663217,Khac (Peripheral)
5924,0.0002807017543859649,0.0,4.610995595957336e-05,2,14,0.0,-0.3825895435149627,Khac (Peripheral)
27,0.00014035087719298245,0.0,5.5355221731131e-05,1,16,0.0,-0.23233892186291363,Khac (Peripheral)
6240,0.00014035087719298245,0.0,3.338628045939249e-05,1,9,0.0,-0.2584446315564888,Khac (Peripheral)
7022,0.0002807017543859649,0.0013901951151038734,7.894671912711647e-05,2,9,0.0,-0.1780241547109686,Khac (Peripheral)
0,0.00014035087719298245,0.0,4.5609501192016874e-05,1,16,0.0,-0.23233892186291363,Khac (Peripheral)
2603,0.00042105263157894734,1.5673620631266479e-06,5.6379850367199125e-05,3,3,0.4444444444444444,-0.3881735655774289,Khac (Peripheral)
2993,0.0011228070175438596,0.00011612346659366511,0.00011029157843177042,8,1,0.21875,-0.020379584347554196,Khac (Peripheral)
5522,0.00014035087719298245,0.0,3.530380867467015e-05,1,4,0.0,-0.45047486221988475,Khac (Peripheral)
2309,0.0005614035087719298,1.1744122384613526e-05,7.009607288774112e-05,4,2,0.375,0.015173192318722542,Khac (Peripheral)
4815,0.0005614035087719298,8.548750036430855e-06,7.45110500837145e-05,4,15,0.625,-0.3322541788802534,Streamer Cau noi (Bridge)
36,0.0008421052631578947,1.7042827239550095e-05,8.480929907409301e-05,6,4,0.2777777777777777,-0.18229548544937524,Khac (Peripheral)
5984,0.00014035087719298245,0.0,5.181171477835217e-05,1,9,0.0,-0.2584446315564888,Khac (Peripheral)
1037,0.0011228070175438596,0.00043427087311160363,0.00011892333274859112,8,4,0.21875,-0.04820579706412048,Khac (Peripheral)
2915,0.0002807017543859649,1.1292055652008034e-06,4.5276740606011514e-05,2,15,0.5,-0.6360721892977823,Khac (Peripheral)
1122,0.00014035087719298245,0.0,3.2029188269865987e-05,1,9,0.0,-0.2584446315564888,Khac (Peripheral)
2435,0.0011228070175438596,1.0346657148828418e-05,0.00010857524832460466,8,15,0.65625,0.27538184195480453,Streamer Cau noi (Bridge)
2990,0.004210526315789474,0.001289027539448934,0.0003458138990301691,30,4,0.3488888888888888,1.091556554210545,Khac (Peripheral)
6859,0.00014035087719298245,0.0,4.811074040823094e-05,1,4,0.0,-0.45047486221988475,Khac (Peripheral)
1590,0.0014035087719298245,0.00011560813359734646,0.00014039300421093376,10,2,0.8,0.015173192318722542,Streamer Cau noi (Bridge)
422,0.0007017543859649122,9.920336803471077e-05,8.218667332379481e-05,5,9,0.56,-0.09760367786544846,Khac (Peripheral)
4000,0.00014035087719298245,0.0,4.7977520367191385e-05,1,6,0.0,-0.3626457370892153,Khac (Peripheral)
1603,0.002526315789473684,0.0004583556168702874,0.00021702092397796676,18,4,0.29629629629629617,0.48815295647689855,Khac (Peripheral)
5767,0.0002807017543859649,2.263354916107345e-07,4.017212061049667e-05,2,1,0.0,-0.5986195980643021,Khac (Peripheral)
911,0.0005614035087719298,3.842188488774016e-06,6.591822641464283e-05,4,6,0.625,-0.29170288937188404,Streamer Cau noi (Bridge)
3316,0.00042105263157894734,1.2006960579760741e-05,6.532766009633341e-05,3,2,0.4444444444444444,-0.31484374061349313,Khac (Peripheral)
2747,0.00014035087719298245,0.0,3.072437792033351e-05,1,5,0.0,-0.6061473652949135,Khac (Peripheral)
2361,0.0002807017543859649,0.00014037057832678272,9.177840786112179e-05,2,2,0.0,-0.31484374061349313,Khac (Peripheral)
2599,0.004210526315789474,0.001021166844865362,0.00035211737524258585,30,1,0.528888888888889,1.4830444513159904,Khac (Peripheral)
1048,0.0008421052631578947,2.5873589179358172e-05,8.924468653114457e-05,6,4,0.2777777777777777,-0.18229548544937524,Khac (Peripheral)
4710,0.0029473684210526313,0.0007149518362943482,0.00026301053293654477,21,6,0.8163265306122449,-0.07887434621989009,Streamer Cau noi (Bridge)
6937,0.0008421052631578947,9.32913900604553e-05,9.759578338780253e-05,6,4,0.2777777777777777,-0.18229548544937524,Khac (Peripheral)
1247,0.0008421052631578947,1.741493704736975e-05,8.666961940740391e-05,6,14,0.7777777777777778,-0.3825895435149627,Streamer Cau noi (Bridge)
1817,0.00042105263157894734,2.309388129049809e-05,5.4446071625712875e-05,3,16,0.4444444444444444,-0.14312629133157528,Khac (Peripheral)
5815,0.0009824561403508772,6.503311083898477e-05,0.00010074310300576278,7,6,0.7755102040816326,-0.29170288937188404,Streamer Cau noi (Bridge)
172,0.0009824561403508772,0.00028758784384227384,0.00010082930130715972,7,16,0.6122448979591837,0.03529896973110142,Khac (Peripheral)
6332,0.0007017543859649122,6.973607321620431e-05,7.615053934235795e-05,5,6,0.31999999999999984,-0.1498171939372214,Khac (Peripheral)
7015,0.0011228070175438596,0.00026921911514559907,0.0001316813873585605,8,6,0.5625,-0.07887434621989009,Khac (Peripheral)
6325,0.0007017543859649122,7.91714803650726e-05,0.00013835067364619533,5,7,0.31999999999999984,1.5689290811054721,Khac (Peripheral)
6843,0.0005614035087719298,0.00010769945954742895,8.267289856507141e-05,4,5,0.625,-0.5316210498898012,Streamer Cau noi (Bridge)
393,0.002105263157894737,0.00028795825222925283,0.0001851552529485806,15,1,0.8533333333333333,-0.4829715953209526,Streamer Cau noi (Bridge)
222,0.0002807017543859649,8.05417921486207e-07,4.205461452576114e-05,2,15,0.5,-0.6360721892977823,Khac (Peripheral)
4817,0.0008421052631578947,0.000457369517662488,0.00011702661446602632,6,8,0.7777777777777778,-0.4468005740821422,Streamer Cau noi (Bridge)
4055,0.00042105263157894734,2.9593971444803035e-06,5.58049187242723e-05,3,16,0.0,-0.05391366080023693,Khac (Peripheral)
3026,0.002105263157894737,0.000530971788260402,0.00019730430762802305,15,9,0.5866666666666667,0.3849191832076725,Khac (Peripheral)
3968,0.001263157894736842,0.00031086276829803903,0.00014224709903332806,9,4,0.0,0.08588389132113426,Khac (Peripheral)
3412,0.002105263157894737,0.00010747663538632915,0.00018281769549069113,15,3,0.24,1.4885711954296685,Khac (Peripheral)
3446,0.00014035087719298245,0.0,3.263458656038808e-05,1,9,0.0,-0.2584446315564888,Khac (Peripheral)
2693,0.0007017543859649122,0.00013489826726566549,7.957385890385549e-05,5,0,0.7999999999999999,-0.5433669491892589,Streamer Cau noi (Bridge)
4473,0.00014035087719298245,0.0,3.3110271296391256e-05,1,1,0.0,-0.7142676008076517,Khac (Peripheral)
579,0.0036491228070175434,0.0005909409145360037,0.00029762099857034014,26,6,0.5325443786982249,0.7724398263880856,Khac (Peripheral)
225,0.00014035087719298245,0.0,3.143223030959307e-05,1,4,0.0,-0.45047486221988475,Khac (Peripheral)
3409,0.0008421052631578947,6.105232190270407e-05,8.917980146969581e-05,6,14,0.7777777777777778,-0.5111872250074323,Streamer Cau noi (Bridge)
4190,0.0016842105263157893,0.00026703944025797266,0.00017313523548948229,12,5,0.5138888888888888,-0.08446315745912726,Khac (Peripheral)
437,0.00014035087719298245,0.0,5.442421183041941e-05,1,6,0.0,-0.3626457370892153,Khac (Peripheral)
6479,0.0009824561403508772,1.7935215361977224e-05,9.698621438684559e-05,7,3,0.44897959183673464,0.12366591469723404,Khac (Peripheral)
1846,0.007298245614035087,0.001701709530047194,0.0005837978373927591,52,3,0.6227810650887574,3.7065422766198743,Khac (Peripheral)
6989,0.001543859649122807,0.00021801252346074397,0.00013337142038291033,11,1,0.2975206611570247,0.210916421139145,Khac (Peripheral)
6086,0.00042105263157894734,3.477036773155891e-05,5.89776607208333e-05,3,16,0.4444444444444444,-0.14312629133157528,Khac (Peripheral)
1900,0.0016842105263157893,3.0794110297337294e-05,0.00015676664805978446,12,4,0.1527777777777779,0.21997357970638903,Khac (Peripheral)
5884,0.0005614035087719298,6.634132723127836e-06,6.786844238645536e-05,4,14,0.5,-0.3825895435149627,Khac (Peripheral)
6296,0.001263157894736842,0.00017073150637675287,0.00014426774855993163,9,16,0.6172839506172839,0.12451160026243978,Khac (Peripheral)
6009,0.0009824561403508772,2.3302187730882517e-05,9.294740507928637e-05,7,1,0.5714285714285714,-0.36732359257760294,Khac (Peripheral)
956,0.0002807017543859649,1.9454002717646665e-07,4.589171617807522e-05,2,13,0.5,-0.7589626047638253,Khac (Peripheral)
234,0.00042105263157894734,5.9331988221849805e-06,5.644140867027683e-05,3,9,0.4444444444444444,-0.1780241547109686,Khac (Peripheral)
4904,0.0002807017543859649,1.3848216879294756e-05,5.539573179224901e-05,2,16,0.5,-0.23233892186291363,Khac (Peripheral)
5703,0.00014035087719298245,0.0,5.546095405887055e-05,1,4,0.0,-0.45047486221988475,Khac (Peripheral)
6830,0.0005614035087719298,1.3324404647282058e-05,6.54086880470799e-05,4,9,0.375,-0.09760367786544846,Khac (Peripheral)
6710,0.0002807017543859649,1.3095783622926617e-06,4.6765367914428405e-05,2,3,0.0,-0.3881735655774289,Khac (Peripheral)
2149,0.00042105263157894734,7.848508536637036e-06,5.994359967385023e-05,3,1,0.4444444444444444,-0.5986195980643021,Khac (Peripheral)
4564,0.00014035087719298245,0.0,5.9292038056074596e-05,1,5,0.0,-0.6061473652949135,Khac (Peripheral)
5991,0.001263157894736842,0.00022795220861732596,0.00018098772893210022,9,2,0.6172839506172839,0.675207058183154,Khac (Peripheral)
2018,0.00042105263157894734,5.648434873788083e-05,5.9552595141889114e-05,3,9,0.0,-0.09760367786544846,Khac (Peripheral)
1875,0.0002807017543859649,9.989568564591121e-06,4.393396474286119e-05,2,9,0.5,-0.2584446315564888,Khac (Peripheral)
6460,0.00042105263157894734,1.5339002242075856e-05,5.4597254358202e-05,3,9,0.4444444444444444,-0.1780241547109686,Khac (Peripheral)
6785,0.0005614035087719298,0.0,7.10000727420493e-05,4,13,0.0,0.27598640173230005,Khac (Peripheral)
2491,0.0002807017543859649,9.555950474899352e-07,4.378912085018619e-05,2,9,0.0,-0.1780241547109686,Khac (Peripheral)
6966,0.00014035087719298245,0.0,4.2735627517984674e-05,1,8,0.0,-0.7985918306870473,Khac (Peripheral)
487,0.002105263157894737,0.0003407762163343329,0.00020000688231143872,15,8,0.8,0.25678193912766795,Streamer Cau noi (Bridge)
3021,0.0018245614035087717,0.0007346127491380746,0.00016785209076611765,13,14,0.7455621301775148,-0.12539418053002366,Streamer Cau noi (Bridge)
6350,0.00014035087719298245,0.0,3.254037598395744e-05,1,5,0.0,-0.6061473652949135,Khac (Peripheral)
4337,0.004771929824561403,0.00076107690290683,0.0003748900595956847,34,1,0.5346020761245674,1.59869245405934,Khac (Peripheral)
4429,0.0005614035087719298,0.0004222830110427274,0.00011628109256680137,4,7,0.375,0.5883484054145521,Khac (Peripheral)
4819,0.0032280701754385964,0.00038860678063365174,0.00026024099992400944,23,5,0.49527410207939515,0.5117473657817714,Khac (Peripheral)
6635,0.0008421052631578947,0.00048386045253194705,0.0001664669708561316,6,9,0.5,-0.0171832010199283,Khac (Peripheral)
6270,0.004350877192982456,0.0004069508148012738,0.00035698375302629893,31,5,0.5889698231009366,0.5862736811868836,Khac (Peripheral)
2266,0.0002807017543859649,2.803635558006949e-06,4.56875422989326e-05,2,16,0.5,-0.23233892186291363,Khac (Peripheral)
1898,0.00042105263157894734,0.0,6.220753690853702e-05,3,16,0.0,-0.05391366080023693,Khac (Peripheral)
5500,0.0019649122807017545,0.00027885127051769916,0.00016581714922052137,14,4,0.2551020408163266,0.2870184238990164,Khac (Peripheral)
2383,0.00042105263157894734,1.13115384070108e-05,5.642059039264766e-05,3,9,0.6666666666666667,-0.2584446315564888,Streamer Cau noi (Bridge)
6263,0.0009824561403508772,9.923124280946661e-05,0.00010815862518315366,7,6,0.40816326530612246,-0.29170288937188404,Khac (Peripheral)
2752,0.00014035087719298245,0.0,3.585455697573036e-05,1,4,0.0,-0.45047486221988475,Khac (Peripheral)
4767,0.001263157894736842,8.162619938951654e-05,0.00012671885752519273,9,5,0.5925925925925926,-0.3080421036744642,Khac (Peripheral)
5242,0.0014035087719298245,2.624689245640528e-05,0.00013634317098462466,10,14,0.31999999999999984,0.3889965454398545,Khac (Peripheral)
1799,0.00042105263157894734,2.7227926785868554e-05,5.284493961245139e-05,3,14,0.4444444444444444,-0.3825895435149627,Khac (Peripheral)
5965,0.0011228070175438596,0.0003305456294145362,0.0001485084961773294,8,10,0.53125,0.42588628212452595,Khac (Peripheral)
1325,0.00042105263157894734,0.0001481040478243702,5.9933606116265804e-05,3,1,0.4444444444444444,-0.5986195980643021,Khac (Peripheral)
2700,0.0019649122807017545,8.374161400647896e-05,0.00019207383824763785,14,4,0.2551020408163266,0.2870184238990164,Khac (Peripheral)
2144,0.00014035087719298245,0.0,3.2385891955629855e-05,1,6,0.0,-0.3626457370892153,Khac (Peripheral)
48,0.0014035087719298245,3.3862090516886116e-05,0.00013904348077659564,10,1,0.76,-0.36732359257760294,Streamer Cau noi (Bridge)
4616,0.0002807017543859649,5.734253580346875e-06,4.5642388293120355e-05,2,9,0.5,-0.2584446315564888,Khac (Peripheral)
6467,0.0054736842105263155,0.0012844218604393955,0.0004685317420354596,39,0,0.8428665351742275,2.0334903625396623,Streamer Cau noi (Bridge)
787,0.0005614035087719298,0.00020450452655641836,7.736500719049028e-05,4,1,0.375,-0.4829715953209526,Khac (Peripheral)
2740,0.027087719298245612,0.015235477359417765,0.002348283179970616,193,9,0.7009584149910064,7.381500668767926,Khac (Peripheral)
5876,0.0007017543859649122,6.0645926409259695e-05,7.897167367939395e-05,5,14,0.72,-0.3825895435149627,Streamer Cau noi (Bridge)
5355,0.001543859649122807,0.00025928433171199986,0.0001434262474072128,11,9,0.628099173553719,0.14365775267111203,Streamer Cau noi (Bridge)
6783,0.0019649122807017545,0.00029980030417587245,0.0001832310476909315,14,5,0.7142857142857143,-0.2335157882693519,Streamer Cau noi (Bridge)
5966,0.00042105263157894734,1.018728742849356e-05,5.712763220598981e-05,3,9,0.6666666666666667,-0.2584446315564888,Streamer Cau noi (Bridge)
6730,0.005333333333333333,0.001731769298433849,0.00039728746251181706,38,1,0.5650969529085872,1.8299884595460392,Khac (Peripheral)
538,0.0007017543859649122,1.1529096747881402e-05,0.00010092837612768876,5,15,0.31999999999999984,0.27538184195480453,Khac (Peripheral)
2519,0.00042105263157894734,9.928283315152121e-06,6.469420916694448e-05,3,9,0.4444444444444444,-0.1780241547109686,Khac (Peripheral)
4747,0.0008421052631578947,3.384425710367511e-05,8.798732250256771e-05,6,6,0.6666666666666667,-0.2207600416545527,Streamer Cau noi (Bridge)
4895,0.008,0.00195853699927084,0.0006122070437837847,57,5,0.3410280086180364,2.747536827935141,Khac (Peripheral)
6863,0.0016842105263157893,4.920845269455959e-05,0.0001529264763290615,12,15,0.5138888888888888,1.4906538836249204,Khac (Peripheral)
5721,0.0032280701754385964,0.00047593980584769764,0.00029373650213836426,23,9,0.5746691871455576,0.7870215674352734,Khac (Peripheral)
3947,0.0002807017543859649,3.826245328346226e-07,4.612482417029303e-05,2,9,0.5,-0.2584446315564888,Khac (Peripheral)
5100,0.007017543859649122,0.002067706049645085,0.0005348225593856987,50,5,0.5175999999999998,1.8532210430737932,Khac (Peripheral)
5109,0.0007017543859649122,1.0831309567938012e-05,7.560912893201288e-05,5,9,0.7999999999999999,-0.2584446315564888,Streamer Cau noi (Bridge)
2235,0.00042105263157894734,2.3056902808194367e-05,5.6984067974876984e-05,3,9,0.4444444444444444,-0.1780241547109686,Khac (Peripheral)
6595,0.00014035087719298245,0.0,3.4871259237532494e-05,1,6,0.0,-0.3626457370892153,Khac (Peripheral)
4406,0.025543859649122806,0.011598386768242671,0.002345582155090438,182,9,0.7385581451515517,6.255613992930644,Khac (Peripheral)
5472,0.001263157894736842,9.546028074336006e-05,0.00011075165124111671,9,5,0.5185185185185186,-0.2335157882693519,Khac (Peripheral)
3483,0.0002807017543859649,3.8219279720449206e-07,5.992578705341767e-05,2,2,0.0,-0.31484374061349313,Khac (Peripheral)
4695,0.007157894736842104,0.0007908154846320805,0.0005604733111441192,51,4,0.18300653594771232,2.566543126448347,Streamer Trung tam (Hub)
4520,0.0007017543859649122,2.2433375277627252e-05,7.348283709904279e-05,5,0,0.7999999999999999,-0.5433669491892589,Streamer Cau noi (Bridge)
1680,0.00042105263157894734,0.0,5.5906325280804384e-05,3,16,0.0,-0.05391366080023693,Khac (Peripheral)
2322,0.0002807017543859649,0.0,4.613450943885619e-05,2,4,0.5,-0.45047486221988475,Khac (Peripheral)
6107,0.0019649122807017545,0.00011096866969367358,0.00017179183493315587,14,5,0.6836734693877551,-0.1589894728642396,Streamer Cau noi (Bridge)
2046,0.00014035087719298245,0.0,3.2385891955629855e-05,1,6,0.0,-0.3626457370892153,Khac (Peripheral)
3893,0.0005614035087719298,7.430220166635254e-07,7.064752969052029e-05,4,9,0.375,-0.09760367786544846,Khac (Peripheral)
2188,0.00042105263157894734,7.046035044527508e-05,6.214503047754607e-05,3,15,0.4444444444444444,-0.3322541788802534,Khac (Peripheral)
1203,0.00042105263157894734,6.099850337931122e-06,5.6357562461998244e-05,3,9,0.6666666666666667,-0.2584446315564888,Streamer Cau noi (Bridge)
4439,0.010385964912280702,0.0026307517669706963,0.0007762807764436656,74,5,0.46603360116873627,3.2692210357709275,Khac (Peripheral)
1483,0.0058947368421052625,0.0014404440354575145,0.0005299690342124481,42,9,0.8514739229024944,0.46533966005319266,Streamer Cau noi (Bridge)
3466,0.0005614035087719298,2.6494339790689323e-05,6.817861621550036e-05,4,9,0.5,-0.1780241547109686,Khac (Peripheral)
2036,0.002105263157894737,0.00040645519066886043,0.00022267607297504278,15,9,0.7377777777777778,0.14365775267111203,Streamer Cau noi (Bridge)
6865,0.0007017543859649122,1.4754893546165326e-05,7.24644335841087e-05,5,9,0.72,-0.1780241547109686,Streamer Cau noi (Bridge)
4329,0.0023859649122807015,0.0006413377878203732,0.000268036868642013,17,4,0.4844290657439445,0.2870184238990164,Khac (Peripheral)
5327,0.0005614035087719298,3.6545501463309213e-06,7.555473604274326e-05,4,16,0.625,-0.14312629133157528,Streamer Cau noi (Bridge)
5103,0.0014035087719298245,0.00017158385911143946,0.00015384080025289027,10,14,0.64,0.003203500962445893,Streamer Cau noi (Bridge)
3252,0.0005614035087719298,7.598813745030243e-05,6.977567583951878e-05,4,6,0.375,-0.3626457370892153,Khac (Peripheral)
4446,0.0002807017543859649,7.5671474501909e-07,4.8030125541497e-05,2,10,0.5,-0.7862515977683556,Khac (Peripheral)
6312,0.0002807017543859649,2.586938949440829e-06,4.121709437291112e-05,2,6,0.5,-0.3626457370892153,Khac (Peripheral)
2028,0.0009824561403508772,4.04122325590658e-05,0.00010220006876983773,7,16,0.6938775510204083,-0.05391366080023693,Streamer Cau noi (Bridge)
157,0.0005614035087719298,5.120544821345504e-06,6.646880761799815e-05,4,14,0.375,-0.2539918620224932,Khac (Peripheral)
1092,0.00014035087719298245,0.0,3.3193449332733915e-05,1,9,0.0,-0.2584446315564888,Khac (Peripheral)
6591,0.0007017543859649122,0.00017800881010318335,0.00010046213407495694,5,6,0.56,-0.2207600416545527,Khac (Peripheral)
187,0.0016842105263157893,0.0003954007728514977,0.00017455553346962602,12,9,0.611111111111111,0.22407822951663217,Khac (Peripheral)
449,0.003508771929824561,5.4627293942181065e-05,0.0002596961336674637,25,4,0.15039999999999998,1.0245117100179175,Khac (Peripheral)
5136,0.00042105263157894734,0.00016731170022405993,0.00010556125035967711,3,6,0.0,-0.2207600416545527,Khac (Peripheral)
294,0.0014035087719298245,0.0014772516475078548,0.00016593946583976708,10,3,0.6599999999999999,0.12366591469723404,Streamer Cau noi (Bridge)
127,0.0023859649122807015,0.0005163368303252547,0.0002235918119181088,17,5,0.71280276816609,-0.08446315745912726,Streamer Cau noi (Bridge)
5656,0.0007017543859649122,0.00016823566226567067,0.00010828251598194358,5,16,0.72,-0.14312629133157528,Streamer Cau noi (Bridge)
292,0.0007017543859649122,0.00018175746226968767,0.0001141257914492875,5,16,0.56,-0.05391366080023693,Khac (Peripheral)
4525,0.00014035087719298245,0.0,3.22462713097926e-05,1,9,0.0,-0.2584446315564888,Khac (Peripheral)
1532,0.001263157894736842,0.00014512588078382526,0.00012102787055243598,9,6,0.6666666666666667,-0.1498171939372214,Streamer Cau noi (Bridge)
5989,0.0002807017543859649,0.0,4.6711232459783946e-05,2,6,0.0,-0.29170288937188404,Khac (Peripheral)
4075,0.0007017543859649122,3.5397320042393e-05,7.635511713520504e-05,5,6,0.72,-0.29170288937188404,Streamer Cau noi (Bridge)
3485,0.001543859649122807,0.00022333962459751777,0.00015562827102006435,11,6,0.743801652892562,-0.07887434621989009,Streamer Cau noi (Bridge)
3417,0.0002807017543859649,1.8501414349379593e-05,5.491413935579898e-05,2,14,0.0,-0.3825895435149627,Khac (Peripheral)
588,0.00014035087719298245,0.0,3.349093727425573e-05,1,16,0.0,-0.23233892186291363,Khac (Peripheral)
3672,0.0005614035087719298,0.0001428637363931753,9.355638842519469e-05,4,8,0.625,-0.4468005740821422,Streamer Cau noi (Bridge)
6504,0.0007017543859649122,0.00011968001338003241,8.628022704495054e-05,5,1,0.56,-0.4829715953209526,Khac (Peripheral)
3014,0.0002807017543859649,1.7099557291088685e-06,4.535149816940152e-05,2,15,0.5,-0.6360721892977823,Khac (Peripheral)
4342,0.001543859649122807,0.00011344443963922474,0.00014847338980291023,11,4,0.7933884297520661,-0.31638517383463,Streamer Cau noi (Bridge)
6343,0.001543859649122807,0.00021098368541038845,0.0001637751780939275,11,9,0.5454545454545454,0.22407822951663217,Khac (Peripheral)
5665,0.001543859649122807,0.00017589456198298362,0.00017350577899624827,11,8,0.6942148760330579,0.608573195732573,Streamer Cau noi (Bridge)
2232,0.00014035087719298245,0.0,3.2484633243274565e-05,1,6,0.0,-0.3626457370892153,Khac (Peripheral)
2762,0.0016842105263157893,0.0004039459140187241,0.00015065559194466253,12,6,0.7777777777777778,-0.2207600416545527,Streamer Cau noi (Bridge)
3123,0.002245614035087719,4.394907480330684e-05,0.00018475598635262722,16,4,0.0,0.555197800669526,Khac (Peripheral)
1315,0.00014035087719298245,0.0,5.622653278953676e-05,1,1,0.0,-0.7142676008076517,Khac (Peripheral)
6473,0.00014035087719298245,0.0,3.413837513912097e-05,1,14,0.0,-0.5111872250074323,Khac (Peripheral)
6199,0.0023859649122807015,0.0002239218566796389,0.00020285846115767128,17,14,0.685121107266436,0.3889965454398545,Streamer Cau noi (Bridge)
4733,0.00014035087719298245,0.0,3.349093727425573e-05,1,16,0.0,-0.23233892186291363,Khac (Peripheral)
5218,0.0005614035087719298,7.821865853750734e-05,7.660067836202395e-05,4,9,0.375,-0.09760367786544846,Khac (Peripheral)
1796,0.0002807017543859649,4.96109997434364e-07,4.093692645360039e-05,2,1,0.0,-0.5986195980643021,Khac (Peripheral)
3388,0.0011228070175438596,0.00022392077682444555,0.00011412182950628163,8,5,0.75,-0.4570947344846889,Streamer Cau noi (Bridge)
2472,0.002105263157894737,0.00024678664779400136,0.00019970162914768327,15,1,0.3377777777777776,0.5578604293691938,Khac (Peripheral)
6844,0.0002807017543859649,1.2932858587557435e-06,6.304747662095412e-05,2,15,0.5,-0.6360721892977823,Khac (Peripheral)
3596,0.002245614035087719,0.001590038060033861,0.00022024140436032426,16,15,0.6875,1.4906538836249204,Streamer Cau noi (Bridge)
4963,0.0018245614035087717,0.000403480874558637,0.00016541383322664057,13,1,0.650887573964497,-0.020379584347554196,Streamer Cau noi (Bridge)
4119,0.0009824561403508772,9.041788535312069e-05,0.00010006307937906607,7,9,0.24489795918367352,0.14365775267111203,Khac (Peripheral)
290,0.0016842105263157893,0.00028254245973759743,0.00015251670509318919,12,4,0.625,-0.11525064125674786,Streamer Cau noi (Bridge)
2751,0.0002807017543859649,0.0,4.3820428350921665e-05,2,9,0.0,-0.1780241547109686,Khac (Peripheral)
5105,0.0007017543859649122,1.3455449723674761e-05,7.739645398686861e-05,5,1,0.72,-0.5986195980643021,Streamer Cau noi (Bridge)
3994,0.0002807017543859649,5.129661981107066e-07,4.719453335750861e-05,2,3,0.5,-0.5587867256689831,Khac (Peripheral)
672,0.0026666666666666666,0.0004475663879702434,0.000254644152605153,19,14,0.703601108033241,0.3889965454398545,Streamer Cau noi (Bridge)
3088,0.001263157894736842,0.00022088414377731942,0.00012408734797656547,9,6,0.7160493827160495,-0.1498171939372214,Streamer Cau noi (Bridge)
1592,0.0005614035087719298,4.8430086387486156e-05,6.730194427390363e-05,4,9,0.625,-0.1780241547109686,Streamer Cau noi (Bridge)
5473,0.00042105263157894734,7.421689159784566e-06,5.3380812100279595e-05,3,3,0.4444444444444444,-0.3881735655774289,Khac (Peripheral)
5925,0.00042105263157894734,0.0,0.0001000716660745965,3,7,0.0,0.5883484054145521,Khac (Peripheral)
1936,0.0007017543859649122,2.741518536058574e-05,8.417790849686865e-05,5,16,0.56,-0.05391366080023693,Khac (Peripheral)
5905,0.0002807017543859649,0.0,9.520699338770685e-05,2,15,0.0,-0.3322541788802534,Khac (Peripheral)
2174,0.00014035087719298245,0.0,3.139346219081113e-05,1,5,0.0,-0.6061473652949135,Khac (Peripheral)
3500,0.0011228070175438596,0.00017931690781012905,0.00011713573319476656,8,0,0.40625,0.8882204462156972,Khac (Peripheral)
659,0.0005614035087719298,1.8695952976108477e-05,7.438453095034245e-05,4,0,0.625,-0.2570494701082677,Streamer Cau noi (Bridge)
5285,0.0002807017543859649,1.1569409207797598e-05,5.113600000706871e-05,2,15,0.5,-0.6360721892977823,Khac (Peripheral)
1177,0.0005614035087719298,4.478478867686157e-06,6.64189119863701e-05,4,14,0.625,-0.5111872250074323,Streamer Cau noi (Bridge)
1038,0.0002807017543859649,6.915821673009628e-06,4.5956202986269014e-05,2,2,0.5,-0.6448606735457089,Khac (Peripheral)
237,0.006736842105263157,0.0028458725773001423,0.000588384024452899,48,9,0.7196180555555556,1.3499649053539144,Streamer Cau noi (Bridge)
266,0.0002807017543859649,9.64047389973543e-07,4.523075340723868e-05,2,9,0.0,-0.1780241547109686,Khac (Peripheral)
5687,0.002105263157894737,9.198822176753686e-05,0.0001955055846459452,15,14,0.7022222222222223,0.003203500962445893,Streamer Cau noi (Bridge)
2481,0.026105263157894736,0.007631660665828831,0.0022890349068215173,186,4,0.2915365938258757,9.941475987637359,Streamer Trung tam (Hub)
6944,0.0036491228070175434,0.00030764368496240117,0.0002998596186379322,26,6,0.5857988165680474,0.5596112832360918,Khac (Peripheral)
4881,0.0002807017543859649,8.996524958293676e-06,5.2123493175790274e-05,2,1,0.0,-0.5986195980643021,Khac (Peripheral)
1706,0.00014035087719298245,0.0,3.6335334574349694e-05,1,10,0.0,-0.7862515977683556,Khac (Peripheral)
1377,0.00014035087719298245,0.0,3.2385891955629855e-05,1,6,0.0,-0.3626457370892153,Khac (Peripheral)
6805,0.0002807017543859649,2.5156221311529874e-05,5.148914618215523e-05,2,16,0.0,-0.14312629133157528,Khac (Peripheral)
2895,0.002245614035087719,0.0004244059528694052,0.00021344742179050567,16,4,0.7890625,-0.18229548544937524,Streamer Cau noi (Bridge)
928,0.0005614035087719298,3.301305297843564e-05,6.839418470831609e-05,4,0,0.75,-0.5433669491892589,Streamer Cau noi (Bridge)
3546,0.00042105263157894734,9.425915498059183e-06,5.356695547603951e-05,3,9,0.6666666666666667,-0.2584446315564888,Streamer Cau noi (Bridge)
5528,0.00014035087719298245,0.0,3.3193449332733915e-05,1,9,0.0,-0.2584446315564888,Khac (Peripheral)
531,0.0005614035087719298,1.0782732648532926e-05,6.363925195997887e-05,4,5,0.625,-0.5316210498898012,Streamer Cau noi (Bridge)
13,0.0016842105263157893,0.00046876099048946126,0.0001558337501404436,12,16,0.8055555555555556,-0.05391366080023693,Streamer Cau noi (Bridge)
4376,0.0002807017543859649,2.5775165422446776e-07,6.952585537206103e-05,2,14,0.0,-0.3825895435149627,Khac (Peripheral)
6135,0.003087719298245614,0.00045562223241409734,0.00025182720675706187,22,1,0.5826446280991735,0.6735084321125433,Khac (Peripheral)
5412,0.0029473684210526313,0.0008623965399194357,0.00024127891773931333,21,4,0.32199546485260777,0.6222426448621533,Khac (Peripheral)
258,0.001543859649122807,9.101829994179806e-05,0.00013912959076829143,11,5,0.5619834710743802,-0.2335157882693519,Khac (Peripheral)
572,0.00014035087719298245,0.0,3.260507907713736e-05,1,5,0.0,-0.6061473652949135,Khac (Peripheral)
2387,0.003508771929824561,0.0004298944412264424,0.0002763049159214861,25,4,0.21760000000000002,0.9574668658252902,Khac (Peripheral)
2178,0.0002807017543859649,2.145305364894602e-05,4.802736889361553e-05,2,16,0.0,-0.14312629133157528,Khac (Peripheral)
1237,0.003929824561403509,0.00026848546439308616,0.00029142713253691555,28,5,0.2602040816326532,1.10795788902267,Khac (Peripheral)
2841,0.00042105263157894734,3.6501078613206673e-07,4.787098308872765e-05,3,5,0.0,-0.4570947344846889,Khac (Peripheral)
564,0.0008421052631578947,8.74946355275221e-05,0.00010381774145457662,6,9,0.5,-0.0171832010199283,Khac (Peripheral)
4485,0.0005614035087719298,1.3472411823543241e-06,7.083779737079942e-05,4,16,0.375,-0.05391366080023693,Khac (Peripheral)
442,0.00014035087719298245,0.0,3.2484633243274565e-05,1,6,0.0,-0.3626457370892153,Khac (Peripheral)
4482,0.007017543859649122,0.0008509262483464672,0.0005353186237407087,50,4,0.18719999999999992,2.49949828225572,Khac (Peripheral)
1759,0.0002807017543859649,3.0078217979285328e-06,4.516081382452392e-05,2,9,0.5,-0.2584446315564888,Khac (Peripheral)
6019,0.004070175438596491,0.0032846567977846187,0.0003956588752198334,29,2,0.7966706302021402,2.3252917228442325,Streamer Cau noi (Bridge)
6957,0.001543859649122807,0.00014911424326098432,0.00015020933092461204,11,6,0.5619834710743802,-0.00793149850255878,Khac (Peripheral)
5762,0.00014035087719298245,0.0,3.2149715571785006e-05,1,5,0.0,-0.6061473652949135,Khac (Peripheral)
6106,0.00014035087719298245,0.0,3.4164729848385104e-05,1,1,0.0,-0.7142676008076517,Khac (Peripheral)
4334,0.0016842105263157893,0.00025219687034027993,0.00017755171447544988,12,15,0.75,0.5791998523723334,Streamer Cau noi (Bridge)
5625,0.00014035087719298245,0.0,3.1274166136504536e-05,1,4,0.0,-0.45047486221988475,Khac (Peripheral)
6446,0.0009824561403508772,0.00012287641618969534,9.744568395133887e-05,7,4,0.6122448979591837,-0.24934032964200262,Khac (Peripheral)
451,0.0023859649122807015,0.00028929815756024383,0.00024078416019762667,17,2,0.6505190311418685,1.995274789912017,Streamer Cau noi (Bridge)
4851,0.0005614035087719298,4.2825106783003275e-05,6.790540858452244e-05,4,9,0.0,-0.0171832010199283,Khac (Peripheral)
526,0.004210526315789474,0.0006321277947602802,0.00032992048006911503,30,1,0.5577777777777778,1.2517484458292911,Khac (Peripheral)
401,0.0016842105263157893,0.00027305296312120554,0.0001880226185762386,12,16,0.5833333333333333,0.3029368613251165,Khac (Peripheral)
1060,0.00014035087719298245,0.0,3.45853318842116e-05,1,9,0.0,-0.2584446315564888,Khac (Peripheral)
6991,0.003789473684210526,5.0776153083474855e-05,0.00027823342322135755,27,4,0.13991769547325095,1.1586013984031724,Khac (Peripheral)
3867,0.014596491228070173,0.007569059701833966,0.0012324825922757573,104,6,0.5290310650887575,4.461467907689314,Khac (Peripheral)
2613,0.0002807017543859649,8.548098582840528e-06,5.1251896219949586e-05,2,3,0.5,-0.5587867256689831,Khac (Peripheral)
6087,0.0018245614035087717,0.00018191399591329608,0.00020896989051066319,13,1,0.3905325443786982,0.32656442388249457,Khac (Peripheral)
3442,0.00014035087719298245,0.0,3.2385891955629855e-05,1,6,0.0,-0.3626457370892153,Khac (Peripheral)
6228,0.0002807017543859649,3.171054643847421e-05,4.7145214014114925e-05,2,4,0.5,-0.45047486221988475,Khac (Peripheral)
1950,0.0005614035087719298,3.5166229422893865e-05,6.674126065868327e-05,4,15,0.625,-0.6360721892977823,Streamer Cau noi (Bridge)
3291,0.0002807017543859649,3.3551797963886494e-05,4.6138909983133765e-05,2,4,0.5,-0.45047486221988475,Khac (Peripheral)
2641,0.0019649122807017545,0.00041778154688370883,0.0001690999859990343,14,5,0.7142857142857143,-0.2335157882693519,Streamer Cau noi (Bridge)
533,0.00014035087719298245,0.0,3.488050869585213e-05,1,9,0.0,-0.2584446315564888,Khac (Peripheral)
5895,0.00014035087719298245,0.0,3.2385891955629855e-05,1,6,0.0,-0.3626457370892153,Khac (Peripheral)
2644,0.00014035087719298245,0.0,3.419843175729226e-05,1,4,0.0,-0.45047486221988475,Khac (Peripheral)
3186,0.00042105263157894734,2.266127960829592e-05,5.8076104887384115e-05,3,16,0.4444444444444444,-0.14312629133157528,Khac (Peripheral)
5544,0.00014035087719298245,0.0,3.4015508600572884e-05,1,9,0.0,-0.2584446315564888,Khac (Peripheral)
932,0.011649122807017543,0.0027150947253454173,0.0008273372167358076,83,5,0.4038321962548992,3.939957874416938,Khac (Peripheral)
5494,0.0002807017543859649,1.3292484659075186e-06,4.1143250779117506e-05,2,1,0.5,-0.7142676008076517,Khac (Peripheral)
2193,0.0007017543859649122,0.0001285167456905578,8.756273677185082e-05,5,0,0.72,-0.2570494701082677,Streamer Cau noi (Bridge)
4571,0.00014035087719298245,0.0,3.2484633243274565e-05,1,6,0.0,-0.3626457370892153,Khac (Peripheral)
3076,0.002105263157894737,0.00014333766796046355,0.00017783592908897033,15,5,0.48,0.06458947335109738,Khac (Peripheral)
3692,0.005192982456140351,0.0016272840501929911,0.0005538789359220224,37,15,0.7888970051132214,3.3135619461300942,Khac (Peripheral)
4080,0.004491228070175438,0.0011152506423542556,0.00040381921318148676,32,14,0.78515625,0.9033872714097326,Streamer Cau noi (Bridge)
3621,0.003508771929824561,0.0006594023968790976,0.00027328141117885816,25,5,0.6624,0.21364210416132204,Streamer Cau noi (Bridge)
5389,0.009543859649122806,0.003571472723419228,0.0009644014812018948,68,9,0.7560553633217993,2.073749196963596,Streamer Cau noi (Bridge)
3504,0.0002807017543859649,5.893481795574624e-07,4.252198001386483e-05,2,14,0.5,-0.5111872250074323,Khac (Peripheral)
5086,0.0005614035087719298,7.104925467413201e-06,6.499007424815977e-05,4,5,0.625,-0.5316210498898012,Streamer Cau noi (Bridge)
3232,0.00042105263157894734,1.459817412682451e-05,6.26148664831603e-05,3,9,0.4444444444444444,-0.1780241547109686,Khac (Peripheral)
3559,0.00042105263157894734,4.753845286434633e-06,6.036519428495505e-05,3,16,0.6666666666666667,-0.23233892186291363,Streamer Cau noi (Bridge)
4532,0.00042105263157894734,2.2379034422179422e-05,5.8390599704007064e-05,3,9,0.6666666666666667,-0.2584446315564888,Streamer Cau noi (Bridge)
2194,0.00014035087719298245,0.0,3.348283595746985e-05,1,4,0.0,-0.45047486221988475,Khac (Peripheral)
6097,0.0002807017543859649,4.751513646610224e-07,5.02249461423015e-05,2,4,0.0,-0.38343001802725735,Khac (Peripheral)
1945,0.0005614035087719298,1.641066091358233e-05,7.099004177269328e-05,4,1,0.0,-0.36732359257760294,Khac (Peripheral)
977,0.00042105263157894734,1.70940452029087e-05,5.836018379759233e-05,3,9,0.6666666666666667,-0.2584446315564888,Streamer Cau noi (Bridge)
6781,0.00014035087719298245,0.0,3.2210200754785935e-05,1,14,0.0,-0.5111872250074323,Khac (Peripheral)
883,0.0002807017543859649,3.582068693157021e-07,4.816905372230188e-05,2,9,0.5,-0.2584446315564888,Khac (Peripheral)
853,0.001263157894736842,0.0003830895799074804,0.00013291461421998665,9,13,0.7407407407407407,0.27598640173230005,Streamer Cau noi (Bridge)
523,0.00042105263157894734,1.6394415955004283e-06,6.349062506057564e-05,3,9,0.4444444444444444,-0.1780241547109686,Khac (Peripheral)
3700,0.0007017543859649122,0.0014159466707925061,0.0001016573370273468,5,6,0.56,-0.2207600416545527,Khac (Peripheral)
3360,0.0007017543859649122,0.0001606126264170749,0.00011105647413902122,5,1,0.31999999999999984,-0.36732359257760294,Khac (Peripheral)
2786,0.0007017543859649122,1.4483163847265174e-05,7.52057886689083e-05,5,6,0.6399999999999999,-0.29170288937188404,Streamer Cau noi (Bridge)
1204,0.0002807017543859649,2.1776813852847137e-06,4.219169361802779e-05,2,4,0.0,-0.38343001802725735,Khac (Peripheral)
5233,0.0018245614035087717,6.40195089165052e-05,0.0001593596222405474,13,5,0.14201183431952646,0.21364210416132204,Khac (Peripheral)
486,0.0007017543859649122,2.018616526384605e-05,7.43758019336335e-05,5,0,0.72,-0.5433669491892589,Streamer Cau noi (Bridge)
4262,0.0008421052631578947,1.6980039254144087e-05,8.960283372267944e-05,6,6,0.7222222222222222,-0.29170288937188404,Streamer Cau noi (Bridge)
5252,0.00042105263157894734,5.326034814262763e-07,5.572035541051256e-05,3,4,0.0,-0.31638517383463,Khac (Peripheral)
1281,0.0002807017543859649,7.236942700200184e-06,4.582711945570533e-05,2,8,0.5,-0.7985918306870473,Khac (Peripheral)
4838,0.0002807017543859649,0.0,5.6688609822653485e-05,2,0,0.0,-0.2570494701082677,Khac (Peripheral)
3916,0.0002807017543859649,0.0,5.6688609822653485e-05,2,0,0.0,-0.2570494701082677,Khac (Peripheral)
6888,0.0008421052631578947,6.251211114415207e-05,9.137111832467215e-05,6,2,0.7222222222222222,-0.31484374061349313,Streamer Cau noi (Bridge)
3624,0.004771929824561403,0.0003314912800557391,0.000381086721703708,34,1,0.2179930795847751,2.639524478749486,Streamer Trung tam (Hub)
6119,0.0009824561403508772,8.762315711417997e-05,0.00010838706834048288,7,14,0.24489795918367352,0.13180118245491543,Khac (Peripheral)
4355,0.00014035087719298245,0.0,3.2210200754785935e-05,1,14,0.0,-0.5111872250074323,Khac (Peripheral)
851,0.0002807017543859649,0.001390195115103874,7.716420703880585e-05,2,5,0.0,-0.5316210498898012,Khac (Peripheral)
128,0.0008421052631578947,0.00014772469638718176,9.831581104719678e-05,6,9,0.6666666666666667,-0.09760367786544846,Streamer Cau noi (Bridge)
5170,0.0009824561403508772,6.408274917541281e-05,0.00010239146062227364,7,6,0.6122448979591837,-0.2207600416545527,Khac (Peripheral)
1005,0.0007017543859649122,3.968045068068533e-05,0.00010125823650962392,5,8,0.72,-0.4468005740821422,Streamer Cau noi (Bridge)
955,0.0007017543859649122,0.00014515365575266817,9.848757244895245e-05,5,1,0.48,-0.4829715953209526,Khac (Peripheral)
1672,0.00042105263157894734,5.181560635513308e-05,5.73314901434832e-05,3,4,0.4444444444444444,-0.38343001802725735,Khac (Peripheral)
2274,0.0011228070175438596,0.00028371914113175693,0.0001097007926747265,8,0,0.8125,-0.2570494701082677,Streamer Cau noi (Bridge)
1608,0.0008421052631578947,0.0001087282163299927,0.00011233597871653658,6,16,0.5,0.03529896973110142,Khac (Peripheral)
2462,0.0005614035087719298,1.4936958354870152e-05,7.388672057070902e-05,4,9,0.0,-0.0171832010199283,Khac (Peripheral)
6695,0.00014035087719298245,0.0,3.0173812443192743e-05,1,5,0.0,-0.6061473652949135,Khac (Peripheral)
5753,0.0002807017543859649,0.0,5.10971398938435e-05,2,0,0.0,-0.2570494701082677,Khac (Peripheral)
5516,0.001263157894736842,4.866873330760605e-05,0.00011504967963386453,9,1,0.49382716049382713,-0.1360275870909038,Khac (Peripheral)
4126,0.0011228070175438596,6.52674450439463e-05,0.00011717799698835028,8,14,0.21875,0.260398863947385,Khac (Peripheral)
1986,0.001263157894736842,6.9220414310084e-06,0.00011240891896259444,9,4,0.0,0.08588389132113426,Khac (Peripheral)
6969,0.0011228070175438596,0.0014663996550817085,0.0001311151476225614,8,5,0.21875,-0.1589894728642396,Khac (Peripheral)
3951,0.0002807017543859649,9.344842151081271e-05,4.757739228349104e-05,2,9,0.0,-0.1780241547109686,Khac (Peripheral)
6993,0.0008421052631578947,0.0001935682469997367,0.00011416008029395836,6,15,0.6111111111111112,-0.02843616846272445,Khac (Peripheral)
247,0.001263157894736842,0.00018735341711917738,0.00013783649753543076,9,5,0.6172839506172839,-0.3080421036744642,Khac (Peripheral)
2323,0.003508771929824561,0.0008957762017358096,0.00040159462288036975,25,14,0.6368,1.1605826343946717,Streamer Cau noi (Bridge)
2549,0.0008421052631578947,1.437770641269304e-05,8.830103855853913e-05,6,9,0.0,0.14365775267111203,Khac (Peripheral)
6619,0.0009824561403508772,0.0006395351791140488,0.00012732727296908936,7,10,0.6122448979591837,0.12285181215130553,Khac (Peripheral)
1642,0.0002807017543859649,1.2789588380701819e-05,5.010692828515001e-05,2,6,0.5,-0.3626457370892153,Khac (Peripheral)
649,0.00014035087719298245,0.0,3.349093727425573e-05,1,16,0.0,-0.23233892186291363,Khac (Peripheral)
2148,0.002526315789473684,0.00023601111694245182,0.0002068146954907338,18,6,0.5246913580246914,0.4177255878014291,Khac (Peripheral)
5354,0.007578947368421052,0.0026382754804662074,0.000725269621871368,54,16,0.8737997256515775,0.7490000139818083,Streamer Cau noi (Bridge)
4378,0.001263157894736842,3.155830157536102e-05,0.0001117023319664353,9,4,0.0,0.08588389132113426,Khac (Peripheral)
2114,0.002105263157894737,0.0002986014747039343,0.0001809637181473022,15,1,0.6844444444444444,0.09526841839579539,Streamer Cau noi (Bridge)
1221,0.001543859649122807,8.473637249411704e-05,0.0001408160949728786,11,15,0.8264462809917356,-0.3322541788802534,Streamer Cau noi (Bridge)
6443,0.00042105263157894734,6.31214745179044e-06,5.8292632775805756e-05,3,5,0.4444444444444444,-0.5316210498898012,Khac (Peripheral)
3009,0.0002807017543859649,7.752103972566672e-08,4.5912066786295587e-05,2,1,0.5,-0.7142676008076517,Khac (Peripheral)
5188,0.00042105263157894734,0.00014089504535536273,8.02992197119645e-05,3,6,0.4444444444444444,-0.29170288937188404,Khac (Peripheral)
2227,0.00042105263157894734,1.5306134824502974e-05,5.90054111240006e-05,3,5,0.4444444444444444,-0.5316210498898012,Khac (Peripheral)
1223,0.0002807017543859649,2.647334305036446e-07,4.247873786774726e-05,2,16,0.5,-0.23233892186291363,Khac (Peripheral)
914,0.002807017543859649,0.0003385327321548029,0.00022475288623843647,20,4,0.17999999999999994,0.6892874890547807,Khac (Peripheral)
2725,0.00014035087719298245,0.0,4.0866787651979275e-05,1,5,0.0,-0.6061473652949135,Khac (Peripheral)
3239,0.0002807017543859649,3.1470229035536613e-06,4.917319082989384e-05,2,14,0.5,-0.5111872250074323,Khac (Peripheral)
3058,0.0008421052631578947,2.507353348289759e-05,8.859479340817588e-05,6,6,0.6666666666666667,-0.2207600416545527,Streamer Cau noi (Bridge)
992,0.00014035087719298245,0.0,3.28290713160344e-05,1,4,0.0,-0.45047486221988475,Khac (Peripheral)
5241,0.001543859649122807,8.106011488803787e-05,0.0001617597605054633,11,14,0.7107438016528926,0.003203500962445893,Streamer Cau noi (Bridge)
5916,0.0002807017543859649,7.843083406358516e-07,4.1990444540095947e-05,2,4,0.0,-0.38343001802725735,Khac (Peripheral)
4029,0.0019649122807017545,6.278212721139175e-05,0.0002167689062716844,14,9,0.7040816326530612,0.14365775267111203,Streamer Cau noi (Bridge)
3626,0.0002807017543859649,1.0019748850045525e-05,4.463610122271894e-05,2,5,0.5,-0.6061473652949135,Khac (Peripheral)
663,0.0002807017543859649,1.97010452972229e-06,4.606731512237395e-05,2,16,0.0,-0.14312629133157528,Khac (Peripheral)
5098,0.0008421052631578947,5.6758264789165936e-05,0.00012089157354291227,6,9,0.4444444444444444,-0.0171832010199283,Khac (Peripheral)
4734,0.0002807017543859649,4.751808070003234e-06,4.160630278168091e-05,2,4,0.5,-0.45047486221988475,Khac (Peripheral)
4554,0.0005614035087719298,0.00014974954290801563,9.964314746166379e-05,4,8,0.375,-0.09500931747723713,Khac (Peripheral)
3914,0.0005614035087719298,3.8270765919329714e-05,7.093278706696379e-05,4,16,0.375,-0.05391366080023693,Khac (Peripheral)
4226,0.00014035087719298245,0.0,3.621590123793047e-05,1,2,0.0,-0.6448606735457089,Khac (Peripheral)
4528,0.001263157894736842,0.0003078455787978423,0.00016048571868518507,9,4,0.5185185185185186,-0.11525064125674786,Khac (Peripheral)
3650,0.0033684210526315787,0.0003287358511466489,0.00028328111058276606,24,5,0.7465277777777778,0.1391157887562097,Streamer Cau noi (Bridge)
3221,0.00042105263157894734,1.2471617029994835e-06,5.4504190607781625e-05,3,9,0.0,-0.09760367786544846,Khac (Peripheral)
140,0.00042105263157894734,0.00016249350882827554,8.830990623622754e-05,3,4,0.4444444444444444,-0.38343001802725735,Khac (Peripheral)
3613,0.00042105263157894734,1.4481951490305487e-06,6.435040723376362e-05,3,16,0.4444444444444444,-0.14312629133157528,Khac (Peripheral)
3210,0.0009824561403508772,0.00013923727760798256,9.747010369564127e-05,7,1,0.6938775510204083,-0.4829715953209526,Streamer Cau noi (Bridge)
5409,0.0018245614035087717,0.00030658359221951326,0.0001683028237665651,13,6,0.3550295857988165,0.2758398923667665,Khac (Peripheral)
6629,0.0008421052631578947,9.602689189702208e-05,0.00010140937453883399,6,15,0.6666666666666667,-0.02843616846272445,Streamer Cau noi (Bridge)
2297,0.0007017543859649122,0.00019147395740147928,0.00010416465481979569,5,5,0.56,-0.4570947344846889,Khac (Peripheral)
5653,0.0005614035087719298,6.281369954081377e-06,6.80767032133915e-05,4,4,0.375,-0.31638517383463,Khac (Peripheral)
75,0.002526315789473684,7.239562814848341e-05,0.00020418602597868763,18,6,0.4444444444444444,0.48866843551876044,Khac (Peripheral)
6992,0.00042105263157894734,7.477840666318684e-06,5.3344047465400625e-05,3,5,0.4444444444444444,-0.5316210498898012,Khac (Peripheral)
1422,0.0011228070175438596,3.3454906048261254e-05,0.00010435017735962893,8,5,0.40625,-0.2335157882693519,Khac (Peripheral)
759,0.008,0.004689822570885738,0.0007125773029698437,57,4,0.7947060634041243,0.9574668658252902,Streamer Cau noi (Bridge)
1404,0.0019649122807017545,0.00013566231217237559,0.0001803690434013595,14,1,0.6938775510204082,-0.020379584347554196,Streamer Cau noi (Bridge)
6472,0.00042105263157894734,3.3098608161618058e-06,5.686366753368039e-05,3,3,0.6666666666666667,-0.5587867256689831,Streamer Cau noi (Bridge)
6856,0.0008421052631578947,7.31686042151172e-05,0.00010141959433348072,6,9,0.4444444444444444,-0.0171832010199283,Khac (Peripheral)
265,0.0008421052631578947,5.771134157282265e-05,9.06699232300245e-05,6,3,0.7777777777777778,-0.5587867256689831,Streamer Cau noi (Bridge)
3519,0.00014035087719298245,0.0,3.6366312764174935e-05,1,6,0.0,-0.3626457370892153,Khac (Peripheral)
414,0.0007017543859649122,0.0,7.781406921651095e-05,5,9,0.0,0.06323727582559185,Khac (Peripheral)
6593,0.0002807017543859649,6.154297013059317e-07,4.21663896039384e-05,2,4,0.0,-0.38343001802725735,Khac (Peripheral)
3586,0.0014035087719298245,8.896260911411796e-05,0.00015088336903847796,10,2,0.6599999999999999,0.675207058183154,Streamer Cau noi (Bridge)
4196,0.03242105263157895,0.01658660825172605,0.0025223964985082122,231,5,0.5771256160866551,10.051115737636149,Khac (Peripheral)
2344,0.00042105263157894734,1.3968743788105757e-06,5.944960086416846e-05,3,6,0.4444444444444444,-0.29170288937188404,Khac (Peripheral)
6915,0.00014035087719298245,0.0,3.294522059138826e-05,1,6,0.0,-0.3626457370892153,Khac (Peripheral)
1528,0.002526315789473684,0.0018130150516728865,0.0002944968424909327,18,3,0.6358024691358024,0.9767317151550056,Streamer Cau noi (Bridge)
4455,0.0009824561403508772,3.260811303632117e-05,0.00010726662559287023,7,4,0.24489795918367352,-0.11525064125674786,Khac (Peripheral)
2200,0.0005614035087719298,0.00023762118534872281,7.165675415342893e-05,4,5,0.625,-0.5316210498898012,Streamer Cau noi (Bridge)
3136,0.001263157894736842,8.356966879717248e-05,0.00014883404441750966,9,14,0.691358024691358,-0.12539418053002366,Streamer Cau noi (Bridge)
2434,0.00014035087719298245,0.0,3.593696072951718e-05,1,5,0.0,-0.6061473652949135,Khac (Peripheral)
1182,0.00014035087719298245,0.0,3.327280235636955e-05,1,9,0.0,-0.2584446315564888,Khac (Peripheral)
6248,0.00014035087719298245,0.0,3.9028655871607004e-05,1,16,0.0,-0.23233892186291363,Khac (Peripheral)
478,0.00042105263157894734,1.9141924302789413e-05,5.6373883731227124e-05,3,16,0.6666666666666667,-0.23233892186291363,Streamer Cau noi (Bridge)
975,0.0002807017543859649,1.4143800308980928e-05,4.527545856204652e-05,2,3,0.5,-0.5587867256689831,Khac (Peripheral)
784,0.00014035087719298245,0.0,3.555545823932935e-05,1,5,0.0,-0.6061473652949135,Khac (Peripheral)
783,0.0026666666666666666,0.0004241507936102813,0.00024486766963977555,19,1,0.45983379501385035,0.6735084321125433,Khac (Peripheral)
5305,0.002105263157894737,8.920924788513739e-05,0.00019192392871946126,15,16,0.6577777777777778,0.39214949185645487,Streamer Cau noi (Bridge)
2212,0.005052631578947368,0.001493537555878377,0.000553765400196221,36,9,0.7561728395061729,0.9478625211263136,Streamer Cau noi (Bridge)
3759,0.0016842105263157893,0.00023803260520614993,0.0001682828473001353,12,0,0.5972222222222221,1.1745379252966883,Khac (Peripheral)
2381,0.007859649122807018,0.003641844205876773,0.0006345248248703683,56,5,0.7193877551020409,1.4060631506431192,Streamer Cau noi (Bridge)
2836,0.0007017543859649122,2.9433773059317794e-05,8.707094244602739e-05,5,1,0.31999999999999984,-0.36732359257760294,Khac (Peripheral)
1862,0.0005614035087719298,5.2984068760381765e-06,6.175796476730788e-05,4,5,0.625,-0.5316210498898012,Streamer Cau noi (Bridge)
2256,0.00014035087719298245,0.0,3.2208634722403374e-05,1,5,0.0,-0.6061473652949135,Khac (Peripheral)
6205,0.0016842105263157893,0.0004014062579138352,0.0001488579613692833,12,6,0.611111111111111,0.06301134921477253,Khac (Peripheral)
4430,0.00014035087719298245,0.0,3.349093727425573e-05,1,16,0.0,-0.23233892186291363,Khac (Peripheral)
3791,0.00014035087719298245,0.0,3.5586108857642153e-05,1,16,0.0,-0.23233892186291363,Khac (Peripheral)
1112,0.0005614035087719298,1.0715003126890738e-05,6.625755875930403e-05,4,4,0.0,-0.24934032964200262,Khac (Peripheral)
4359,0.0002807017543859649,7.826965436913197e-06,4.603656872351929e-05,2,9,0.5,-0.2584446315564888,Khac (Peripheral)
2698,0.0002807017543859649,5.952768748021779e-06,4.332154825463509e-05,2,14,0.5,-0.5111872250074323,Khac (Peripheral)
2150,0.0016842105263157893,0.00012192649955027355,0.00017303136127974674,12,4,0.7638888888888888,-0.18229548544937524,Streamer Cau noi (Bridge)
3097,0.008982456140350877,0.004214089961720312,0.0010309547033765729,64,16,0.60888671875,3.1577410383279436,Khac (Peripheral)
6430,0.0002807017543859649,3.500111250419387e-06,4.281481152305385e-05,2,1,0.0,-0.5986195980643021,Khac (Peripheral)
4519,0.00014035087719298245,0.0,5.4548470115358975e-05,1,5,0.0,-0.6061473652949135,Khac (Peripheral)
1809,0.0007017543859649122,0.0014029991074681768,9.259630625282241e-05,5,5,0.56,-0.4570947344846889,Khac (Peripheral)
3081,0.00014035087719298245,0.0,3.22462713097926e-05,1,9,0.0,-0.2584446315564888,Khac (Peripheral)
5563,0.0007017543859649122,0.00015221416075690973,9.838054071959379e-05,5,5,0.48,-0.4570947344846889,Khac (Peripheral)
4868,0.0008421052631578947,0.00019329961710057148,0.00010646140134543828,6,8,0.6666666666666667,-0.09500931747723713,Streamer Cau noi (Bridge)
3041,0.00042105263157894734,4.2308884629031475e-06,6.514412686955547e-05,3,6,0.0,-0.2207600416545527,Khac (Peripheral)
2917,0.00014035087719298245,0.0,3.4612365493854705e-05,1,1,0.0,-0.7142676008076517,Khac (Peripheral)
4067,0.0016842105263157893,6.124394668344966e-05,0.00014264088433643267,12,5,0.4027777777777778,-0.009936842054014941,Khac (Peripheral)
6947,0.002245614035087719,0.00035891701266323406,0.000215658149506999,16,15,0.859375,0.27538184195480453,Streamer Cau noi (Bridge)
4275,0.0005614035087719298,1.4749649255326655e-05,6.840095508059632e-05,4,14,0.375,-0.2539918620224932,Khac (Peripheral)
3913,0.0005614035087719298,1.2487975308461549e-05,7.17877441346719e-05,4,1,0.375,-0.4829715953209526,Khac (Peripheral)
267,0.0002807017543859649,0.0015302147669848402,8.724045804922176e-05,2,11,0.5,-0.7071067811865474,Khac (Peripheral)
3528,0.00014035087719298245,0.0,3.315117180546457e-05,1,16,0.0,-0.23233892186291363,Khac (Peripheral)
1908,0.00014035087719298245,0.0,3.1629454664287696e-05,1,4,0.0,-0.45047486221988475,Khac (Peripheral)
3976,0.0018245614035087717,0.00035938634744940877,0.00017417793192352752,13,6,0.7218934911242603,-0.07887434621989009,Streamer Cau noi (Bridge)
4663,0.0002807017543859649,0.00014037057832678272,8.090714776438596e-05,2,1,0.0,-0.5986195980643021,Khac (Peripheral)
2660,0.0002807017543859649,1.8636667248976946e-05,4.579792647890276e-05,2,4,0.5,-0.45047486221988475,Khac (Peripheral)
1966,0.003087719298245614,0.0003069520063297645,0.00025838450732968283,22,3,0.7272727272727273,0.8061185550634512,Streamer Cau noi (Bridge)
2819,0.0019649122807017545,0.00047171969079149275,0.00020070067762525558,14,13,0.5714285714285714,1.6559184103938005,Khac (Peripheral)
6881,0.00014035087719298245,0.0,3.348283595746985e-05,1,4,0.0,-0.45047486221988475,Khac (Peripheral)
5140,0.001543859649122807,1.842571925052477e-05,0.00013507147950112127,11,1,0.16528925619834722,0.32656442388249457,Khac (Peripheral)
4383,0.0008421052631578947,4.104366279649109e-05,8.662436284143893e-05,6,9,0.6111111111111112,-0.09760367786544846,Khac (Peripheral)
2530,0.00042105263157894734,5.377286389308078e-06,5.368995434960269e-05,3,16,0.4444444444444444,-0.23233892186291363,Khac (Peripheral)
1414,0.015859649122807018,0.00781013535942877,0.001449387995819627,113,14,0.7673271203696452,5.147110760661228,Khac (Peripheral)
1534,0.0019649122807017545,6.932702951999773e-05,0.000178133212165854,14,4,0.0,0.42110811228427114,Khac (Peripheral)
5497,0.0009824561403508772,0.00029273644099816955,0.0001524461318226632,7,4,0.24489795918367352,-0.11525064125674786,Khac (Peripheral)
4577,0.0007017543859649122,4.36186969525002e-06,7.752255101961648e-05,5,16,0.72,-0.14312629133157528,Streamer Cau noi (Bridge)
6410,0.0014035087719298245,0.0001374355861013005,0.00013002810213640526,10,6,0.72,-0.1498171939372214,Streamer Cau noi (Bridge)
5755,0.0007017543859649122,3.514596516631237e-05,7.427143471216809e-05,5,6,0.56,-0.2207600416545527,Khac (Peripheral)
6498,0.00042105263157894734,0.00014037057832678272,8.768582707315481e-05,3,1,0.0,-0.4829715953209526,Khac (Peripheral)
2125,0.002105263157894737,4.7344841595807834e-05,0.00016334895462172348,15,5,0.3377777777777776,0.21364210416132204,Khac (Peripheral)
3263,0.0008421052631578947,9.875058311550056e-06,8.186205323440518e-05,6,5,0.2777777777777777,-0.3080421036744642,Khac (Peripheral)
3954,0.0002807017543859649,0.0,4.355329439959531e-05,2,16,0.0,-0.14312629133157528,Khac (Peripheral)
6676,0.003508771929824561,0.0007528132943669646,0.0003057849284821934,25,5,0.7871999999999999,0.06458947335109738,Streamer Cau noi (Bridge)
6319,0.0002807017543859649,0.00014037057832678272,7.643119852389613e-05,2,5,0.0,-0.5316210498898012,Khac (Peripheral)
6315,0.006035087719298245,0.0012074422438141772,0.0005222308038493858,43,14,0.6955110870740941,2.0607664048419587,Streamer Cau noi (Bridge)
4087,0.010947368421052631,0.0034831537442678376,0.0009909485534195463,78,6,0.7866535174227481,1.6237539989960612,Streamer Cau noi (Bridge)
1803,0.002245614035087719,0.0002279627233923956,0.0001913194877331787,16,1,0.6015625,0.210916421139145,Khac (Peripheral)
529,0.0009824561403508772,1.3810456069696648e-05,0.00010030204664279903,7,6,0.44897959183673464,-0.07887434621989009,Khac (Peripheral)
6796,0.0016842105263157893,0.0008525447773621935,0.00016829485470333787,12,4,0.5138888888888888,0.018839047128506894,Khac (Peripheral)
6952,0.002245614035087719,0.0002273366473045669,0.00020616379834496732,16,14,0.8203125,0.003203500962445893,Streamer Cau noi (Bridge)
6748,0.0009824561403508772,0.00035594049373865766,0.00012616896119971825,7,9,0.24489795918367352,0.14365775267111203,Khac (Peripheral)
3416,0.001263157894736842,0.00012269049026562636,0.00012247694343870007,9,9,0.37037037037037035,0.22407822951663217,Khac (Peripheral)
3155,0.0005614035087719298,5.9589157624094165e-05,7.884046155332292e-05,4,16,0.375,-0.05391366080023693,Khac (Peripheral)
6149,0.0002807017543859649,9.509478636701024e-07,4.3522064027384734e-05,2,16,0.5,-0.23233892186291363,Khac (Peripheral)
5301,0.0058947368421052625,0.0027063763852367964,0.0005299164319657378,42,4,0.7392290249433107,0.756332333247408,Streamer Cau noi (Bridge)
3730,0.0007017543859649122,7.350566192778119e-05,7.911361205600494e-05,5,5,0.31999999999999984,-0.38256841907957656,Khac (Peripheral)
2766,0.0002807017543859649,1.586593249321906e-05,5.5073254843745044e-05,2,5,0.0,-0.5316210498898012,Khac (Peripheral)
4068,0.00014035087719298245,0.0,3.966951138232278e-05,1,16,0.0,-0.23233892186291363,Khac (Peripheral)
2590,0.0029473684210526313,0.0003585487728520233,0.0002377313206922951,21,5,0.5215419501133787,0.3626947349715467,Khac (Peripheral)
4251,0.0011228070175438596,0.00029191491483489517,0.00012621106005850945,8,14,0.5,-0.12539418053002366,Khac (Peripheral)
4546,0.0007017543859649122,7.017074892713094e-05,8.172888460034889e-05,5,16,0.56,-0.05391366080023693,Khac (Peripheral)
1877,0.002105263157894737,0.0002292466275532916,0.00018184215765257522,15,5,0.5955555555555556,-0.009936842054014941,Khac (Peripheral)
5671,0.001543859649122807,8.050809441944601e-05,0.0001349875208349499,11,1,0.5454545454545454,-0.020379584347554196,Khac (Peripheral)
2260,0.001543859649122807,3.0289784530245602e-05,0.00014157543147000693,11,1,0.0,0.44221242662584415,Khac (Peripheral)
6502,0.00014035087719298245,0.0,2.9832298250879162e-05,1,4,0.0,-0.45047486221988475,Khac (Peripheral)
6722,0.001543859649122807,0.0005363897494955674,0.00015523108839226674,11,5,0.7272727272727273,-0.3080421036744642,Streamer Cau noi (Bridge)
144,0.0014035087719298245,0.00020539940666072185,0.00017616674210965517,10,6,0.74,-0.1498171939372214,Streamer Cau noi (Bridge)
3510,0.0007017543859649122,5.4342213989207284e-05,7.499562780690524e-05,5,16,0.72,-0.14312629133157528,Streamer Cau noi (Bridge)
6962,0.0033684210526315787,0.0005506932825896048,0.00036450877513578015,24,14,0.7256944444444444,0.7747895899172631,Streamer Cau noi (Bridge)
6548,0.0007017543859649122,0.0003340365689324503,8.52825416961625e-05,5,4,0.56,-0.31638517383463,Khac (Peripheral)
5303,0.0018245614035087717,6.096392536869654e-05,0.0001540279101537776,13,5,0.37869822485207094,0.06458947335109738,Khac (Peripheral)
3911,0.00014035087719298245,0.0,3.353620074015937e-05,1,6,0.0,-0.3626457370892153,Khac (Peripheral)
3200,0.0011228070175438596,4.396338329212037e-05,0.00010388829392091523,8,6,0.78125,-0.2207600416545527,Streamer Cau noi (Bridge)
65,0.003087719298245614,0.0002489084825299342,0.00024884757679282727,22,3,0.5785123966942148,1.1473448752465598,Khac (Peripheral)
6008,0.00014035087719298245,0.0,3.6281862312240155e-05,1,4,0.0,-0.45047486221988475,Khac (Peripheral)
6084,0.0014035087719298245,4.474766975565637e-05,0.00012871214748447107,10,6,0.7,-0.2207600416545527,Streamer Cau noi (Bridge)
7075,0.0014035087719298245,5.7143929939500654e-05,0.00014549485191028166,10,14,0.6,0.13180118245491543,Khac (Peripheral)
2812,0.0007017543859649122,4.270121941050826e-05,7.70006679486491e-05,5,1,0.48,-0.4829715953209526,Khac (Peripheral)
721,0.0011228070175438596,1.4159653626533187e-05,0.00010893683265472498,8,5,0.5625,-0.3080421036744642,Khac (Peripheral)
3980,0.0002807017543859649,2.2728105465332424e-06,4.5004355687033854e-05,2,16,0.5,-0.23233892186291363,Khac (Peripheral)
2157,0.0018245614035087717,4.121365533512526e-05,0.0001547501445733453,13,6,0.2721893491124261,0.34678274008409776,Khac (Peripheral)
502,0.0026666666666666666,0.00041614062248689255,0.000247883524525632,19,16,0.7423822714681441,0.2137242307937781,Streamer Cau noi (Bridge)
1090,0.0005614035087719298,2.0136738935508338e-05,6.883982292987157e-05,4,9,0.0,-0.0171832010199283,Khac (Peripheral)
3052,0.0036491228070175434,0.0001559204972923592,0.0002652279303512858,26,5,0.2781065088757396,0.9589052582124453,Khac (Peripheral)
3156,0.0005614035087719298,2.9475715259695064e-05,6.449716135023646e-05,4,9,0.75,-0.2584446315564888,Streamer Cau noi (Bridge)
6141,0.0016842105263157893,0.00031666945091554817,0.00015854067349852565,12,5,0.7916666666666667,-0.38256841907957656,Streamer Cau noi (Bridge)
1011,0.0014035087719298245,0.00028177096510953963,0.00016576328593162563,10,1,0.4600000000000001,-0.020379584347554196,Khac (Peripheral)
550,0.00014035087719298245,0.0,3.1490982503660716e-05,1,5,0.0,-0.6061473652949135,Khac (Peripheral)
3817,0.0002807017543859649,3.34622403936388e-07,4.4245173425339174e-05,2,6,0.5,-0.3626457370892153,Khac (Peripheral)
1392,0.0023859649122807015,0.0003126531163243671,0.00023260940624476845,17,8,0.7197231833910034,1.6639469655472885,Streamer Cau noi (Bridge)
6429,0.0005614035087719298,9.818747873050579e-06,6.697312313199978e-05,4,1,0.75,-0.7142676008076517,Streamer Cau noi (Bridge)
2542,0.00014035087719298245,0.0,5.512758430636053e-05,1,6,0.0,-0.3626457370892153,Khac (Peripheral)
3549,0.0007017543859649122,6.244890302382729e-05,8.467449362235677e-05,5,9,0.56,-0.09760367786544846,Khac (Peripheral)
1246,0.0008421052631578947,3.498422529602362e-05,8.931242426956761e-05,6,6,0.6666666666666667,-0.2207600416545527,Streamer Cau noi (Bridge)
5667,0.00014035087719298245,0.0,4.478356225189098e-05,1,9,0.0,-0.2584446315564888,Khac (Peripheral)
3944,0.00014035087719298245,0.0,3.1705841820477254e-05,1,1,0.0,-0.7142676008076517,Khac (Peripheral)
7010,0.00014035087719298245,0.0,3.177802342311841e-05,1,4,0.0,-0.45047486221988475,Khac (Peripheral)
3321,0.0005614035087719298,5.982824849373148e-06,7.990396885475785e-05,4,10,0.625,-0.48321712779513526,Streamer Cau noi (Bridge)
4176,0.0019649122807017545,2.2090863965334106e-05,0.00016281928450510136,14,4,0.0,0.42110811228427114,Khac (Peripheral)
1633,0.0007017543859649122,1.0140745439618422e-05,8.285863006675793e-05,5,14,0.31999999999999984,-0.12539418053002366,Khac (Peripheral)
405,0.0005614035087719298,0.0015319777312681347,0.00012358419170511163,4,6,0.375,-0.2207600416545527,Khac (Peripheral)
41,0.0009824561403508772,2.5682186992028184e-05,0.00010003994408041172,7,5,0.5714285714285714,-0.38256841907957656,Khac (Peripheral)
2037,0.0005614035087719298,5.5529617704512035e-06,6.485220418207848e-05,4,8,0.75,-0.7985918306870473,Streamer Cau noi (Bridge)
6851,0.002526315789473684,0.0001649670070101083,0.00022451737967274098,18,9,0.7283950617283951,0.3044987063621523,Streamer Cau noi (Bridge)
4718,0.002807017543859649,0.0006197928223075821,0.00023518765418215277,20,1,0.8,-0.25167558983425337,Streamer Cau noi (Bridge)
685,0.0007017543859649122,1.3027681535317498e-05,7.473629666106756e-05,5,4,0.0,-0.18229548544937524,Khac (Peripheral)
2657,0.0002807017543859649,2.0027081996921463e-06,4.966690193063995e-05,2,2,0.5,-0.6448606735457089,Khac (Peripheral)
6485,0.0029473684210526313,9.031186723881273e-05,0.00023002834914300665,21,1,0.09070294784580502,1.4830444513159904,Khac (Peripheral)
960,0.00014035087719298245,0.0,3.106403212818579e-05,1,4,0.0,-0.45047486221988475,Khac (Peripheral)
5388,0.0011228070175438596,0.000104439979915497,0.00011118166429082414,8,1,0.53125,-0.25167558983425337,Khac (Peripheral)
3658,0.00014035087719298245,0.0,3.119444941799956e-05,1,4,0.0,-0.45047486221988475,Khac (Peripheral)
755,0.00042105263157894734,1.808284621720634e-06,5.403770806537589e-05,3,1,0.4444444444444444,-0.7142676008076517,Khac (Peripheral)
879,0.003508771929824561,0.00015114419553571276,0.00027298829056395993,25,3,0.3487999999999999,2.6828633160705486,Khac (Peripheral)
3966,0.0008421052631578947,0.0003205222069074735,0.00015216569448621648,6,8,0.5,0.25678193912766795,Khac (Peripheral)
4025,0.0011228070175438596,0.0002550535445766153,0.00012710043487474578,8,4,0.21875,-0.04820579706412048,Khac (Peripheral)
2690,0.0016842105263157893,0.0008520390280179015,0.00018681126335480245,12,1,0.48611111111111116,0.09526841839579539,Khac (Peripheral)
1622,0.0011228070175438596,0.00026263718387381046,0.00012611816279084313,8,1,0.78125,-0.4829715953209526,Streamer Cau noi (Bridge)
3904,0.0008421052631578947,2.9452156692921752e-05,9.98437204979985e-05,6,16,0.5,0.03529896973110142,Khac (Peripheral)
3057,0.0011228070175438596,0.001522730597759659,0.00014195992761395992,8,2,0.6875,0.015173192318722542,Streamer Cau noi (Bridge)
3898,0.00042105263157894734,5.1697822444764454e-06,5.505979703339446e-05,3,14,0.4444444444444444,-0.3825895435149627,Khac (Peripheral)
5787,0.0033684210526315787,0.0005034772029366769,0.0002787821378553969,24,15,0.7708333333333333,1.1868358732073914,Streamer Cau noi (Bridge)
3131,0.00014035087719298245,0.0,3.298762087657417e-05,1,10,0.0,-0.7862515977683556,Khac (Peripheral)
231,0.001543859649122807,0.0002086947556881414,0.00016357548606354207,11,13,0.6942148760330579,0.27598640173230005,Streamer Cau noi (Bridge)
3949,0.00042105263157894734,1.925183719213143e-05,6.140351285869328e-05,3,15,0.6666666666666667,-0.6360721892977823,Streamer Cau noi (Bridge)
5037,0.0002807017543859649,5.560376969960726e-06,4.231248084487707e-05,2,9,0.5,-0.2584446315564888,Khac (Peripheral)
1160,0.0005614035087719298,2.4400476075084333e-05,8.581734663058439e-05,4,14,0.375,-0.2539918620224932,Khac (Peripheral)
6824,0.0002807017543859649,6.231233376664676e-06,4.4480252960153686e-05,2,9,0.0,-0.1780241547109686,Khac (Peripheral)
3917,0.001263157894736842,0.0016538955999174112,0.00015647910349437326,9,16,0.7160493827160495,0.03529896973110142,Streamer Cau noi (Bridge)
4600,0.0009824561403508772,0.0001303604729560146,0.00010792096428106244,7,6,0.6938775510204083,-0.29170288937188404,Streamer Cau noi (Bridge)
2976,0.00014035087719298245,0.0,3.337991520894061e-05,1,3,0.0,-0.5587867256689831,Khac (Peripheral)
2349,0.0008421052631578947,3.861060836775517e-05,9.785222879836736e-05,6,13,0.5,0.27598640173230005,Khac (Peripheral)
1663,0.00042105263157894734,5.1247651380037466e-05,7.4703693842764e-05,3,14,0.0,-0.2539918620224932,Khac (Peripheral)
6181,0.0009824561403508772,5.098667797477457e-05,0.00010027856167841034,7,9,0.7346938775510204,-0.1780241547109686,Streamer Cau noi (Bridge)
1154,0.00014035087719298245,0.0,3.451269793323932e-05,1,4,0.0,-0.45047486221988475,Khac (Peripheral)
3789,0.0008421052631578947,6.063708284580679e-05,9.559340609967745e-05,6,9,0.5,-0.0171832010199283,Khac (Peripheral)
309,0.00042105263157894734,5.38862474891551e-06,5.2724233473109896e-05,3,9,0.4444444444444444,-0.2584446315564888,Khac (Peripheral)
4931,0.002245614035087719,8.761195686942435e-05,0.0001827844260849532,16,4,0.1171875,0.48815295647689855,Khac (Peripheral)
2914,0.0002807017543859649,5.560193406386436e-06,4.2476358971852783e-05,2,15,0.5,-0.6360721892977823,Khac (Peripheral)
5254,0.0002807017543859649,1.3970883660888695e-06,4.7002176867229834e-05,2,9,0.5,-0.2584446315564888,Khac (Peripheral)
3244,0.0009824561403508772,0.0003167742709041476,0.00012090407038372662,7,9,0.24489795918367352,0.14365775267111203,Khac (Peripheral)
5715,0.00014035087719298245,0.0,5.1035738149190414e-05,1,5,0.0,-0.6061473652949135,Khac (Peripheral)
2315,0.00042105263157894734,0.001390195115103874,7.904735571525508e-05,3,9,0.4444444444444444,-0.1780241547109686,Khac (Peripheral)
7068,0.0018245614035087717,0.00012944996414788218,0.00016358965390339926,13,5,0.5798816568047337,-0.08446315745912726,Khac (Peripheral)
6152,0.0007017543859649122,0.00015652795968565443,9.934931926218769e-05,5,2,0.72,-0.31484374061349313,Streamer Cau noi (Bridge)
2189,0.001543859649122807,8.391553865911949e-05,0.00014888656457550962,11,1,0.16528925619834722,0.32656442388249457,Khac (Peripheral)
4876,0.002105263157894737,0.0017844849036530515,0.00019208677098490605,15,14,0.7822222222222222,-0.2539918620224932,Streamer Cau noi (Bridge)
6896,0.001263157894736842,0.0010797055667139033,0.00013473257072439755,9,1,0.4444444444444444,-0.1360275870909038,Khac (Peripheral)
3524,0.0033684210526315787,0.0005720182686904459,0.0003189028918270543,24,5,0.75,0.1391157887562097,Streamer Cau noi (Bridge)
4622,0.0002807017543859649,9.950406520907855e-06,4.232228625964227e-05,2,9,0.5,-0.2584446315564888,Khac (Peripheral)
1801,0.0007017543859649122,1.9022309359688455e-05,7.343961767377253e-05,5,5,0.6399999999999999,-0.5316210498898012,Streamer Cau noi (Bridge)
5331,0.002105263157894737,0.0003562586009607984,0.00020425450563082428,15,6,0.5244444444444445,0.2758398923667665,Khac (Peripheral)
6204,0.0002807017543859649,0.0,6.0746349945383954e-05,2,16,0.0,-0.14312629133157528,Khac (Peripheral)
1242,0.0005614035087719298,0.00014418687130575178,8.96662764647946e-05,4,4,0.375,-0.31638517383463,Khac (Peripheral)
6376,0.001543859649122807,5.9314956296632134e-05,0.00013944751402659137,11,6,0.6115702479338844,-0.00793149850255878,Khac (Peripheral)
3992,0.00014035087719298245,0.0,5.103975788932654e-05,1,6,0.0,-0.3626457370892153,Khac (Peripheral)
6688,0.0008421052631578947,0.00013278525814597574,9.428806452277047e-05,6,14,0.7222222222222222,-0.3825895435149627,Streamer Cau noi (Bridge)
1436,0.002245614035087719,0.0006329689311296207,0.00020062808993027073,16,4,0.7109375,-0.04820579706412048,Streamer Cau noi (Bridge)
2729,0.00042105263157894734,9.467634712454402e-07,6.463934952877607e-05,3,16,0.0,-0.05391366080023693,Khac (Peripheral)
6763,0.0019649122807017545,0.00013233813824343966,0.00018119311637352227,14,1,0.3571428571428572,0.44221242662584415,Khac (Peripheral)
4642,0.0005614035087719298,8.110479523627757e-06,6.94802375612746e-05,4,9,0.375,-0.09760367786544846,Khac (Peripheral)
3040,0.0007017543859649122,3.563551089172696e-05,8.376555714975521e-05,5,6,0.31999999999999984,-0.1498171939372214,Khac (Peripheral)
2169,0.0014035087719298245,7.179279168308757e-05,0.0001408024251700895,10,6,0.7,-0.1498171939372214,Streamer Cau noi (Bridge)
4729,0.00042105263157894734,4.1935730885145934e-06,5.569249064796821e-05,3,4,0.0,-0.31638517383463,Khac (Peripheral)
6582,0.0007017543859649122,1.40221256266312e-05,8.400732746340826e-05,5,13,0.72,-0.4139796025984502,Streamer Cau noi (Bridge)
6226,0.0002807017543859649,1.164025138423323e-06,4.3441660266933473e-05,2,9,0.5,-0.2584446315564888,Khac (Peripheral)
102,0.00042105263157894734,3.7240709770483767e-06,5.262378320925792e-05,3,14,0.6666666666666667,-0.5111872250074323,Streamer Cau noi (Bridge)
5384,0.00014035087719298245,0.0,3.348283595746985e-05,1,4,0.0,-0.45047486221988475,Khac (Peripheral)
557,0.0007017543859649122,8.146725378583962e-05,7.919274612220807e-05,5,8,0.72,-0.7985918306870473,Streamer Cau noi (Bridge)
1616,0.00014035087719298245,0.0,4.9320308049568895e-05,1,9,0.0,-0.2584446315564888,Khac (Peripheral)
5836,0.0011228070175438596,0.00011857507778355344,0.00015777626660281883,8,10,0.21875,1.0319552220709667,Khac (Peripheral)
3736,0.00014035087719298245,0.0,3.1509286669229085e-05,1,5,0.0,-0.6061473652949135,Khac (Peripheral)
7064,0.0002807017543859649,1.031897362639749e-06,4.629148501320941e-05,2,3,0.5,-0.5587867256689831,Khac (Peripheral)
4782,0.0014035087719298245,0.00018416190331939627,0.00013715883011346082,10,14,0.7,-0.12539418053002366,Streamer Cau noi (Bridge)
5829,0.0026666666666666666,0.00010923105123113417,0.0002280980252006196,19,15,0.5650969529085873,2.7059259252950363,Khac (Peripheral)
5722,0.0009824561403508772,3.5344582393692096e-05,9.3977189036166e-05,7,5,0.6938775510204083,-0.4570947344846889,Streamer Cau noi (Bridge)
5117,0.0019649122807017545,0.0015538676189425786,0.00019328781932121327,14,4,0.6020408163265307,0.018839047128506894,Khac (Peripheral)
3875,0.0008421052631578947,1.3112786225994285e-05,9.729835583641276e-05,6,9,0.2777777777777777,0.06323727582559185,Khac (Peripheral)
1632,0.001263157894736842,0.0002476929815878234,0.00015945811716285759,9,14,0.37037037037037035,0.260398863947385,Khac (Peripheral)
1625,0.0007017543859649122,1.3835912840801245e-05,7.334606137710835e-05,5,5,0.56,-0.4570947344846889,Khac (Peripheral)
4754,0.0002807017543859649,4.865144213444682e-07,4.023349334962022e-05,2,1,0.0,-0.5986195980643021,Khac (Peripheral)
1845,0.0008421052631578947,1.363119775634806e-05,8.632457575324946e-05,6,16,0.6111111111111112,-0.05391366080023693,Khac (Peripheral)
3864,0.004070175438596491,0.0009249338214042521,0.0003664906958670994,29,14,0.35909631391200947,2.3179617678268976,Khac (Peripheral)
988,0.0018245614035087717,0.00037576108939580213,0.0001867439434994363,13,1,0.7100591715976331,-0.1360275870909038,Streamer Cau noi (Bridge)
2392,0.0016842105263157893,0.0001568388639599343,0.00015484165578815592,12,6,0.8055555555555556,-0.2207600416545527,Streamer Cau noi (Bridge)
2281,0.0009824561403508772,2.077004706896823e-05,9.892834630573279e-05,7,1,0.7755102040816326,-0.5986195980643021,Streamer Cau noi (Bridge)
4340,0.00014035087719298245,0.0,3.2951773408078856e-05,1,13,0.0,-0.7589626047638253,Khac (Peripheral)
3427,0.0007017543859649122,2.2055531405813272e-05,7.80464122886032e-05,5,0,0.56,-0.5433669491892589,Khac (Peripheral)
5469,0.0016842105263157893,0.00021164038933664837,0.00014614136350832597,12,4,0.1527777777777779,0.21997357970638903,Khac (Peripheral)
4309,0.0002807017543859649,3.371306314973807e-06,5.056221580757296e-05,2,14,0.0,-0.3825895435149627,Khac (Peripheral)
4943,0.0023859649122807015,0.0016162790556267796,0.00026709342768802485,17,9,0.7958477508650519,0.14365775267111203,Streamer Cau noi (Bridge)
4276,0.0009824561403508772,2.0860101472381042e-05,9.525551884553286e-05,7,1,0.5714285714285714,-0.36732359257760294,Khac (Peripheral)
4709,0.007017543859649122,0.000870326452290211,0.0005860659449470271,50,6,0.516,1.9075253898653866,Khac (Peripheral)
1813,0.001263157894736842,2.5427612584770937e-05,0.00011703181653468862,9,4,0.19753086419753085,0.018839047128506894,Khac (Peripheral)
2744,0.003789473684210526,6.444486966237523e-05,0.0003028665780003516,27,4,0.2661179698216736,1.0245117100179175,Khac (Peripheral)
1727,0.0008421052631578947,0.0003256416593900741,0.00020739493098685346,6,13,0.0,0.9659524060630502,Khac (Peripheral)
7029,0.0019649122807017545,0.00014742815293295868,0.00019845667939304533,14,1,0.7959183673469388,-0.25167558983425337,Streamer Cau noi (Bridge)
4375,0.002526315789473684,0.0002819640778973557,0.0002273365560153781,18,4,0.29629629629629617,0.48815295647689855,Khac (Peripheral)
490,0.002526315789473684,0.0005392421409787981,0.00024040640191329564,18,16,0.6728395061728395,0.39214949185645487,Streamer Cau noi (Bridge)
1169,0.011228070175438596,0.004254448856644771,0.0010221984393115557,80,4,0.668125,2.4324534380630927,Streamer Cau noi (Bridge)
1996,0.006175438596491228,0.002228188786178773,0.0005476057315318694,44,4,0.8698347107438017,0.15292873551376165,Streamer Cau noi (Bridge)
2368,0.0002807017543859649,7.70198289364272e-06,4.3591499211340583e-05,2,13,0.5,-0.7589626047638253,Khac (Peripheral)
5368,0.0002807017543859649,0.0,4.559243184143794e-05,2,16,0.0,-0.14312629133157528,Khac (Peripheral)
4240,0.004631578947368421,0.000962508941184565,0.00036817487436674413,33,5,0.5987144168962351,0.7353263119971083,Khac (Peripheral)
4805,0.0002807017543859649,3.0430476873320994e-06,4.102986158357585e-05,2,1,0.5,-0.7142676008076517,Khac (Peripheral)
4426,0.001263157894736842,0.00016710958858245917,0.00013257319100254167,9,9,0.691358024691358,-0.0171832010199283,Streamer Cau noi (Bridge)
208,0.003087719298245614,0.0007851333588738305,0.00026513622190685256,22,5,0.7975206611570248,-0.08446315745912726,Streamer Cau noi (Bridge)
3063,0.0009824561403508772,5.103261826429196e-05,0.00010707448266520904,7,6,0.5714285714285714,-0.1498171939372214,Khac (Peripheral)
3090,0.0009824561403508772,2.255385190910466e-05,0.0001075367989888123,7,4,0.7346938775510204,-0.31638517383463,Streamer Cau noi (Bridge)
3731,0.006035087719298245,0.0027604865305500266,0.0005767730397494415,43,13,0.8025959978366685,4.070799425551427,Khac (Peripheral)
810,0.0014035087719298245,0.00031415295781958954,0.00017229509107265348,10,6,0.33999999999999986,0.13395419693210384,Khac (Peripheral)
5926,0.0014035087719298245,0.0005483200662505936,0.00013882777903527805,10,1,0.4800000000000001,-0.020379584347554196,Khac (Peripheral)
6639,0.00014035087719298245,0.0,3.1629454664287696e-05,1,4,0.0,-0.45047486221988475,Khac (Peripheral)
1289,0.00014035087719298245,0.0,3.2695148349424987e-05,1,9,0.0,-0.2584446315564888,Khac (Peripheral)
5308,0.00014035087719298245,0.0,5.400339327161646e-05,1,1,0.0,-0.7142676008076517,Khac (Peripheral)
5693,0.0029473684210526313,0.00015126603973902026,0.00022655399723821914,21,5,0.17233560090702937,0.7353263119971083,Khac (Peripheral)
3832,0.0018245614035087717,0.00023878154441095236,0.000159201414705615,13,1,0.37869822485207094,0.32656442388249457,Khac (Peripheral)
3547,0.0014035087719298245,0.0001553499482426863,0.0001347168022129987,10,5,0.6,-0.2335157882693519,Khac (Peripheral)
6889,0.001543859649122807,7.27102177594457e-05,0.00013901168140408631,11,4,0.16528925619834722,0.15292873551376165,Khac (Peripheral)
4703,0.0008421052631578947,0.00014431446410677662,9.191779118509897e-05,6,14,0.5,-0.12539418053002366,Khac (Peripheral)
6362,0.001543859649122807,0.0002996967682678076,0.00016573338691924599,11,9,0.5619834710743802,0.22407822951663217,Khac (Peripheral)
5974,0.0007017543859649122,0.00016926640440319277,0.00010277481119725594,5,6,0.31999999999999984,-0.1498171939372214,Khac (Peripheral)
147,0.006035087719298245,0.001769884191315039,0.0004925189247958376,43,6,0.5310978907517577,1.6237539989960612,Khac (Peripheral)
1111,0.0032280701754385964,0.0004363685087687427,0.0002784337399451537,23,6,0.7145557655954631,0.34678274008409776,Streamer Cau noi (Bridge)
6933,0.00042105263157894734,6.519973371986139e-06,6.290549838155945e-05,3,3,0.4444444444444444,-0.3881735655774289,Khac (Peripheral)
4024,0.0007017543859649122,7.367097949465983e-06,8.502064436543857e-05,5,14,0.7999999999999999,-0.5111872250074323,Streamer Cau noi (Bridge)
1899,0.0019649122807017545,0.0002478617856810522,0.00017995101439713992,14,8,0.7040816326530612,0.9603644523374781,Streamer Cau noi (Bridge)
3146,0.0032280701754385964,0.000525768089291085,0.0002690859256129562,23,5,0.5406427221172023,0.437221050376659,Khac (Peripheral)
5185,0.0002807017543859649,2.232430687385398e-06,5.269153547913846e-05,2,16,0.0,-0.14312629133157528,Khac (Peripheral)
4149,0.00014035087719298245,0.0,4.746163322339161e-05,1,6,0.0,-0.3626457370892153,Khac (Peripheral)
1550,0.00042105263157894734,2.810848191208917e-05,6.0679023317953694e-05,3,1,0.4444444444444444,-0.5986195980643021,Khac (Peripheral)
5652,0.0011228070175438596,2.010167767882154e-05,0.00010548130786319182,8,4,0.5625,-0.18229548544937524,Khac (Peripheral)
3632,0.0002807017543859649,0.0,4.3520406753442624e-05,2,4,0.0,-0.38343001802725735,Khac (Peripheral)
6267,0.0005614035087719298,1.0902344343065145e-05,6.814385513657906e-05,4,9,0.375,-0.09760367786544846,Khac (Peripheral)
4589,0.0011228070175438596,2.070130978933702e-05,0.00011472689444916962,8,16,0.21875,0.3029368613251165,Khac (Peripheral)
1107,0.0009824561403508772,4.063132867200683e-05,0.0001133441005975426,7,14,0.653061224489796,-0.2539918620224932,Streamer Cau noi (Bridge)
6426,0.00014035087719298245,0.0,3.111387163670185e-05,1,5,0.0,-0.6061473652949135,Khac (Peripheral)
5493,0.00014035087719298245,0.0,3.285890746928633e-05,1,14,0.0,-0.5111872250074323,Khac (Peripheral)
6233,0.0005614035087719298,1.1640324748708417e-05,6.277133366549015e-05,4,1,0.0,-0.36732359257760294,Khac (Peripheral)
4593,0.0005614035087719298,8.117615167051173e-05,7.84110233050455e-05,4,16,0.375,-0.05391366080023693,Khac (Peripheral)
3592,0.0002807017543859649,3.305665389334937e-06,4.7442385828743735e-05,2,4,0.5,-0.45047486221988475,Khac (Peripheral)
471,0.00014035087719298245,0.0,7.403620833593616e-05,1,16,0.0,-0.23233892186291363,Khac (Peripheral)
6232,0.00042105263157894734,9.590155138071561e-05,7.535388652373328e-05,3,1,0.4444444444444444,-0.5986195980643021,Khac (Peripheral)
1446,0.00014035087719298245,0.0,3.211486823569884e-05,1,9,0.0,-0.2584446315564888,Khac (Peripheral)
4418,0.002105263157894737,0.0004013061075889262,0.00022240574065700048,15,9,0.5066666666666667,0.46533966005319266,Khac (Peripheral)
5159,0.0002807017543859649,0.0,4.5051785792129986e-05,2,14,0.0,-0.3825895435149627,Khac (Peripheral)
404,0.0008421052631578947,6.758441421369143e-05,0.00010109330366683922,6,6,0.5,-0.1498171939372214,Khac (Peripheral)
3819,0.004350877192982456,0.0008774607685468059,0.0003439094155688276,31,5,0.586888657648283,0.7353263119971083,Khac (Peripheral)
7120,0.003508771929824561,6.679853709874862e-05,0.00026868728655623966,25,4,0.07679999999999998,1.091556554210545,Khac (Peripheral)
6082,0.0002807017543859649,1.00931680880624e-06,4.4956089145922037e-05,2,9,0.0,-0.1780241547109686,Khac (Peripheral)
2411,0.00014035087719298245,0.0,3.349093727425573e-05,1,16,0.0,-0.23233892186291363,Khac (Peripheral)
5738,0.00743859649122807,0.0006450875675743451,0.0006078432742040562,53,6,0.23994304022783897,2.8297824101906937,Streamer Trung tam (Hub)
5071,0.00042105263157894734,1.1666482350742998e-05,6.0696435178568165e-05,3,4,0.4444444444444444,-0.38343001802725735,Khac (Peripheral)
2575,0.0005614035087719298,1.1285934684093374e-05,7.149325993457831e-05,4,5,0.5,-0.5316210498898012,Khac (Peripheral)
3938,0.00042105263157894734,2.8719107668488485e-05,5.607662991948426e-05,3,6,0.4444444444444444,-0.29170288937188404,Khac (Peripheral)
2805,0.0032280701754385964,0.0007947333422195465,0.0002667600575624024,23,5,0.551984877126654,0.437221050376659,Khac (Peripheral)
6939,0.0008421052631578947,2.812114240052922e-05,8.124654337101099e-05,6,5,0.6111111111111112,-0.4570947344846889,Khac (Peripheral)
697,0.0005614035087719298,1.5545866116274764e-05,8.546673468189597e-05,4,16,0.625,-0.14312629133157528,Streamer Cau noi (Bridge)
6161,0.00014035087719298245,0.0,3.349093727425573e-05,1,16,0.0,-0.23233892186291363,Khac (Peripheral)
3846,0.002105263157894737,0.00022970594875948417,0.00019967208058780975,15,14,0.8266666666666667,-0.2539918620224932,Streamer Cau noi (Bridge)
2306,0.00042105263157894734,0.0001636186448308078,9.854843180662928e-05,3,1,0.4444444444444444,-0.5986195980643021,Khac (Peripheral)
5168,0.0023859649122807015,0.0006733560687328836,0.00025273160753936844,17,2,0.7335640138408304,1.665257856979801,Streamer Cau noi (Bridge)
3369,0.0007017543859649122,0.0001438118100710014,9.864611703303386e-05,5,9,0.56,-0.09760367786544846,Khac (Peripheral)
6899,0.00014035087719298245,0.0,3.629344820939139e-05,1,9,0.0,-0.2584446315564888,Khac (Peripheral)
6857,0.0009824561403508772,7.906095884241765e-05,0.00010877800076565273,7,6,0.7755102040816326,-0.29170288937188404,Streamer Cau noi (Bridge)
4165,0.0011228070175438596,6.938816894681661e-05,0.00010931048979501016,8,16,0.84375,-0.23233892186291363,Streamer Cau noi (Bridge)
6122,0.00042105263157894734,5.634489538376265e-07,5.35389851951247e-05,3,8,0.4444444444444444,-0.4468005740821422,Khac (Peripheral)
5550,0.0016842105263157893,0.00028218434068212384,0.0001519150435379433,12,1,0.5138888888888888,0.09526841839579539,Khac (Peripheral)
4921,0.0026666666666666666,0.0005127206536489891,0.00022113218185032776,19,5,0.5096952908587258,0.28816841956643435,Khac (Peripheral)
6329,0.0011228070175438596,8.059784942179373e-05,0.00010940383139934046,8,9,0.65625,-0.0171832010199283,Streamer Cau noi (Bridge)
652,0.0007017543859649122,0.00010815260225350891,8.734278715324976e-05,5,6,0.56,-0.2207600416545527,Khac (Peripheral)
6377,0.0007017543859649122,9.969288167775878e-06,0.00011950351524657362,5,14,0.0,0.003203500962445893,Khac (Peripheral)
4691,0.0002807017543859649,0.0,4.43764823975571e-05,2,16,0.5,-0.23233892186291363,Khac (Peripheral)
3669,0.0002807017543859649,9.460366476012733e-06,4.541657445082112e-05,2,9,0.0,-0.1780241547109686,Khac (Peripheral)
1736,0.0007017543859649122,3.667197153131302e-05,7.850544469335428e-05,5,14,0.31999999999999984,-0.12539418053002366,Khac (Peripheral)
1493,0.0002807017543859649,1.0053410065263136e-05,4.61647872017733e-05,2,9,0.0,-0.1780241547109686,Khac (Peripheral)
887,0.0007017543859649122,9.77664326797888e-06,7.802705776849381e-05,5,9,0.31999999999999984,-0.0171832010199283,Khac (Peripheral)
6053,0.001263157894736842,0.000318091877746393,0.00015322786728741642,9,1,0.49382716049382713,-0.1360275870909038,Khac (Peripheral)
1208,0.0014035087719298245,3.0471985361841475e-05,0.00013099329443802066,10,1,0.17999999999999994,0.210916421139145,Khac (Peripheral)
5505,0.00042105263157894734,9.80591242328047e-06,5.3859779608150335e-05,3,6,0.6666666666666667,-0.3626457370892153,Streamer Cau noi (Bridge)
4967,0.0005614035087719298,5.3659038674484916e-05,7.719158391730124e-05,4,13,0.625,-0.4139796025984502,Streamer Cau noi (Bridge)
4492,0.0002807017543859649,0.0,4.8410480752578716e-05,2,6,0.0,-0.29170288937188404,Khac (Peripheral)
927,0.002807017543859649,0.00038270690488929925,0.0002541757345224192,20,5,0.6399999999999999,0.1391157887562097,Streamer Cau noi (Bridge)
996,0.002807017543859649,0.00020744784889632407,0.00023099921540638518,20,5,0.41500000000000004,0.437221050376659,Khac (Peripheral)
2066,0.0007017543859649122,2.299797016600551e-05,8.820964285038292e-05,5,15,0.6399999999999999,-0.3322541788802534,Streamer Cau noi (Bridge)
6677,0.0005614035087719298,2.6158793030141897e-06,6.509468357448267e-05,4,6,0.5,-0.29170288937188404,Khac (Peripheral)
1825,0.00042105263157894734,0.0015249261780833692,0.00011423293433524661,3,13,0.4444444444444444,-0.4139796025984502,Khac (Peripheral)
1933,0.0007017543859649122,2.1431513672278143e-05,7.874845780383676e-05,5,9,0.6399999999999999,-0.1780241547109686,Streamer Cau noi (Bridge)
3754,0.002807017543859649,0.00014809027883947264,0.00023370758962460873,20,14,0.27000000000000013,1.5463756788720804,Khac (Peripheral)
3940,0.0002807017543859649,8.670385013595169e-07,4.586755758717889e-05,2,6,0.5,-0.3626457370892153,Khac (Peripheral)
3925,0.01024561403508772,0.0037796247361864366,0.000938848553478001,73,0,0.8324263464064553,4.896665153349574,Khac (Peripheral)
1232,0.0011228070175438596,0.0001590380424895824,0.00011258316644812007,8,5,0.75,-0.4570947344846889,Streamer Cau noi (Bridge)
6259,0.00014035087719298245,0.0,3.338628045939249e-05,1,9,0.0,-0.2584446315564888,Khac (Peripheral)
2809,0.0016842105263157893,0.00031049926624227887,0.00015913516117681704,12,6,0.625,-0.07887434621989009,Streamer Cau noi (Bridge)
6766,0.00014035087719298245,0.0,3.1274166136504536e-05,1,4,0.0,-0.45047486221988475,Khac (Peripheral)
3784,0.006035087719298245,0.0019029752403811279,0.0006690154400719302,43,0,0.7658193618171985,3.178760278863627,Khac (Peripheral)
432,0.0005614035087719298,0.00030759532092449165,9.003343741898944e-05,4,9,0.625,-0.1780241547109686,Streamer Cau noi (Bridge)
3617,0.00014035087719298245,0.0,3.1146245931535366e-05,1,5,0.0,-0.6061473652949135,Khac (Peripheral)
6128,0.00014035087719298245,0.0,3.1716196969384196e-05,1,4,0.0,-0.45047486221988475,Khac (Peripheral)
1998,0.00014035087719298245,0.0,3.1146245931535366e-05,1,5,0.0,-0.6061473652949135,Khac (Peripheral)
40,0.0005614035087719298,1.2266610227470799e-05,6.659824498606331e-05,4,4,0.5,-0.38343001802725735,Khac (Peripheral)
5902,0.001543859649122807,0.0002699235366641249,0.0001491354198848241,11,0,0.49586776859504145,0.8882204462156972,Khac (Peripheral)
4935,0.0058947368421052625,0.0005322378539765024,0.0004923973623298561,42,6,0.22108843537414968,2.191296780734712,Khac (Peripheral)
2935,0.0018245614035087717,0.00015034708791618375,0.00015126347610489474,13,1,0.5798816568047337,0.09526841839579539,Khac (Peripheral)
4641,0.0011228070175438596,6.551599593697745e-05,0.00011055211160728795,8,6,0.75,-0.2207600416545527,Streamer Cau noi (Bridge)
5072,0.00014035087719298245,0.0,3.842563990054747e-05,1,4,0.0,-0.45047486221988475,Khac (Peripheral)
5262,0.001543859649122807,0.001821710312813834,0.00019923770930805365,11,13,0.743801652892562,0.27598640173230005,Streamer Cau noi (Bridge)
2573,0.001263157894736842,0.00023469361732995727,0.00013254411301789974,9,5,0.49382716049382713,-0.2335157882693519,Khac (Peripheral)
5248,0.00014035087719298245,0.0,3.722364577613266e-05,1,16,0.0,-0.23233892186291363,Khac (Peripheral)
3251,0.0005614035087719298,3.6297333916754697e-06,6.234238617415131e-05,4,5,0.625,-0.5316210498898012,Streamer Cau noi (Bridge)
3399,0.0009824561403508772,0.00015272066602284534,0.00010656438131058243,7,14,0.6938775510204083,-0.2539918620224932,Streamer Cau noi (Bridge)
7008,0.00042105263157894734,1.6850134696341789e-06,5.407509462824213e-05,3,14,0.4444444444444444,-0.3825895435149627,Khac (Peripheral)
3793,0.0007017543859649122,4.214751810754482e-05,8.036386401588868e-05,5,6,0.72,-0.29170288937188404,Streamer Cau noi (Bridge)
2056,0.00042105263157894734,9.530641398329182e-07,5.55507762032006e-05,3,14,0.0,-0.2539918620224932,Khac (Peripheral)
6118,0.003508771929824561,0.0007330925965190739,0.0003084921649880915,25,3,0.7328,0.8061185550634512,Streamer Cau noi (Bridge)
1152,0.0008421052631578947,4.920540106239532e-05,9.181401546266931e-05,6,4,0.2777777777777777,-0.18229548544937524,Khac (Peripheral)
4152,0.0011228070175438596,2.2272605816761946e-05,0.00010070425254636069,8,1,0.46875,-0.25167558983425337,Khac (Peripheral)
2452,0.00042105263157894734,1.4245786208186448e-07,5.708371063980763e-05,3,5,0.4444444444444444,-0.5316210498898012,Khac (Peripheral)
845,0.0002807017543859649,0.00026110764031444985,5.029237622129187e-05,2,9,0.5,-0.2584446315564888,Khac (Peripheral)
5314,0.00014035087719298245,0.0,3.172927150578579e-05,1,6,0.0,-0.3626457370892153,Khac (Peripheral)
4993,0.0002807017543859649,9.757305276187902e-06,4.970062933232617e-05,2,1,0.5,-0.7142676008076517,Khac (Peripheral)
5511,0.008982456140350877,0.001961654746281932,0.0006923841278069602,64,1,0.22900390625,5.646372550076576,Streamer Trung tam (Hub)
4135,0.001543859649122807,0.0016020448079421962,0.00016456222708388136,11,14,0.7107438016528925,-0.12539418053002366,Streamer Cau noi (Bridge)
2845,0.01487719298245614,0.007762766487026736,0.0011308992031343786,106,5,0.632431470274119,3.939957874416938,Khac (Peripheral)
1836,0.002245614035087719,0.0003902950139732785,0.0002133033879101528,16,5,0.6796875,-0.2335157882693519,Streamer Cau noi (Bridge)
6252,0.00014035087719298245,0.0,3.317720081402534e-05,1,6,0.0,-0.3626457370892153,Khac (Peripheral)
1262,0.0007017543859649122,2.1483232737914454e-06,7.164981034388679e-05,5,4,0.0,-0.18229548544937524,Khac (Peripheral)
3521,0.00014035087719298245,0.0,3.528511610205651e-05,1,14,0.0,-0.5111872250074323,Khac (Peripheral)
3159,0.00014035087719298245,0.0,3.291058322274492e-05,1,0,0.0,-0.5433669491892589,Khac (Peripheral)
4284,0.00042105263157894734,3.193300243923177e-05,5.5796809744408846e-05,3,16,0.4444444444444444,-0.14312629133157528,Khac (Peripheral)
5163,0.0005614035087719298,0.00011252357479885774,7.113335393468436e-05,4,5,0.0,-0.38256841907957656,Khac (Peripheral)
3948,0.0005614035087719298,1.2396537693812448e-05,6.557924405172053e-05,4,1,0.375,-0.4829715953209526,Khac (Peripheral)
1701,0.0029473684210526313,0.00025945289148258363,0.00023232148162167192,21,1,0.17233560090702937,1.3673964485726409,Khac (Peripheral)
4003,0.0014035087719298245,0.0001573823479549298,0.00014438583615104775,10,15,0.8,-0.02843616846272445,Streamer Cau noi (Bridge)
1118,0.0002807017543859649,6.794206798316746e-05,5.010637512802262e-05,2,1,0.5,-0.7142676008076517,Khac (Peripheral)
1081,0.0005614035087719298,1.6053131904736716e-05,7.411355780694723e-05,4,9,0.625,-0.1780241547109686,Streamer Cau noi (Bridge)
428,0.0019649122807017545,0.0010812469151445622,0.0001954395867138082,14,2,0.8367346938775511,0.34519012525093823,Streamer Cau noi (Bridge)
5779,0.0005614035087719298,3.850720744497157e-05,6.668702528524483e-05,4,15,0.625,-0.3322541788802534,Streamer Cau noi (Bridge)
1420,0.0005614035087719298,1.040136602262746e-05,7.175621417768804e-05,4,9,0.375,-0.09760367786544846,Khac (Peripheral)
2090,0.0011228070175438596,0.0001406044122494887,0.0001255827292417533,8,0,0.59375,0.3155854880537148,Khac (Peripheral)
3444,0.0014035087719298245,6.260683813675351e-05,0.00013016719570687688,10,14,0.76,-0.2539918620224932,Streamer Cau noi (Bridge)
213,0.0005614035087719298,1.6476028104038624e-05,6.581009045732689e-05,4,1,0.375,-0.4829715953209526,Khac (Peripheral)
7125,0.00042105263157894734,6.2052005292248e-05,6.492984280596318e-05,3,9,0.4444444444444444,-0.1780241547109686,Khac (Peripheral)
1051,0.001263157894736842,0.00012443671063989812,0.00014122978354353595,9,3,0.7654320987654322,-0.21756040548587458,Streamer Cau noi (Bridge)
2165,0.0011228070175438596,3.702187877235413e-05,0.00010556525235914425,8,4,0.40625,-0.11525064125674786,Khac (Peripheral)
4936,0.00042105263157894734,9.2758039628569e-06,6.092107084602441e-05,3,3,0.4444444444444444,-0.3881735655774289,Khac (Peripheral)
3769,0.0005614035087719298,1.9002880736565888e-05,6.543410342251733e-05,4,16,0.625,-0.14312629133157528,Streamer Cau noi (Bridge)
4283,0.0002807017543859649,5.384999419918132e-07,4.5321362640494994e-05,2,5,0.0,-0.5316210498898012,Khac (Peripheral)
1343,0.0008421052631578947,3.308284561176408e-05,9.15038337310609e-05,6,4,0.0,-0.11525064125674786,Khac (Peripheral)
5478,0.001263157894736842,8.024716463332168e-05,0.00014153199804379612,9,1,0.345679012345679,-0.020379584347554196,Khac (Peripheral)
5645,0.00042105263157894734,1.0262701581557762e-05,6.052985880885433e-05,3,6,0.4444444444444444,-0.29170288937188404,Khac (Peripheral)
786,0.0002807017543859649,8.927301936878568e-07,4.086360027876737e-05,2,4,0.5,-0.45047486221988475,Khac (Peripheral)
467,0.00014035087719298245,0.0,4.5750408556643676e-05,1,1,0.0,-0.7142676008076517,Khac (Peripheral)
6115,0.002526315789473684,0.00022793711905024896,0.00022248279399772643,18,5,0.29629629629629617,0.437221050376659,Khac (Peripheral)
1394,0.0023859649122807015,0.00036722165501177,0.00020922087527278432,17,5,0.726643598615917,-0.1589894728642396,Streamer Cau noi (Bridge)
2292,0.00014035087719298245,0.0,3.348653595955036e-05,1,9,0.0,-0.2584446315564888,Khac (Peripheral)
1508,0.0008421052631578947,9.997970601887924e-05,9.215006160073237e-05,6,16,0.6111111111111112,-0.05391366080023693,Khac (Peripheral)
1257,0.0007017543859649122,8.394944277975065e-06,6.962304876630297e-05,5,5,0.56,-0.4570947344846889,Khac (Peripheral)
4650,0.00014035087719298245,0.0,3.3193449332733915e-05,1,9,0.0,-0.2584446315564888,Khac (Peripheral)
398,0.0005614035087719298,6.120718978898279e-05,7.259988064215706e-05,4,9,0.75,-0.2584446315564888,Streamer Cau noi (Bridge)
1753,0.0018245614035087717,0.0004707109046539904,0.00016816689401793385,13,6,0.6982248520710059,-0.00793149850255878,Streamer Cau noi (Bridge)
3909,0.00014035087719298245,0.0,3.3372910161915445e-05,1,4,0.0,-0.45047486221988475,Khac (Peripheral)
2052,0.0002807017543859649,1.3814189800932541e-05,5.11910621304093e-05,2,10,0.5,-0.7862515977683556,Khac (Peripheral)
5995,0.002807017543859649,0.0006257155489162938,0.00035617677768075414,20,10,0.54,2.850162041910289,Khac (Peripheral)
4891,0.00014035087719298245,0.0,3.2853308721241204e-05,1,4,0.0,-0.45047486221988475,Khac (Peripheral)
3631,0.0018245614035087717,0.00011309121589286923,0.0001740215170780349,13,15,0.5798816568047337,1.4906538836249204,Khac (Peripheral)
1530,0.0007017543859649122,0.0005799125607493813,9.717191844448695e-05,5,16,0.56,-0.05391366080023693,Khac (Peripheral)
5569,0.014035087719298244,0.0031794883489832514,0.0010054235246766219,100,5,0.4042,4.983326290088511,Khac (Peripheral)
4130,0.0019649122807017545,1.6592357891064474e-05,0.00016681335265147533,14,4,0.0,0.42110811228427114,Khac (Peripheral)
6803,0.0016842105263157893,0.0003304090513811822,0.000145405169662193,12,4,0.5416666666666666,-0.04820579706412048,Khac (Peripheral)
1347,0.0005614035087719298,0.000152080625306844,8.766063032424389e-05,4,3,0.625,-0.3881735655774289,Streamer Cau noi (Bridge)
1513,0.0008421052631578947,3.984744390784325e-05,9.046189024335907e-05,6,9,0.6666666666666667,-0.09760367786544846,Streamer Cau noi (Bridge)
3877,0.0002807017543859649,9.329436604728736e-07,4.955542595972675e-05,2,14,0.5,-0.5111872250074323,Khac (Peripheral)
7113,0.0005614035087719298,5.636747204072158e-05,6.999458295226163e-05,4,16,0.375,-0.05391366080023693,Khac (Peripheral)
2850,0.00042105263157894734,3.650335827901699e-05,5.358112756810261e-05,3,9,0.4444444444444444,-0.1780241547109686,Khac (Peripheral)
1338,0.00042105263157894734,1.0775250812797096e-06,5.258084938149698e-05,3,16,0.4444444444444444,-0.14312629133157528,Khac (Peripheral)
4313,0.0011228070175438596,0.000316750742739815,0.00011518154764400468,8,16,0.59375,0.03529896973110142,Khac (Peripheral)
7110,0.001263157894736842,0.0002623049572995961,0.0001403562925364376,9,4,0.6666666666666667,-0.24934032964200262,Streamer Cau noi (Bridge)
931,0.0019649122807017545,0.0005373564564625413,0.00019257414246926608,14,9,0.6326530612244898,0.3044987063621523,Streamer Cau noi (Bridge)
324,0.0007017543859649122,6.808695706106523e-05,7.676725715371944e-05,5,1,0.72,-0.5986195980643021,Streamer Cau noi (Bridge)
1220,0.00014035087719298245,0.0,3.897782137627093e-05,1,2,0.0,-0.6448606735457089,Khac (Peripheral)
6478,0.001263157894736842,0.00036178799082387994,0.00014502536530894663,9,1,0.7901234567901234,-0.5986195980643021,Streamer Cau noi (Bridge)
5477,0.0002807017543859649,0.0,6.965407730033407e-05,2,16,0.0,-0.14312629133157528,Khac (Peripheral)
3433,0.0009824561403508772,9.371870049961824e-06,8.844663995348406e-05,7,1,0.24489795918367352,-0.1360275870909038,Khac (Peripheral)
5177,0.00042105263157894734,2.3692288579503236e-06,5.611481357470206e-05,3,1,0.0,-0.4829715953209526,Khac (Peripheral)
4031,0.0002807017543859649,5.601285995660449e-06,4.641462194663625e-05,2,9,0.5,-0.2584446315564888,Khac (Peripheral)
118,0.00014035087719298245,0.0,3.4081658951183334e-05,1,8,0.0,-0.7985918306870473,Khac (Peripheral)
4134,0.0002807017543859649,1.2118474747335599e-05,4.349729125459174e-05,2,9,0.5,-0.2584446315564888,Khac (Peripheral)
6506,0.0002807017543859649,3.7290868321043495e-06,5.26456422614749e-05,2,16,0.5,-0.23233892186291363,Khac (Peripheral)
712,0.0002807017543859649,2.718802309921708e-06,5.3542489819323146e-05,2,14,0.0,-0.3825895435149627,Khac (Peripheral)
2524,0.001543859649122807,0.0004949214573499135,0.00015752338166793843,11,4,0.6115702479338844,-0.11525064125674786,Khac (Peripheral)
694,0.00042105263157894734,9.399025865166661e-07,5.2446374981682036e-05,3,4,0.0,-0.31638517383463,Khac (Peripheral)
1162,0.0018245614035087717,0.00031221098172049504,0.00018341633950314507,13,6,0.8402366863905325,-0.2207600416545527,Streamer Cau noi (Bridge)
1938,0.0007017543859649122,1.6568594843447168e-05,7.99014331924721e-05,5,9,0.31999999999999984,-0.0171832010199283,Khac (Peripheral)
4660,0.002105263157894737,0.00029501407087767094,0.00021385243366188,15,4,0.44444444444444453,0.21997357970638903,Khac (Peripheral)
4740,0.0002807017543859649,2.555043502988246e-06,4.95018820124638e-05,2,16,0.5,-0.23233892186291363,Khac (Peripheral)
5102,0.0002807017543859649,0.0,4.4971189781498215e-05,2,9,0.0,-0.1780241547109686,Khac (Peripheral)
6876,0.002526315789473684,0.0004798184830928967,0.00023344273700010162,18,8,0.6358024691358024,1.6639469655472885,Streamer Cau noi (Bridge)
5047,0.001543859649122807,0.0003020505131576188,0.00015783464287690658,11,0,0.8264462809917356,0.029268008972723546,Streamer Cau noi (Bridge)
963,0.0033684210526315787,0.0004533231454480146,0.00031522765329609437,24,1,0.5972222222222221,0.7891564348558929,Khac (Peripheral)
59,0.00042105263157894734,0.00014065412266608938,8.175204817182602e-05,3,1,0.4444444444444444,-0.5986195980643021,Khac (Peripheral)
4658,0.00042105263157894734,1.1156552578671392e-06,5.381017083165133e-05,3,9,0.6666666666666667,-0.2584446315564888,Streamer Cau noi (Bridge)
4748,0.002807017543859649,0.0004005761823522298,0.00027121148597514434,20,5,0.6699999999999999,0.06458947335109738,Streamer Cau noi (Bridge)
1042,0.0023859649122807015,0.00031550256691394255,0.00020906937066298486,17,5,0.4844290657439445,0.21364210416132204,Khac (Peripheral)
310,0.0005614035087719298,4.4017466272483916e-05,6.372818152682163e-05,4,16,0.75,-0.23233892186291363,Streamer Cau noi (Bridge)
3202,0.0009824561403508772,5.837940594331014e-05,0.00011253380347961124,7,1,0.40816326530612246,-0.25167558983425337,Khac (Peripheral)
5735,0.00014035087719298245,0.0,3.169792286511057e-05,1,6,0.0,-0.3626457370892153,Khac (Peripheral)
3230,0.0009824561403508772,2.4782032622921757e-05,0.00010242566777982957,7,1,0.7346938775510204,-0.4829715953209526,Streamer Cau noi (Bridge)
2300,0.0019649122807017545,3.731187552079287e-05,0.00016276032883591013,14,4,0.13265306122448983,0.3540632680916438,Khac (Peripheral)
6216,0.0009824561403508772,0.00021964833518154186,0.00010629840418940564,7,4,0.6938775510204083,-0.31638517383463,Streamer Cau noi (Bridge)
1685,0.0002807017543859649,1.7422016641832657e-05,4.481726589540532e-05,2,16,0.0,-0.14312629133157528,Khac (Peripheral)
1627,0.0009824561403508772,1.7842050327251006e-05,0.00010251994783129953,7,4,0.0,-0.04820579706412048,Khac (Peripheral)
2883,0.0018245614035087717,0.0005298245134428709,0.00018030564389662237,13,14,0.650887573964497,0.260398863947385,Streamer Cau noi (Bridge)
1266,0.00014035087719298245,0.0,3.557049666579021e-05,1,6,0.0,-0.3626457370892153,Khac (Peripheral)
6224,0.0008421052631578947,0.00025971920512544516,0.00010671632914892911,6,1,0.6666666666666667,-0.4829715953209526,Streamer Cau noi (Bridge)
937,0.0016842105263157893,9.927188845983738e-05,0.0001731964734279236,12,14,0.611111111111111,0.260398863947385,Khac (Peripheral)
97,0.0005614035087719298,5.543133617916371e-06,6.803831008848454e-05,4,2,0.5,-0.31484374061349313,Khac (Peripheral)
3226,0.0002807017543859649,7.772400674319586e-06,4.850024697212236e-05,2,16,0.5,-0.23233892186291363,Khac (Peripheral)
5267,0.0007017543859649122,9.88165553229713e-06,7.842703934862737e-05,5,9,0.31999999999999984,-0.0171832010199283,Khac (Peripheral)
4443,0.00014035087719298245,0.0,3.7740953624123096e-05,1,9,0.0,-0.2584446315564888,Khac (Peripheral)
5213,0.0005614035087719298,1.5383096464230116e-05,7.065571337661697e-05,4,5,0.625,-0.5316210498898012,Streamer Cau noi (Bridge)
3641,0.00014035087719298245,0.0,3.236016558641709e-05,1,1,0.0,-0.7142676008076517,Khac (Peripheral)
6563,0.0026666666666666666,0.001416008770033909,0.00023610191145306627,19,14,0.6260387811634349,0.7747895899172631,Streamer Cau noi (Bridge)
6133,0.00014035087719298245,0.0,3.3483132310650335e-05,1,3,0.0,-0.5587867256689831,Khac (Peripheral)
654,0.0002807017543859649,0.001390195115103875,8.166891999708247e-05,2,1,0.0,-0.5986195980643021,Khac (Peripheral)
2704,0.0002807017543859649,2.8580485380223236e-06,4.5239370944738933e-05,2,15,0.5,-0.6360721892977823,Khac (Peripheral)
2147,0.0002807017543859649,5.605454188965029e-06,9.718005011282071e-05,2,1,0.0,-0.5986195980643021,Khac (Peripheral)
2367,0.001263157894736842,0.0002609110829379428,0.00012386215743186117,9,4,0.7160493827160495,-0.31638517383463,Streamer Cau noi (Bridge)
4685,0.0005614035087719298,1.1802607850986828e-05,7.898141793691046e-05,4,15,0.625,-0.3322541788802534,Streamer Cau noi (Bridge)
2081,0.0016842105263157893,0.00025040790825695366,0.00014437354185005869,12,5,0.7361111111111112,-0.3080421036744642,Streamer Cau noi (Bridge)
2301,0.0002807017543859649,2.2156662798577465e-05,4.29406618884506e-05,2,1,0.5,-0.7142676008076517,Khac (Peripheral)
2970,0.0005614035087719298,2.966185591522829e-05,6.827437284741763e-05,4,2,0.625,-0.6448606735457089,Streamer Cau noi (Bridge)
474,0.001263157894736842,0.00036067637859496515,0.00015262448703246174,9,5,0.49382716049382713,-0.2335157882693519,Khac (Peripheral)
2733,0.0005614035087719298,8.894304526663863e-06,7.155713268585084e-05,4,3,0.375,-0.21756040548587458,Khac (Peripheral)
638,0.001543859649122807,0.00018052374545973106,0.0001667975095856787,11,14,0.7272727272727273,-0.12539418053002366,Streamer Cau noi (Bridge)
903,0.00014035087719298245,0.0,3.478685934646111e-05,1,14,0.0,-0.5111872250074323,Khac (Peripheral)
5552,0.001543859649122807,6.584023237285133e-05,0.00017602620342483925,11,3,0.743801652892562,0.12366591469723404,Streamer Cau noi (Bridge)
1219,0.0007017543859649122,5.761954114322207e-05,8.004248600101426e-05,5,1,0.56,-0.7142676008076517,Khac (Peripheral)
3605,0.0005614035087719298,3.933028603083992e-05,6.791014874848944e-05,4,6,0.5,-0.29170288937188404,Khac (Peripheral)
45,0.00014035087719298245,0.0,3.332771389405737e-05,1,0,0.0,-0.5433669491892589,Khac (Peripheral)
3764,0.00014035087719298245,0.0,3.410022426877764e-05,1,15,0.0,-0.6360721892977823,Khac (Peripheral)
5405,0.00014035087719298245,0.0,3.2695148349424987e-05,1,9,0.0,-0.2584446315564888,Khac (Peripheral)
5887,0.00042105263157894734,0.00028074115665356543,0.00011669941950796313,3,15,0.0,-0.02843616846272445,Khac (Peripheral)
511,0.0009824561403508772,0.0007774157210965448,0.00011642606967808233,7,14,0.6122448979591837,-0.12539418053002366,Khac (Peripheral)
6547,0.0007017543859649122,1.166224017228059e-05,7.859566507910128e-05,5,6,0.6399999999999999,-0.29170288937188404,Streamer Cau noi (Bridge)
5404,0.004631578947368421,0.0012884056663349977,0.0003672412988605748,33,5,0.606060606060606,0.7353263119971083,Khac (Peripheral)
5808,0.0002807017543859649,1.1170652669314022e-06,6.656540312929812e-05,2,9,0.0,-0.1780241547109686,Khac (Peripheral)
2997,0.01894736842105263,0.015685181645925403,0.0017646623570176931,135,14,0.6393415637860083,9.390834249912722,Khac (Peripheral)
1318,0.00014035087719298245,0.0,3.113947176294357e-05,1,1,0.0,-0.7142676008076517,Khac (Peripheral)
30,0.005192982456140351,0.0008034751170445779,0.0003881039444604553,37,5,0.406135865595325,1.4060631506431192,Khac (Peripheral)
505,0.00014035087719298245,0.0,3.229897183491745e-05,1,1,0.0,-0.7142676008076517,Khac (Peripheral)
391,0.00014035087719298245,0.0,3.2902861119851645e-05,1,4,0.0,-0.45047486221988475,Khac (Peripheral)
2272,0.0007017543859649122,3.1055044004537386e-05,7.635136710123803e-05,5,6,0.31999999999999984,-0.1498171939372214,Khac (Peripheral)
6782,0.004491228070175438,0.0005034322704821623,0.00037142995397846133,32,6,0.85546875,-0.07887434621989009,Streamer Cau noi (Bridge)
1478,0.00042105263157894734,0.0,5.685936661327201e-05,3,0,0.4444444444444444,-0.2570494701082677,Khac (Peripheral)
3293,0.00014035087719298245,0.0,5.519794995879359e-05,1,6,0.0,-0.3626457370892153,Khac (Peripheral)
4142,0.0009824561403508772,2.987503450043049e-05,9.548004869510803e-05,7,5,0.44897959183673464,-0.3080421036744642,Khac (Peripheral)
2137,0.0009824561403508772,4.638560972530151e-05,9.893683709119877e-05,7,6,0.44897959183673464,-0.07887434621989009,Khac (Peripheral)
923,0.0007017543859649122,2.2573029473861854e-05,7.534609320327038e-05,5,1,0.31999999999999984,-0.36732359257760294,Khac (Peripheral)
6439,0.00042105263157894734,3.0968703793455905e-06,5.412168729128014e-05,3,9,0.4444444444444444,-0.1780241547109686,Khac (Peripheral)
3625,0.0011228070175438596,0.00010416671288617922,0.00011905637062700353,8,6,0.625,-0.1498171939372214,Streamer Cau noi (Bridge)
5987,0.0014035087719298245,6.209455147781534e-05,0.000127936961900791,10,5,0.4600000000000001,-0.1589894728642396,Khac (Peripheral)
3478,0.00014035087719298245,0.0,3.236424105773496e-05,1,5,0.0,-0.6061473652949135,Khac (Peripheral)
1468,0.00042105263157894734,0.0001196799321587505,6.752122727931361e-05,3,9,0.4444444444444444,-0.1780241547109686,Khac (Peripheral)
3269,0.004631578947368421,0.0037269583134241827,0.0004126547146068502,33,5,0.7897153351698806,0.06458947335109738,Streamer Cau noi (Bridge)
1894,0.00042105263157894734,1.0937395060012065e-05,6.320029316590257e-05,3,5,0.4444444444444444,-0.5316210498898012,Khac (Peripheral)
6264,0.00014035087719298245,0.0,3.0499984043139854e-05,1,4,0.0,-0.45047486221988475,Khac (Peripheral)
3606,0.0002807017543859649,1.7002810631141085e-05,5.6888238476052655e-05,2,9,0.0,-0.1780241547109686,Khac (Peripheral)
3691,0.007859649122807018,0.002017642035211647,0.0006130071073361926,56,3,0.6339285714285714,3.877155436711429,Khac (Peripheral)
6921,0.010385964912280702,0.005811273414610493,0.0009356579581834806,74,5,0.6767713659605551,2.300378935504467,Streamer Cau noi (Bridge)
2793,0.0026666666666666666,0.000265015420966158,0.000232595136739755,19,6,0.6481994459833795,0.20489704464943517,Streamer Cau noi (Bridge)
5842,0.0471578947368421,0.048597012253871884,0.004132800431075657,336,5,0.7814803004535147,9.529431529800362,Khac (Peripheral)
4914,0.0008421052631578947,0.00015270623627704552,0.00010811397923782498,6,3,0.4444444444444444,-0.04694724539432026,Khac (Peripheral)
2331,0.00042105263157894734,6.838370005946771e-06,5.925888545279193e-05,3,1,0.4444444444444444,-0.5986195980643021,Khac (Peripheral)
3660,0.0002807017543859649,3.3462051153271356e-05,5.9788597314918424e-05,2,0,0.5,-0.5433669491892589,Khac (Peripheral)
4377,0.0033684210526315787,0.0002724230655041623,0.0002846355368919358,24,5,0.7048611111111112,0.21364210416132204,Streamer Cau noi (Bridge)
1748,0.001543859649122807,0.00014237281388995913,0.00013836675061102544,11,1,0.6446280991735538,-0.1360275870909038,Streamer Cau noi (Bridge)
5873,0.0002807017543859649,1.232433806789734e-07,4.1157540592958174e-05,2,4,0.0,-0.38343001802725735,Khac (Peripheral)
5704,0.00014035087719298245,0.0,3.2832546101197534e-05,1,9,0.0,-0.2584446315564888,Khac (Peripheral)
776,0.00042105263157894734,3.4567481929038534e-06,5.4804504027356106e-05,3,6,0.4444444444444444,-0.29170288937188404,Khac (Peripheral)
3327,0.00042105263157894734,7.048201277264719e-05,5.561236793050217e-05,3,9,0.0,-0.09760367786544846,Khac (Peripheral)
5302,0.0016842105263157893,0.0018280542423630035,0.00018874671362499617,12,6,0.7916666666666667,-0.1498171939372214,Streamer Cau noi (Bridge)
2065,0.0005614035087719298,2.3220510054981653e-06,7.032231697254441e-05,4,1,0.375,-0.4829715953209526,Khac (Peripheral)
6217,0.001543859649122807,0.0010634298612922223,0.0001752731605640751,11,1,0.5454545454545454,-0.020379584347554196,Khac (Peripheral)
1494,0.0002807017543859649,2.562550690477826e-07,5.1319351606779934e-05,2,4,0.0,-0.38343001802725735,Khac (Peripheral)
1035,0.0002807017543859649,1.1113287832969557e-06,4.326240234247163e-05,2,15,0.5,-0.6360721892977823,Khac (Peripheral)
5999,0.0008421052631578947,0.00015168790848428773,0.0001055226624836263,6,0,0.6666666666666667,0.029268008972723546,Streamer Cau noi (Bridge)
3870,0.0005614035087719298,6.948652157369869e-06,6.603043363821274e-05,4,8,0.75,-0.7985918306870473,Streamer Cau noi (Bridge)
6753,0.0016842105263157893,0.00042446051569809234,0.00015749593261741101,12,1,0.7777777777777778,-0.36732359257760294,Streamer Cau noi (Bridge)
2971,0.0002807017543859649,0.0,4.4435399836555606e-05,2,9,0.5,-0.2584446315564888,Khac (Peripheral)
5348,0.0008421052631578947,1.5867190771547118e-05,8.401817431557327e-05,6,5,0.6666666666666667,-0.4570947344846889,Streamer Cau noi (Bridge)
3142,0.00014035087719298245,0.0,3.327280235636955e-05,1,9,0.0,-0.2584446315564888,Khac (Peripheral)
5228,0.008,0.003895163464084223,0.0007090810526416314,57,6,0.6124961526623578,1.9784682375827178,Khac (Peripheral)
898,0.0002807017543859649,2.1631084981675908e-06,5.479556177258481e-05,2,9,0.5,-0.2584446315564888,Khac (Peripheral)
607,0.004210526315789474,0.0009682562475222282,0.0003306870141911629,30,5,0.4755555555555556,0.884378942807333,Khac (Peripheral)
1075,0.00014035087719298245,0.0,3.1992374573487124e-05,1,14,0.0,-0.5111872250074323,Khac (Peripheral)
6129,0.0005614035087719298,0.00014415649098609834,8.361545283160165e-05,4,15,0.375,-0.02843616846272445,Khac (Peripheral)
4527,0.0008421052631578947,5.3194299108706356e-05,8.96814013004125e-05,6,4,0.6666666666666667,-0.31638517383463,Streamer Cau noi (Bridge)
6687,0.0002807017543859649,0.0,4.499644384732997e-05,2,3,0.0,-0.3881735655774289,Khac (Peripheral)
6761,0.0005614035087719298,2.6806746222595184e-05,6.443919625180998e-05,4,4,0.625,-0.38343001802725735,Streamer Cau noi (Bridge)
3462,0.006175438596491228,0.002860049769422172,0.0004905125088225352,44,5,0.6002066115702479,1.3315368352380068,Khac (Peripheral)
3535,0.00014035087719298245,0.0,3.234123276654632e-05,1,4,0.0,-0.45047486221988475,Khac (Peripheral)
693,0.0008421052631578947,5.2740425024611067e-05,8.891447735697399e-05,6,4,0.5,-0.24934032964200262,Khac (Peripheral)
1946,0.002526315789473684,0.0019707053128659086,0.0002232864596000585,18,1,0.7716049382716049,-0.020379584347554196,Streamer Cau noi (Bridge)
4610,0.00014035087719298245,0.0,3.1367172715608715e-05,1,5,0.0,-0.6061473652949135,Khac (Peripheral)
2640,0.0005614035087719298,2.5269881596574498e-05,7.008775143734694e-05,4,8,0.75,-0.7985918306870473,Streamer Cau noi (Bridge)
6990,0.0016842105263157893,0.0002689989069077127,0.0001796889210373986,12,2,0.7222222222222222,0.34519012525093823,Streamer Cau noi (Bridge)
5172,0.0007017543859649122,0.0001244612042353909,7.831650845556795e-05,5,5,0.72,-0.5316210498898012,Streamer Cau noi (Bridge)
3310,0.00042105263157894734,5.7141135076917625e-06,6.241480933463994e-05,3,14,0.6666666666666667,-0.5111872250074323,Streamer Cau noi (Bridge)
528,0.00014035087719298245,0.0,3.3227602716804e-05,1,1,0.0,-0.7142676008076517,Khac (Peripheral)
4436,0.0008421052631578947,8.434327861850686e-05,9.348912733236278e-05,6,5,0.2777777777777777,-0.3080421036744642,Khac (Peripheral)
1320,0.001543859649122807,0.00024264825601367013,0.0001473618147539686,11,14,0.7107438016528926,-0.12539418053002366,Streamer Cau noi (Bridge)
4583,0.0002807017543859649,0.0,4.771602753220875e-05,2,13,0.0,-0.4139796025984502,Khac (Peripheral)
1791,0.00042105263157894734,5.673231521272019e-05,7.748322915470272e-05,3,9,0.4444444444444444,-0.1780241547109686,Khac (Peripheral)
6209,0.001543859649122807,0.00017946077947790306,0.00013440542391386667,11,4,0.5454545454545454,-0.04820579706412048,Khac (Peripheral)
6368,0.0023859649122807015,0.0002520001555664162,0.0001967713188610666,17,5,0.754325259515571,-0.1589894728642396,Streamer Cau noi (Bridge)
3101,0.00014035087719298245,0.0,3.760150467404162e-05,1,16,0.0,-0.23233892186291363,Khac (Peripheral)
1778,0.0009824561403508772,4.124147943027149e-05,0.00010056810657739538,7,6,0.7346938775510204,-0.2207600416545527,Streamer Cau noi (Bridge)
4452,0.0002807017543859649,4.039452914925389e-06,4.853443997793359e-05,2,1,0.0,-0.5986195980643021,Khac (Peripheral)
5783,0.0005614035087719298,1.5017440388627848e-06,6.311732251048641e-05,4,5,0.625,-0.5316210498898012,Streamer Cau noi (Bridge)
5034,0.0008421052631578947,0.0007467568152230439,0.00011640523554615777,6,16,0.5,0.03529896973110142,Khac (Peripheral)
6847,0.0008421052631578947,2.6673388866974347e-05,9.251244155661164e-05,6,4,0.5,-0.24934032964200262,Khac (Peripheral)
1142,0.006736842105263157,0.0015989077263649037,0.0005738788125858288,48,4,0.5052083333333333,1.6949601519441915,Khac (Peripheral)
2362,0.001543859649122807,1.2898404366636611e-05,0.00013050470608913864,11,5,0.31404958677685935,-0.009936842054014941,Khac (Peripheral)
6463,0.0016842105263157893,0.0005388225332359344,0.0001604304342448388,12,4,0.7361111111111112,-0.18229548544937524,Streamer Cau noi (Bridge)
1757,0.00014035087719298245,0.0,3.478685934646111e-05,1,14,0.0,-0.5111872250074323,Khac (Peripheral)
242,0.0008421052631578947,0.00015699828406518751,0.0001168471859681844,6,4,0.5,-0.24934032964200262,Khac (Peripheral)
3670,0.00014035087719298245,0.0,3.588128719988251e-05,1,14,0.0,-0.5111872250074323,Khac (Peripheral)
2893,0.00014035087719298245,0.0,3.2422327196825754e-05,1,1,0.0,-0.7142676008076517,Khac (Peripheral)
3775,0.0005614035087719298,0.0001258363468895824,6.795204413545686e-05,4,1,0.625,-0.5986195980643021,Streamer Cau noi (Bridge)
452,0.0029473684210526313,0.00037029287651199844,0.00028886040745479017,21,13,0.7845804988662132,1.6559184103938005,Streamer Cau noi (Bridge)
6646,0.0002807017543859649,0.0,7.821871253711341e-05,2,9,0.0,-0.1780241547109686,Khac (Peripheral)
6088,0.00042105263157894734,7.91297922283229e-06,5.524448621256496e-05,3,5,0.4444444444444444,-0.5316210498898012,Khac (Peripheral)
6035,0.0005614035087719298,3.5093456082821686e-06,6.326960265919995e-05,4,6,0.625,-0.29170288937188404,Streamer Cau noi (Bridge)
5445,0.0018245614035087717,8.146496636387732e-05,0.0001658921127323035,13,14,0.544378698224852,0.3889965454398545,Khac (Peripheral)
2073,0.00014035087719298245,0.0,6.505325070537838e-05,1,12,0.0,-1.2247448713915894,Khac (Peripheral)
637,0.00042105263157894734,0.00014037057832678272,8.045784431537644e-05,3,14,0.0,-0.2539918620224932,Khac (Peripheral)
3847,0.005192982456140351,0.0011525691269554947,0.0004036930029002108,37,5,0.6910153396639883,0.7353263119971083,Streamer Cau noi (Bridge)
81,0.0023859649122807015,0.0002467251555460332,0.00020962251936869878,17,14,0.7820069204152249,0.003203500962445893,Streamer Cau noi (Bridge)
1551,0.0005614035087719298,0.00018839718804207302,8.362792154745272e-05,4,6,0.375,-0.2207600416545527,Khac (Peripheral)
5064,0.001543859649122807,0.0002285973891318824,0.00015323874840946598,11,4,0.6446280991735538,-0.11525064125674786,Streamer Cau noi (Bridge)
679,0.00014035087719298245,0.0,3.211486823569884e-05,1,9,0.0,-0.2584446315564888,Khac (Peripheral)
5131,0.0007017543859649122,3.304603994803676e-05,7.628697454495231e-05,5,9,0.56,-0.09760367786544846,Khac (Peripheral)
6255,0.0008421052631578947,5.0519975993960796e-05,9.964755576817586e-05,6,1,0.2777777777777777,-0.25167558983425337,Khac (Peripheral)
6022,0.0019649122807017545,0.00035708369005440046,0.00019061452511447935,14,5,0.7448979591836735,-0.2335157882693519,Streamer Cau noi (Bridge)
3461,0.0007017543859649122,3.2038910572698976e-05,7.655259328347317e-05,5,9,0.72,-0.1780241547109686,Streamer Cau noi (Bridge)
4941,0.00014035087719298245,0.0,3.54830612416163e-05,1,9,0.0,-0.2584446315564888,Khac (Peripheral)
2161,0.003929824561403509,0.0015266462519494275,0.0003114930455490825,28,1,0.5433673469387754,1.2517484458292911,Khac (Peripheral)
926,0.0009824561403508772,2.6794148009281065e-05,0.00010851856252687493,7,6,0.7346938775510204,-0.29170288937188404,Streamer Cau noi (Bridge)
1969,0.002105263157894737,0.0001948439903995077,0.0002193006014175336,15,9,0.7911111111111111,0.06323727582559185,Streamer Cau noi (Bridge)
5343,0.0014035087719298245,0.000168436697509781,0.0001377658369742509,10,15,0.84,-0.3322541788802534,Streamer Cau noi (Bridge)
124,0.002245614035087719,0.00020715260585347578,0.00020586285382693422,16,5,0.65625,-0.1589894728642396,Streamer Cau noi (Bridge)
2654,0.008280701754385965,0.002338731488943039,0.0006759858088246455,59,1,0.4067796610169492,4.37424451989973,Khac (Peripheral)
3814,0.0007017543859649122,9.976870327651508e-06,7.843635441679878e-05,5,9,0.72,-0.2584446315564888,Streamer Cau noi (Bridge)
3901,0.00042105263157894734,1.0659480703126006e-06,5.515531115047142e-05,3,15,0.4444444444444444,-0.3322541788802534,Khac (Peripheral)
481,0.00042105263157894734,1.0819621989540641e-05,6.804743274639493e-05,3,14,0.0,-0.2539918620224932,Khac (Peripheral)
6862,0.0005614035087719298,3.365849561445451e-05,6.096468119067278e-05,4,4,0.5,-0.38343001802725735,Khac (Peripheral)
6731,0.002807017543859649,0.000371872298900708,0.00022587689902574013,20,5,0.4850000000000001,0.3626947349715467,Khac (Peripheral)
5342,0.0007017543859649122,5.9475171493814614e-05,7.765725464159041e-05,5,1,0.72,-0.7142676008076517,Streamer Cau noi (Bridge)
4274,0.005333333333333333,0.002351698196194341,0.0005058130965407495,38,16,0.8130193905817175,0.7490000139818083,Streamer Cau noi (Bridge)
2320,0.0008421052631578947,2.266574000553333e-05,9.003521273001031e-05,6,8,0.6666666666666667,-0.09500931747723713,Streamer Cau noi (Bridge)
1123,0.00042105263157894734,1.1109979779937931e-07,6.051788575547796e-05,3,15,0.4444444444444444,-0.3322541788802534,Khac (Peripheral)
6369,0.00014035087719298245,0.0,3.156459102178747e-05,1,5,0.0,-0.6061473652949135,Khac (Peripheral)
2510,0.00014035087719298245,0.0,3.099702793529154e-05,1,5,0.0,-0.6061473652949135,Khac (Peripheral)
4770,0.0002807017543859649,6.812039864873755e-06,4.9449567093731654e-05,2,10,0.5,-0.7862515977683556,Khac (Peripheral)
2495,0.0032280701754385964,0.0043444115878362825,0.0003719388592156203,23,15,0.6994328922495274,2.402107914877507,Streamer Cau noi (Bridge)
1895,0.0002807017543859649,5.076694834892331e-06,4.3871262220427094e-05,2,16,0.5,-0.23233892186291363,Khac (Peripheral)
2938,0.0009824561403508772,1.9321386297932836e-06,9.791400716571726e-05,7,4,0.0,-0.04820579706412048,Khac (Peripheral)
195,0.0019649122807017545,0.0006193931549115724,0.00018983520533855311,14,4,0.6020408163265307,0.018839047128506894,Khac (Peripheral)
6002,0.0002807017543859649,1.8817844975971014e-06,4.898079694371842e-05,2,1,0.5,-0.7142676008076517,Khac (Peripheral)
6725,0.00042105263157894734,3.502088362100952e-06,5.529338150590163e-05,3,4,0.0,-0.31638517383463,Khac (Peripheral)
1928,0.0011228070175438596,0.00010831175406444348,0.00011094003920778123,8,6,0.75,-0.2207600416545527,Streamer Cau noi (Bridge)
3166,0.001543859649122807,0.00018150537685514178,0.0001401871182329822,11,9,0.6115702479338844,0.14365775267111203,Khac (Peripheral)
2168,0.007298245614035087,0.0010974740765441198,0.0005548852254620876,52,5,0.5599112426035504,1.7786947276686809,Khac (Peripheral)
2792,0.0008421052631578947,1.9474650157636086e-05,9.974619496094634e-05,6,4,0.0,-0.11525064125674786,Khac (Peripheral)
491,0.0011228070175438596,9.060302664171757e-05,0.00010755632607445292,8,1,0.71875,-0.5986195980643021,Streamer Cau noi (Bridge)
1030,0.0002807017543859649,3.9763432486532903e-07,4.8210278219780704e-05,2,9,0.5,-0.2584446315564888,Khac (Peripheral)
2419,0.002105263157894737,0.00030570458277163007,0.00020365816646540082,15,1,0.7377777777777778,-0.1360275870909038,Streamer Cau noi (Bridge)
1891,0.0008421052631578947,3.2144047901661407e-05,9.176933111850896e-05,6,3,0.6111111111111112,-0.21756040548587458,Khac (Peripheral)
6239,0.0036491228070175434,0.00036815033944555525,0.00030133958239996633,26,5,0.695266272189349,0.21364210416132204,Streamer Cau noi (Bridge)
6365,0.0005614035087719298,5.7139705931061677e-05,7.633987804868858e-05,4,14,0.0,-0.12539418053002366,Khac (Peripheral)
3374,0.0002807017543859649,3.169075593682815e-07,4.261962282586141e-05,2,15,0.5,-0.6360721892977823,Khac (Peripheral)
2881,0.00042105263157894734,0.0,5.5085561743617204e-05,3,6,0.0,-0.2207600416545527,Khac (Peripheral)
2465,0.00014035087719298245,0.0,3.3529200997194024e-05,1,5,0.0,-0.6061473652949135,Khac (Peripheral)
433,0.002245614035087719,0.00047636924701896196,0.00022736934033952829,16,1,0.421875,0.5578604293691938,Khac (Peripheral)
4918,0.0002807017543859649,0.001390195115103875,0.00011616003046146679,2,16,0.0,-0.14312629133157528,Khac (Peripheral)
1222,0.0002807017543859649,0.0,4.499996360243332e-05,2,4,0.0,-0.38343001802725735,Khac (Peripheral)
6356,0.00042105263157894734,1.695920066315198e-05,6.775462386167196e-05,3,16,0.4444444444444444,-0.14312629133157528,Khac (Peripheral)
3227,0.00042105263157894734,1.1189767730610767e-06,7.256624541983626e-05,3,13,0.0,-0.06899660043307508,Khac (Peripheral)
1098,0.00014035087719298245,0.0,3.787232723701568e-05,1,4,0.0,-0.45047486221988475,Khac (Peripheral)
4010,0.0005614035087719298,1.0400337372619889e-05,8.758917948748288e-05,4,9,0.625,-0.1780241547109686,Streamer Cau noi (Bridge)
3027,0.00014035087719298245,0.0,3.294522059138826e-05,1,6,0.0,-0.3626457370892153,Khac (Peripheral)
6396,0.00014035087719298245,0.0,3.253430138346378e-05,1,5,0.0,-0.6061473652949135,Khac (Peripheral)
1010,0.006456140350877193,0.003199516793521923,0.000532743817655436,46,5,0.6776937618147448,1.10795788902267,Streamer Cau noi (Bridge)
2578,0.0008421052631578947,5.5895515353451976e-05,9.037557282418189e-05,6,0,0.7777777777777778,-0.2570494701082677,Streamer Cau noi (Bridge)
1085,0.0018245614035087717,0.0004249391795783666,0.00020419988391640436,13,5,0.5917159763313609,-0.08446315745912726,Khac (Peripheral)
2699,0.0008421052631578947,8.404089717896431e-05,9.004733837524053e-05,6,16,0.4444444444444444,0.03529896973110142,Khac (Peripheral)
152,0.0002807017543859649,0.0,4.4802128571444265e-05,2,16,0.0,-0.14312629133157528,Khac (Peripheral)
624,0.0009824561403508772,0.00014791809487706562,0.00012260216982463849,7,15,0.6938775510204083,-0.02843616846272445,Streamer Cau noi (Bridge)
4115,0.0019649122807017545,0.00013863083028260484,0.0001688639848126834,14,1,0.7040816326530612,-0.1360275870909038,Streamer Cau noi (Bridge)
191,0.0018245614035087717,8.225847232426158e-05,0.00016299715624878744,13,6,0.5917159763313609,0.13395419693210384,Khac (Peripheral)
6025,0.0014035087719298245,0.00028782212066648713,0.00014200718801699017,10,8,0.6599999999999999,0.25678193912766795,Streamer Cau noi (Bridge)
6278,0.00042105263157894734,1.3567841241611557e-05,6.42399401181384e-05,3,4,0.0,-0.31638517383463,Khac (Peripheral)
1849,0.00014035087719298245,0.0,3.237600585943195e-05,1,16,0.0,-0.23233892186291363,Khac (Peripheral)
52,0.0008421052631578947,0.0014071581400573263,0.00011648078334229176,6,14,0.5,-0.12539418053002366,Khac (Peripheral)
2097,0.00042105263157894734,0.000670476769925448,6.13685888377406e-05,3,5,0.4444444444444444,-0.5316210498898012,Khac (Peripheral)
6064,0.003087719298245614,0.0007967512992226154,0.00028901103367752544,22,4,0.5537190082644629,0.42110811228427114,Khac (Peripheral)
842,0.0002807017543859649,5.545049447926535e-06,4.3555131672675224e-05,2,16,0.5,-0.23233892186291363,Khac (Peripheral)
4645,0.00014035087719298245,0.0,3.5586108857642153e-05,1,16,0.0,-0.23233892186291363,Khac (Peripheral)
6010,0.0007017543859649122,3.784790314370326e-05,7.488024368143152e-05,5,5,0.6399999999999999,-0.5316210498898012,Streamer Cau noi (Bridge)
2886,0.0014035087719298245,0.00022962503269730825,0.0001399452095766739,10,5,0.31999999999999984,-0.08446315745912726,Khac (Peripheral)
250,0.0008421052631578947,8.214213711934308e-06,9.831031567066387e-05,6,0,0.6666666666666667,0.029268008972723546,Streamer Cau noi (Bridge)
4559,0.0005614035087719298,5.28651795876699e-05,8.199382961356253e-05,4,9,0.375,-0.09760367786544846,Khac (Peripheral)
1373,0.0007017543859649122,0.00011953116242394546,8.551060069504174e-05,5,9,0.56,-0.09760367786544846,Khac (Peripheral)
1209,0.00014035087719298245,0.0,3.169045280034142e-05,1,6,0.0,-0.3626457370892153,Khac (Peripheral)
3056,0.0002807017543859649,6.502921935215181e-06,4.2260216916788844e-05,2,9,0.5,-0.2584446315564888,Khac (Peripheral)
5039,0.0008421052631578947,6.999598384426471e-05,8.784207481329882e-05,6,3,0.7777777777777778,-0.3881735655774289,Streamer Cau noi (Bridge)
1555,0.001263157894736842,0.00018790845018787564,0.00012316046741777146,9,9,0.7654320987654322,-0.1780241547109686,Streamer Cau noi (Bridge)
5822,0.00042105263157894734,2.0525554642049615e-05,5.407452180925795e-05,3,1,0.4444444444444444,-0.5986195980643021,Khac (Peripheral)
5819,0.0002807017543859649,0.0,4.7892759348628554e-05,2,16,0.0,-0.14312629133157528,Khac (Peripheral)
3766,0.0002807017543859649,9.721063863490667e-06,4.848864615841375e-05,2,9,0.5,-0.2584446315564888,Khac (Peripheral)
193,0.00042105263157894734,0.00020622198852232146,6.334596002705907e-05,3,4,0.4444444444444444,-0.38343001802725735,Khac (Peripheral)
4367,0.00014035087719298245,0.0,3.1992374573487124e-05,1,14,0.0,-0.5111872250074323,Khac (Peripheral)
3082,0.0002807017543859649,1.2398288660805595e-06,4.690842083272829e-05,2,4,0.5,-0.45047486221988475,Khac (Peripheral)
5291,0.0005614035087719298,1.0547074073858027e-06,6.445941981707275e-05,4,3,0.625,-0.3881735655774289,Streamer Cau noi (Bridge)
1071,0.00014035087719298245,0.0,3.7399835021286815e-05,1,15,0.0,-0.6360721892977823,Khac (Peripheral)
4563,0.00042105263157894734,4.514769421422116e-06,6.109525167003408e-05,3,15,0.6666666666666667,-0.6360721892977823,Streamer Cau noi (Bridge)
4701,0.0009824561403508772,5.671141926929035e-05,0.00010486707616205576,7,16,0.44897959183673464,0.12451160026243978,Khac (Peripheral)
146,0.0016842105263157893,0.00011500966495197615,0.00016572708904695658,12,9,0.7638888888888888,-0.0171832010199283,Streamer Cau noi (Bridge)
516,0.0005614035087719298,1.479991798599014e-05,7.25496924909065e-05,4,1,0.375,-0.4829715953209526,Khac (Peripheral)
4929,0.0029473684210526313,0.000354549556486963,0.00027246124080865627,21,10,0.46712018140589573,3.45623098185673,Khac (Peripheral)
3342,0.0032280701754385964,0.0006823165555224747,0.000280195086620048,23,5,0.6540642722117203,0.28816841956643435,Streamer Cau noi (Bridge)
5807,0.0009824561403508772,8.691057017942258e-05,0.00010169351598327961,7,6,0.7346938775510204,-0.29170288937188404,Streamer Cau noi (Bridge)
774,0.00042105263157894734,2.3657281028087726e-06,5.0002700234841506e-05,3,1,0.0,-0.4829715953209526,Khac (Peripheral)
4047,0.00014035087719298245,0.0,3.263458656038808e-05,1,9,0.0,-0.2584446315564888,Khac (Peripheral)
3143,0.0005614035087719298,3.0313587319244632e-05,6.689389301998273e-05,4,6,0.625,-0.29170288937188404,Streamer Cau noi (Bridge)
4715,0.002105263157894737,0.00021248911225663834,0.00017225268673511668,15,1,0.24,0.6735084321125433,Khac (Peripheral)
3839,0.003508771929824561,0.0004816101396603126,0.0002859817651772483,25,1,0.5184,1.1361004430859416,Khac (Peripheral)
1286,0.00014035087719298245,0.0,3.2385891955629855e-05,1,6,0.0,-0.3626457370892153,Khac (Peripheral)
2204,0.0016842105263157893,0.00032406999257599824,0.00018449468013037704,12,0,0.5277777777777778,1.4608554043776796,Khac (Peripheral)
3285,0.02568421052631579,0.011134526006329014,0.0023968733947537946,183,16,0.7760757263579086,6.63703362905014,Khac (Peripheral)
4209,0.0014035087719298245,0.00016021107155378587,0.00012747147611644975,10,5,0.31999999999999984,-0.08446315745912726,Khac (Peripheral)
4258,0.0002807017543859649,0.00014414197046740956,5.192123453223832e-05,2,9,0.0,-0.1780241547109686,Khac (Peripheral)
2716,0.0002807017543859649,0.0,4.3427330578479334e-05,2,14,0.5,-0.5111872250074323,Khac (Peripheral)
4690,0.00042105263157894734,1.7522644109289199e-06,5.595070081308186e-05,3,9,0.0,-0.09760367786544846,Khac (Peripheral)
568,0.0008421052631578947,5.7822716025057025e-05,9.213912715368733e-05,6,9,0.2777777777777777,0.06323727582559185,Khac (Peripheral)
1839,0.00042105263157894734,0.00014037057832678272,8.198787885895665e-05,3,14,0.0,-0.2539918620224932,Khac (Peripheral)
4573,0.0007017543859649122,6.311397210754632e-05,7.721704047328286e-05,5,5,0.6399999999999999,-0.5316210498898012,Streamer Cau noi (Bridge)
1461,0.0011228070175438596,2.815018242630072e-05,0.00011747474990798604,8,6,0.5625,-0.07887434621989009,Khac (Peripheral)
6706,0.002245614035087719,0.00011847632923013725,0.0001995608196062455,16,6,0.765625,-0.00793149850255878,Streamer Cau noi (Bridge)
850,0.001263157894736842,0.00028766955462748245,0.0001304133579882898,9,16,0.7160493827160495,-0.05391366080023693,Streamer Cau noi (Bridge)
3845,0.002807017543859649,0.00012889285463588897,0.00021286049348434642,20,1,0.59,0.210916421139145,Khac (Peripheral)
4856,0.0005614035087719298,6.250674707315144e-06,7.225715354937886e-05,4,9,0.375,-0.09760367786544846,Khac (Peripheral)
1858,0.002245614035087719,0.000188713636090116,0.0001939573793552349,16,3,0.640625,0.635505394971897,Streamer Cau noi (Bridge)
600,0.00042105263157894734,1.7739007167967884e-06,8.166282077143601e-05,3,15,0.4444444444444444,-0.3322541788802534,Khac (Peripheral)
5320,0.0008421052631578947,4.0978857549504355e-05,8.696091999746233e-05,6,14,0.6111111111111112,-0.3825895435149627,Khac (Peripheral)
4825,0.0005614035087719298,6.943529970954611e-06,7.385720131741297e-05,4,16,0.625,-0.14312629133157528,Streamer Cau noi (Bridge)
4070,0.0023859649122807015,0.000199189282617742,0.000211465063436035,17,1,0.11072664359861584,1.020452440342592,Khac (Peripheral)
612,0.0011228070175438596,1.997113794383045e-05,0.00010737021371628101,8,1,0.21875,-0.020379584347554196,Khac (Peripheral)
4454,0.00042105263157894734,3.4352500047345316e-06,5.868068867556994e-05,3,9,0.4444444444444444,-0.1780241547109686,Khac (Peripheral)
6134,0.00014035087719298245,0.0,3.84193292206892e-05,1,5,0.0,-0.6061473652949135,Khac (Peripheral)
3680,0.00014035087719298245,0.0,3.302007355689469e-05,1,9,0.0,-0.2584446315564888,Khac (Peripheral)
6653,0.0008421052631578947,2.5473676922860286e-05,9.86667468214164e-05,6,9,0.0,0.14365775267111203,Khac (Peripheral)
384,0.0008421052631578947,1.752649548631171e-05,8.777362286391955e-05,6,6,0.5,-0.1498171939372214,Khac (Peripheral)
7061,0.00014035087719298245,0.0,3.11867103224259e-05,1,5,0.0,-0.6061473652949135,Khac (Peripheral)
5453,0.001543859649122807,0.00017550959840497533,0.00014307353839377362,11,5,0.7933884297520661,-0.38256841907957656,Streamer Cau noi (Bridge)
6306,0.0002807017543859649,5.577056669953286e-07,5.008949657581088e-05,2,0,0.5,-0.5433669491892589,Khac (Peripheral)
549,0.0005614035087719298,6.638024138580483e-05,7.892001226357332e-05,4,8,0.625,-0.4468005740821422,Streamer Cau noi (Bridge)
2921,0.0008421052631578947,1.7845804876687688e-05,9.202552774377744e-05,6,4,0.0,-0.11525064125674786,Khac (Peripheral)
2956,0.0011228070175438596,0.00013260420950468512,0.00012055405527156861,8,1,0.6875,-0.4829715953209526,Streamer Cau noi (Bridge)
6732,0.00042105263157894734,2.6371346612644314e-06,5.4589597689339565e-05,3,0,0.4444444444444444,-0.2570494701082677,Khac (Peripheral)
5740,0.0002807017543859649,1.92029459237543e-07,4.6266436419755024e-05,2,5,0.0,-0.5316210498898012,Khac (Peripheral)
2079,0.0036491228070175434,0.001142720020266754,0.00030832605990988563,26,0,0.8520710059171598,0.3155854880537148,Streamer Cau noi (Bridge)
5960,0.0009824561403508772,4.054434141747166e-05,0.00011530888795550206,7,14,0.8163265306122449,-0.3825895435149627,Streamer Cau noi (Bridge)
1250,0.0007017543859649122,6.159957415858438e-05,9.309023723537351e-05,5,8,0.31999999999999984,0.25678193912766795,Khac (Peripheral)
53,0.001263157894736842,3.359411490374962e-05,0.00011864858618216377,9,1,0.7407407407407407,-0.36732359257760294,Streamer Cau noi (Bridge)
1584,0.0016842105263157893,0.0019485017220059783,0.00019523329611638888,12,6,0.8194444444444444,-0.1498171939372214,Streamer Cau noi (Bridge)
3488,0.0002807017543859649,3.4116310774150646e-05,5.1287047006879196e-05,2,9,0.0,-0.1780241547109686,Khac (Peripheral)
6708,0.0011228070175438596,8.53456049397613e-05,0.00010893424477975649,8,5,0.75,-0.4570947344846889,Streamer Cau noi (Bridge)
6027,0.0005614035087719298,0.0001429081351829588,9.227401682720036e-05,4,16,0.375,-0.05391366080023693,Khac (Peripheral)
944,0.0008421052631578947,0.00015000011894867986,0.000105717071932571,6,6,0.0,-0.00793149850255878,Khac (Peripheral)
4089,0.0011228070175438596,8.037515824807185e-05,0.00011648321575086878,8,2,0.65625,0.34519012525093823,Streamer Cau noi (Bridge)
1399,0.004771929824561403,0.0013392648682287879,0.0003755453665139763,34,5,0.7249134948096886,0.437221050376659,Streamer Cau noi (Bridge)
5642,0.0008421052631578947,4.264418871250963e-05,9.926993902855999e-05,6,9,0.0,0.14365775267111203,Khac (Peripheral)
7072,0.0011228070175438596,0.00026932899621910997,0.00014120551819952657,8,0,0.78125,0.029268008972723546,Streamer Cau noi (Bridge)
3448,0.006035087719298245,0.0006811237554257689,0.0005752566208003005,43,9,0.6327744726879394,1.591226335890475,Streamer Cau noi (Bridge)
5624,0.0029473684210526313,0.0003393967779512033,0.0002637061371633875,21,14,0.0,2.0607664048419587,Khac (Peripheral)
5980,0.0007017543859649122,0.0001602451427997112,9.64543085097042e-05,5,0,0.7999999999999999,-0.5433669491892589,Streamer Cau noi (Bridge)
6525,0.00042105263157894734,5.596816876794225e-06,7.178795839602814e-05,3,9,0.4444444444444444,-0.1780241547109686,Khac (Peripheral)
2929,0.00042105263157894734,8.550356453297107e-06,5.3891086396734686e-05,3,16,0.4444444444444444,-0.14312629133157528,Khac (Peripheral)
5944,0.00014035087719298245,0.0,3.3248334844696706e-05,1,15,0.0,-0.6360721892977823,Khac (Peripheral)
3273,0.00014035087719298245,0.0,3.1245592278286504e-05,1,5,0.0,-0.6061473652949135,Khac (Peripheral)
3717,0.00014035087719298245,0.0,3.312206922238946e-05,1,14,0.0,-0.5111872250074323,Khac (Peripheral)
2135,0.00014035087719298245,0.0,3.349093727425573e-05,1,16,0.0,-0.23233892186291363,Khac (Peripheral)
6399,0.0019649122807017545,0.0003837360655884866,0.0002183460446050894,14,1,0.3673469387755103,0.44221242662584415,Khac (Peripheral)
1407,0.0033684210526315787,0.000177296588169837,0.00028525884876197524,24,6,0.4722222222222222,0.7724398263880856,Khac (Peripheral)
2471,0.00014035087719298245,0.0,5.730371653990444e-05,1,1,0.0,-0.7142676008076517,Khac (Peripheral)
3118,0.0002807017543859649,8.938511000747254e-08,4.337514533262705e-05,2,15,0.5,-0.6360721892977823,Khac (Peripheral)
5112,0.0009824561403508772,1.2340087982033236e-05,9.81513241001614e-05,7,9,0.0,0.22407822951663217,Khac (Peripheral)
2023,0.0023859649122807015,2.462499582769726e-05,0.00019327525476884092,17,3,0.3044982698961938,1.6591843555212227,Khac (Peripheral)
1537,0.0008421052631578947,6.472972370759489e-05,8.975897691150875e-05,6,6,0.6666666666666667,-0.2207600416545527,Streamer Cau noi (Bridge)
3368,0.001543859649122807,0.00012382096734429824,0.0001419259968932897,11,4,0.0,0.21997357970638903,Khac (Peripheral)
4744,0.0032280701754385964,0.0025500211048185522,0.00027502440265750214,23,4,0.2344045368620038,0.8233771774400354,Khac (Peripheral)
3800,0.0011228070175438596,0.0002506774353878611,0.0001411455757341833,8,9,0.53125,0.06323727582559185,Khac (Peripheral)
5263,0.003508771929824561,0.0009640990254202302,0.00030247041509862105,25,4,0.40959999999999996,0.756332333247408,Khac (Peripheral)
1126,0.0016842105263157893,0.00028595501577588733,0.00015892727366225855,12,6,0.7638888888888888,-0.07887434621989009,Streamer Cau noi (Bridge)
6660,0.0008421052631578947,4.2199674314322526e-05,9.64490062133552e-05,6,10,0.7777777777777778,-0.48321712779513526,Streamer Cau noi (Bridge)
4451,0.0005614035087719298,7.048930214254105e-06,7.315768381862993e-05,4,9,0.375,-0.09760367786544846,Khac (Peripheral)
4830,0.00014035087719298245,0.0,3.337991520894061e-05,1,3,0.0,-0.5587867256689831,Khac (Peripheral)
3850,0.0018245614035087717,0.00030645856770602386,0.00018019429649116558,13,13,0.7928994082840236,-0.06899660043307508,Streamer Cau noi (Bridge)
6907,0.0005614035087719298,1.4677934334181805e-05,6.374957723296817e-05,4,1,0.625,-0.5986195980643021,Streamer Cau noi (Bridge)
307,0.0002807017543859649,1.1359106692095564e-06,4.343979605950235e-05,2,4,0.0,-0.38343001802725735,Khac (Peripheral)
3414,0.0002807017543859649,3.554869343622304e-07,4.553027501215926e-05,2,9,0.5,-0.2584446315564888,Khac (Peripheral)
1201,0.00014035087719298245,0.0,3.9504200454549986e-05,1,3,0.0,-0.5587867256689831,Khac (Peripheral)
4302,0.0002807017543859649,8.416586184787595e-09,4.433355971728806e-05,2,4,0.0,-0.38343001802725735,Khac (Peripheral)
4493,0.0033684210526315787,0.00021682215790830745,0.0002812115606679894,24,4,0.07986111111111094,1.0245117100179175,Khac (Peripheral)
161,0.0023859649122807015,0.00023564820612658033,0.00021395646174446917,17,5,0.560553633217993,0.1391157887562097,Khac (Peripheral)
5736,0.00014035087719298245,0.0,3.258367699078809e-05,1,5,0.0,-0.6061473652949135,Khac (Peripheral)
1068,0.00014035087719298245,0.0,3.121162956045734e-05,1,14,0.0,-0.5111872250074323,Khac (Peripheral)
251,0.00042105263157894734,6.812719974549217e-06,5.473181818539097e-05,3,9,0.4444444444444444,-0.1780241547109686,Khac (Peripheral)
3862,0.0014035087719298245,0.0001515560811813605,0.00013860682460240266,10,9,0.64,0.06323727582559185,Streamer Cau noi (Bridge)
1718,0.001263157894736842,4.152470798887087e-05,0.00011853967924298187,9,9,0.19753086419753085,0.3044987063621523,Khac (Peripheral)
3501,0.0014035087719298245,4.8081742619248406e-05,0.00012424141770245612,10,6,0.33999999999999986,0.13395419693210384,Khac (Peripheral)
901,0.0026666666666666666,0.00027418075898578276,0.00023720040664154443,19,5,0.703601108033241,-0.08446315745912726,Streamer Cau noi (Bridge)
1579,0.001263157894736842,0.0002035944617888355,0.00013618212064485065,9,6,0.5679012345679012,-0.07887434621989009,Khac (Peripheral)
4358,0.00014035087719298245,0.0,6.458374075328387e-05,1,0,0.0,-0.5433669491892589,Khac (Peripheral)
399,0.007859649122807018,0.0017271396793450584,0.0006323730232210249,56,6,0.42665816326530615,2.5460110193213685,Khac (Peripheral)
1317,0.0002807017543859649,8.030368731828726e-07,4.899000134131588e-05,2,13,0.0,-0.4139796025984502,Khac (Peripheral)
2406,0.0002807017543859649,1.5657688978999135e-07,6.398044783978657e-05,2,6,0.0,-0.29170288937188404,Khac (Peripheral)
1992,0.00042105263157894734,5.504724970203994e-07,5.1319623706635934e-05,3,4,0.0,-0.31638517383463,Khac (Peripheral)
6260,0.001263157894736842,0.0002438349441555467,0.00012870297300538196,9,6,0.7901234567901234,-0.29170288937188404,Streamer Cau noi (Bridge)
3219,0.0032280701754385964,0.0005504714232746784,0.000273478083252453,23,5,0.7069943289224953,0.1391157887562097,Streamer Cau noi (Bridge)
6444,0.00014035087719298245,0.0,3.843360301121418e-05,1,1,0.0,-0.7142676008076517,Khac (Peripheral)
500,0.0018245614035087717,0.00021253356012326406,0.0001904459326471589,13,1,0.0,0.6735084321125433,Khac (Peripheral)
5450,0.00042105263157894734,0.0001407981625645511,9.423241024208239e-05,3,4,0.0,-0.31638517383463,Khac (Peripheral)
4694,0.002245614035087719,0.00014822084564696317,0.00017761168031299934,16,1,0.4609375,0.44221242662584415,Khac (Peripheral)
1143,0.001263157894736842,9.636897039954247e-05,0.00011699569646946119,9,5,0.6172839506172839,-0.3080421036744642,Khac (Peripheral)
1747,0.00014035087719298245,0.0,3.503205775350925e-05,1,4,0.0,-0.45047486221988475,Khac (Peripheral)
111,0.0002807017543859649,1.076768934875104e-06,5.605295988547167e-05,2,8,0.0,-0.4468005740821422,Khac (Peripheral)
2249,0.0005614035087719298,3.066016921330422e-06,6.66935422731936e-05,4,14,0.375,-0.2539918620224932,Khac (Peripheral)
2663,0.0005614035087719298,4.746868060058071e-06,6.627832895034456e-05,4,6,0.375,-0.2207600416545527,Khac (Peripheral)
4795,0.00014035087719298245,0.0,3.318329716305933e-05,1,6,0.0,-0.3626457370892153,Khac (Peripheral)
4435,0.00014035087719298245,0.0,5.608121182956311e-05,1,0,0.0,-0.5433669491892589,Khac (Peripheral)
4085,0.0008421052631578947,7.0482288502777344e-06,8.57424465429979e-05,6,6,0.4444444444444444,-0.1498171939372214,Khac (Peripheral)
3092,0.0002807017543859649,1.0106279495957277e-05,5.071180849951858e-05,2,2,0.5,-0.6448606735457089,Khac (Peripheral)
4954,0.0005614035087719298,3.501506639296251e-05,6.668149298596785e-05,4,4,0.5,-0.38343001802725735,Khac (Peripheral)
5534,0.0002807017543859649,0.0,4.871280628105592e-05,2,14,0.5,-0.5111872250074323,Khac (Peripheral)
4344,0.00042105263157894734,0.0001701378422688639,0.00011292277065990872,3,8,0.4444444444444444,-0.4468005740821422,Khac (Peripheral)
1535,0.0029473684210526313,0.0002220534233808499,0.0002609112060664451,21,9,0.7210884353741497,0.3849191832076725,Streamer Cau noi (Bridge)
2880,0.001543859649122807,0.0001540770316618003,0.0001482952390594317,11,0,0.6446280991735538,0.8882204462156972,Streamer Cau noi (Bridge)
4306,0.0005614035087719298,1.89228543494465e-05,7.834874411701404e-05,4,9,0.0,-0.0171832010199283,Khac (Peripheral)
6402,0.0008421052631578947,5.8359128159025054e-05,8.78938967231414e-05,6,9,0.5,-0.0171832010199283,Khac (Peripheral)
4223,0.0009824561403508772,5.061365680698625e-05,0.00010650011462466764,7,1,0.44897959183673464,-0.25167558983425337,Khac (Peripheral)
5261,0.0014035087719298245,0.00011287110351652177,0.00014763990414912395,10,14,0.6599999999999999,-0.12539418053002366,Streamer Cau noi (Bridge)
2676,0.0011228070175438596,5.833162353502715e-05,0.0001058539149093351,8,6,0.40625,-0.00793149850255878,Khac (Peripheral)
6412,0.0005614035087719298,0.00024046378653209022,0.0001124607160560085,4,7,0.5,-0.392232270276368,Khac (Peripheral)
4687,0.00014035087719298245,0.0,3.263458656038808e-05,1,9,0.0,-0.2584446315564888,Khac (Peripheral)
5754,0.0008421052631578947,7.859742482529738e-05,8.76892865443049e-05,6,9,0.2777777777777777,0.06323727582559185,Khac (Peripheral)
2609,0.0011228070175438596,2.7731721687435797e-05,0.0001116727851307373,8,3,0.46875,0.12366591469723404,Khac (Peripheral)
6975,0.0002807017543859649,2.6746999012205656e-06,4.440852252217971e-05,2,6,0.5,-0.3626457370892153,Khac (Peripheral)
4153,0.0007017543859649122,6.0258721966494995e-05,8.953648035395665e-05,5,13,0.7999999999999999,-0.7589626047638253,Streamer Cau noi (Bridge)
4064,0.0008421052631578947,2.953546152912201e-05,9.179926270833467e-05,6,4,0.0,-0.11525064125674786,Khac (Peripheral)
2473,0.0002807017543859649,2.3955825752760535e-06,5.6962934087813826e-05,2,1,0.0,-0.5986195980643021,Khac (Peripheral)
5780,0.0002807017543859649,0.0,5.113269137702335e-05,2,16,0.0,-0.14312629133157528,Khac (Peripheral)
5074,0.00014035087719298245,0.0,3.0339804470686032e-05,1,5,0.0,-0.6061473652949135,Khac (Peripheral)
6955,0.003087719298245614,0.001111199832372017,0.0002616411378034339,22,5,0.7727272727272727,-0.009936842054014941,Streamer Cau noi (Bridge)
561,0.00042105263157894734,6.364773265067007e-06,7.447886863928111e-05,3,10,0.0,-0.18018265782191487,Khac (Peripheral)
4101,0.0002807017543859649,0.00014037057832678272,7.941382404208214e-05,2,6,0.0,-0.29170288937188404,Khac (Peripheral)
3634,0.0002807017543859649,0.0,4.895348562094168e-05,2,16,0.0,-0.14312629133157528,Khac (Peripheral)
183,0.0007017543859649122,3.613097092288899e-05,7.452676447647271e-05,5,1,0.56,-0.4829715953209526,Khac (Peripheral)
597,0.00014035087719298245,0.0,3.5075700039350996e-05,1,1,0.0,-0.7142676008076517,Khac (Peripheral)
1022,0.0005614035087719298,3.3207941074883184e-05,6.570946132295067e-05,4,3,0.625,-0.5587867256689831,Streamer Cau noi (Bridge)
761,0.0002807017543859649,2.9836894408893536e-07,4.3387408728681505e-05,2,15,0.5,-0.6360721892977823,Khac (Peripheral)
2138,0.0016842105263157893,0.00016660036285181954,0.00015592508215115806,12,6,0.7777777777777778,-0.2207600416545527,Streamer Cau noi (Bridge)
5702,0.00042105263157894734,2.6673748326505986e-05,6.20170573479975e-05,3,1,0.6666666666666667,-0.7142676008076517,Streamer Cau noi (Bridge)
2291,0.0002807017543859649,0.0,4.595839997166003e-05,2,4,0.0,-0.38343001802725735,Khac (Peripheral)
5610,0.0002807017543859649,2.0197065767332875e-06,4.975848948763114e-05,2,9,0.5,-0.2584446315564888,Khac (Peripheral)
5401,0.00014035087719298245,0.0,3.312206922238946e-05,1,14,0.0,-0.5111872250074323,Khac (Peripheral)
4197,0.0002807017543859649,0.0,4.3277019279964885e-05,2,1,0.0,-0.5986195980643021,Khac (Peripheral)
6735,0.0005614035087719298,3.8727663786765005e-05,7.066944866715308e-05,4,16,0.375,-0.05391366080023693,Khac (Peripheral)
189,0.0016842105263157893,6.770983685003416e-05,0.0001443836762619368,12,5,0.611111111111111,-0.1589894728642396,Khac (Peripheral)
546,0.003508771929824561,0.0008790467007441281,0.0003669508722481212,25,6,0.39359999999999995,0.9143255218227483,Khac (Peripheral)
1810,0.0005614035087719298,6.671376995652225e-07,6.702706996282813e-05,4,1,0.0,-0.36732359257760294,Khac (Peripheral)
6083,0.00014035087719298245,0.0,3.474023227146001e-05,1,3,0.0,-0.5587867256689831,Khac (Peripheral)
6515,0.0007017543859649122,8.549604271669612e-05,7.661149583881482e-05,5,4,0.48,-0.31638517383463,Khac (Peripheral)
2180,0.0023859649122807015,0.0002865005819497734,0.0002153942476323353,17,4,0.5397923875432525,0.21997357970638903,Khac (Peripheral)
4136,0.0009824561403508772,3.734953088623986e-05,0.00010216730868092326,7,6,0.6122448979591837,-0.2207600416545527,Khac (Peripheral)
4264,0.0002807017543859649,3.494818417131462e-07,4.3136047965168365e-05,2,0,0.5,-0.5433669491892589,Khac (Peripheral)
6936,0.00014035087719298245,0.0,3.338628045939249e-05,1,9,0.0,-0.2584446315564888,Khac (Peripheral)
1267,0.00042105263157894734,1.4125432574538656e-05,5.46147789737119e-05,3,13,0.6666666666666667,-0.7589626047638253,Streamer Cau noi (Bridge)
1199,0.00042105263157894734,1.54704255051698e-05,5.653359828806634e-05,3,16,0.4444444444444444,-0.14312629133157528,Khac (Peripheral)
5442,0.0011228070175438596,0.00015588263427320626,0.00013684090303399567,8,4,0.375,-0.11525064125674786,Khac (Peripheral)
2187,0.002526315789473684,0.00025052102591661594,0.0002374976342564527,18,5,0.691358024691358,-0.009936842054014941,Streamer Cau noi (Bridge)
4160,0.00042105263157894734,1.5844895421589827e-05,5.929499506336132e-05,3,16,0.4444444444444444,-0.14312629133157528,Khac (Peripheral)
5782,0.0007017543859649122,0.00011916664022915472,9.247327010123422e-05,5,1,0.31999999999999984,-0.36732359257760294,Khac (Peripheral)
2000,0.0007017543859649122,0.00014708868123623883,0.00010549804144828645,5,14,0.31999999999999984,-0.12539418053002366,Khac (Peripheral)
5923,0.0005614035087719298,5.228368660406234e-06,6.386059486756184e-05,4,1,0.0,-0.36732359257760294,Khac (Peripheral)
6544,0.0008421052631578947,8.58516736637525e-05,0.00011095691415709097,6,14,0.4444444444444444,-0.12539418053002366,Khac (Peripheral)
2659,0.0002807017543859649,1.057079530365707e-06,4.720309728162671e-05,2,10,0.5,-0.7862515977683556,Khac (Peripheral)
5739,0.0008421052631578947,2.1742582609750804e-05,8.564135764270865e-05,6,2,0.6111111111111112,-0.6448606735457089,Khac (Peripheral)
2496,0.0005614035087719298,1.793901922876392e-05,6.714619961024699e-05,4,0,0.625,-0.5433669491892589,Streamer Cau noi (Bridge)
3734,0.00042105263157894734,3.832471125610334e-06,5.58370645446855e-05,3,14,0.0,-0.2539918620224932,Khac (Peripheral)
5864,0.0002807017543859649,1.5108246103785696e-06,4.564715339629067e-05,2,14,0.5,-0.5111872250074323,Khac (Peripheral)
1696,0.0007017543859649122,8.593155273253023e-06,7.412480388713642e-05,5,4,0.0,-0.18229548544937524,Khac (Peripheral)
4552,0.0018245614035087717,0.000440434963242647,0.0001577465492474708,13,5,0.4970414201183433,-0.009936842054014941,Khac (Peripheral)
781,0.0005614035087719298,1.1548534220074909e-05,7.446568827070333e-05,4,16,0.5,-0.14312629133157528,Khac (Peripheral)
2068,0.001263157894736842,5.35346647916955e-05,0.00011728159089833152,9,6,0.345679012345679,0.06301134921477253,Khac (Peripheral)
400,0.001263157894736842,0.00010498743235373614,0.00012607544502361498,9,6,0.5925925925925926,-0.1498171939372214,Khac (Peripheral)
3568,0.0008421052631578947,1.4205547341177863e-05,8.057386680464945e-05,6,4,0.2777777777777777,-0.18229548544937524,Khac (Peripheral)
1970,0.0007017543859649122,4.788507050918325e-05,8.536008476848141e-05,5,9,0.56,-0.09760367786544846,Khac (Peripheral)
4189,0.0002807017543859649,6.566310096110104e-07,5.34168280034329e-05,2,14,0.5,-0.5111872250074323,Khac (Peripheral)
5729,0.00014035087719298245,0.0,3.7859676111802197e-05,1,1,0.0,-0.7142676008076517,Khac (Peripheral)
1352,0.002245614035087719,0.0005052413547262476,0.0002347741718352366,16,1,0.2265625,0.7891564348558929,Khac (Peripheral)
464,0.00042105263157894734,8.485160443145371e-06,5.574443514791674e-05,3,16,0.4444444444444444,-0.14312629133157528,Khac (Peripheral)
3993,0.0002807017543859649,2.6643145903634464e-06,4.571400240928766e-05,2,14,0.5,-0.5111872250074323,Khac (Peripheral)
1709,0.0023859649122807015,0.00018549400693147232,0.0001962030743130487,17,4,0.2145328719723184,0.48815295647689855,Khac (Peripheral)
6192,0.0036491228070175434,0.0004114984152573245,0.0002694151702571906,26,1,0.5828402366863905,0.7891564348558929,Khac (Peripheral)
2931,0.003789473684210526,0.0005961818846548623,0.00032714845172011084,27,9,0.4115226337448561,1.2695444285083943,Khac (Peripheral)
2943,0.0019649122807017545,0.00011546803324789486,0.00018256557265341117,14,1,0.13265306122448983,0.6735084321125433,Khac (Peripheral)
295,0.00014035087719298245,0.0,3.394113080452684e-05,1,4,0.0,-0.45047486221988475,Khac (Peripheral)
1299,0.00042105263157894734,2.5182625253029853e-05,5.7352324573099845e-05,3,9,0.6666666666666667,-0.2584446315564888,Streamer Cau noi (Bridge)
372,0.013052631578947368,0.007181195232033594,0.0010200872572886687,93,5,0.5750953867499133,3.716378928201601,Khac (Peripheral)
423,0.0014035087719298245,5.722385170072331e-05,0.0001320241452127378,10,0,0.54,0.8882204462156972,Khac (Peripheral)
6266,0.00014035087719298245,0.0,3.1490982503660716e-05,1,5,0.0,-0.6061473652949135,Khac (Peripheral)
953,0.0005614035087719298,0.00014037057832678272,8.87509848607195e-05,4,16,0.0,0.03529896973110142,Khac (Peripheral)
2652,0.0002807017543859649,0.0,6.155663918813422e-05,2,0,0.0,-0.2570494701082677,Khac (Peripheral)
2199,0.00014035087719298245,0.0,3.106403212818579e-05,1,4,0.0,-0.45047486221988475,Khac (Peripheral)
2770,0.0002807017543859649,8.909968991935341e-06,4.374906055706994e-05,2,9,0.5,-0.2584446315564888,Khac (Peripheral)
4391,0.0002807017543859649,2.771360223190906e-06,4.243564061167201e-05,2,9,0.5,-0.2584446315564888,Khac (Peripheral)
4279,0.00042105263157894734,7.993488546208957e-05,5.733270475964268e-05,3,16,0.6666666666666667,-0.23233892186291363,Streamer Cau noi (Bridge)
5651,0.00042105263157894734,1.607836284520636e-06,5.7978507931164325e-05,3,6,0.4444444444444444,-0.29170288937188404,Khac (Peripheral)
6014,0.004350877192982456,0.00204486361674057,0.0004549885175526659,31,5,0.5972944849115505,0.7353263119971083,Khac (Peripheral)
1533,0.0008421052631578947,0.00016475220994135897,0.000110423539058475,6,14,0.4444444444444444,-0.12539418053002366,Khac (Peripheral)
545,0.0032280701754385964,0.0007567683327204088,0.0002881860378341276,23,4,0.8393194706994329,-0.04820579706412048,Streamer Cau noi (Bridge)
5288,0.0029473684210526313,0.0008832804535642257,0.0002965728018572657,21,16,0.8526077097505669,0.2137242307937781,Streamer Cau noi (Bridge)
6770,0.002245614035087719,0.0005680062273973217,0.0001893284555299605,16,5,0.640625,-0.08446315745912726,Streamer Cau noi (Bridge)
1624,0.0011228070175438596,0.00016301451540217684,0.00016487276658536158,8,14,0.5625,0.003203500962445893,Khac (Peripheral)
181,0.0002807017543859649,1.8023416156976728e-06,5.503178686422945e-05,2,6,0.0,-0.29170288937188404,Khac (Peripheral)
2039,0.00014035087719298245,0.0,3.413207795393618e-05,1,14,0.0,-0.5111872250074323,Khac (Peripheral)
3514,0.00014035087719298245,0.0,3.349093727425573e-05,1,16,0.0,-0.23233892186291363,Khac (Peripheral)
2118,0.00014035087719298245,0.0,3.337991520894061e-05,1,3,0.0,-0.5587867256689831,Khac (Peripheral)
750,0.00014035087719298245,0.0,3.0777818319527355e-05,1,3,0.0,-0.5587867256689831,Khac (Peripheral)
6615,0.0016842105263157893,0.00016317004742058398,0.000161879023852505,12,1,0.611111111111111,-0.020379584347554196,Khac (Peripheral)
3675,0.00042105263157894734,2.4871144714078092e-05,5.295082235298112e-05,3,5,0.4444444444444444,-0.5316210498898012,Khac (Peripheral)
881,0.0023859649122807015,0.00027521439998530266,0.0002031763424961325,17,6,0.685121107266436,0.13395419693210384,Streamer Cau noi (Bridge)
6711,0.00014035087719298245,0.0,3.150080602367369e-05,1,9,0.0,-0.2584446315564888,Khac (Peripheral)
6452,0.00014035087719298245,0.0,3.2650456003528456e-05,1,6,0.0,-0.3626457370892153,Khac (Peripheral)
1099,0.0007017543859649122,0.00016972818187219627,0.00010875986238489819,5,4,0.0,-0.18229548544937524,Khac (Peripheral)
6348,0.00042105263157894734,8.087968169464186e-07,5.3183115120045247e-05,3,1,0.4444444444444444,-0.5986195980643021,Khac (Peripheral)
3007,0.0005614035087719298,1.5247514872802404e-05,8.75972521143008e-05,4,16,0.375,-0.05391366080023693,Khac (Peripheral)
2517,0.0007017543859649122,1.7399030564116997e-05,7.688150921822999e-05,5,6,0.31999999999999984,-0.1498171939372214,Khac (Peripheral)
871,0.00042105263157894734,2.2942989475257814e-05,5.4304034633691315e-05,3,9,0.4444444444444444,-0.1780241547109686,Khac (Peripheral)
6669,0.0002807017543859649,1.455100775618062e-06,4.081904632896596e-05,2,9,0.5,-0.2584446315564888,Khac (Peripheral)
1943,0.0009824561403508772,4.365576923725224e-05,0.00010410430489030599,7,5,0.44897959183673464,-0.3080421036744642,Khac (Peripheral)
4551,0.0005614035087719298,2.459758355943098e-05,6.769997287919747e-05,4,9,0.375,-0.09760367786544846,Khac (Peripheral)
3317,0.001263157894736842,0.0003043834116045898,0.0001302718541650563,9,5,0.7160493827160495,-0.38256841907957656,Streamer Cau noi (Bridge)
1867,0.0002807017543859649,0.00014037057832678272,7.614317724267679e-05,2,14,0.0,-0.3825895435149627,Khac (Peripheral)
3708,0.00014035087719298245,0.0,4.425655221552717e-05,1,4,0.0,-0.45047486221988475,Khac (Peripheral)
2120,0.0008421052631578947,3.706329822597089e-06,9.381005323809011e-05,6,14,0.2777777777777777,0.003203500962445893,Khac (Peripheral)
280,0.0007017543859649122,0.0015477265610167829,0.0001142338774404946,5,6,0.31999999999999984,-0.1498171939372214,Khac (Peripheral)
540,0.00014035087719298245,0.0,3.349093727425573e-05,1,16,0.0,-0.23233892186291363,Khac (Peripheral)
563,0.0016842105263157893,0.0004500162304839624,0.0001582749120813972,12,9,0.7361111111111112,0.06323727582559185,Streamer Cau noi (Bridge)
525,0.00014035087719298245,0.0,3.7661617048168106e-05,1,9,0.0,-0.2584446315564888,Khac (Peripheral)
4039,0.00042105263157894734,2.714728501560036e-06,6.219361335836569e-05,3,5,0.4444444444444444,-0.5316210498898012,Khac (Peripheral)
2945,0.001263157894736842,0.0002663776926654833,0.00014749455941524193,9,1,0.6419753086419753,-0.25167558983425337,Streamer Cau noi (Bridge)
6,0.0014035087719298245,0.0002474868507597196,0.00014550457574848529,10,1,0.33999999999999986,0.09526841839579539,Khac (Peripheral)
1724,0.00042105263157894734,3.079363825287101e-06,5.773375948255859e-05,3,1,0.4444444444444444,-0.5986195980643021,Khac (Peripheral)
4862,0.00014035087719298245,0.0,3.693745469498067e-05,1,4,0.0,-0.45047486221988475,Khac (Peripheral)
5055,0.00014035087719298245,0.0,3.338628045939249e-05,1,9,0.0,-0.2584446315564888,Khac (Peripheral)
2503,0.006175438596491228,0.00017834908130703306,0.00045123130519685,44,4,0.0878099173553718,2.2983637496778377,Khac (Peripheral)
4908,0.00042105263157894734,1.3729455875286692e-05,6.154331129674663e-05,3,15,0.4444444444444444,-0.3322541788802534,Khac (Peripheral)
1682,0.002245614035087719,0.00011892954534100665,0.0001935077242096391,16,1,0.2265625,0.7891564348558929,Khac (Peripheral)
2537,0.00014035087719298245,0.0,5.403166698295721e-05,1,0,0.0,-0.5433669491892589,Khac (Peripheral)
5313,0.0007017543859649122,9.124713338190377e-06,8.417106355419366e-05,5,5,0.31999999999999984,-0.38256841907957656,Khac (Peripheral)
5363,0.00014035087719298245,0.0,3.349093727425573e-05,1,16,0.0,-0.23233892186291363,Khac (Peripheral)
2214,0.001263157894736842,4.657278158736744e-05,0.00012932443364129399,9,14,0.49382716049382713,0.13180118245491543,Khac (Peripheral)
682,0.0005614035087719298,1.2648882382099628e-05,7.195454809288114e-05,4,8,0.625,-0.4468005740821422,Streamer Cau noi (Bridge)
238,0.001543859649122807,0.00030550171120594935,0.0001551788613738736,11,8,0.7107438016528926,0.25678193912766795,Streamer Cau noi (Bridge)
6821,0.0033684210526315787,0.0006279939428044047,0.00028392931014300425,24,2,0.7743055555555556,1.0052239911153695,Streamer Cau noi (Bridge)
1705,0.00014035087719298245,0.0,3.9153837454992745e-05,1,8,0.0,-0.7985918306870473,Khac (Peripheral)
4057,0.001543859649122807,4.810691166545601e-05,0.00013425932697007774,11,5,0.39669421487603307,-0.08446315745912726,Khac (Peripheral)
3033,0.0019649122807017545,0.0004533022447787121,0.00016566954841146515,14,5,0.6122448979591837,-0.08446315745912726,Khac (Peripheral)
5298,0.003789473684210526,0.0012268675920713381,0.00030502294173793303,27,5,0.6090534979423868,0.5117473657817714,Khac (Peripheral)
5662,0.00042105263157894734,3.228605112405204e-05,7.773852056193925e-05,3,0,0.0,0.029268008972723546,Khac (Peripheral)
2902,0.0007017543859649122,1.7591138460188501e-06,8.375846836406703e-05,5,0,0.72,-0.2570494701082677,Streamer Cau noi (Bridge)
2807,0.0002807017543859649,0.0,5.827622458169911e-05,2,14,0.0,-0.3825895435149627,Khac (Peripheral)
1544,0.0011228070175438596,0.000326491911778875,0.00011467256574970978,8,4,0.65625,-0.24934032964200262,Streamer Cau noi (Bridge)
6043,0.00042105263157894734,8.063927261193256e-07,5.1507329827402376e-05,3,4,0.0,-0.31638517383463,Khac (Peripheral)
5377,0.0009824561403508772,1.4388747507681518e-05,0.0001032682930949512,7,6,0.7755102040816326,-0.29170288937188404,Streamer Cau noi (Bridge)
714,0.00014035087719298245,0.0,3.338628045939249e-05,1,9,0.0,-0.2584446315564888,Khac (Peripheral)
4079,0.0008421052631578947,9.205455865864187e-05,8.900756154813617e-05,6,4,0.7222222222222222,-0.38343001802725735,Streamer Cau noi (Bridge)
2504,0.003508771929824561,0.0010933955789761594,0.00030986164780061765,25,1,0.5151999999999999,1.1361004430859416,Khac (Peripheral)
5856,0.0002807017543859649,4.282313821841967e-06,4.314574049772921e-05,2,14,0.5,-0.5111872250074323,Khac (Peripheral)
6536,0.0019649122807017545,0.0005740782034310235,0.00019729313044336517,14,4,0.5816326530612246,0.018839047128506894,Khac (Peripheral)
4172,0.0007017543859649122,4.31304013470072e-05,8.444112473363548e-05,5,9,0.56,-0.09760367786544846,Khac (Peripheral)
5080,0.0007017543859649122,3.851881655573449e-05,8.765199937019781e-05,5,2,0.72,-0.31484374061349313,Streamer Cau noi (Bridge)
4457,0.0007017543859649122,4.880306918434635e-05,8.962762855888917e-05,5,6,0.56,-0.2207600416545527,Khac (Peripheral)
751,0.00014035087719298245,0.0,4.537422961994673e-05,1,9,0.0,-0.2584446315564888,Khac (Peripheral)
880,0.001263157894736842,5.12901102783147e-05,0.00013433521872239734,9,9,0.19753086419753085,0.3044987063621523,Khac (Peripheral)
2569,0.00014035087719298245,0.0,3.2484633243274565e-05,1,6,0.0,-0.3626457370892153,Khac (Peripheral)
6238,0.001263157894736842,0.0001214802461882419,0.00011667646482824331,9,5,0.5679012345679012,-0.3080421036744642,Khac (Peripheral)
2016,0.002245614035087719,0.0003084977252970274,0.00019169783544148555,16,3,0.578125,0.9767317151550056,Khac (Peripheral)
5799,0.0002807017543859649,6.838376447704672e-05,7.092146705693683e-05,2,14,0.0,-0.3825895435149627,Khac (Peripheral)
6178,0.002245614035087719,0.0001708457753586674,0.0001924802131219052,16,6,0.3203125,0.48866843551876044,Khac (Peripheral)
6768,0.001263157894736842,0.00016048635173993546,0.00011574363586371171,9,1,0.7407407407407407,-0.4829715953209526,Streamer Cau noi (Bridge)
676,0.0032280701754385964,0.0015608448989502773,0.00030673474850089036,23,4,0.08317580340264641,0.9574668658252902,Khac (Peripheral)
1691,0.0018245614035087717,0.00013971297972489375,0.00015598314081829512,13,5,0.7337278106508875,-0.2335157882693519,Streamer Cau noi (Bridge)
475,0.002526315789473684,0.00045520098121164254,0.00022777491671375244,18,6,0.7407407407407407,0.13395419693210384,Streamer Cau noi (Bridge)
5599,0.0007017543859649122,0.00014863977133027555,9.705768592928538e-05,5,5,0.0,-0.3080421036744642,Khac (Peripheral)
5713,0.0002807017543859649,8.938414482328564e-06,4.556332925836283e-05,2,14,0.5,-0.5111872250074323,Khac (Peripheral)
1340,0.0009824561403508772,1.0879000923834462e-05,9.287112671724333e-05,7,6,0.44897959183673464,-0.07887434621989009,Khac (Peripheral)
4809,0.002105263157894737,0.00031658525461748034,0.00019589646406675202,15,1,0.34666666666666657,0.5578604293691938,Khac (Peripheral)
527,0.002807017543859649,1.0308547469945582e-05,0.00020684319434087072,20,4,0.0,0.8233771774400354,Khac (Peripheral)
3727,0.0005614035087719298,3.864293898545787e-06,6.480343741496208e-05,4,4,0.0,-0.24934032964200262,Khac (Peripheral)
1827,0.00042105263157894734,2.6440535200911926e-06,5.839436299293142e-05,3,9,0.6666666666666667,-0.2584446315564888,Streamer Cau noi (Bridge)
203,0.00014035087719298245,0.0,3.364568349346523e-05,1,15,0.0,-0.6360721892977823,Khac (Peripheral)
2388,0.0007017543859649122,1.1815486289487832e-05,7.249852748334717e-05,5,5,0.56,-0.4570947344846889,Khac (Peripheral)
6842,0.0008421052631578947,4.748040701488659e-05,9.01885209604137e-05,6,9,0.6111111111111112,-0.09760367786544846,Khac (Peripheral)
6318,0.0008421052631578947,8.127216809479895e-05,8.694697404454563e-05,6,14,0.6666666666666667,-0.2539918620224932,Streamer Cau noi (Bridge)
2936,0.0005614035087719298,3.731044439600637e-05,6.638576109344658e-05,4,14,0.375,-0.2539918620224932,Khac (Peripheral)
3768,0.00014035087719298245,0.0,5.467805385820295e-05,1,5,0.0,-0.6061473652949135,Khac (Peripheral)
4181,0.001263157894736842,0.00022694052234963622,0.0001439763718499416,9,16,0.6419753086419753,0.12451160026243978,Streamer Cau noi (Bridge)
3181,0.0036491228070175434,0.0006685352191647616,0.00028351388733137157,26,3,0.6686390532544378,1.4885711954296685,Streamer Cau noi (Bridge)
2876,0.00042105263157894734,6.982103002176314e-06,5.334211121930635e-05,3,2,0.6666666666666667,-0.6448606735457089,Streamer Cau noi (Bridge)
2749,0.0002807017543859649,1.0076566951004261e-05,4.483892044387655e-05,2,9,0.0,-0.1780241547109686,Khac (Peripheral)
4058,0.0005614035087719298,1.879526133908011e-05,6.551957535246616e-05,4,5,0.625,-0.5316210498898012,Streamer Cau noi (Bridge)
2839,0.00042105263157894734,2.9133451165296465e-05,5.723790295258058e-05,3,16,0.4444444444444444,-0.14312629133157528,Khac (Peripheral)
7085,0.00014035087719298245,0.0,3.211486823569884e-05,1,9,0.0,-0.2584446315564888,Khac (Peripheral)
4078,0.00042105263157894734,2.7208882860978257e-06,7.041099976779805e-05,3,15,0.0,-0.02843616846272445,Khac (Peripheral)
1384,0.0005614035087719298,2.303820239672884e-05,7.574917065739262e-05,4,4,0.375,-0.31638517383463,Khac (Peripheral)
4920,0.0008421052631578947,2.6878686568628507e-05,8.901769773124476e-05,6,1,0.6666666666666667,-0.4829715953209526,Streamer Cau noi (Bridge)
5258,0.0002807017543859649,5.441106545922245e-06,4.7631269213638393e-05,2,13,0.5,-0.7589626047638253,Khac (Peripheral)
3435,0.001263157894736842,2.6741656522958824e-05,0.00012785465624273978,9,3,0.37037037037037035,0.46489223488034265,Khac (Peripheral)
6983,0.00014035087719298245,0.0,3.158999938224895e-05,1,5,0.0,-0.6061473652949135,Khac (Peripheral)
3174,0.0002807017543859649,4.294267496629318e-07,4.532877489805867e-05,2,1,0.0,-0.5986195980643021,Khac (Peripheral)
2707,0.00014035087719298245,0.0,3.373393736055491e-05,1,4,0.0,-0.45047486221988475,Khac (Peripheral)
78,0.0005614035087719298,7.242524653866694e-06,8.112892362566685e-05,4,16,0.375,-0.05391366080023693,Khac (Peripheral)
4425,0.0014035087719298245,0.00017420771888673983,0.00015019994974125198,10,4,0.17999999999999994,0.08588389132113426,Khac (Peripheral)
4388,0.00042105263157894734,1.5781734640192245e-06,5.405975026296221e-05,3,1,0.4444444444444444,-0.5986195980643021,Khac (Peripheral)
3425,0.002526315789473684,0.00028880157762791055,0.00020339359126678324,18,4,0.20370370370370372,0.555197800669526,Khac (Peripheral)
100,0.002245614035087719,0.0011365046528777733,0.000206672250073702,16,14,0.78125,0.003203500962445893,Streamer Cau noi (Bridge)
6625,0.00014035087719298245,0.0,3.0878819834812605e-05,1,1,0.0,-0.7142676008076517,Khac (Peripheral)
1424,0.0008421052631578947,0.000125828343104033,9.162526432992385e-05,6,4,0.5,-0.24934032964200262,Khac (Peripheral)
1575,0.0005614035087719298,2.813453235786381e-06,7.386997958611427e-05,4,9,0.75,-0.2584446315564888,Streamer Cau noi (Bridge)
2989,0.001543859649122807,2.764871893834288e-05,0.00014687589626203535,11,2,0.31404958677685935,1.995274789912017,Khac (Peripheral)
2494,0.00014035087719298245,0.0,3.708455914195814e-05,1,15,0.0,-0.6360721892977823,Khac (Peripheral)
5486,0.0009824561403508772,7.538146070407636e-05,0.00012590934806804423,7,16,0.44897959183673464,0.12451160026243978,Khac (Peripheral)
454,0.006175438596491228,0.0017363103829101994,0.0004902512996361483,44,1,0.35330578512396693,3.2177644924662343,Khac (Peripheral)
5208,0.00042105263157894734,0.00014383045806685665,8.726124331248719e-05,3,9,0.4444444444444444,-0.1780241547109686,Khac (Peripheral)
2867,0.0005614035087719298,2.2630926549572572e-05,8.532119579303584e-05,4,14,0.375,-0.2539918620224932,Khac (Peripheral)
4538,0.004350877192982456,0.0007061664056839919,0.00034241700180910525,31,5,0.23100936524453697,1.3315368352380068,Khac (Peripheral)
3694,0.00042105263157894734,6.595729125694858e-05,5.9451714850824e-05,3,2,0.6666666666666667,-0.6448606735457089,Streamer Cau noi (Bridge)
3147,0.00042105263157894734,1.7334307748710383e-05,5.4967727956719065e-05,3,9,0.4444444444444444,-0.1780241547109686,Khac (Peripheral)
1807,0.002245614035087719,0.0002480185256794989,0.0001933025072854119,16,5,0.484375,0.1391157887562097,Khac (Peripheral)
3031,0.006175438596491228,0.0006754577231832691,0.0005191699947261162,44,6,0.42148760330578516,1.9075253898653866,Khac (Peripheral)
5467,0.004491228070175438,0.0008377492700422644,0.00037234733828916245,32,6,0.28125,1.4818683035613986,Khac (Peripheral)
1034,0.0002807017543859649,0.0,7.76472507043235e-05,2,14,0.0,-0.3825895435149627,Khac (Peripheral)
1333,0.0002807017543859649,4.375895102259434e-06,6.124504802514937e-05,2,9,0.0,-0.1780241547109686,Khac (Peripheral)
4707,0.002245614035087719,0.00033596994309205295,0.00021575666899886374,16,14,0.328125,1.0319849529022023,Khac (Peripheral)
3581,0.001263157894736842,0.0006963411484200741,0.00016295609528626005,9,15,0.5185185185185186,0.8830178627898624,Khac (Peripheral)
1462,0.0018245614035087717,0.00031149922702100087,0.00016683694391112346,13,5,0.7337278106508875,-0.3080421036744642,Streamer Cau noi (Bridge)
306,0.0018245614035087717,6.531034938178377e-05,0.00015511867703330807,13,1,0.2721893491124261,0.44221242662584415,Khac (Peripheral)
3334,0.0007017543859649122,8.219293519874566e-05,7.872933179059092e-05,5,4,0.72,-0.38343001802725735,Streamer Cau noi (Bridge)
635,0.0007017543859649122,0.00014308591342757928,0.00010954256983599686,5,2,0.56,0.015173192318722542,Khac (Peripheral)
4300,0.00014035087719298245,0.0,3.114457408136989e-05,1,5,0.0,-0.6061473652949135,Khac (Peripheral)
302,0.0014035087719298245,0.00015319633174611468,0.00013046173262056137,10,6,0.42000000000000004,0.06301134921477253,Khac (Peripheral)
3888,0.0007017543859649122,5.5561987376051655e-06,7.463163882826433e-05,5,4,0.0,-0.18229548544937524,Khac (Peripheral)
5507,0.00014035087719298245,0.0,3.535621408938598e-05,1,10,0.0,-0.7862515977683556,Khac (Peripheral)
4076,0.014175438596491226,0.004968562633267305,0.0012315488003131786,101,5,0.7283599647093422,2.971115774150478,Khac (Peripheral)
7039,0.00014035087719298245,0.0,3.3193449332733915e-05,1,9,0.0,-0.2584446315564888,Khac (Peripheral)
5359,0.00014035087719298245,0.0,3.7595366959712855e-05,1,0,0.0,-0.5433669491892589,Khac (Peripheral)
3810,0.00014035087719298245,0.0,3.1890950922091376e-05,1,4,0.0,-0.45047486221988475,Khac (Peripheral)
7108,0.0019649122807017545,5.759362072987e-05,0.0001635721925628156,14,4,0.13265306122448983,0.3540632680916438,Khac (Peripheral)
3158,0.0008421052631578947,6.398174264518445e-05,9.855814133286722e-05,6,14,0.6111111111111112,-0.2539918620224932,Khac (Peripheral)
4216,0.0007017543859649122,3.9047251703135616e-05,8.103522402173261e-05,5,14,0.6399999999999999,-0.3825895435149627,Streamer Cau noi (Bridge)
532,0.0026666666666666666,0.00026336925028672836,0.00023418833393264006,19,5,0.5872576177285319,-0.009936842054014941,Khac (Peripheral)
3354,0.00042105263157894734,1.2220699138615002e-05,5.409753245202681e-05,3,6,0.0,-0.2207600416545527,Khac (Peripheral)
1284,0.0009824561403508772,0.00018979222650998532,0.00014474265290557298,7,14,0.5714285714285714,-0.12539418053002366,Khac (Peripheral)
2628,0.00042105263157894734,0.00014114152495196656,9.072827865056393e-05,3,0,0.0,0.029268008972723546,Khac (Peripheral)
3359,0.0002807017543859649,1.9367176478348134e-06,4.202936795421519e-05,2,6,0.5,-0.3626457370892153,Khac (Peripheral)
3191,0.00014035087719298245,0.0,3.54830612416163e-05,1,9,0.0,-0.2584446315564888,Khac (Peripheral)
5364,0.00042105263157894734,1.3837205843923409e-05,5.728334237598089e-05,3,2,0.4444444444444444,-0.31484374061349313,Khac (Peripheral)
644,0.00014035087719298245,0.0,3.64813459847756e-05,1,13,0.0,-0.7589626047638253,Khac (Peripheral)
2393,0.001263157894736842,0.00016899963835016963,0.00011521581378978217,9,5,0.37037037037037035,-0.1589894728642396,Khac (Peripheral)
6774,0.0014035087719298245,2.927231623608733e-05,0.0001332838634789873,10,1,0.17999999999999994,0.210916421139145,Khac (Peripheral)
456,0.0007017543859649122,3.12420981443287e-05,7.597241953174684e-05,5,16,0.7999999999999999,-0.23233892186291363,Streamer Cau noi (Bridge)
3138,0.002807017543859649,0.00043988163096517777,0.0002468528026007129,20,1,0.84,-0.25167558983425337,Streamer Cau noi (Bridge)
5835,0.001543859649122807,6.74233375694981e-05,0.00015525725625167993,11,4,0.6446280991735538,-0.11525064125674786,Streamer Cau noi (Bridge)
198,0.002526315789473684,0.0010627570367013985,0.00024054765786237766,18,5,0.6604938271604938,0.06458947335109738,Streamer Cau noi (Bridge)
1043,0.00042105263157894734,1.7145252786162377e-08,5.4720015129728814e-05,3,4,0.0,-0.31638517383463,Khac (Peripheral)
2069,0.0018245614035087717,0.00026229966535329136,0.00017470157833420838,13,1,0.5562130177514792,0.09526841839579539,Khac (Peripheral)
5433,0.001543859649122807,2.6655958332520993e-05,0.00012255080413155008,11,5,0.2975206611570247,-0.009936842054014941,Khac (Peripheral)
2901,0.0002807017543859649,3.29339229101105e-07,4.919739986950888e-05,2,16,0.5,-0.23233892186291363,Khac (Peripheral)
6558,0.0002807017543859649,8.358717915124352e-05,4.859426191430553e-05,2,15,0.5,-0.6360721892977823,Khac (Peripheral)
6578,0.0002807017543859649,1.1744886002160746e-06,4.528965969337366e-05,2,6,0.0,-0.29170288937188404,Khac (Peripheral)
5626,0.00014035087719298245,0.0,3.7937492917258117e-05,1,14,0.0,-0.5111872250074323,Khac (Peripheral)
5826,0.0016842105263157893,0.00023494194328411806,0.00015685047028112905,12,6,0.5833333333333333,0.06301134921477253,Khac (Peripheral)
3465,0.0018245614035087717,0.0007822010117444725,0.0001725588417740341,13,6,0.8284023668639053,-0.1498171939372214,Streamer Cau noi (Bridge)
5611,0.0009824561403508772,0.00013851282074013566,0.00010532911614700585,7,3,0.6938775510204083,-0.5587867256689831,Streamer Cau noi (Bridge)
2784,0.001263157894736842,0.0004244972998991887,0.0001306209863486292,9,14,0.19753086419753085,0.3889965454398545,Khac (Peripheral)
3942,0.0011228070175438596,0.00012757852903053533,0.00011040540910399532,8,1,0.65625,-0.5986195980643021,Streamer Cau noi (Bridge)
2004,0.0011228070175438596,5.5653078922716355e-05,0.00011161444242038721,8,6,0.8125,-0.29170288937188404,Streamer Cau noi (Bridge)
2223,0.00042105263157894734,2.857293639385349e-06,6.154410665396128e-05,3,1,0.6666666666666667,-0.7142676008076517,Streamer Cau noi (Bridge)
2071,0.0002807017543859649,0.0,4.116521198113049e-05,2,6,0.0,-0.29170288937188404,Khac (Peripheral)
967,0.001263157894736842,6.082128637575248e-05,0.000114589294851378,9,3,0.7654320987654322,-0.3881735655774289,Streamer Cau noi (Bridge)
4535,0.0002807017543859649,1.574546645032213e-06,4.445433732701066e-05,2,16,0.5,-0.23233892186291363,Khac (Peripheral)
758,0.00042105263157894734,1.5637254244095428e-05,6.557115438687825e-05,3,4,0.4444444444444444,-0.38343001802725735,Khac (Peripheral)
4285,0.0008421052631578947,4.138841451857254e-05,9.913714474702982e-05,6,4,0.2777777777777777,-0.18229548544937524,Khac (Peripheral)
1200,0.0008421052631578947,0.0002524898060360363,0.00012436108598572616,6,2,0.6666666666666667,0.015173192318722542,Streamer Cau noi (Bridge)
3604,0.0002807017543859649,1.6313572706559566e-07,4.188888497610645e-05,2,1,0.5,-0.7142676008076517,Khac (Peripheral)
954,0.0002807017543859649,3.8100557166944396e-06,4.5071445281656093e-05,2,9,0.0,-0.1780241547109686,Khac (Peripheral)
3432,0.002807017543859649,0.0006334285375948132,0.00024877610568669575,20,1,0.69,0.32656442388249457,Streamer Cau noi (Bridge)
1517,0.001263157894736842,0.0003106790810454658,0.0001261152479002506,9,4,0.37037037037037035,-0.04820579706412048,Khac (Peripheral)
4037,0.001263157894736842,0.00024149750512974594,0.00012285727237659297,9,4,0.7901234567901234,-0.38343001802725735,Streamer Cau noi (Bridge)
6392,0.00042105263157894734,1.8207501724724318e-05,5.804238574240705e-05,3,9,0.4444444444444444,-0.1780241547109686,Khac (Peripheral)
3351,0.0005614035087719298,6.627871368398107e-07,6.943867588475723e-05,4,5,0.0,-0.38256841907957656,Khac (Peripheral)
3073,0.0005614035087719298,0.00010474044862022981,6.801442200370134e-05,4,9,0.625,-0.1780241547109686,Streamer Cau noi (Bridge)
5476,0.00042105263157894734,3.136939257029129e-06,5.611322361786028e-05,3,5,0.4444444444444444,-0.5316210498898012,Khac (Peripheral)
1083,0.0033684210526315787,0.0006383621409689971,0.00032817187633003907,24,4,0.29861111111111105,0.8233771774400354,Khac (Peripheral)
2721,0.001263157894736842,0.00016107579498813205,0.00013606269278455295,9,6,0.6419753086419753,-0.2207600416545527,Streamer Cau noi (Bridge)
4671,0.0018245614035087717,0.00028055496657030093,0.000184054854323216,13,2,0.7692307692307692,0.675207058183154,Streamer Cau noi (Bridge)
5075,0.0002807017543859649,1.2282768490250916e-06,4.7221022369292976e-05,2,5,0.5,-0.6061473652949135,Khac (Peripheral)
7084,0.0011228070175438596,6.562105749334524e-05,0.0001124662896519108,8,5,0.5625,-0.3080421036744642,Khac (Peripheral)
4401,0.0002807017543859649,0.0,4.2463957554744796e-05,2,6,0.0,-0.29170288937188404,Khac (Peripheral)
7024,0.0002807017543859649,0.0,4.5998396747457115e-05,2,3,0.0,-0.3881735655774289,Khac (Peripheral)
3313,0.0011228070175438596,7.838524455859627e-06,0.00010284799817629623,8,4,0.0,0.018839047128506894,Khac (Peripheral)
2985,0.00014035087719298245,0.0,4.290700545009972e-05,1,9,0.0,-0.2584446315564888,Khac (Peripheral)
2831,0.0011228070175438596,0.0001357768105949019,0.00011776220716602964,8,4,0.59375,-0.31638517383463,Khac (Peripheral)
503,0.0002807017543859649,2.8612712133503395e-05,4.456135564486185e-05,2,9,0.5,-0.2584446315564888,Khac (Peripheral)
2457,0.00014035087719298245,0.0,4.463493668686939e-05,1,8,0.0,-0.7985918306870473,Khac (Peripheral)
60,0.0005614035087719298,3.344850287697889e-05,8.06846645889407e-05,4,4,0.0,-0.24934032964200262,Khac (Peripheral)
5526,0.0007017543859649122,4.306975975279846e-05,7.396157987145679e-05,5,9,0.72,-0.1780241547109686,Streamer Cau noi (Bridge)
6668,0.0002807017543859649,2.3873086381589822e-05,4.7801117037388426e-05,2,16,0.5,-0.23233892186291363,Khac (Peripheral)
4608,0.00014035087719298245,0.0,3.158793948966478e-05,1,4,0.0,-0.45047486221988475,Khac (Peripheral)
5833,0.004912280701754385,0.000703539926440713,0.0003887343894761209,35,5,0.6840816326530612,0.5117473657817714,Streamer Cau noi (Bridge)
7018,0.0008421052631578947,6.77879300081117e-05,8.450262242980027e-05,6,5,0.6666666666666667,-0.4570947344846889,Streamer Cau noi (Bridge)
3445,0.00014035087719298245,0.0,3.332771389405737e-05,1,0,0.0,-0.5433669491892589,Khac (Peripheral)
3170,0.0005614035087719298,6.742017067341335e-05,6.812661409932416e-05,4,4,0.625,-0.38343001802725735,Streamer Cau noi (Bridge)
1717,0.005333333333333333,0.0018969819525831272,0.00044788897765676443,38,8,0.8337950138504155,3.0711119919669088,Khac (Peripheral)
6156,0.0005614035087719298,0.00012173348400305027,6.89868686722699e-05,4,9,0.625,-0.1780241547109686,Streamer Cau noi (Bridge)
4801,0.0011228070175438596,6.93260498421959e-05,0.0001068032238275874,8,5,0.5625,-0.3080421036744642,Khac (Peripheral)
6631,0.0029473684210526313,0.00038677580762719376,0.00022238302734625348,21,5,0.5396825396825398,0.1391157887562097,Khac (Peripheral)
3172,0.0009824561403508772,2.3055134745554574e-05,9.553251450063988e-05,7,4,0.7346938775510204,-0.38343001802725735,Streamer Cau noi (Bridge)
328,0.00014035087719298245,0.0,3.349093727425573e-05,1,16,0.0,-0.23233892186291363,Khac (Peripheral)
1507,0.0005614035087719298,3.500555230033597e-05,6.948005455688363e-05,4,4,0.625,-0.38343001802725735,Streamer Cau noi (Bridge)
1425,0.001543859649122807,0.00019152993250482267,0.00015878072653705667,11,14,0.6446280991735538,0.13180118245491543,Streamer Cau noi (Bridge)
6520,0.0005614035087719298,7.704636062276096e-06,6.741507609002201e-05,4,2,0.625,-0.31484374061349313,Streamer Cau noi (Bridge)
6075,0.004771929824561403,0.001244274566606756,0.00038759765987504333,34,5,0.6141868512110726,0.8098526274022206,Khac (Peripheral)
6151,0.0016842105263157893,0.00018640627597120958,0.00015524770942630374,12,6,0.41666666666666663,0.20489704464943517,Khac (Peripheral)
3060,0.0005614035087719298,6.964974494896201e-05,6.833379139214932e-05,4,15,0.75,-0.6360721892977823,Streamer Cau noi (Bridge)
5110,0.0014035087719298245,0.0003307004347417985,0.0001436209357416845,10,10,0.31999999999999984,1.334989692044187,Khac (Peripheral)
5318,0.0008421052631578947,2.987036337093758e-06,8.100031885050786e-05,6,4,0.0,-0.11525064125674786,Khac (Peripheral)
35,0.0018245614035087717,0.00035570525737127826,0.00018439463492819622,13,1,0.2603550295857988,0.44221242662584415,Khac (Peripheral)
3579,0.0002807017543859649,0.00011838418446124817,6.284591363665275e-05,2,16,0.0,-0.14312629133157528,Khac (Peripheral)
582,0.00631578947368421,0.00022426763946153442,0.000479779525959316,45,4,0.0,2.49949828225572,Khac (Peripheral)
1549,0.0008421052631578947,1.2539729582472768e-05,8.414476751223542e-05,6,1,0.5,-0.36732359257760294,Khac (Peripheral)
6958,0.00042105263157894734,0.00014359659048542302,9.306540449394016e-05,3,2,0.4444444444444444,-0.31484374061349313,Khac (Peripheral)
4777,0.0005614035087719298,5.122926901487099e-05,7.510444053096863e-05,4,16,0.625,-0.14312629133157528,Streamer Cau noi (Bridge)
5215,0.0011228070175438596,0.00030448249437727297,0.00013090128922968176,8,6,0.6875,-0.1498171939372214,Streamer Cau noi (Bridge)
3424,0.002526315789473684,0.0004252537321476654,0.00021673565873790653,18,4,0.654320987654321,0.15292873551376165,Streamer Cau noi (Bridge)
6598,0.00014035087719298245,0.0,3.151510032811315e-05,1,5,0.0,-0.6061473652949135,Khac (Peripheral)
1403,0.0002807017543859649,9.509312849851753e-07,4.646839433598713e-05,2,4,0.0,-0.38343001802725735,Khac (Peripheral)
1027,0.00042105263157894734,1.2500314567375822e-05,5.3481554263256695e-05,3,13,0.6666666666666667,-0.7589626047638253,Streamer Cau noi (Bridge)
1145,0.0007017543859649122,3.838904047751321e-05,7.531785034665554e-05,5,4,0.31999999999999984,-0.24934032964200262,Khac (Peripheral)
4697,0.0005614035087719298,3.6271107060479174e-05,7.479061355599092e-05,4,5,0.625,-0.5316210498898012,Streamer Cau noi (Bridge)
3591,0.0023859649122807015,0.00017795061206274488,0.0002094934711002059,17,6,0.4844290657439445,0.4177255878014291,Khac (Peripheral)
4619,0.00014035087719298245,0.0,3.463739583637973e-05,1,9,0.0,-0.2584446315564888,Khac (Peripheral)
2900,0.0002807017543859649,1.333813543725657e-06,5.206236942993237e-05,2,5,0.0,-0.5316210498898012,Khac (Peripheral)
5781,0.0033684210526315787,0.0018896907187150888,0.00030565733953389935,24,9,0.5694444444444444,0.7870215674352734,Khac (Peripheral)
6651,0.002807017543859649,0.0004295842377372477,0.0002555186275074032,20,5,0.76,-0.1589894728642396,Streamer Cau noi (Bridge)
1153,0.00014035087719298245,0.0,3.3941144933914804e-05,1,1,0.0,-0.7142676008076517,Khac (Peripheral)
5695,0.00014035087719298245,0.0,3.224991262043894e-05,1,3,0.0,-0.5587867256689831,Khac (Peripheral)
2662,0.0011228070175438596,0.00019069166172968127,0.00013462407117997805,8,14,0.65625,-0.12539418053002366,Streamer Cau noi (Bridge)
3530,0.00014035087719298245,0.0,3.469955343386398e-05,1,4,0.0,-0.45047486221988475,Khac (Peripheral)
3185,0.0011228070175438596,0.00016953880077520166,0.000121910362820166,8,4,0.53125,-0.18229548544937524,Khac (Peripheral)
7040,0.0009824561403508772,1.3781882715419963e-05,0.00010770077704055895,7,1,0.44897959183673464,-0.25167558983425337,Khac (Peripheral)
5157,0.0005614035087719298,1.9088739821718174e-05,6.782916840046663e-05,4,4,0.375,-0.31638517383463,Khac (Peripheral)
3282,0.0002807017543859649,1.4599497490083112e-08,4.175404348426142e-05,2,6,0.0,-0.29170288937188404,Khac (Peripheral)
6003,0.0005614035087719298,3.055589559253554e-05,7.172808817695828e-05,4,9,0.375,-0.09760367786544846,Khac (Peripheral)
6737,0.0016842105263157893,0.0003007585464466754,0.0001641674060634212,12,6,0.6527777777777778,-0.07887434621989009,Streamer Cau noi (Bridge)
6245,0.00042105263157894734,2.125393962775284e-05,7.483045032525868e-05,3,15,0.6666666666666667,-0.6360721892977823,Streamer Cau noi (Bridge)
345,0.0014035087719298245,0.00018878954178760775,0.0001304921896957091,10,5,0.4800000000000001,-0.1589894728642396,Khac (Peripheral)
1117,0.0002807017543859649,3.607093676738995e-07,4.5988566227366346e-05,2,3,0.5,-0.5587867256689831,Khac (Peripheral)
5316,0.0008421052631578947,0.00011452686869796296,8.570749809692757e-05,6,15,0.7777777777777778,-0.6360721892977823,Streamer Cau noi (Bridge)
3620,0.0005614035087719298,4.0139466484488295e-05,7.458506878100181e-05,4,5,0.625,-0.5316210498898012,Streamer Cau noi (Bridge)
6797,0.0008421052631578947,3.2942868563419474e-05,0.00010684339861204534,6,2,0.2777777777777777,0.675207058183154,Khac (Peripheral)
3607,0.0014035087719298245,0.00019268776999463701,0.00012317259034648728,10,1,0.6799999999999999,-0.25167558983425337,Streamer Cau noi (Bridge)
5938,0.0002807017543859649,5.241176250707043e-08,5.181285819280401e-05,2,14,0.0,-0.3825895435149627,Khac (Peripheral)
6416,0.0005614035087719298,1.1519006069577733e-05,7.710710923412746e-05,4,16,0.5,-0.14312629133157528,Khac (Peripheral)
4229,0.00042105263157894734,3.880510515199736e-05,5.705155034750083e-05,3,9,0.4444444444444444,-0.1780241547109686,Khac (Peripheral)
592,0.0008421052631578947,7.963280138839003e-05,9.745195672731616e-05,6,10,0.5,0.12285181215130553,Khac (Peripheral)
2588,0.0058947368421052625,0.0022401948575235192,0.0005171242362480877,42,1,0.40702947845804993,2.8708204842361855,Khac (Peripheral)
93,0.021614035087719297,0.016220656252353395,0.0021360968894432197,154,6,0.7462472592342722,4.390525059971982,Khac (Peripheral)
1959,0.0002807017543859649,4.776839166648901e-05,5.667141708198337e-05,2,9,0.5,-0.2584446315564888,Khac (Peripheral)
4385,0.0002807017543859649,1.203947416910122e-05,4.095583463526631e-05,2,4,0.5,-0.45047486221988475,Khac (Peripheral)
6298,0.00042105263157894734,7.520403302771752e-05,9.137460893225302e-05,3,14,0.0,-0.2539918620224932,Khac (Peripheral)
173,0.0007017543859649122,2.185714537724188e-06,7.092138182874986e-05,5,5,0.56,-0.4570947344846889,Khac (Peripheral)
2166,0.0036491228070175434,0.0005924388428028791,0.00029616204801425884,26,5,0.7751479289940828,0.06458947335109738,Streamer Cau noi (Bridge)
2967,0.001543859649122807,0.0007288776055055869,0.00016986519046073255,11,6,0.7107438016528925,-0.1498171939372214,Streamer Cau noi (Bridge)
1070,0.0009824561403508772,4.442778859676986e-06,0.00010534014266913126,7,0,0.653061224489796,-0.2570494701082677,Streamer Cau noi (Bridge)
349,0.0002807017543859649,0.0,4.3820847960622065e-05,2,6,0.0,-0.29170288937188404,Khac (Peripheral)
5711,0.0002807017543859649,2.025680994618724e-06,4.518879910206089e-05,2,9,0.0,-0.1780241547109686,Khac (Peripheral)
6523,0.0005614035087719298,1.2776225640833806e-05,6.193114797255264e-05,4,5,0.375,-0.4570947344846889,Khac (Peripheral)
6973,0.0005614035087719298,1.914325377141694e-05,6.952166673005963e-05,4,14,0.375,-0.2539918620224932,Khac (Peripheral)
3352,0.00014035087719298245,0.0,3.641738751241894e-05,1,9,0.0,-0.2584446315564888,Khac (Peripheral)
4462,0.00042105263157894734,2.1093423847094086e-05,5.799804675757281e-05,3,9,0.6666666666666667,-0.2584446315564888,Streamer Cau noi (Bridge)
1368,0.0002807017543859649,0.0,5.167252658214577e-05,2,9,0.0,-0.1780241547109686,Khac (Peripheral)
574,0.00042105263157894734,1.3517250265932689e-05,5.14068663300144e-05,3,5,0.4444444444444444,-0.5316210498898012,Khac (Peripheral)
1014,0.00014035087719298245,0.0,3.349093727425573e-05,1,16,0.0,-0.23233892186291363,Khac (Peripheral)
941,0.0016842105263157893,6.358588797516857e-05,0.00015099668245218838,12,14,0.7222222222222222,0.003203500962445893,Streamer Cau noi (Bridge)
5309,0.001263157894736842,5.847237853345044e-05,0.00011741623852541878,9,1,0.5679012345679012,-0.25167558983425337,Khac (Peripheral)
4338,0.0007017543859649122,9.146323363515536e-05,8.217139622419424e-05,5,5,0.48,-0.4570947344846889,Khac (Peripheral)
5947,0.0007017543859649122,2.3746042224559504e-05,7.91101759032291e-05,5,14,0.31999999999999984,-0.12539418053002366,Khac (Peripheral)
5539,0.0005614035087719298,1.3404719538208395e-05,6.74957837302085e-05,4,10,0.75,-0.7862515977683556,Streamer Cau noi (Bridge)
5386,0.0016842105263157893,5.1911007338176004e-05,0.00014001513761961151,12,5,0.41666666666666663,-0.009936842054014941,Khac (Peripheral)
1006,0.00014035087719298245,0.0,3.198389107863461e-05,1,6,0.0,-0.3626457370892153,Khac (Peripheral)
4749,0.00014035087719298245,0.0,3.2210200754785935e-05,1,14,0.0,-0.5111872250074323,Khac (Peripheral)
6829,0.0009824561403508772,2.1708636279083732e-05,0.0001022694286641356,7,1,0.6122448979591837,-0.4829715953209526,Khac (Peripheral)
2141,0.0002807017543859649,2.677662128775001e-05,5.750088664180494e-05,2,3,0.5,-0.5587867256689831,Khac (Peripheral)
2250,0.0008421052631578947,1.5561156224799504e-05,8.806382246283258e-05,6,1,0.6666666666666667,-0.4829715953209526,Streamer Cau noi (Bridge)
79,0.00014035087719298245,0.0,4.221066630051127e-05,1,1,0.0,-0.7142676008076517,Khac (Peripheral)
4634,0.0016842105263157893,0.0001819536765011649,0.00015660988390651338,12,6,0.6666666666666667,-0.00793149850255878,Streamer Cau noi (Bridge)
5997,0.00014035087719298245,0.0,3.2484633243274565e-05,1,6,0.0,-0.3626457370892153,Khac (Peripheral)
1777,0.001543859649122807,0.0007879856815558926,0.0001740082175186716,11,4,0.5619834710743802,-0.04820579706412048,Khac (Peripheral)
690,0.0009824561403508772,6.730982570360292e-05,0.00010510945653153005,7,14,0.5714285714285714,-0.12539418053002366,Khac (Peripheral)
4679,0.0014035087719298245,2.3392550169163572e-05,0.0001247949606308142,10,5,0.4600000000000001,-0.1589894728642396,Khac (Peripheral)
2025,0.0002807017543859649,5.376642609627117e-05,5.090792658445674e-05,2,2,0.5,-0.6448606735457089,Khac (Peripheral)
4405,0.0002807017543859649,0.0,4.459513398361586e-05,2,16,0.0,-0.14312629133157528,Khac (Peripheral)
2402,0.001543859649122807,0.000257277337719124,0.00017211488577441417,11,5,0.4297520661157025,-0.08446315745912726,Khac (Peripheral)
2851,0.0002807017543859649,1.9554795728999605e-05,5.846652288922926e-05,2,16,0.5,-0.23233892186291363,Khac (Peripheral)
4476,0.00014035087719298245,0.0,3.802658962389709e-05,1,15,0.0,-0.6360721892977823,Khac (Peripheral)
4014,0.0007017543859649122,3.899497085242337e-05,9.156811586842266e-05,5,16,0.72,-0.14312629133157528,Streamer Cau noi (Bridge)
6101,0.0029473684210526313,0.0007903415013442036,0.0002508346079499453,21,6,0.5124716553287982,0.5596112832360918,Khac (Peripheral)
5193,0.0033684210526315787,0.00031563747792477285,0.00029553568900997747,24,6,0.5694444444444444,0.630554130953423,Khac (Peripheral)
1792,0.00014035087719298245,0.0,4.02953003519307e-05,1,16,0.0,-0.23233892186291363,Khac (Peripheral)
6775,0.0014035087719298245,0.0004150317657602157,0.00017997656842637388,10,10,0.6,0.7289207520977463,Khac (Peripheral)
4845,0.00014035087719298245,0.0,6.579098223291111e-05,1,2,0.0,-0.6448606735457089,Khac (Peripheral)
4536,0.001263157894736842,7.116316342567573e-05,0.00013535224298228822,9,4,0.37037037037037035,-0.04820579706412048,Khac (Peripheral)
4948,0.0026666666666666666,0.0003260631788298641,0.00025283089871865164,19,1,0.2825484764542937,1.020452440342592,Khac (Peripheral)
6874,0.0002807017543859649,1.6127278692198063e-06,4.4754341541625045e-05,2,1,0.5,-0.7142676008076517,Khac (Peripheral)
535,0.0007017543859649122,4.947276579306195e-07,8.382207438897213e-05,5,0,0.0,0.601902967134706,Khac (Peripheral)
1374,0.0002807017543859649,0.00014037057832678272,8.132618948542389e-05,2,16,0.0,-0.14312629133157528,Khac (Peripheral)
224,0.0008421052631578947,0.00042816415204178354,0.00018197067642662963,6,13,0.2777777777777777,0.6209694038976752,Khac (Peripheral)
3,0.0009824561403508772,4.235918303902953e-05,0.00011348674360800204,7,5,0.6122448979591837,-0.38256841907957656,Khac (Peripheral)
163,0.0007017543859649122,8.125942095518314e-05,9.264124051458039e-05,5,2,0.56,0.015173192318722542,Khac (Peripheral)
3022,0.002526315789473684,0.00012084718668634798,0.00023560290618821427,18,9,0.5802469135802468,0.5457601368987128,Khac (Peripheral)
2615,0.0007017543859649122,1.1006163466885913e-05,7.542460885624376e-05,5,4,0.0,-0.18229548544937524,Khac (Peripheral)
4832,0.00014035087719298245,0.0,3.33414273357944e-05,1,4,0.0,-0.45047486221988475,Khac (Peripheral)
3150,0.0008421052631578947,9.967684216682888e-05,0.00010252813317338794,6,1,0.0,-0.1360275870909038,Khac (Peripheral)
186,0.0008421052631578947,0.00015625990523345198,0.00012184383660228087,6,4,0.0,-0.11525064125674786,Khac (Peripheral)
641,0.002105263157894737,0.0003938478085315892,0.00020070144772512457,15,9,0.6044444444444445,0.3849191832076725,Khac (Peripheral)
829,0.0002807017543859649,0.0,5.414419378749961e-05,2,15,0.0,-0.3322541788802534,Khac (Peripheral)
4005,0.0005614035087719298,2.4826461101556956e-06,6.760145455414533e-05,4,1,0.625,-0.5986195980643021,Streamer Cau noi (Bridge)
1015,0.0002807017543859649,5.779838626669077e-07,4.610797560863629e-05,2,8,0.5,-0.7985918306870473,Khac (Peripheral)
6028,0.00014035087719298245,0.0,3.5948157864207765e-05,1,14,0.0,-0.5111872250074323,Khac (Peripheral)
5533,0.0009824561403508772,4.122328289917208e-07,0.00010416903027466006,7,10,0.0,1.0319552220709667,Khac (Peripheral)
6878,0.0007017543859649122,4.682384676590607e-05,7.103331468407884e-05,5,4,0.31999999999999984,-0.24934032964200262,Khac (Peripheral)
939,0.0009824561403508772,4.65956683456219e-05,9.314120333141504e-05,7,14,0.6938775510204083,-0.3825895435149627,Streamer Cau noi (Bridge)
2075,0.0008421052631578947,7.079128900354e-05,9.092682403812927e-05,6,6,0.6111111111111112,-0.2207600416545527,Khac (Peripheral)
104,0.0005614035087719298,2.0877669626107077e-05,6.730778731146522e-05,4,9,0.0,-0.0171832010199283,Khac (Peripheral)
6689,0.002526315789473684,0.001053034014387327,0.0002353951670381598,18,4,0.382716049382716,0.42110811228427114,Khac (Peripheral)
4242,0.01207017543859649,0.0045861368234344155,0.0009093956384726777,86,1,0.4986479177934018,5.530724547333226,Khac (Peripheral)
766,0.0011228070175438596,2.1803303904813893e-05,0.00011564491396341864,8,16,0.21875,0.3029368613251165,Khac (Peripheral)
411,0.0018245614035087717,0.000281916360317215,0.00017211686945427379,13,5,0.6982248520710059,-0.2335157882693519,Streamer Cau noi (Bridge)
4859,0.00014035087719298245,0.0,3.0830918702719315e-05,1,5,0.0,-0.6061473652949135,Khac (Peripheral)
2817,0.0029473684210526313,0.00037720265830254874,0.00025126512287235853,21,1,0.4625850340136054,0.9048044375992426,Khac (Peripheral)
4673,0.0007017543859649122,1.7425041812164635e-05,7.047936895831247e-05,5,4,0.48,-0.31638517383463,Khac (Peripheral)
3739,0.008421052631578947,0.0020479342417682248,0.000701450774351029,60,5,0.6977777777777778,1.5551157814533438,Streamer Cau noi (Bridge)
2255,0.0002807017543859649,2.6255594003622485e-06,4.425348531134746e-05,2,1,0.5,-0.7142676008076517,Khac (Peripheral)
5435,0.0008421052631578947,4.541112029229678e-05,9.366260767288742e-05,6,13,0.7222222222222222,-0.7589626047638253,Streamer Cau noi (Bridge)
2930,0.0026666666666666666,0.0004578298708910349,0.00022597394253362016,19,5,0.6592797783933518,0.06458947335109738,Streamer Cau noi (Bridge)
2827,0.00014035087719298245,0.0,3.349093727425573e-05,1,16,0.0,-0.23233892186291363,Khac (Peripheral)
6726,0.00014035087719298245,0.0,3.2385891955629855e-05,1,6,0.0,-0.3626457370892153,Khac (Peripheral)
4481,0.00042105263157894734,1.1349761187944708e-05,5.621406249778154e-05,3,5,0.0,-0.4570947344846889,Khac (Peripheral)
865,0.00014035087719298245,0.0,3.2385891955629855e-05,1,6,0.0,-0.3626457370892153,Khac (Peripheral)
756,0.0009824561403508772,1.7324672153680515e-05,9.89232858110162e-05,7,1,0.44897959183673464,-0.25167558983425337,Khac (Peripheral)
2423,0.003789473684210526,0.0007721641870977368,0.0003336221838074767,27,6,0.8340192043895748,-0.00793149850255878,Streamer Cau noi (Bridge)
5425,0.00014035087719298245,0.0,3.338628045939249e-05,1,9,0.0,-0.2584446315564888,Khac (Peripheral)
5854,0.0014035087719298245,0.00016899637066221572,0.00014274247481686785,10,1,0.76,-0.4829715953209526,Streamer Cau noi (Bridge)
657,0.00042105263157894734,2.997087489327216e-05,7.179143254068817e-05,3,5,0.4444444444444444,-0.5316210498898012,Khac (Peripheral)
4846,0.0007017543859649122,2.1068098229415283e-05,7.89478038253895e-05,5,8,0.56,-0.09500931747723713,Khac (Peripheral)
5734,0.00014035087719298245,0.0,3.142772571276723e-05,1,5,0.0,-0.6061473652949135,Khac (Peripheral)
934,0.0019649122807017545,5.107892696868291e-05,0.00015651325557314871,14,5,0.40816326530612246,0.06458947335109738,Khac (Peripheral)
825,0.0007017543859649122,1.262874054489144e-05,8.738129949765198e-05,5,16,0.31999999999999984,0.03529896973110142,Khac (Peripheral)
632,0.00014035087719298245,0.0,5.170605608889505e-05,1,6,0.0,-0.3626457370892153,Khac (Peripheral)
2776,0.0002807017543859649,0.0,4.469289603285806e-05,2,9,0.0,-0.1780241547109686,Khac (Peripheral)
5831,0.001263157894736842,9.185418016284239e-05,0.00011545916992871257,9,6,0.345679012345679,0.06301134921477253,Khac (Peripheral)
341,0.001263157894736842,6.869093227402807e-05,0.00012520038283256928,9,9,0.691358024691358,-0.0171832010199283,Streamer Cau noi (Bridge)
301,0.002807017543859649,0.0008590033971930213,0.000290177626754669,20,0,0.84,0.8882204462156972,Streamer Cau noi (Bridge)
1722,0.00014035087719298245,0.0,3.3193449332733915e-05,1,9,0.0,-0.2584446315564888,Khac (Peripheral)
6670,0.0002807017543859649,0.0,4.428259273889304e-05,2,14,0.0,-0.3825895435149627,Khac (Peripheral)
3339,0.00014035087719298245,0.0,3.6366312764174935e-05,1,6,0.0,-0.3626457370892153,Khac (Peripheral)
488,0.0002807017543859649,5.070254500359219e-07,4.951275936219602e-05,2,16,0.5,-0.23233892186291363,Khac (Peripheral)
6169,0.002105263157894737,0.00014424508470151909,0.00018695726522361284,15,9,0.8,-0.0171832010199283,Streamer Cau noi (Bridge)
3799,0.0011228070175438596,0.00018245790908625256,0.00013586585084086048,8,1,0.40625,-0.1360275870909038,Khac (Peripheral)
229,0.0008421052631578947,4.420961818936052e-05,9.741853537722688e-05,6,16,0.0,0.2137242307937781,Khac (Peripheral)
5852,0.0018245614035087717,7.94210202418533e-05,0.0001481880874362643,13,5,0.2603550295857988,0.1391157887562097,Khac (Peripheral)
6282,0.0002807017543859649,1.8682808489506955e-06,4.0386361479952067e-05,2,1,0.5,-0.7142676008076517,Khac (Peripheral)
2868,0.0002807017543859649,2.3500769530081986e-05,4.58130739281281e-05,2,3,0.5,-0.5587867256689831,Khac (Peripheral)
1540,0.0019649122807017545,0.0003620282712120984,0.0001747751097046534,14,1,0.33673469387755106,0.44221242662584415,Khac (Peripheral)
3561,0.0008421052631578947,7.797229031737937e-05,9.314924989212011e-05,6,6,0.4444444444444444,-0.1498171939372214,Khac (Peripheral)
753,0.0011228070175438596,0.0004344764102890904,0.00011961793607035302,8,1,0.53125,-0.25167558983425337,Khac (Peripheral)
3055,0.0008421052631578947,3.731540019521764e-05,8.833441516663981e-05,6,6,0.6111111111111112,-0.2207600416545527,Khac (Peripheral)
3757,0.001543859649122807,4.937781103005725e-05,0.00014935279780594563,11,8,0.7768595041322314,0.25678193912766795,Streamer Cau noi (Bridge)
2679,0.00014035087719298245,0.0,3.349093727425573e-05,1,16,0.0,-0.23233892186291363,Khac (Peripheral)
1341,0.0016842105263157893,0.0014597018568758059,0.00015908786154549012,12,5,0.375,-0.009936842054014941,Khac (Peripheral)
3575,0.0007017543859649122,0.001401908531690085,9.819536968307673e-05,5,4,0.0,-0.18229548544937524,Khac (Peripheral)
6723,0.002807017543859649,0.0002045735715293961,0.00024347550208715754,20,4,0.09500000000000008,0.756332333247408,Khac (Peripheral)
2404,0.0002807017543859649,0.0,4.116083806763322e-05,2,6,0.0,-0.29170288937188404,Khac (Peripheral)
5827,0.0014035087719298245,0.00016440215753100074,0.00014495704665960663,10,6,0.7,-0.2207600416545527,Streamer Cau noi (Bridge)
3441,0.00014035087719298245,0.0,3.3193449332733915e-05,1,9,0.0,-0.2584446315564888,Khac (Peripheral)
2791,0.0002807017543859649,2.0119636977822147e-08,4.5571984119490816e-05,2,15,0.5,-0.6360721892977823,Khac (Peripheral)
4664,0.00042105263157894734,2.7059377637156337e-07,4.864841675491203e-05,3,1,0.4444444444444444,-0.5986195980643021,Khac (Peripheral)
1449,0.0016842105263157893,0.00017677385806648356,0.00016292845682032043,12,14,0.29166666666666663,0.6461919084247936,Khac (Peripheral)
3721,0.0014035087719298245,0.0002464418325505206,0.00015287651933946765,10,1,0.74,-0.36732359257760294,Streamer Cau noi (Bridge)
1615,0.003789473684210526,0.000862024716163766,0.00032436268833370446,27,1,0.7215363511659809,0.6735084321125433,Streamer Cau noi (Bridge)
6841,0.0005614035087719298,4.4231427239920346e-05,7.715738174389551e-05,4,9,0.375,-0.09760367786544846,Khac (Peripheral)
3895,0.0011228070175438596,0.00011271660418452424,0.00010897904528690838,8,1,0.65625,-0.36732359257760294,Streamer Cau noi (Bridge)
367,0.0029473684210526313,0.0001606901514795483,0.0002175407393713179,21,5,0.1768707482993197,0.7353263119971083,Khac (Peripheral)
4903,0.00014035087719298245,0.0,3.2695148349424987e-05,1,9,0.0,-0.2584446315564888,Khac (Peripheral)
2668,0.0016842105263157893,0.0002066443530123257,0.00020010987528106572,12,2,0.5972222222222221,1.3352409240475855,Khac (Peripheral)
1506,0.0011228070175438596,0.00013994422293297075,0.00013410355197535448,8,5,0.78125,-0.4570947344846889,Streamer Cau noi (Bridge)
248,0.001543859649122807,0.0003338933671635384,0.00015739083155885797,11,13,0.7933884297520661,-0.06899660043307508,Streamer Cau noi (Bridge)
2140,0.0005614035087719298,0.0001602374647877957,6.515373521986863e-05,4,4,0.625,-0.38343001802725735,Streamer Cau noi (Bridge)
5879,0.001263157894736842,6.331756493358558e-05,0.00011385252102085406,9,5,0.5925925925925926,-0.3080421036744642,Khac (Peripheral)
3087,0.001543859649122807,3.878087185833271e-05,0.0001386068837228992,11,3,0.4297520661157025,0.635505394971897,Khac (Peripheral)
4320,0.00042105263157894734,3.7691165970663e-06,6.568751701127897e-05,3,4,0.4444444444444444,-0.38343001802725735,Khac (Peripheral)
4648,0.00014035087719298245,0.0,3.3193449332733915e-05,1,9,0.0,-0.2584446315564888,Khac (Peripheral)
566,0.0005614035087719298,2.200585196985794e-05,7.558709432411982e-05,4,8,0.375,-0.09500931747723713,Khac (Peripheral)
3093,0.00042105263157894734,4.4060966046050624e-05,5.409471243311653e-05,3,4,0.4444444444444444,-0.38343001802725735,Khac (Peripheral)
1927,0.00014035087719298245,0.0,3.156459102178747e-05,1,5,0.0,-0.6061473652949135,Khac (Peripheral)
4131,0.0023859649122807015,0.0002859714625765337,0.00021414556671155133,17,8,0.740484429065744,1.3121557089423832,Streamer Cau noi (Bridge)
5869,0.00042105263157894734,3.6126897266104236e-06,5.390564946327779e-05,3,9,0.4444444444444444,-0.1780241547109686,Khac (Peripheral)
5217,0.0008421052631578947,0.00010095819676498838,9.26962276473538e-05,6,13,0.8333333333333334,-0.7589626047638253,Streamer Cau noi (Bridge)
1144,0.0026666666666666666,0.00040575760208073886,0.0002679722165571796,19,5,0.6149584487534627,0.06458947335109738,Khac (Peripheral)
2191,0.00042105263157894734,6.176957487436025e-06,5.374266370147472e-05,3,16,0.4444444444444444,-0.14312629133157528,Khac (Peripheral)
1744,0.0005614035087719298,1.216947432278082e-05,7.296382023714838e-05,4,9,0.375,-0.09760367786544846,Khac (Peripheral)
1678,0.0005614035087719298,1.2910804462978285e-05,7.805007521455542e-05,4,5,0.0,-0.38256841907957656,Khac (Peripheral)
792,0.02049122807017544,0.012537226073521401,0.001596341703948003,146,5,0.6918746481516231,5.132378920898736,Khac (Peripheral)
961,0.00042105263157894734,0.00017762692068578635,9.61722953257048e-05,3,10,0.4444444444444444,-0.48321712779513526,Khac (Peripheral)
645,0.0002807017543859649,3.5506151668552764e-06,4.620458986386124e-05,2,15,0.0,-0.3322541788802534,Khac (Peripheral)
3373,0.0019649122807017545,0.001476735174841271,0.00024114961284559593,14,16,0.5510204081632653,0.48136212238779325,Khac (Peripheral)
4432,0.0002807017543859649,3.287727832959002e-05,5.110031781359177e-05,2,0,0.5,-0.5433669491892589,Khac (Peripheral)
6349,0.0002807017543859649,1.0985267789922031e-05,4.276990968064116e-05,2,9,0.5,-0.2584446315564888,Khac (Peripheral)
4179,0.001543859649122807,3.45968353849307e-05,0.00012986604171256775,11,4,0.0,0.21997357970638903,Khac (Peripheral)
3985,0.0002807017543859649,6.821612691493215e-06,4.313582503190022e-05,2,9,0.5,-0.2584446315564888,Khac (Peripheral)
2734,0.0005614035087719298,3.1321032928390816e-05,6.667531436755905e-05,4,1,0.75,-0.7142676008076517,Streamer Cau noi (Bridge)
3180,0.0008421052631578947,0.0013074413746682854,0.00011015088253399029,6,0,0.7777777777777778,-0.2570494701082677,Streamer Cau noi (Bridge)
2427,0.00014035087719298245,0.0,3.1871091061899144e-05,1,6,0.0,-0.3626457370892153,Khac (Peripheral)
696,0.00014035087719298245,0.0,3.4884654310576254e-05,1,1,0.0,-0.7142676008076517,Khac (Peripheral)
5198,0.0007017543859649122,2.3987096055373093e-05,8.237237606720775e-05,5,5,0.72,-0.5316210498898012,Streamer Cau noi (Bridge)
813,0.00042105263157894734,4.4880976901292066e-06,5.5638481598608755e-05,3,9,0.4444444444444444,-0.1780241547109686,Khac (Peripheral)
3272,0.001263157894736842,0.00010668039901188086,0.00012818006185580017,9,14,0.7901234567901234,-0.2539918620224932,Streamer Cau noi (Bridge)
4305,0.003789473684210526,0.0009570487568489186,0.00031066830737181924,27,3,0.7187928669410151,0.635505394971897,Streamer Cau noi (Bridge)
2904,0.00743859649122807,0.0021718997291840275,0.0005736810368041713,53,5,0.6051975792096832,1.7041684122635685,Khac (Peripheral)
319,0.0005614035087719298,2.4364933220040645e-06,6.292721802112176e-05,4,5,0.625,-0.5316210498898012,Streamer Cau noi (Bridge)
6235,0.0002807017543859649,4.453294195641484e-06,4.523946434096178e-05,2,9,0.5,-0.2584446315564888,Khac (Peripheral)
4804,0.0002807017543859649,1.626146681164828e-06,4.782689483222326e-05,2,2,0.5,-0.6448606735457089,Khac (Peripheral)
3013,0.0005614035087719298,0.0001287062827225513,0.00010771804919322442,4,8,0.375,-0.09500931747723713,Khac (Peripheral)
3440,0.0029473684210526313,0.0008992809536227814,0.00026345871604964996,21,1,0.7301587301587302,-0.4829715953209526,Streamer Cau noi (Bridge)
6530,0.003929824561403509,0.0006970397620697918,0.00042743993155867964,28,14,0.6836734693877551,1.0319849529022023,Streamer Cau noi (Bridge)
1529,0.0018245614035087717,7.336052221641441e-05,0.00016131230339683588,13,5,0.757396449704142,-0.3080421036744642,Streamer Cau noi (Bridge)
2087,0.0033684210526315787,0.0008054629819168872,0.0002918433837076618,24,14,0.6736111111111112,0.9033872714097326,Streamer Cau noi (Bridge)
482,0.0002807017543859649,1.0847685641859653e-06,6.079290497708063e-05,2,16,0.0,-0.14312629133157528,Khac (Peripheral)
5503,0.0002807017543859649,0.0,4.035309427146376e-05,2,1,0.0,-0.5986195980643021,Khac (Peripheral)
1279,0.00014035087719298245,0.0,3.64813459847756e-05,1,13,0.0,-0.7589626047638253,Khac (Peripheral)
3536,0.0002807017543859649,1.3123813479394853e-05,4.59649143192604e-05,2,13,0.5,-0.7589626047638253,Khac (Peripheral)
6617,0.00014035087719298245,0.0,3.557049666579021e-05,1,6,0.0,-0.3626457370892153,Khac (Peripheral)
1823,0.00042105263157894734,6.347292596913689e-06,5.40557308700425e-05,3,9,0.0,-0.09760367786544846,Khac (Peripheral)
6272,0.002245614035087719,1.6844641342313394e-05,0.000181764412723759,16,4,0.0,0.555197800669526,Khac (Peripheral)
5031,0.00014035087719298245,0.0,3.349093727425573e-05,1,16,0.0,-0.23233892186291363,Khac (Peripheral)
5272,0.0002807017543859649,1.9590317980298053e-07,7.086811241283753e-05,2,7,0.0,-0.392232270276368,Khac (Peripheral)
3099,0.0007017543859649122,4.1687996013902494e-05,7.597938563162652e-05,5,5,0.56,-0.4570947344846889,Khac (Peripheral)
6230,0.0002807017543859649,0.00010237706757364567,8.04836870978574e-05,2,2,0.0,-0.31484374061349313,Khac (Peripheral)
3450,0.001263157894736842,0.00019287179446436255,0.0001141195730647925,9,5,0.19753086419753085,-0.08446315745912726,Khac (Peripheral)
6875,0.0002807017543859649,0.0,4.306873445191727e-05,2,9,0.0,-0.1780241547109686,Khac (Peripheral)
3803,0.00042105263157894734,3.4304297958012215e-05,5.618860763390269e-05,3,5,0.4444444444444444,-0.5316210498898012,Khac (Peripheral)
5370,0.0008421052631578947,3.704541646979258e-06,8.2666624247409e-05,6,4,0.6111111111111112,-0.31638517383463,Khac (Peripheral)
4041,0.0011228070175438596,2.9682804613181954e-05,0.000111702350030775,8,14,0.71875,-0.2539918620224932,Streamer Cau noi (Bridge)
1848,0.0008421052631578947,0.00019147321668101664,0.0001130887859427087,6,16,0.4444444444444444,0.03529896973110142,Khac (Peripheral)
2854,0.00014035087719298245,0.0,3.175490501135603e-05,1,15,0.0,-0.6360721892977823,Khac (Peripheral)
2380,0.00014035087719298245,0.0,3.260041552670413e-05,1,5,0.0,-0.6061473652949135,Khac (Peripheral)
3098,0.0029473684210526313,0.00027905007509340456,0.00023677975579241523,21,1,0.6303854875283447,0.44221242662584415,Streamer Cau noi (Bridge)
4638,0.00042105263157894734,4.3045779349633896e-07,5.419520015049944e-05,3,3,0.0,-0.21756040548587458,Khac (Peripheral)
1410,0.0005614035087719298,0.00021094100743513915,7.630891340226096e-05,4,16,0.625,-0.14312629133157528,Streamer Cau noi (Bridge)
5680,0.0002807017543859649,5.828389228543475e-05,5.47872432668724e-05,2,9,0.0,-0.1780241547109686,Khac (Peripheral)
4065,0.0011228070175438596,8.564218986261314e-05,0.00011314870438889069,8,14,0.0,0.3889965454398545,Khac (Peripheral)
212,0.0008421052631578947,1.631891990928212e-05,9.344303845436246e-05,6,16,0.0,0.2137242307937781,Khac (Peripheral)
1834,0.0002807017543859649,1.8068013257472813e-06,4.0920685344532395e-05,2,4,0.0,-0.38343001802725735,Khac (Peripheral)
6540,0.0005614035087719298,2.2772413483963277e-05,6.896588576214003e-05,4,4,0.375,-0.31638517383463,Khac (Peripheral)
1459,0.00014035087719298245,0.0,4.321671711419041e-05,1,4,0.0,-0.45047486221988475,Khac (Peripheral)
5532,0.0018245614035087717,0.0001385958513872748,0.0001623615847946755,13,5,0.6627218934911242,-0.2335157882693519,Streamer Cau noi (Bridge)
12,0.0002807017543859649,0.00014037057832678272,9.97001489838984e-05,2,16,0.0,-0.14312629133157528,Khac (Peripheral)
3475,0.00042105263157894734,3.458696787660244e-06,6.172280933441713e-05,3,14,0.0,-0.2539918620224932,Khac (Peripheral)
5845,0.0005614035087719298,6.86394632376603e-05,6.979925383618283e-05,4,4,0.375,-0.31638517383463,Khac (Peripheral)
1711,0.00014035087719298245,0.0,3.43537117889554e-05,1,0,0.0,-0.5433669491892589,Khac (Peripheral)
749,0.0014035087719298245,0.00014519117752223354,0.0001341493125898727,10,5,0.6,-0.2335157882693519,Khac (Peripheral)
3222,0.00014035087719298245,0.0,3.237600585943195e-05,1,16,0.0,-0.23233892186291363,Khac (Peripheral)
4287,0.001543859649122807,3.188669583687872e-05,0.00013638987787871717,11,1,0.16528925619834722,0.32656442388249457,Khac (Peripheral)
2181,0.0019649122807017545,0.0002240014859610832,0.00018950171098738262,14,5,0.6122448979591837,-0.08446315745912726,Khac (Peripheral)
3809,0.00042105263157894734,5.412528169598095e-05,5.769695323094905e-05,3,6,0.6666666666666667,-0.3626457370892153,Streamer Cau noi (Bridge)
1332,0.0009824561403508772,2.281270023259914e-05,9.572550068960667e-05,7,6,0.24489795918367352,-0.00793149850255878,Khac (Peripheral)
2802,0.0002807017543859649,3.9601266654396694e-06,4.4502675111042016e-05,2,9,0.5,-0.2584446315564888,Khac (Peripheral)
2201,0.014315789473684209,0.011431851976739803,0.0014408578204958195,102,6,0.7612456747404844,2.8297824101906937,Khac (Peripheral)
3364,0.0002807017543859649,6.089342180453123e-06,4.307589182576645e-05,2,9,0.5,-0.2584446315564888,Khac (Peripheral)
1430,0.0007017543859649122,1.8984389535630063e-05,7.962072116577478e-05,5,8,0.48,-0.09500931747723713,Khac (Peripheral)
1362,0.0002807017543859649,3.366903075459573e-06,4.336540298721349e-05,2,9,0.5,-0.2584446315564888,Khac (Peripheral)
6976,0.00014035087719298245,0.0,3.431291552283299e-05,1,0,0.0,-0.5433669491892589,Khac (Peripheral)
3937,0.0011228070175438596,1.8020168282406256e-05,0.00010114255482485502,8,6,0.65625,-0.1498171939372214,Streamer Cau noi (Bridge)
6662,0.0007017543859649122,7.476601900548879e-05,7.992136284433601e-05,5,13,0.72,-0.7589626047638253,Streamer Cau noi (Bridge)
5417,0.003929824561403509,0.0009056069060806173,0.00033489958834627675,28,3,0.6454081632653061,1.4885711954296685,Streamer Cau noi (Bridge)
4700,0.01024561403508772,0.002900745032072208,0.0008184133001970872,73,14,0.5922311878401201,5.147110760661228,Khac (Peripheral)
5483,0.0007017543859649122,0.00010020287053483243,8.578030415809261e-05,5,14,0.72,-0.3825895435149627,Streamer Cau noi (Bridge)
162,0.0002807017543859649,1.1225643780202428e-06,4.7916990547195964e-05,2,14,0.5,-0.5111872250074323,Khac (Peripheral)
5461,0.00014035087719298245,0.0,3.69770493457841e-05,1,1,0.0,-0.7142676008076517,Khac (Peripheral)
135,0.0009824561403508772,2.9639278255375146e-06,9.26271405658062e-05,7,6,0.0,0.06301134921477253,Khac (Peripheral)
468,0.0007017543859649122,0.00019604406609494073,0.00010253532440486971,5,15,0.72,-0.3322541788802534,Streamer Cau noi (Bridge)
167,0.00042105263157894734,1.8642489749526045e-05,7.249264446742898e-05,3,1,0.6666666666666667,-0.7142676008076517,Streamer Cau noi (Bridge)
2461,0.00042105263157894734,4.1190932593177044e-05,5.366080465918791e-05,3,1,0.6666666666666667,-0.7142676008076517,Streamer Cau noi (Bridge)
4238,0.0002807017543859649,4.105841760226287e-07,4.591409204664084e-05,2,6,0.0,-0.29170288937188404,Khac (Peripheral)
2954,0.0018245614035087717,0.00011090836952138989,0.0001647323160483349,13,6,0.8165680473372781,-0.1498171939372214,Streamer Cau noi (Bridge)
5434,0.0011228070175438596,0.00034696614490161164,0.00013040432712089855,8,1,0.78125,-0.4829715953209526,Streamer Cau noi (Bridge)
1059,0.016982456140350877,0.00856029266088125,0.0014524819923184217,121,5,0.6750904992828359,4.163536820632276,Khac (Peripheral)
1623,0.0005614035087719298,3.86720611141143e-06,6.668599905610379e-05,4,14,0.625,-0.5111872250074323,Streamer Cau noi (Bridge)
3403,0.0008421052631578947,2.121054946992091e-05,9.06911177455212e-05,6,5,0.5,-0.38256841907957656,Khac (Peripheral)
15,0.0007017543859649122,6.967612570658939e-05,8.141093133960988e-05,5,4,0.72,-0.38343001802725735,Streamer Cau noi (Bridge)
5145,0.002105263157894737,0.000942427224627498,0.00019997203493334683,15,4,0.5955555555555556,0.08588389132113426,Khac (Peripheral)
1031,0.0011228070175438596,0.0002095167458228526,0.00013623450370825878,8,0,0.53125,0.601902967134706,Khac (Peripheral)
5685,0.0002807017543859649,0.001390195115103874,8.031113093051899e-05,2,6,0.0,-0.29170288937188404,Khac (Peripheral)
4666,0.0002807017543859649,0.0,9.520699338770685e-05,2,15,0.0,-0.3322541788802534,Khac (Peripheral)
2215,0.006596491228070175,0.003347166158168963,0.0005633266523297246,47,5,0.7406066093254866,0.8098526274022206,Streamer Cau noi (Bridge)
6085,0.00014035087719298245,0.0,3.410022426877764e-05,1,15,0.0,-0.6360721892977823,Khac (Peripheral)
949,0.002245614035087719,0.0003153617215730715,0.0002617949217900651,16,9,0.5,0.5457601368987128,Khac (Peripheral)
6882,0.0008421052631578947,0.00015319082453363716,0.00010631613954708361,6,6,0.6111111111111112,-0.2207600416545527,Khac (Peripheral)
1686,0.0002807017543859649,7.68671824252859e-07,5.0930283823371695e-05,2,16,0.5,-0.23233892186291363,Khac (Peripheral)
1954,0.0011228070175438596,9.038727378766677e-06,0.00011209912085007991,8,4,0.21875,-0.04820579706412048,Khac (Peripheral)
4574,0.00014035087719298245,0.0,3.343800466125634e-05,1,13,0.0,-0.7589626047638253,Khac (Peripheral)
5270,0.00014035087719298245,0.0,4.741882563438512e-05,1,0,0.0,-0.5433669491892589,Khac (Peripheral)
3121,0.0008421052631578947,1.1254056331728193e-06,7.904602719772273e-05,6,4,0.0,-0.11525064125674786,Khac (Peripheral)
5697,0.0014035087719298245,5.820365230653493e-05,0.00012545975429358651,10,3,0.54,0.29427907478878834,Khac (Peripheral)
4621,0.005614035087719298,0.0013675603812646363,0.00048030916376245363,40,14,0.2725000000000001,3.7325362642440627,Streamer Trung tam (Hub)
6579,0.00014035087719298245,0.0,3.774893171609121e-05,1,4,0.0,-0.45047486221988475,Khac (Peripheral)
3590,0.0008421052631578947,1.7560127946168794e-05,9.466068203746885e-05,6,5,0.6111111111111112,-0.4570947344846889,Khac (Peripheral)
5913,0.001263157894736842,6.655344038051355e-05,0.0001229679116276717,9,5,0.6666666666666667,-0.4570947344846889,Streamer Cau noi (Bridge)
970,0.00042105263157894734,3.377700546286066e-05,5.777717035688298e-05,3,4,0.4444444444444444,-0.38343001802725735,Khac (Peripheral)
3677,0.00042105263157894734,2.363330299832839e-05,5.5698991058939024e-05,3,3,0.4444444444444444,-0.5587867256689831,Khac (Peripheral)
5843,0.00042105263157894734,9.31667842691146e-05,6.236930423559377e-05,3,2,0.4444444444444444,-0.6448606735457089,Khac (Peripheral)
4942,0.00042105263157894734,1.8517795888448393e-05,5.968106148767701e-05,3,6,0.0,-0.2207600416545527,Khac (Peripheral)
1521,0.0005614035087719298,9.23312073032039e-06,6.36818334851919e-05,4,14,0.625,-0.3825895435149627,Streamer Cau noi (Bridge)
6049,0.001263157894736842,5.438234677783066e-05,0.00011268150511821867,9,5,0.7407407407407407,-0.38256841907957656,Streamer Cau noi (Bridge)
3765,0.004491228070175438,0.001535763884178648,0.00037005766054391836,32,6,0.724609375,0.48866843551876044,Streamer Cau noi (Bridge)
4661,0.00042105263157894734,3.9619111974885025e-06,5.993242628714887e-05,3,16,0.4444444444444444,-0.14312629133157528,Khac (Peripheral)
2617,0.00042105263157894734,1.1113647476418074e-06,5.1719164122434146e-05,3,5,0.4444444444444444,-0.5316210498898012,Khac (Peripheral)
1647,0.0005614035087719298,9.700371569848503e-06,7.374246060794697e-05,4,15,0.625,-0.3322541788802534,Streamer Cau noi (Bridge)
419,0.0007017543859649122,0.00012406522027926702,8.454376447109247e-05,5,5,0.31999999999999984,-0.38256841907957656,Khac (Peripheral)
2858,0.005052631578947368,0.0030075030402062345,0.0005548641779197223,36,4,0.7361111111111112,0.6222426448621533,Streamer Cau noi (Bridge)
3711,0.001543859649122807,0.00023085253075122612,0.00015083756290391594,11,16,0.6942148760330579,0.12451160026243978,Streamer Cau noi (Bridge)
1704,0.0009824561403508772,0.00011334630334909795,0.00012464287677087162,7,9,0.8163265306122449,-0.1780241547109686,Streamer Cau noi (Bridge)
2139,0.00042105263157894734,6.927482512476053e-06,6.671066953246227e-05,3,4,0.4444444444444444,-0.38343001802725735,Khac (Peripheral)
3577,0.011368421052631578,0.0034630085560049036,0.0009013422901083815,81,1,0.5389422344154855,5.183780539103177,Khac (Peripheral)
130,0.001263157894736842,0.00024644986073142004,0.0001393022556422277,9,4,0.7160493827160495,-0.24934032964200262,Streamer Cau noi (Bridge)
1684,0.0014035087719298245,7.014061271869379e-05,0.0001567381185308156,10,4,0.17999999999999994,0.08588389132113426,Khac (Peripheral)
2238,0.00042105263157894734,6.932255705796143e-05,7.09952881616026e-05,3,16,0.0,-0.05391366080023693,Khac (Peripheral)
2974,0.0008421052631578947,0.0014134247722036462,0.0001312797608044374,6,14,0.5,-0.12539418053002366,Khac (Peripheral)
4785,0.0002807017543859649,4.206056682275838e-06,4.428100077426967e-05,2,16,0.5,-0.23233892186291363,Khac (Peripheral)
5981,0.0014035087719298245,0.0009891278592005911,0.00014447364086760147,10,6,0.78,-0.2207600416545527,Streamer Cau noi (Bridge)
1134,0.001263157894736842,0.0002737526801582567,0.00012616260030427951,9,16,0.6172839506172839,0.12451160026243978,Khac (Peripheral)
5922,0.00014035087719298245,0.0,3.237600585943195e-05,1,16,0.0,-0.23233892186291363,Khac (Peripheral)
1302,0.0008421052631578947,0.00022515663929177572,8.928476248332109e-05,6,6,0.6666666666666667,-0.3626457370892153,Streamer Cau noi (Bridge)
5769,0.0002807017543859649,6.864143089495075e-07,4.9715401583849725e-05,2,9,0.5,-0.2584446315564888,Khac (Peripheral)
3053,0.0016842105263157893,0.00016678439383644532,0.00014760878443947575,12,5,0.7777777777777778,-0.38256841907957656,Streamer Cau noi (Bridge)
4095,0.00014035087719298245,0.0,3.337991520894061e-05,1,3,0.0,-0.5587867256689831,Khac (Peripheral)
1912,0.00042105263157894734,0.00020943760243564432,7.144751870994741e-05,3,5,0.4444444444444444,-0.5316210498898012,Khac (Peripheral)
3706,0.027929824561403506,0.021832083686266775,0.0028731090111616077,199,4,0.6805888740183329,6.6562786221986165,Khac (Peripheral)
2634,0.0026666666666666666,0.00029294772396637594,0.00023309400150517358,19,4,0.2770083102493076,0.555197800669526,Khac (Peripheral)
3451,0.00014035087719298245,0.0,3.816759750740503e-05,1,4,0.0,-0.45047486221988475,Khac (Peripheral)
5143,0.0008421052631578947,0.00018879909334422085,0.00010116363281163421,6,16,0.7222222222222222,-0.14312629133157528,Streamer Cau noi (Bridge)
3929,0.0008421052631578947,0.00010498588059961603,9.742291544456228e-05,6,9,0.2777777777777777,0.06323727582559185,Khac (Peripheral)
4345,0.00042105263157894734,1.4116606803828335e-05,5.865295350652574e-05,3,1,0.6666666666666667,-0.7142676008076517,Streamer Cau noi (Bridge)
4484,0.0002807017543859649,3.8383373678104047e-07,4.8832048344426955e-05,2,5,0.0,-0.5316210498898012,Khac (Peripheral)
2072,0.0009824561403508772,0.00019506529835864884,0.00010968070629329091,7,9,0.8163265306122449,-0.2584446315564888,Streamer Cau noi (Bridge)
3997,0.002245614035087719,0.0004729529771783903,0.00018651833475409632,16,3,0.75,0.46489223488034265,Streamer Cau noi (Bridge)
2109,0.00014035087719298245,0.0,3.5586108857642153e-05,1,16,0.0,-0.23233892186291363,Khac (Peripheral)
1032,0.00042105263157894734,3.1675369002302458e-06,6.081097327006309e-05,3,16,0.6666666666666667,-0.23233892186291363,Streamer Cau noi (Bridge)
1443,0.00042105263157894734,1.2751375078113945e-05,5.373473803655819e-05,3,14,0.4444444444444444,-0.3825895435149627,Khac (Peripheral)
116,0.0002807017543859649,0.0,7.46714809740474e-05,2,1,0.0,-0.5986195980643021,Khac (Peripheral)
2480,0.0009824561403508772,8.872258495320478e-06,9.475692088565931e-05,7,1,0.44897959183673464,-0.25167558983425337,Khac (Peripheral)
2643,0.00014035087719298245,0.0,3.656964252021876e-05,1,13,0.0,-0.7589626047638253,Khac (Peripheral)
4994,0.0023859649122807015,5.0965482557540656e-05,0.000188239067342427,17,1,0.0,1.1361004430859416,Khac (Peripheral)
6517,0.0005614035087719298,2.363799350221196e-05,6.746193878864382e-05,4,9,0.375,-0.09760367786544846,Khac (Peripheral)
3160,0.0011228070175438596,0.00023235679442190025,0.00012799210844576496,8,0,0.75,0.029268008972723546,Streamer Cau noi (Bridge)
1820,0.001263157894736842,0.0003040826224573086,0.0001601869732132198,9,14,0.49382716049382713,0.13180118245491543,Khac (Peripheral)
5643,0.0002807017543859649,0.0,4.541470736733212e-05,2,16,0.0,-0.14312629133157528,Khac (Peripheral)
7006,0.0002807017543859649,1.2061201120420064e-06,4.589124292378888e-05,2,1,0.0,-0.5986195980643021,Khac (Peripheral)
4236,0.0007017543859649122,9.20091500977754e-07,7.580677301865465e-05,5,3,0.31999999999999984,-0.04694724539432026,Khac (Peripheral)
4404,0.003929824561403509,0.001072481090073766,0.0003674374015487574,28,5,0.6989795918367347,0.28816841956643435,Streamer Cau noi (Bridge)
4822,0.0002807017543859649,0.0,3.969435174655266e-05,2,5,0.0,-0.5316210498898012,Khac (Peripheral)
6139,0.00014035087719298245,0.0,3.2385891955629855e-05,1,6,0.0,-0.3626457370892153,Khac (Peripheral)
4114,0.0026666666666666666,0.0008595029817242675,0.00024304109452612284,19,1,0.42659279778393355,0.7891564348558929,Khac (Peripheral)
6818,0.00014035087719298245,0.0,3.0243892818107147e-05,1,1,0.0,-0.7142676008076517,Khac (Peripheral)
5588,0.00042105263157894734,5.134280268842993e-05,6.648079700860974e-05,3,15,0.4444444444444444,-0.3322541788802534,Khac (Peripheral)
4776,0.00042105263157894734,7.112829810802072e-06,5.365930173316559e-05,3,9,0.4444444444444444,-0.1780241547109686,Khac (Peripheral)
3540,0.0007017543859649122,0.0001560176248044809,0.00010373952467936216,5,3,0.56,-0.21756040548587458,Khac (Peripheral)
1484,0.0018245614035087717,0.0004006898550494476,0.0002357779244907408,13,14,0.5798816568047337,0.3889965454398545,Khac (Peripheral)
910,0.0005614035087719298,1.0480504648314068e-05,6.792437338081755e-05,4,4,0.375,-0.31638517383463,Khac (Peripheral)
4045,0.0005614035087719298,6.3585288359215116e-06,6.624896512956769e-05,4,9,0.625,-0.1780241547109686,Streamer Cau noi (Bridge)
2782,0.00014035087719298245,0.0,3.2133383499375396e-05,1,9,0.0,-0.2584446315564888,Khac (Peripheral)
6081,0.0011228070175438596,0.00044429392765923714,0.0001109200991688911,8,5,0.40625,-0.2335157882693519,Khac (Peripheral)
1840,0.0007017543859649122,7.043405609702676e-05,8.809514634184727e-05,5,1,0.72,-0.7142676008076517,Streamer Cau noi (Bridge)
4128,0.0014035087719298245,0.001951057431030733,0.0001977922316770171,10,2,0.6599999999999999,0.675207058183154,Streamer Cau noi (Bridge)
2966,0.00014035087719298245,0.0,3.256475268063685e-05,1,16,0.0,-0.23233892186291363,Khac (Peripheral)
6741,0.001263157894736842,0.00012301452715227968,0.00012136493575754072,9,6,0.7407407407407407,-0.1498171939372214,Streamer Cau noi (Bridge)
2580,0.004491228070175438,0.000703319882861085,0.00037611851430193214,32,4,0.466796875,1.0245117100179175,Khac (Peripheral)
5070,0.0007017543859649122,5.141088690083277e-05,9.486495568853603e-05,5,4,0.31999999999999984,-0.24934032964200262,Khac (Peripheral)
1985,0.0023859649122807015,0.00015940538787354927,0.00020598171406183762,17,6,0.532871972318339,0.34678274008409776,Khac (Peripheral)
6355,0.0005614035087719298,1.5339194805063766e-06,7.0822227718246e-05,4,3,0.375,-0.21756040548587458,Khac (Peripheral)
6464,0.0011228070175438596,4.5763164159955454e-05,0.00010818340044672265,8,4,0.65625,-0.24934032964200262,Streamer Cau noi (Bridge)
1989,0.0014035087719298245,6.576459560387357e-05,0.0001412584709741169,10,14,0.6799999999999999,0.003203500962445893,Streamer Cau noi (Bridge)
4145,0.00042105263157894734,7.610752695872546e-06,5.9311957036953865e-05,3,1,0.4444444444444444,-0.5986195980643021,Khac (Peripheral)
4562,0.00042105263157894734,3.3051431714640537e-06,5.1270300065311976e-05,3,5,0.0,-0.4570947344846889,Khac (Peripheral)
2649,0.0002807017543859649,0.0,4.360124245364344e-05,2,1,0.5,-0.7142676008076517,Khac (Peripheral)
6623,0.003087719298245614,0.0007953015465690834,0.0002722841643478505,22,8,0.5826446280991735,3.4229032485718136,Khac (Peripheral)
6599,0.0002807017543859649,0.00014037057832678272,9.236665701455206e-05,2,3,0.0,-0.3881735655774289,Khac (Peripheral)
1455,0.001263157894736842,3.6090994625851104e-05,0.00011361311659661469,9,16,0.7407407407407407,-0.05391366080023693,Streamer Cau noi (Bridge)
3941,0.0002807017543859649,3.0996246360133073e-06,4.652960934964645e-05,2,9,0.5,-0.2584446315564888,Khac (Peripheral)
333,0.0002807017543859649,0.0,4.2480317055257326e-05,2,9,0.0,-0.1780241547109686,Khac (Peripheral)
1351,0.0029473684210526313,0.00013223379148033762,0.0002244356607959213,21,3,0.5804988662131519,1.3179580353381142,Khac (Peripheral)
4613,0.0002807017543859649,1.3149835561578704e-06,4.152629642442127e-05,2,9,0.5,-0.2584446315564888,Khac (Peripheral)
6456,0.00014035087719298245,0.0,3.211486823569884e-05,1,9,0.0,-0.2584446315564888,Khac (Peripheral)
3344,0.0002807017543859649,0.00014037057832678272,7.555811317410549e-05,2,1,0.0,-0.5986195980643021,Khac (Peripheral)
2007,0.002245614035087719,0.00018417279921754552,0.00018016614390709384,16,5,0.4921875,0.1391157887562097,Khac (Peripheral)
1587,0.0005614035087719298,1.5465272815077e-05,6.162911931606862e-05,4,5,0.375,-0.4570947344846889,Khac (Peripheral)
5985,0.0009824561403508772,4.6726501429796284e-05,9.883241488146564e-05,7,3,0.7346938775510204,-0.21756040548587458,Streamer Cau noi (Bridge)
2370,0.00014035087719298245,0.0,4.4258617073770996e-05,1,14,0.0,-0.5111872250074323,Khac (Peripheral)
5211,0.0002807017543859649,1.1781051193152034e-06,5.32824498711674e-05,2,9,0.0,-0.1780241547109686,Khac (Peripheral)
7063,0.0014035087719298245,3.5480189295880436e-05,0.0001576054964505245,10,5,0.6,-0.2335157882693519,Khac (Peripheral)
6690,0.00014035087719298245,0.0,3.349093727425573e-05,1,16,0.0,-0.23233892186291363,Khac (Peripheral)
4539,0.00042105263157894734,4.2170877445241293e-07,5.269881396313743e-05,3,6,0.4444444444444444,-0.29170288937188404,Khac (Peripheral)
14,0.0014035087719298245,0.0001145872946965347,0.00014095645964024137,10,4,0.6,-0.11525064125674786,Khac (Peripheral)
968,0.0002807017543859649,1.889169987507437e-06,5.6691737317004126e-05,2,1,0.0,-0.5986195980643021,Khac (Peripheral)
1316,0.0023859649122807015,0.00026658693004682376,0.00022990656380634728,17,1,0.6782006920415224,0.210916421139145,Streamer Cau noi (Bridge)
2040,0.00014035087719298245,0.0,3.495299151248449e-05,1,16,0.0,-0.23233892186291363,Khac (Peripheral)
6045,0.006175438596491228,0.0014105083236191954,0.0004883484231006476,44,4,0.28409090909090906,1.9631395287147009,Khac (Peripheral)
1559,0.00042105263157894734,1.5716154415626075e-06,5.186377420292417e-05,3,1,0.6666666666666667,-0.7142676008076517,Streamer Cau noi (Bridge)
3873,0.00014035087719298245,0.0,3.156459102178747e-05,1,5,0.0,-0.6061473652949135,Khac (Peripheral)
1432,0.00014035087719298245,0.0,3.0366667895576044e-05,1,5,0.0,-0.6061473652949135,Khac (Peripheral)
7000,0.0029473684210526313,8.86613689089805e-05,0.00023175310087129056,21,4,0.0,0.8904220216326628,Khac (Peripheral)
339,0.0026666666666666666,0.00021824550073689668,0.00024068521578818575,19,8,0.6204986149584487,2.7193207353620035,Khac (Peripheral)
5104,0.0033684210526315787,0.00043660977671485787,0.000293503575329655,24,1,0.7395833333333333,0.210916421139145,Streamer Cau noi (Bridge)
5946,0.002526315789473684,9.640447886002116e-05,0.0002062794404711873,18,4,0.0,0.6892874890547807,Khac (Peripheral)
5846,0.0008421052631578947,4.795440498546559e-06,8.192622224409246e-05,6,5,0.6666666666666667,-0.4570947344846889,Streamer Cau noi (Bridge)
466,0.00575438596491228,0.0017259225989114404,0.00047303536940953737,41,6,0.4318857822724569,1.6946968467133927,Khac (Peripheral)
5525,0.0005614035087719298,4.823577728784752e-05,6.434679886007803e-05,4,4,0.625,-0.38343001802725735,Streamer Cau noi (Bridge)
4363,0.0009824561403508772,4.570000288833635e-06,9.735451105506699e-05,7,2,0.24489795918367352,1.0052239911153695,Khac (Peripheral)
1881,0.00014035087719298245,0.0,3.349093727425573e-05,1,16,0.0,-0.23233892186291363,Khac (Peripheral)
729,0.00014035087719298245,0.0,3.43537117889554e-05,1,0,0.0,-0.5433669491892589,Khac (Peripheral)
4281,0.002105263157894737,0.00039786206171474477,0.00021058731096766374,15,13,0.7466666666666666,0.9659524060630502,Streamer Cau noi (Bridge)
4171,0.001263157894736842,0.00025138898785262925,0.00011955339140428494,9,6,0.6666666666666667,-0.1498171939372214,Streamer Cau noi (Bridge)
494,0.005614035087719298,0.0004541512000297811,0.00040634435968016965,40,5,0.18624999999999992,2.0022736738840177,Khac (Peripheral)
5718,0.00042105263157894734,4.853220016548686e-06,5.760591844986163e-05,3,0,0.6666666666666667,-0.5433669491892589,Streamer Cau noi (Bridge)
2794,0.004070175438596491,0.0017669367094137372,0.0003528567936763064,29,9,0.746730083234245,0.626180613744233,Streamer Cau noi (Bridge)
3008,0.00014035087719298245,0.0,3.35697948825102e-05,1,1,0.0,-0.7142676008076517,Khac (Peripheral)
1008,0.0023859649122807015,0.0003134467801910004,0.00021651177449579022,17,5,0.2145328719723184,0.437221050376659,Khac (Peripheral)
5137,0.0005614035087719298,5.26056687284779e-05,7.043017084197521e-05,4,16,0.75,-0.23233892186291363,Streamer Cau noi (Bridge)
87,0.00014035087719298245,0.0,3.349093727425573e-05,1,16,0.0,-0.23233892186291363,Khac (Peripheral)
3119,0.002245614035087719,0.0006002671926813569,0.0002034379864340037,16,9,0.8359375,-0.0171832010199283,Streamer Cau noi (Bridge)
3391,0.0007017543859649122,3.9129475512032105e-05,7.630234253523152e-05,5,5,0.72,-0.5316210498898012,Streamer Cau noi (Bridge)
1402,0.011228070175438596,0.003250835948712817,0.0009057227993614202,80,5,0.5790625,3.120168404960703,Khac (Peripheral)
4175,0.00042105263157894734,5.36911546172788e-05,7.2697666215619e-05,3,9,0.0,-0.09760367786544846,Khac (Peripheral)
1055,0.0019649122807017545,0.0005883133934492734,0.00018782274684533355,14,2,0.7857142857142857,-0.31484374061349313,Streamer Cau noi (Bridge)
3761,0.0005614035087719298,7.575353823812533e-07,6.940793993074652e-05,4,2,0.0,0.34519012525093823,Khac (Peripheral)
615,0.001543859649122807,0.0004330342103469946,0.0001741916469191658,11,5,0.7107438016528926,-0.3080421036744642,Streamer Cau noi (Bridge)
797,0.00014035087719298245,0.0,3.123904654016177e-05,1,0,0.0,-0.5433669491892589,Khac (Peripheral)
1666,0.004350877192982456,0.0013170583101474534,0.00035048427586484483,31,1,0.33714880332986485,2.061284465032738,Khac (Peripheral)
4033,0.0014035087719298245,0.000378472830473667,0.00014868192407791763,10,9,0.4800000000000001,0.22407822951663217,Khac (Peripheral)
4542,0.00014035087719298245,0.0,3.2385891955629855e-05,1,6,0.0,-0.3626457370892153,Khac (Peripheral)
4467,0.00014035087719298245,0.0,3.7398992638715694e-05,1,4,0.0,-0.45047486221988475,Khac (Peripheral)
272,0.00014035087719298245,0.0,3.114623965223451e-05,1,6,0.0,-0.3626457370892153,Khac (Peripheral)
4681,0.00575438596491228,0.0027037453311618584,0.0004817815274665035,41,4,0.7900059488399762,0.48815295647689855,Streamer Cau noi (Bridge)
2466,0.021052631578947368,0.00839897121596603,0.0018301694295944793,150,9,0.8286222222222223,3.601738257028479,Khac (Peripheral)
1855,0.0014035087719298245,0.00015407174544897334,0.0001507318029507669,10,1,0.5800000000000001,-0.1360275870909038,Khac (Peripheral)
886,0.0002807017543859649,0.0,4.3697099568014e-05,2,6,0.0,-0.29170288937188404,Khac (Peripheral)
1702,0.0029473684210526313,0.00030238212233062455,0.0002373899417996553,21,5,0.5306122448979592,0.3626947349715467,Khac (Peripheral)
6996,0.0007017543859649122,8.997549594106621e-05,9.478018940958025e-05,5,4,0.0,-0.18229548544937524,Khac (Peripheral)
4717,0.0019649122807017545,2.8210843018035305e-05,0.00016598124652027335,14,4,0.0,0.42110811228427114,Khac (Peripheral)
2371,0.0007017543859649122,6.842201175346709e-05,8.941587450986202e-05,5,9,0.31999999999999984,-0.0171832010199283,Khac (Peripheral)
6302,0.00042105263157894734,0.0,5.8189444977975794e-05,3,8,0.0,-0.09500931747723713,Khac (Peripheral)
3175,0.003087719298245614,0.00064643255960367,0.0003201896689816318,22,13,0.6694214876033058,2.690867416889926,Khac (Peripheral)
2395,0.00042105263157894734,1.3045458889916857e-07,6.228566587371611e-05,3,9,0.4444444444444444,-0.1780241547109686,Khac (Peripheral)
2054,0.0032280701754385964,0.0002810264768065688,0.00025944002992095265,23,4,0.23818525519848766,0.8233771774400354,Khac (Peripheral)
6495,0.00014035087719298245,0.0,3.2029188269865987e-05,1,9,0.0,-0.2584446315564888,Khac (Peripheral)
5057,0.0008421052631578947,0.00014437001936610413,0.00011319955133435687,6,4,0.6666666666666667,-0.31638517383463,Streamer Cau noi (Bridge)
6342,0.00014035087719298245,0.0,3.1992374573487124e-05,1,14,0.0,-0.5111872250074323,Khac (Peripheral)
4997,0.00042105263157894734,1.7927443229444317e-05,5.847657719619518e-05,3,13,0.4444444444444444,-0.4139796025984502,Khac (Peripheral)
2246,0.0002807017543859649,1.0324225264464391e-06,5.5764217476695334e-05,2,13,0.5,-0.7589626047638253,Khac (Peripheral)
5860,0.002526315789473684,0.00021255383405121862,0.00022233287190146823,18,15,0.6481481481481481,2.0982899044599783,Streamer Cau noi (Bridge)
1024,0.00014035087719298245,0.0,3.2385891955629855e-05,1,6,0.0,-0.3626457370892153,Khac (Peripheral)
5502,0.0011228070175438596,6.699682643529893e-05,0.0001152072633689506,8,0,0.78125,-0.2570494701082677,Streamer Cau noi (Bridge)
5759,0.0036491228070175434,0.0006648081216057346,0.0002890252641835332,26,5,0.6745562130177515,0.3626947349715467,Streamer Cau noi (Bridge)
1837,0.0005614035087719298,1.807103972429616e-05,7.004935711209314e-05,4,4,0.625,-0.38343001802725735,Streamer Cau noi (Bridge)
5378,0.00014035087719298245,0.0,3.211486823569884e-05,1,9,0.0,-0.2584446315564888,Khac (Peripheral)
587,0.002807017543859649,0.00044331343169676186,0.00024268045901058513,20,6,0.625,0.34678274008409776,Streamer Cau noi (Bridge)
1952,0.00014035087719298245,0.0,3.4703953978141555e-05,1,4,0.0,-0.45047486221988475,Khac (Peripheral)
2501,0.00042105263157894734,1.2772580472238899e-05,7.101238134633868e-05,3,6,0.4444444444444444,-0.29170288937188404,Khac (Peripheral)
3600,0.0005614035087719298,5.800078737254193e-06,6.129444724207283e-05,4,4,0.375,-0.31638517383463,Khac (Peripheral)
4848,0.0005614035087719298,2.535868181242398e-05,7.414320126780517e-05,4,9,0.0,-0.0171832010199283,Khac (Peripheral)
4873,0.0011228070175438596,0.0001723472783779147,0.0001336920429089793,8,9,0.75,-0.09760367786544846,Streamer Cau noi (Bridge)
6839,0.0002807017543859649,1.5401653989409716e-07,4.014512338980563e-05,2,3,0.0,-0.3881735655774289,Khac (Peripheral)
2230,0.0008421052631578947,4.065998343048394e-05,8.564200380084305e-05,6,1,0.6666666666666667,-0.7142676008076517,Streamer Cau noi (Bridge)
6210,0.004070175438596491,0.0005517143850578957,0.00033913018865897466,29,14,0.35434007134363843,2.3179617678268976,Khac (Peripheral)
4584,0.00042105263157894734,4.82835755229285e-07,5.3542798774639216e-05,3,5,0.4444444444444444,-0.5316210498898012,Khac (Peripheral)
6275,0.001543859649122807,0.0006700677186393822,0.00018508890667385096,11,2,0.8429752066115703,0.015173192318722542,Streamer Cau noi (Bridge)
5079,0.003087719298245614,0.0003803657235385996,0.0002797969193892123,22,6,0.6322314049586777,0.4177255878014291,Streamer Cau noi (Bridge)
1308,0.002526315789473684,0.0007535279341999872,0.00025478402168141077,18,1,0.7345679012345679,0.09526841839579539,Streamer Cau noi (Bridge)
3922,0.0009824561403508772,0.0014235533273530823,0.00011610230604077483,7,1,0.7346938775510204,-0.4829715953209526,Streamer Cau noi (Bridge)
6656,0.00014035087719298245,0.0,4.428541162561611e-05,1,1,0.0,-0.7142676008076517,Khac (Peripheral)
1489,0.00014035087719298245,0.0,3.338628045939249e-05,1,9,0.0,-0.2584446315564888,Khac (Peripheral)
379,0.0009824561403508772,5.9455171993880895e-05,9.344070555185383e-05,7,4,0.24489795918367352,-0.11525064125674786,Khac (Peripheral)
2758,0.0009824561403508772,3.13290659782538e-05,9.319462374718598e-05,7,5,0.5714285714285714,-0.38256841907957656,Khac (Peripheral)
164,0.00042105263157894734,1.2950460898122281e-05,5.5871575018458895e-05,3,9,0.0,-0.09760367786544846,Khac (Peripheral)
1450,0.0002807017543859649,4.336386569959991e-06,4.38690178241585e-05,2,9,0.5,-0.2584446315564888,Khac (Peripheral)
5093,0.00042105263157894734,3.325411832464044e-05,5.414199090806817e-05,3,9,0.6666666666666667,-0.2584446315564888,Streamer Cau noi (Bridge)
4716,0.00042105263157894734,1.997597824729331e-05,6.96659557970611e-05,3,0,0.6666666666666667,-0.5433669491892589,Streamer Cau noi (Bridge)
613,0.0002807017543859649,7.485260403348877e-06,4.374651045996065e-05,2,3,0.5,-0.5587867256689831,Khac (Peripheral)
477,0.0002807017543859649,2.7998149376376648e-06,4.2605724818349386e-05,2,9,0.5,-0.2584446315564888,Khac (Peripheral)
4882,0.00014035087719298245,0.0,3.2695148349424987e-05,1,9,0.0,-0.2584446315564888,Khac (Peripheral)
1334,0.008,0.0025127046669832726,0.0006037197838540316,57,1,0.5066174207448446,3.6803565034396324,Khac (Peripheral)
6162,0.0005614035087719298,5.6594097822626404e-05,6.772070275835134e-05,4,5,0.625,-0.5316210498898012,Streamer Cau noi (Bridge)
6835,0.0002807017543859649,3.2551862939483926e-06,7.742932450473142e-05,2,3,0.0,-0.3881735655774289,Khac (Peripheral)
4968,0.0009824561403508772,2.683712043897517e-05,9.358114537531194e-05,7,5,0.6122448979591837,-0.38256841907957656,Khac (Peripheral)
952,0.003789473684210526,0.0008630799442590941,0.0003089117715221744,27,6,0.7352537722908093,0.34678274008409776,Streamer Cau noi (Bridge)
6607,0.0008421052631578947,6.51912513603184e-06,8.189519591390686e-05,6,3,0.7222222222222222,-0.3881735655774289,Streamer Cau noi (Bridge)
125,0.00042105263157894734,2.5171597941215758e-06,5.7346481832245424e-05,3,9,0.0,-0.09760367786544846,Khac (Peripheral)
6395,0.001543859649122807,0.0004120945850383351,0.00013972411535730902,11,1,0.16528925619834722,0.32656442388249457,Khac (Peripheral)
6880,0.00042105263157894734,3.591450894117175e-05,5.8208859996011696e-05,3,16,0.6666666666666667,-0.23233892186291363,Streamer Cau noi (Bridge)
4243,0.00042105263157894734,2.3262554955943272e-05,5.6130533029422934e-05,3,16,0.4444444444444444,-0.14312629133157528,Khac (Peripheral)
6098,0.0005614035087719298,2.356936100363888e-05,6.181522701134043e-05,4,5,0.625,-0.5316210498898012,Streamer Cau noi (Bridge)
1274,0.0002807017543859649,5.126426016909467e-06,4.8305527639069785e-05,2,1,0.5,-0.7142676008076517,Khac (Peripheral)
5374,0.00014035087719298245,0.0,3.606933201431283e-05,1,1,0.0,-0.7142676008076517,Khac (Peripheral)
993,0.00014035087719298245,0.0,3.3028528333111306e-05,1,1,0.0,-0.7142676008076517,Khac (Peripheral)
4866,0.0007017543859649122,2.1877273668955692e-05,7.500425787846857e-05,5,5,0.56,-0.4570947344846889,Khac (Peripheral)
5019,0.00014035087719298245,0.0,3.0019063782680616e-05,1,1,0.0,-0.7142676008076517,Khac (Peripheral)
7073,0.00014035087719298245,0.0,3.413207795393618e-05,1,14,0.0,-0.5111872250074323,Khac (Peripheral)
7028,0.00014035087719298245,0.0,3.5981251170631284e-05,1,6,0.0,-0.3626457370892153,Khac (Peripheral)
5617,0.00014035087719298245,0.0,3.3130037804284954e-05,1,14,0.0,-0.5111872250074323,Khac (Peripheral)
4824,0.0009824561403508772,0.00018267894314203314,0.000115413774393311,7,4,0.44897959183673464,-0.18229548544937524,Khac (Peripheral)
1474,0.0008421052631578947,0.00020469389360901292,9.188460443882214e-05,6,9,0.8333333333333334,-0.2584446315564888,Streamer Cau noi (Bridge)
5016,0.0002807017543859649,0.0,4.1288521026407974e-05,2,4,0.0,-0.38343001802725735,Khac (Peripheral)
4419,0.00014035087719298245,0.0,4.781880480127967e-05,1,2,0.0,-0.6448606735457089,Khac (Peripheral)
892,0.0008421052631578947,0.00014519009913214085,0.00012551912832725333,6,16,0.5,0.03529896973110142,Khac (Peripheral)
3849,0.0007017543859649122,1.3017796560538624e-05,8.158617595437165e-05,5,1,0.31999999999999984,-0.36732359257760294,Khac (Peripheral)
5707,0.0008421052631578947,0.00020897978708407468,0.0001242009709185677,6,0,0.4444444444444444,0.3155854880537148,Khac (Peripheral)
2801,0.00014035087719298245,0.0,3.410022426877764e-05,1,15,0.0,-0.6360721892977823,Khac (Peripheral)
3537,0.00014035087719298245,0.0,3.444553015792365e-05,1,4,0.0,-0.45047486221988475,Khac (Peripheral)
2969,0.00014035087719298245,0.0,3.408028979449471e-05,1,4,0.0,-0.45047486221988475,Khac (Peripheral)
2336,0.0008421052631578947,2.3361460719185725e-05,8.329266314135799e-05,6,1,0.6666666666666667,-0.4829715953209526,Streamer Cau noi (Bridge)
1887,0.0002807017543859649,0.0,5.399816617566018e-05,2,3,0.0,-0.3881735655774289,Khac (Peripheral)
5696,0.00014035087719298245,0.0,3.25657756929437e-05,1,5,0.0,-0.6061473652949135,Khac (Peripheral)
3703,0.0029473684210526313,5.198882762385718e-05,0.00023910519107868503,21,5,0.25396825396825407,0.660799996591996,Khac (Peripheral)
1331,0.0005614035087719298,4.964677080518728e-05,6.3581295560644e-05,4,1,0.625,-0.5986195980643021,Streamer Cau noi (Bridge)
4410,0.00042105263157894734,3.1057916900722817e-06,5.288628656833736e-05,3,9,0.0,-0.09760367786544846,Khac (Peripheral)
2124,0.0011228070175438596,0.00018567296041469076,0.0001265715681205948,8,13,0.65625,0.27598640173230005,Streamer Cau noi (Bridge)
6191,0.0005614035087719298,3.7022122477413816e-06,6.360787093581765e-05,4,3,0.375,-0.21756040548587458,Khac (Peripheral)
5657,0.0009824561403508772,3.103901822985378e-05,0.00010392856438585409,7,1,0.40816326530612246,-0.25167558983425337,Khac (Peripheral)
1770,0.00042105263157894734,1.0950060702767937e-06,6.0262872418643106e-05,3,13,0.4444444444444444,-0.4139796025984502,Khac (Peripheral)
2160,0.0002807017543859649,1.9451599634346834e-07,4.391282372441987e-05,2,5,0.0,-0.5316210498898012,Khac (Peripheral)
2285,0.0007017543859649122,1.2527955398435248e-05,9.41688054044001e-05,5,13,0.31999999999999984,0.27598640173230005,Khac (Peripheral)
5706,0.0002807017543859649,3.92925147134978e-05,9.331758049993865e-05,2,2,0.5,-0.6448606735457089,Khac (Peripheral)
5321,0.003087719298245614,4.576998586058436e-05,0.00024339123061116761,22,4,0.0,0.9574668658252902,Khac (Peripheral)
6608,0.00014035087719298245,0.0,3.150080602367369e-05,1,9,0.0,-0.2584446315564888,Khac (Peripheral)
2582,0.0005614035087719298,0.0014198830358978774,9.889918467302934e-05,4,9,0.375,-0.09760367786544846,Khac (Peripheral)
6063,0.0002807017543859649,2.385173894367408e-06,5.0509203604834775e-05,2,9,0.5,-0.2584446315564888,Khac (Peripheral)
4453,0.00014035087719298245,0.0,3.86134135337227e-05,1,14,0.0,-0.5111872250074323,Khac (Peripheral)
847,0.0002807017543859649,9.95142038865165e-06,5.569310409423105e-05,2,6,0.0,-0.29170288937188404,Khac (Peripheral)
409,0.001543859649122807,0.001229366651387482,0.00017026666324338328,11,14,0.5454545454545454,0.260398863947385,Khac (Peripheral)
408,0.0023859649122807015,0.0002717867624412537,0.0001994784023505653,17,6,0.6643598615916955,0.20489704464943517,Streamer Cau noi (Bridge)
6941,0.00575438596491228,0.00039028043922085414,0.000408554616977981,41,5,0.33551457465794154,1.7786947276686809,Khac (Peripheral)
6886,0.00042105263157894734,1.2931653345930909e-05,5.482034963614852e-05,3,4,0.4444444444444444,-0.38343001802725735,Khac (Peripheral)
2002,0.006035087719298245,0.0021669851682255404,0.0004468663632249809,43,5,0.5830178474851271,1.1824842044277823,Khac (Peripheral)
748,0.003929824561403509,0.0015099218569456273,0.0003377003329813482,28,5,0.7627551020408163,0.21364210416132204,Streamer Cau noi (Bridge)
713,0.0011228070175438596,0.0001925055702206164,0.00012451370606464984,8,16,0.5625,0.12451160026243978,Khac (Peripheral)
5978,0.0007017543859649122,3.58375896071869e-05,7.4011171026719e-05,5,5,0.72,-0.5316210498898012,Streamer Cau noi (Bridge)
5554,0.0054736842105263155,0.0010291215293089817,0.0004059223147749054,39,5,0.5746219592373438,1.10795788902267,Khac (Peripheral)
3370,0.0018245614035087717,3.7577067970568345e-05,0.00014502089262703676,13,1,0.2603550295857988,0.44221242662584415,Khac (Peripheral)
4556,0.0018245614035087717,0.0004205445189442435,0.0002026907044249272,13,1,0.47337278106508884,0.210916421139145,Khac (Peripheral)
872,0.0009824561403508772,6.538539547833866e-05,0.00010665311121926981,7,16,0.6938775510204083,-0.05391366080023693,Streamer Cau noi (Bridge)
246,0.0005614035087719298,5.1148590172410324e-05,6.93588923044509e-05,4,14,0.75,-0.5111872250074323,Streamer Cau noi (Bridge)
7056,0.0011228070175438596,4.504485147477481e-05,0.00012411107112760765,8,6,0.5625,-0.07887434621989009,Khac (Peripheral)
1293,0.00014035087719298245,0.0,3.174247194801738e-05,1,4,0.0,-0.45047486221988475,Khac (Peripheral)
6166,0.0019649122807017545,0.00018572757817167984,0.0001882830574096631,14,6,0.13265306122448983,0.48866843551876044,Khac (Peripheral)
6294,0.0005614035087719298,0.0001434544628218267,8.749330361562606e-05,4,4,0.0,-0.24934032964200262,Khac (Peripheral)
2177,0.0014035087719298245,0.00023858935790190388,0.00013398066443480938,10,14,0.82,-0.3825895435149627,Streamer Cau noi (Bridge)
171,0.00042105263157894734,3.1129249205362075e-06,5.630914686593416e-05,3,14,0.4444444444444444,-0.3825895435149627,Khac (Peripheral)
1291,0.0002807017543859649,8.187235195556505e-06,4.346013437489338e-05,2,6,0.5,-0.3626457370892153,Khac (Peripheral)
6361,0.00014035087719298245,0.0,3.337991520894061e-05,1,3,0.0,-0.5587867256689831,Khac (Peripheral)
2386,0.0005614035087719298,6.5274761694239344e-09,9.711340969572529e-05,4,14,0.0,-0.12539418053002366,Khac (Peripheral)
515,0.0005614035087719298,2.7792039384351985e-05,6.281560016979283e-05,4,9,0.5,-0.1780241547109686,Khac (Peripheral)
6372,0.00014035087719298245,0.0,3.2385891955629855e-05,1,6,0.0,-0.3626457370892153,Khac (Peripheral)
6198,0.0002807017543859649,1.0281060401509176e-05,4.333677275244174e-05,2,9,0.5,-0.2584446315564888,Khac (Peripheral)
2286,0.00014035087719298245,0.0,3.148382512981153e-05,1,9,0.0,-0.2584446315564888,Khac (Peripheral)
5259,0.0002807017543859649,0.0,5.2171236307051644e-05,2,9,0.0,-0.1780241547109686,Khac (Peripheral)
4382,0.001543859649122807,0.00014482314605254406,0.00015891655602470566,11,2,0.7107438016528925,0.34519012525093823,Streamer Cau noi (Bridge)
5917,0.0002807017543859649,1.8841446096119322e-06,4.497506374166469e-05,2,9,0.5,-0.2584446315564888,Khac (Peripheral)
767,0.00014035087719298245,0.0,3.317720081402534e-05,1,6,0.0,-0.3626457370892153,Khac (Peripheral)
2877,0.0005614035087719298,6.0725887275777534e-05,7.674573226974394e-05,4,15,0.375,-0.02843616846272445,Khac (Peripheral)
5810,0.0058947368421052625,0.0011445886205802048,0.0005149053239699341,42,14,0.5714285714285714,2.703754812304306,Khac (Peripheral)
1699,0.004771929824561403,0.0003419242093887992,0.0003661398153454065,34,6,0.16435986159169558,1.765639694430724,Khac (Peripheral)
5482,0.0005614035087719298,3.100250457828106e-05,6.448144889212893e-05,4,5,0.625,-0.5316210498898012,Streamer Cau noi (Bridge)
3571,0.00014035087719298245,0.0,4.516213382089899e-05,1,16,0.0,-0.23233892186291363,Khac (Peripheral)
337,0.0002807017543859649,0.0,4.203530416506125e-05,2,2,0.5,-0.6448606735457089,Khac (Peripheral)
6401,0.00014035087719298245,0.0,3.1886592249642875e-05,1,14,0.0,-0.5111872250074323,Khac (Peripheral)
4373,0.00014035087719298245,0.0,3.257511039516608e-05,1,6,0.0,-0.3626457370892153,Khac (Peripheral)
6514,0.00042105263157894734,2.0097469804920878e-06,5.39151172485866e-05,3,6,0.4444444444444444,-0.29170288937188404,Khac (Peripheral)
5176,0.00014035087719298245,0.0,3.216504583344194e-05,1,4,0.0,-0.45047486221988475,Khac (Peripheral)
5908,0.0002807017543859649,5.052196486803386e-06,4.493288432311213e-05,2,1,0.5,-0.7142676008076517,Khac (Peripheral)
5324,0.0005614035087719298,5.705059113396991e-05,7.014217509681905e-05,4,6,0.75,-0.3626457370892153,Streamer Cau noi (Bridge)
54,0.0002807017543859649,2.7107661713925076e-07,4.652411135757797e-05,2,14,0.0,-0.3825895435149627,Khac (Peripheral)
2525,0.0014035087719298245,9.484841786190186e-05,0.00013411143851589083,10,6,0.6599999999999999,-0.1498171939372214,Streamer Cau noi (Bridge)
689,0.001543859649122807,8.057879794818672e-05,0.0001577625064563202,11,0,0.4297520661157025,1.4608554043776796,Khac (Peripheral)
2162,0.0011228070175438596,0.00038975029029235527,0.00011705290859566992,8,4,0.78125,-0.31638517383463,Streamer Cau noi (Bridge)
2697,0.001543859649122807,0.0001919994076418901,0.0001415722988228405,11,5,0.6776859504132231,-0.3080421036744642,Streamer Cau noi (Bridge)
4077,0.00014035087719298245,0.0,3.257378945141548e-05,1,5,0.0,-0.6061473652949135,Khac (Peripheral)
5811,0.001263157894736842,0.00014128343107353114,0.00012644494153134274,9,8,0.49382716049382713,0.9603644523374781,Khac (Peripheral)
1452,0.0002807017543859649,7.701252012521379e-06,6.21230851115005e-05,2,4,0.0,-0.38343001802725735,Khac (Peripheral)
5332,0.00014035087719298245,0.0,3.5230466712417594e-05,1,9,0.0,-0.2584446315564888,Khac (Peripheral)
5725,0.001543859649122807,0.00015148131211432093,0.00015499763699827035,11,14,0.4297520661157025,0.3889965454398545,Khac (Peripheral)
5135,0.00014035087719298245,0.0,4.5367963013337966e-05,1,16,0.0,-0.23233892186291363,Khac (Peripheral)
4896,0.0005614035087719298,0.00016071842628034662,6.960675063772536e-05,4,6,0.625,-0.3626457370892153,Streamer Cau noi (Bridge)
3116,0.00014035087719298245,0.0,3.3563738391583e-05,1,4,0.0,-0.45047486221988475,Khac (Peripheral)
5281,0.0007017543859649122,1.9845660795982505e-05,7.769345920385519e-05,5,9,0.56,-0.09760367786544846,Khac (Peripheral)
4514,0.0008421052631578947,4.427346702981997e-05,8.229412357593263e-05,6,4,0.4444444444444444,-0.24934032964200262,Khac (Peripheral)
3972,0.0002807017543859649,0.00014037057832678272,8.194900393432983e-05,2,0,0.0,-0.2570494701082677,Khac (Peripheral)
2584,0.0002807017543859649,4.3423683428375297e-07,4.7875938362479135e-05,2,16,0.0,-0.14312629133157528,Khac (Peripheral)
1052,0.0007017543859649122,6.6605564458228354e-06,7.897839982810487e-05,5,1,0.48,-0.4829715953209526,Khac (Peripheral)
6868,0.0011228070175438596,0.000144835521181849,0.00011816388966465,8,5,0.53125,-0.3080421036744642,Khac (Peripheral)
1245,0.00014035087719298245,0.0,4.0205005549430475e-05,1,9,0.0,-0.2584446315564888,Khac (Peripheral)
1322,0.0016842105263157893,0.0006210216352131779,0.00016186291533304458,12,4,0.75,-0.18229548544937524,Streamer Cau noi (Bridge)
1756,0.00042105263157894734,3.5609457237385357e-06,5.412804069733573e-05,3,4,0.4444444444444444,-0.38343001802725735,Khac (Peripheral)
6574,0.00014035087719298245,0.0,3.3551411723864486e-05,1,1,0.0,-0.7142676008076517,Khac (Peripheral)
4043,0.0008421052631578947,2.0535079525171397e-05,9.312975970251494e-05,6,9,0.2777777777777777,0.06323727582559185,Khac (Peripheral)
2511,0.0009824561403508772,0.0002074679284168543,0.00013837716326135855,7,1,0.0,-0.020379584347554196,Khac (Peripheral)
5169,0.00042105263157894734,7.693580420998228e-06,5.3420731731786464e-05,3,3,0.4444444444444444,-0.3881735655774289,Khac (Peripheral)
5596,0.00014035087719298245,0.0,3.349093727425573e-05,1,16,0.0,-0.23233892186291363,Khac (Peripheral)
3805,0.001263157894736842,0.00012172042353832111,0.00013133130522869854,9,14,0.8148148148148149,-0.3825895435149627,Streamer Cau noi (Bridge)
383,0.002105263157894737,0.00015503564262977387,0.00018313626355921054,15,9,0.6577777777777778,0.3044987063621523,Streamer Cau noi (Bridge)
4270,0.0005614035087719298,0.00018593853865254067,8.518794856291826e-05,4,16,0.0,0.03529896973110142,Khac (Peripheral)
5356,0.00042105263157894734,2.8140585139492364e-06,5.405487645339683e-05,3,0,0.4444444444444444,-0.2570494701082677,Khac (Peripheral)
6633,0.00014035087719298245,0.0,4.833467395078621e-05,1,16,0.0,-0.23233892186291363,Khac (Peripheral)
2601,0.00042105263157894734,1.313650062239498e-05,6.389056032991662e-05,3,1,0.0,-0.4829715953209526,Khac (Peripheral)
2873,0.00014035087719298245,0.0,3.1992374573487124e-05,1,14,0.0,-0.5111872250074323,Khac (Peripheral)
5872,0.0019649122807017545,0.0005013486130156913,0.00018727252119339662,14,1,0.7959183673469388,-0.36732359257760294,Streamer Cau noi (Bridge)
2206,0.00042105263157894734,2.0656273491315126e-06,5.687356407077633e-05,3,4,0.0,-0.31638517383463,Khac (Peripheral)
4213,0.003508771929824561,0.0003530851853792404,0.0003031436563336117,25,5,0.7392000000000001,0.1391157887562097,Streamer Cau noi (Bridge)
6679,0.00014035087719298245,0.0,3.4164729848385104e-05,1,1,0.0,-0.7142676008076517,Khac (Peripheral)
2754,0.0007017543859649122,0.00010044476003156004,8.649228943476378e-05,5,16,0.31999999999999984,0.03529896973110142,Khac (Peripheral)
5187,0.0007017543859649122,3.0295857345482623e-05,8.000073759581902e-05,5,0,0.56,0.029268008972723546,Khac (Peripheral)
4257,0.0002807017543859649,4.802396782442671e-06,4.49212645371146e-05,2,2,0.5,-0.6448606735457089,Khac (Peripheral)
3355,0.00014035087719298245,0.0,3.2029188269865987e-05,1,9,0.0,-0.2584446315564888,Khac (Peripheral)
5943,0.00014035087719298245,0.0,3.128453364667498e-05,1,5,0.0,-0.6061473652949135,Khac (Peripheral)
3748,0.00042105263157894734,1.4653691029701152e-06,5.971834336948516e-05,3,16,0.4444444444444444,-0.14312629133157528,Khac (Peripheral)
831,0.003929824561403509,0.0004927663156978683,0.00033386336606422873,28,5,0.6403061224489797,0.5117473657817714,Streamer Cau noi (Bridge)
754,0.0002807017543859649,0.0013901951151038745,8.252179066546935e-05,2,0,0.0,-0.2570494701082677,Khac (Peripheral)
6483,0.0011228070175438596,1.409842147007678e-05,0.00010550270158613353,8,6,0.21875,0.06301134921477253,Khac (Peripheral)
6501,0.002245614035087719,0.00048311964426937234,0.00018857932584461268,16,1,0.671875,0.09526841839579539,Streamer Cau noi (Bridge)
2348,0.002105263157894737,0.0001128700632904585,0.00017810852321649076,15,1,0.23111111111111104,0.6735084321125433,Khac (Peripheral)
2239,0.0014035087719298245,0.0013018402720214326,0.0001520396514102508,10,9,0.54,0.14365775267111203,Khac (Peripheral)
3526,0.00042105263157894734,5.0086843068178625e-08,5.708994209084572e-05,3,5,0.4444444444444444,-0.5316210498898012,Khac (Peripheral)
4360,0.00014035087719298245,0.0,3.2133383499375396e-05,1,9,0.0,-0.2584446315564888,Khac (Peripheral)
3533,0.002245614035087719,0.0013120724468810327,0.0002033404257947892,16,6,0.765625,-0.00793149850255878,Streamer Cau noi (Bridge)
6345,0.0026666666666666666,0.0004812938911551384,0.00021335173764153986,19,1,0.6592797783933518,0.210916421139145,Streamer Cau noi (Bridge)
2651,0.00042105263157894734,3.128695657990743e-05,6.423415507578177e-05,3,10,0.4444444444444444,-0.48321712779513526,Khac (Peripheral)
6371,0.0002807017543859649,4.507591690349703e-05,5.594392683343292e-05,2,2,0.5,-0.6448606735457089,Khac (Peripheral)
5166,0.0008421052631578947,0.00019429754095710505,0.00012585997848009152,6,4,0.5,-0.24934032964200262,Khac (Peripheral)
2263,0.0005614035087719298,2.04966440442944e-05,6.775888349935984e-05,4,5,0.625,-0.5316210498898012,Streamer Cau noi (Bridge)
3558,0.0005614035087719298,1.847212300804419e-05,7.254785540007913e-05,4,15,0.75,-0.6360721892977823,Streamer Cau noi (Bridge)
5608,0.0002807017543859649,1.3389904797922838e-06,4.1180485202049785e-05,2,4,0.0,-0.38343001802725735,Khac (Peripheral)
5424,0.0008421052631578947,2.053324845472579e-05,0.00010260623723688462,6,2,0.5,0.34519012525093823,Khac (Peripheral)
3594,0.00042105263157894734,2.694976519734102e-05,5.69025222759934e-05,3,13,0.4444444444444444,-0.4139796025984502,Khac (Peripheral)
4166,0.0005614035087719298,1.901332846482424e-05,7.378901931408056e-05,4,9,0.625,-0.1780241547109686,Streamer Cau noi (Bridge)
6771,0.00014035087719298245,0.0,3.6138000631900475e-05,1,16,0.0,-0.23233892186291363,Khac (Peripheral)
4796,0.0011228070175438596,0.0003072065367904723,0.00010712734139799727,8,1,0.59375,-0.36732359257760294,Khac (Peripheral)
3458,0.0054736842105263155,0.0019016581017578793,0.000427095580752766,39,5,0.7652859960552268,0.5862736811868836,Streamer Cau noi (Bridge)
1233,0.0011228070175438596,2.897098979135867e-05,0.0001267524828715655,8,13,0.0,1.6559184103938005,Khac (Peripheral)
6397,0.002807017543859649,0.002042593172157589,0.00031037227900484527,20,10,0.6000000000000001,2.5471275719370685,Khac (Peripheral)
2360,0.0008421052631578947,0.00020814961343896044,9.605146103289405e-05,6,1,0.5,-0.36732359257760294,Khac (Peripheral)
4127,0.0018245614035087717,0.00016520416361301063,0.00016023635515429157,13,1,0.3905325443786982,0.32656442388249457,Khac (Peripheral)
2637,0.0005614035087719298,2.4104500136606434e-05,6.168865929596625e-05,4,1,0.375,-0.4829715953209526,Khac (Peripheral)
2055,0.0007017543859649122,0.00014507581858953474,0.00010105374605851538,5,4,0.31999999999999984,-0.24934032964200262,Khac (Peripheral)
6811,0.0016842105263157893,8.163149766765807e-06,0.0001412543448881687,12,4,0.0,0.2870184238990164,Khac (Peripheral)
4960,0.0005614035087719298,3.242229606195029e-05,6.828261959947793e-05,4,5,0.625,-0.5316210498898012,Streamer Cau noi (Bridge)
752,0.002526315789473684,0.00026116858236863546,0.00021791565168174942,18,5,0.7283950617283951,-0.08446315745912726,Streamer Cau noi (Bridge)
4596,0.0002807017543859649,4.458252906908741e-06,5.8041628971473234e-05,2,15,0.5,-0.6360721892977823,Khac (Peripheral)
5647,0.0007017543859649122,5.716848163601143e-05,7.665632515930673e-05,5,9,0.56,-0.09760367786544846,Khac (Peripheral)
2920,0.0011228070175438596,0.0006005249919655837,0.0001174997153034614,8,4,0.65625,-0.38343001802725735,Streamer Cau noi (Bridge)
5899,0.0016842105263157893,0.0001648460747175212,0.00015810543598343026,12,5,0.6805555555555556,-0.2335157882693519,Streamer Cau noi (Bridge)
3597,0.0008421052631578947,0.0001169870416972979,8.815509521378275e-05,6,4,0.6111111111111112,-0.38343001802725735,Khac (Peripheral)
6366,0.0007017543859649122,1.6801894107405407e-05,7.443081826545731e-05,5,8,0.6399999999999999,-0.4468005740821422,Streamer Cau noi (Bridge)
6405,0.004350877192982456,0.0006926590896035085,0.00034523526864190375,31,1,0.3392299687825183,2.061284465032738,Khac (Peripheral)
6344,0.001543859649122807,3.678916211983732e-05,0.00014398964246580706,11,8,0.31404958677685935,2.0157382221521933,Khac (Peripheral)
3205,0.0005614035087719298,3.015083329382245e-06,6.642394115185008e-05,4,1,0.375,-0.4829715953209526,Khac (Peripheral)
4427,0.0011228070175438596,0.00018578026066844129,0.00011209025443971033,8,6,0.75,-0.29170288937188404,Streamer Cau noi (Bridge)
6780,0.0008421052631578947,0.00017242159753852422,0.00010824592524758646,6,9,0.6666666666666667,-0.09760367786544846,Streamer Cau noi (Bridge)
1261,0.00042105263157894734,1.6038170253223293e-06,5.426875501921192e-05,3,14,0.4444444444444444,-0.3825895435149627,Khac (Peripheral)
4741,0.0009824561403508772,0.0001588767802346226,0.00010218998785378572,7,4,0.44897959183673464,-0.18229548544937524,Khac (Peripheral)
5564,0.00042105263157894734,2.783450630711666e-05,6.704608502788059e-05,3,14,0.4444444444444444,-0.3825895435149627,Khac (Peripheral)
1358,0.0005614035087719298,3.0530258729721195e-05,7.132492171644533e-05,4,9,0.375,-0.09760367786544846,Khac (Peripheral)
912,0.0009824561403508772,1.8104023160698543e-05,8.836469204905532e-05,7,5,0.6122448979591837,-0.38256841907957656,Khac (Peripheral)
2572,0.00014035087719298245,0.0,3.1597957718197576e-05,1,5,0.0,-0.6061473652949135,Khac (Peripheral)
3729,0.00014035087719298245,0.0,3.791532353688368e-05,1,4,0.0,-0.45047486221988475,Khac (Peripheral)
918,0.0009824561403508772,0.00011103133259439015,0.00010482296980386813,7,5,0.7755102040816326,-0.5316210498898012,Streamer Cau noi (Bridge)
2243,0.001543859649122807,0.00023290225284458986,0.00015046178511455375,11,6,0.743801652892562,-0.07887434621989009,Streamer Cau noi (Bridge)
1541,0.00014035087719298245,0.0,3.715629642059062e-05,1,4,0.0,-0.45047486221988475,Khac (Peripheral)
5446,0.004210526315789474,0.0008835574109292734,0.0003490981695904204,30,5,0.6422222222222222,0.5862736811868836,Streamer Cau noi (Bridge)
3288,0.001263157894736842,0.0007419830307480422,0.00012148417893482157,9,6,0.7160493827160495,-0.2207600416545527,Streamer Cau noi (Bridge)
3030,0.00014035087719298245,0.0,3.3359240679010505e-05,1,8,0.0,-0.7985918306870473,Khac (Peripheral)
922,0.0008421052631578947,4.0769946307834883e-05,8.889707466649219e-05,6,9,0.5,-0.0171832010199283,Khac (Peripheral)
3790,0.001263157894736842,0.00013093674966565725,0.0001348916916747437,9,3,0.7160493827160495,-0.04694724539432026,Streamer Cau noi (Bridge)
3017,0.001543859649122807,0.0006571506596722703,0.0001583333228636945,11,6,0.7272727272727273,-0.07887434621989009,Streamer Cau noi (Bridge)
6403,0.002807017543859649,0.0003596554288911089,0.0002617979479041402,20,6,0.78,0.06301134921477253,Streamer Cau noi (Bridge)
1953,0.0005614035087719298,1.0145100186960267e-05,6.511369046745433e-05,4,1,0.625,-0.5986195980643021,Streamer Cau noi (Bridge)
3122,0.0007017543859649122,2.874923683611154e-05,8.216399671158839e-05,5,4,0.0,-0.18229548544937524,Khac (Peripheral)
2866,0.0002807017543859649,8.984385308334892e-07,4.606781726803766e-05,2,5,0.0,-0.5316210498898012,Khac (Peripheral)
4061,0.0005614035087719298,0.0013903745596081517,9.23268770565935e-05,4,4,0.0,-0.24934032964200262,Khac (Peripheral)
42,0.0005614035087719298,9.569335453425186e-06,7.23283726077387e-05,4,14,0.625,-0.3825895435149627,Streamer Cau noi (Bridge)
5683,0.0018245614035087717,0.0001312468149580969,0.00017536728819273015,13,16,0.2721893491124261,0.6597873834504699,Khac (Peripheral)
6838,0.003929824561403509,0.0006442988807424335,0.0003507197804365506,28,14,0.6071428571428572,1.4177779973796107,Khac (Peripheral)
2240,0.00014035087719298245,0.0,3.419843175729226e-05,1,4,0.0,-0.45047486221988475,Khac (Peripheral)
6458,0.0014035087719298245,8.854778615031339e-05,0.00014310302897481826,10,14,0.4600000000000001,0.260398863947385,Khac (Peripheral)
1487,0.0007017543859649122,2.709707351849535e-05,7.819846529100402e-05,5,6,0.56,-0.2207600416545527,Khac (Peripheral)
5231,0.001263157894736842,6.686535157202241e-05,0.00011664908933096546,9,5,0.6172839506172839,-0.3080421036744642,Khac (Peripheral)
1889,0.0002807017543859649,1.7720798411770307e-06,5.675466783088763e-05,2,9,0.5,-0.2584446315564888,Khac (Peripheral)
965,0.002105263157894737,0.0007025424172803412,0.0002128922843670124,15,9,0.7377777777777778,0.14365775267111203,Streamer Cau noi (Bridge)
5684,0.004771929824561403,0.001686781159256378,0.00037223087635402725,34,5,0.5224913494809688,1.0334315736175577,Khac (Peripheral)
6111,0.001263157894736842,7.784348085742482e-05,0.00013903186047726943,9,6,0.37037037037037035,0.06301134921477253,Khac (Peripheral)
5307,0.0011228070175438596,1.4836877309425629e-05,0.00011354488231379681,8,4,0.21875,-0.04820579706412048,Khac (Peripheral)
3821,0.0018245614035087717,6.853296859325987e-05,0.00015495104969599603,13,1,0.5207100591715976,0.09526841839579539,Khac (Peripheral)
2658,0.0002807017543859649,0.0,4.074726073712683e-05,2,5,0.0,-0.5316210498898012,Khac (Peripheral)
6786,0.00042105263157894734,4.099010091319362e-05,5.571226392479688e-05,3,16,0.6666666666666667,-0.23233892186291363,Streamer Cau noi (Bridge)
335,0.001263157894736842,0.00011113856928060599,0.00013115384129127214,9,4,0.37037037037037035,-0.04820579706412048,Khac (Peripheral)
2438,0.0008421052631578947,0.00011787303773590697,9.75947098551331e-05,6,16,0.6111111111111112,-0.05391366080023693,Khac (Peripheral)
1688,0.001543859649122807,0.00014937425275766543,0.00013278588919517914,11,1,0.44628099173553715,0.09526841839579539,Khac (Peripheral)
5335,0.0002807017543859649,1.3348195887290574e-06,4.1439977158325806e-05,2,1,0.5,-0.7142676008076517,Khac (Peripheral)
4123,0.001263157894736842,0.00016454685432303734,0.00013107580313600196,9,4,0.6419753086419753,-0.24934032964200262,Streamer Cau noi (Bridge)
3580,0.0011228070175438596,8.875040380774354e-05,0.00010727796100544925,8,1,0.6875,-0.36732359257760294,Streamer Cau noi (Bridge)
2195,0.0016842105263157893,0.00034975605851724823,0.00017684387672480242,12,16,0.6944444444444444,0.2137242307937781,Streamer Cau noi (Bridge)
1674,0.0007017543859649122,3.543986433191399e-05,8.267703699406496e-05,5,5,0.48,-0.4570947344846889,Khac (Peripheral)
6200,0.00014035087719298245,0.0,3.598676844600046e-05,1,15,0.0,-0.6360721892977823,Khac (Peripheral)
282,0.0007017543859649122,4.3976127411408085e-05,9.953213218884466e-05,5,1,0.0,-0.25167558983425337,Khac (Peripheral)
291,0.002245614035087719,0.000212916553510202,0.00019992762003491704,16,5,0.6640625,-0.08446315745912726,Streamer Cau noi (Bridge)
1079,0.0002807017543859649,4.454168101132161e-06,4.772303637835968e-05,2,9,0.5,-0.2584446315564888,Khac (Peripheral)
1739,0.002807017543859649,0.000594426518257899,0.00028569981655119265,20,6,0.595,0.4177255878014291,Khac (Peripheral)
4352,0.0007017543859649122,2.4513291289172823e-05,7.786045519422208e-05,5,5,0.56,-0.4570947344846889,Khac (Peripheral)
4793,0.003789473684210526,0.0027947216332145134,0.00033155310793660144,27,9,0.7956104252400549,0.3849191832076725,Streamer Cau noi (Bridge)
4237,0.0002807017543859649,1.994186626453451e-06,5.47332251062906e-05,2,14,0.0,-0.3825895435149627,Khac (Peripheral)
2896,0.00014035087719298245,0.0,3.2484633243274565e-05,1,6,0.0,-0.3626457370892153,Khac (Peripheral)
2172,0.0002807017543859649,0.00014037057832678272,8.078328102532545e-05,2,6,0.0,-0.29170288937188404,Khac (Peripheral)
4509,0.0009824561403508772,0.00023758527374473284,9.922629921662636e-05,7,0,0.8163265306122449,-0.2570494701082677,Streamer Cau noi (Bridge)
4056,0.0011228070175438596,0.00036844709419377023,0.00011766700436527618,8,4,0.6875,-0.31638517383463,Streamer Cau noi (Bridge)
211,0.009122807017543859,0.0010931419252052084,0.0006414880453839793,65,5,0.41609467455621296,2.971115774150478,Khac (Peripheral)
997,0.0008421052631578947,1.114787100335705e-05,9.672380965239641e-05,6,9,0.2777777777777777,0.06323727582559185,Khac (Peripheral)
2205,0.0002807017543859649,2.1706499039313283e-05,5.933011623989755e-05,2,6,0.0,-0.29170288937188404,Khac (Peripheral)
6644,0.00042105263157894734,4.8002970359511736e-05,5.6720580552682614e-05,3,9,0.4444444444444444,-0.1780241547109686,Khac (Peripheral)
2728,0.0014035087719298245,0.00043787853214517834,0.00015339818021080774,10,1,0.6,-0.1360275870909038,Khac (Peripheral)
5641,0.002105263157894737,5.9200843050811774e-05,0.00017196049030116732,15,4,0.12444444444444436,0.42110811228427114,Khac (Peripheral)
2298,0.00014035087719298245,0.0,4.939718364217779e-05,1,1,0.0,-0.7142676008076517,Khac (Peripheral)
3578,0.00014035087719298245,0.0,3.38289779817888e-05,1,13,0.0,-0.7589626047638253,Khac (Peripheral)
747,0.0002807017543859649,2.5142049664337326e-07,5.7239483669812926e-05,2,14,0.0,-0.3825895435149627,Khac (Peripheral)
3410,0.00042105263157894734,4.803175558184588e-06,5.533839586434641e-05,3,1,0.4444444444444444,-0.5986195980643021,Khac (Peripheral)
6215,0.0011228070175438596,6.469952177412315e-05,0.00010981898690243488,8,5,0.21875,-0.1589894728642396,Khac (Peripheral)
1963,0.003929824561403509,0.001942714661164407,0.00039454003535568564,28,0,0.8239795918367347,1.7471728834586708,Streamer Cau noi (Bridge)
5583,0.00042105263157894734,1.4415741263350397e-05,6.007581072802421e-05,3,13,0.4444444444444444,-0.4139796025984502,Khac (Peripheral)
1523,0.0014035087719298245,0.00018327623821732034,0.0001677775102609249,10,10,0.7,0.12285181215130553,Streamer Cau noi (Bridge)
2467,0.00042105263157894734,1.635263345546669e-05,6.702310150017621e-05,3,1,0.4444444444444444,-0.5986195980643021,Khac (Peripheral)
3089,0.0014035087719298245,8.100278387512085e-05,0.00012990761689073824,10,14,0.7,-0.12539418053002366,Streamer Cau noi (Bridge)
3430,0.00014035087719298245,0.0,3.288245187980225e-05,1,14,0.0,-0.5111872250074323,Khac (Peripheral)
4184,0.0009824561403508772,0.00011022156446004492,0.0001012388548951983,7,14,0.5714285714285714,-0.3825895435149627,Khac (Peripheral)
3863,0.0018245614035087717,0.0009033900446118768,0.00017911576692764128,13,1,0.6745562130177514,-0.36732359257760294,Streamer Cau noi (Bridge)
2717,0.0005614035087719298,6.513227087816314e-06,6.560510733741575e-05,4,9,0.625,-0.1780241547109686,Streamer Cau noi (Bridge)
3322,0.004491228070175438,0.0014439227346877256,0.00035481877947791767,32,14,0.5859375,1.2891803158871413,Khac (Peripheral)
4901,0.00014035087719298245,0.0,3.4317023169592144e-05,1,9,0.0,-0.2584446315564888,Khac (Peripheral)
5820,0.0002807017543859649,6.535111451757578e-06,4.8949887174049714e-05,2,16,0.0,-0.14312629133157528,Khac (Peripheral)
4939,0.0005614035087719298,1.688501226594464e-05,6.674411251142682e-05,4,6,0.625,-0.29170288937188404,Streamer Cau noi (Bridge)
6533,0.0026666666666666666,0.0007643967922026546,0.00021657178426944654,19,5,0.6814404432132964,0.06458947335109738,Streamer Cau noi (Bridge)
480,0.0009824561403508772,0.00019151957545273556,0.00012441582776117385,7,13,0.653061224489796,-0.06899660043307508,Streamer Cau noi (Bridge)
6437,0.00014035087719298245,0.0,3.294522059138826e-05,1,6,0.0,-0.3626457370892153,Khac (Peripheral)
7044,0.0009824561403508772,0.00014331232413821053,0.00011145717039619385,7,16,0.7346938775510204,-0.05391366080023693,Streamer Cau noi (Bridge)
389,0.00042105263157894734,2.5550138204557703e-05,5.711074012133218e-05,3,16,0.6666666666666667,-0.23233892186291363,Streamer Cau noi (Bridge)
4495,0.0007017543859649122,3.054903626113889e-05,8.121429654069997e-05,5,9,0.0,0.06323727582559185,Khac (Peripheral)
3958,0.0005614035087719298,0.0001767698011248971,0.00011306875685406787,4,16,0.0,0.03529896973110142,Khac (Peripheral)
215,0.00042105263157894734,1.1949684775415326e-06,7.204188548987439e-05,3,4,0.4444444444444444,-0.38343001802725735,Khac (Peripheral)
289,0.0002807017543859649,6.349654453073976e-06,4.370808569326241e-05,2,16,0.5,-0.23233892186291363,Khac (Peripheral)
6021,0.00014035087719298245,0.0,3.611861812837768e-05,1,6,0.0,-0.3626457370892153,Khac (Peripheral)
1435,0.0007017543859649122,5.8648415595210804e-05,8.122640447498662e-05,5,2,0.72,-0.31484374061349313,Streamer Cau noi (Bridge)
2598,0.00014035087719298245,0.0,3.2484633243274565e-05,1,6,0.0,-0.3626457370892153,Khac (Peripheral)
2089,0.0014035087719298245,0.00010885384079295221,0.00015318952992150086,10,9,0.7,-0.0171832010199283,Streamer Cau noi (Bridge)
596,0.004771929824561403,0.0006353213942986485,0.00041559339863783955,34,6,0.11245674740484424,1.8365825421480553,Khac (Peripheral)
6418,0.0002807017543859649,3.360659307443054e-07,4.867454355610563e-05,2,9,0.5,-0.2584446315564888,Khac (Peripheral)
228,0.0002807017543859649,0.0015317785637437033,8.647746837190953e-05,2,16,0.0,-0.14312629133157528,Khac (Peripheral)
1924,0.04435087719298245,0.04319670178534594,0.004076482391385809,316,9,0.8056601506168883,8.346546390914169,Khac (Peripheral)
2763,0.0002807017543859649,0.00014037057832678272,0.00010247661944023439,2,1,0.0,-0.5986195980643021,Khac (Peripheral)
4892,0.0009824561403508772,0.00017367615160633376,0.0001091007027709965,7,9,0.6122448979591837,-0.0171832010199283,Khac (Peripheral)
1822,0.002105263157894737,0.00027025847653377213,0.00019022177691706087,15,6,0.5777777777777777,0.20489704464943517,Khac (Peripheral)
2020,0.0007017543859649122,1.0796389416488706e-05,8.515409910762971e-05,5,5,0.56,-0.4570947344846889,Khac (Peripheral)
1269,0.0002807017543859649,0.0,4.322689049196537e-05,2,4,0.0,-0.38343001802725735,Khac (Peripheral)
1816,0.0002807017543859649,5.219294575287507e-06,4.588158060610385e-05,2,16,0.5,-0.23233892186291363,Khac (Peripheral)
2715,0.0008421052631578947,5.2194189686758585e-05,9.275582342033032e-05,6,8,0.7777777777777778,-0.7985918306870473,Streamer Cau noi (Bridge)
1594,0.0007017543859649122,0.0006949080036220721,0.00015744791088476265,5,16,0.0,0.12451160026243978,Khac (Peripheral)
4612,0.0009824561403508772,0.0007069187506405872,0.00011242024680771211,7,15,0.8163265306122449,-0.3322541788802534,Streamer Cau noi (Bridge)
530,0.0014035087719298245,0.00026490465567736564,0.00013589225704477523,10,1,0.82,-0.5986195980643021,Streamer Cau noi (Bridge)
5757,0.0018245614035087717,0.00018657670356827852,0.00017512179625697578,13,3,0.7218934911242603,0.29427907478878834,Streamer Cau noi (Bridge)
5333,0.004631578947368421,0.0009607908394389823,0.00039044021258319035,33,5,0.7052341597796143,0.5117473657817714,Streamer Cau noi (Bridge)
3012,0.0002807017543859649,4.913368230803696e-07,4.423273502336271e-05,2,3,0.5,-0.5587867256689831,Khac (Peripheral)
5523,0.004631578947368421,0.001069780546456722,0.00038562206898037124,33,6,0.7640036730945822,0.48866843551876044,Streamer Cau noi (Bridge)
3912,0.001543859649122807,6.79017375648828e-05,0.0001465313442005523,11,6,0.44628099173553715,0.13395419693210384,Khac (Peripheral)
5138,0.011649122807017543,0.005176979500627455,0.0010044326701772347,83,16,0.8837276818115837,1.1058505361071618,Streamer Cau noi (Bridge)
7076,0.0002807017543859649,7.56414595230562e-06,4.559703373264212e-05,2,4,0.5,-0.45047486221988475,Khac (Peripheral)
4886,0.0009824561403508772,7.187716671044259e-05,0.00011594835994487921,7,3,0.6122448979591837,-0.04694724539432026,Khac (Peripheral)
6524,0.0002807017543859649,0.0,4.459756390918344e-05,2,16,0.0,-0.14312629133157528,Khac (Peripheral)
2290,0.0005614035087719298,1.1063894357919687e-05,6.731777259438013e-05,4,14,0.375,-0.2539918620224932,Khac (Peripheral)
3494,0.00042105263157894734,1.7750158495003114e-06,5.540427328018124e-05,3,1,0.4444444444444444,-0.5986195980643021,Khac (Peripheral)
5076,0.00042105263157894734,5.253791422666601e-06,6.88139659678403e-05,3,14,0.4444444444444444,-0.3825895435149627,Khac (Peripheral)
6518,0.00042105263157894734,1.3848800622737896e-07,5.3618707178959476e-05,3,4,0.0,-0.31638517383463,Khac (Peripheral)
2347,0.0002807017543859649,6.470013179757936e-07,4.283882036450551e-05,2,16,0.0,-0.14312629133157528,Khac (Peripheral)
1393,0.0008421052631578947,0.00010164674104637998,9.113557430517914e-05,6,9,0.8333333333333334,-0.2584446315564888,Streamer Cau noi (Bridge)
354,0.001263157894736842,0.0002783289917448741,0.00014772001388649867,9,5,0.6419753086419753,-0.3080421036744642,Streamer Cau noi (Bridge)
1525,0.00014035087719298245,0.0,3.4380541826104626e-05,1,5,0.0,-0.6061473652949135,Khac (Peripheral)
7,0.0002807017543859649,7.257608636903567e-05,7.463111513286172e-05,2,14,0.5,-0.5111872250074323,Khac (Peripheral)
3411,0.00042105263157894734,1.593789733321049e-05,5.573852838919602e-05,3,9,0.4444444444444444,-0.1780241547109686,Khac (Peripheral)
4400,0.0002807017543859649,5.07438161388675e-06,4.3798978648353074e-05,2,13,0.5,-0.7589626047638253,Khac (Peripheral)
6550,0.0005614035087719298,1.9090175977176094e-05,6.914149890500344e-05,4,15,0.75,-0.6360721892977823,Streamer Cau noi (Bridge)
6840,0.00042105263157894734,9.438046406572326e-06,5.69989787701228e-05,3,16,0.4444444444444444,-0.14312629133157528,Khac (Peripheral)
1401,0.002105263157894737,0.0005547110793204773,0.0002024491320414868,15,15,0.7466666666666666,0.8830178627898624,Streamer Cau noi (Bridge)
5604,0.0002807017543859649,5.22051102256399e-07,4.308133558573888e-05,2,13,0.5,-0.7589626047638253,Khac (Peripheral)
5182,0.0014035087719298245,6.878316592040762e-05,0.00013395803461626463,10,4,0.33999999999999986,0.018839047128506894,Khac (Peripheral)
2278,0.0002807017543859649,1.6304750024986874e-07,4.9642524759602495e-05,2,9,0.0,-0.1780241547109686,Khac (Peripheral)
3107,0.0002807017543859649,5.991560882725195e-06,5.802794698618076e-05,2,9,0.0,-0.1780241547109686,Khac (Peripheral)
6449,0.00042105263157894734,1.1040803463739155e-05,5.6458783417855335e-05,3,5,0.4444444444444444,-0.5316210498898012,Khac (Peripheral)
1412,0.00014035087719298245,0.0,3.4317023169592144e-05,1,9,0.0,-0.2584446315564888,Khac (Peripheral)
6902,0.0009824561403508772,0.00011729066428487966,9.685394350900984e-05,7,6,0.7346938775510204,-0.29170288937188404,Streamer Cau noi (Bridge)
6030,0.0014035087719298245,5.5596091105301906e-05,0.00013698397884534655,10,5,0.5800000000000001,-0.2335157882693519,Khac (Peripheral)
4096,0.00042105263157894734,5.821002088391074e-06,5.3285175372175226e-05,3,0,0.4444444444444444,-0.2570494701082677,Khac (Peripheral)
4511,0.00042105263157894734,5.314424467568915e-06,5.318185238610181e-05,3,4,0.4444444444444444,-0.38343001802725735,Khac (Peripheral)
3324,0.0007017543859649122,6.782124429511505e-05,7.63995476508246e-05,5,6,0.6399999999999999,-0.29170288937188404,Streamer Cau noi (Bridge)
3314,0.0007017543859649122,4.706694782316358e-05,9.150301857060653e-05,5,15,0.56,-0.02843616846272445,Khac (Peripheral)
6914,0.003789473684210526,0.0010417920351813435,0.00030899549391399483,27,5,0.2688614540466392,1.0334315736175577,Khac (Peripheral)
647,0.0009824561403508772,6.932166448466088e-06,0.00011317602982852508,7,16,0.6938775510204083,-0.05391366080023693,Streamer Cau noi (Bridge)
3797,0.002807017543859649,0.0011572477431072566,0.00027386608992675023,20,0,0.72,1.7471728834586708,Streamer Cau noi (Bridge)
4440,0.00014035087719298245,0.0,3.099687170004914e-05,1,6,0.0,-0.3626457370892153,Khac (Peripheral)
6893,0.00014035087719298245,0.0,3.690202975086615e-05,1,4,0.0,-0.45047486221988475,Khac (Peripheral)
239,0.0018245614035087717,0.00029990561334000476,0.00017441574404473062,13,14,0.7692307692307692,0.003203500962445893,Streamer Cau noi (Bridge)
4210,0.0018245614035087717,0.00010739154762438281,0.00016877355749706557,13,1,0.5680473372781065,0.09526841839579539,Khac (Peripheral)
1637,0.0014035087719298245,6.832987802287546e-05,0.00013088516666325066,10,5,0.5800000000000001,-0.2335157882693519,Khac (Peripheral)
3527,0.0002807017543859649,5.929743175097136e-06,4.254469580075492e-05,2,9,0.5,-0.2584446315564888,Khac (Peripheral)
3683,0.00014035087719298245,0.0,3.198389107863461e-05,1,6,0.0,-0.3626457370892153,Khac (Peripheral)
1191,0.0005614035087719298,1.850488584982057e-05,6.303973658668405e-05,4,3,0.75,-0.5587867256689831,Streamer Cau noi (Bridge)
2957,0.001543859649122807,6.031869947077447e-05,0.00014171988466654754,11,5,0.6446280991735538,-0.2335157882693519,Streamer Cau noi (Bridge)
1843,0.0014035087719298245,0.00019224343744528305,0.00014727714981368307,10,4,0.33999999999999986,0.018839047128506894,Khac (Peripheral)
6317,0.0008421052631578947,0.0014169786832994658,0.00010569209961220929,6,6,0.5,-0.1498171939372214,Khac (Peripheral)
3347,0.0009824561403508772,0.00011202812113120007,0.0001099705274176353,7,13,0.44897959183673464,0.6209694038976752,Khac (Peripheral)
2688,0.0011228070175438596,8.951695851768967e-06,0.00011267201367808095,8,10,0.46875,0.42588628212452595,Khac (Peripheral)
2780,0.0008421052631578947,0.00011914295086418124,9.309261416402798e-05,6,9,0.5,-0.0171832010199283,Khac (Peripheral)
3880,0.0007017543859649122,0.0001370143853869675,8.248096401372481e-05,5,9,0.56,-0.09760367786544846,Khac (Peripheral)
1583,0.0005614035087719298,2.8641231436695978e-06,7.114612685296812e-05,4,5,0.0,-0.38256841907957656,Khac (Peripheral)
680,0.00042105263157894734,2.015577036620252e-06,6.70015483900675e-05,3,1,0.4444444444444444,-0.5986195980643021,Khac (Peripheral)
4084,0.00014035087719298245,0.0,4.011976061413057e-05,1,1,0.0,-0.7142676008076517,Khac (Peripheral)
6453,0.0005614035087719298,4.742623120859787e-05,6.33277851321978e-05,4,4,0.375,-0.31638517383463,Khac (Peripheral)
2132,0.00042105263157894734,8.25861465124409e-05,5.62522166956618e-05,3,1,0.6666666666666667,-0.7142676008076517,Streamer Cau noi (Bridge)
1260,0.00014035087719298245,0.0,3.1886592249642875e-05,1,14,0.0,-0.5111872250074323,Khac (Peripheral)
1697,0.0002807017543859649,0.00022269633576231423,5.223743178879071e-05,2,14,0.0,-0.3825895435149627,Khac (Peripheral)
6717,0.0019649122807017545,0.00038341536924393964,0.00018433430480465146,14,14,0.7959183673469388,-0.12539418053002366,Streamer Cau noi (Bridge)
2031,0.001543859649122807,0.00019493780565908335,0.00015015697309954108,11,5,0.6942148760330579,-0.38256841907957656,Streamer Cau noi (Bridge)
726,0.004631578947368421,0.0008037798998678166,0.00037532732529338333,33,1,0.6244260789715335,1.3673964485726409,Streamer Cau noi (Bridge)
4220,0.0008421052631578947,0.00029443609997038584,0.00013499979135278174,6,2,0.0,1.0052239911153695,Khac (Peripheral)
6383,0.0007017543859649122,9.471810879379603e-05,7.725667636520169e-05,5,4,0.72,-0.38343001802725735,Streamer Cau noi (Bridge)
2586,0.009684210526315788,0.0034205831912009176,0.0008146627154658241,69,4,0.8725057760974585,0.48815295647689855,Streamer Cau noi (Bridge)
616,0.00042105263157894734,8.08171563915529e-06,5.819334949131968e-05,3,2,0.4444444444444444,-0.31484374061349313,Khac (Peripheral)
114,0.0007017543859649122,0.0015556765963772147,0.00014095951687043804,5,9,0.31999999999999984,-0.0171832010199283,Khac (Peripheral)
1602,0.00014035087719298245,0.0,3.0505467450595942e-05,1,1,0.0,-0.7142676008076517,Khac (Peripheral)
2738,0.004631578947368421,0.0009339746079055493,0.00040325856525919143,33,1,0.6244260789715335,1.3673964485726409,Streamer Cau noi (Bridge)
3908,0.0002807017543859649,3.276412156232431e-06,4.7336345450234406e-05,2,5,0.5,-0.6061473652949135,Khac (Peripheral)
5212,0.0005614035087719298,1.1841440069633528e-05,6.745148898956699e-05,4,9,0.75,-0.2584446315564888,Streamer Cau noi (Bridge)
3459,0.00014035087719298245,0.0,3.2443898929563796e-05,1,16,0.0,-0.23233892186291363,Khac (Peripheral)
4107,0.0002807017543859649,3.675921182501204e-07,4.433087435731606e-05,2,0,0.5,-0.5433669491892589,Khac (Peripheral)
6144,0.0023859649122807015,0.0005766524549000832,0.00022830715332364322,17,4,0.40138408304498274,0.3540632680916438,Khac (Peripheral)
6490,0.00042105263157894734,1.68399526202494e-05,5.5856045252232505e-05,3,0,0.6666666666666667,-0.5433669491892589,Streamer Cau noi (Bridge)
6769,0.00042105263157894734,1.240149288705853e-05,5.4388084384264436e-05,3,1,0.4444444444444444,-0.5986195980643021,Khac (Peripheral)
3697,0.00014035087719298245,0.0,3.3093358408937e-05,1,0,0.0,-0.5433669491892589,Khac (Peripheral)
856,0.001263157894736842,0.00013229753951478102,0.00012871017264970574,9,5,0.0,-0.009936842054014941,Khac (Peripheral)
1655,0.0014035087719298245,0.00016994137945185937,0.00015176085665116886,10,1,0.7,-0.36732359257760294,Streamer Cau noi (Bridge)
483,0.002526315789473684,0.0005170070658848558,0.00021969196977684847,18,15,0.7962962962962963,0.8830178627898624,Streamer Cau noi (Bridge)
3973,0.0002807017543859649,2.4392787089242717e-06,4.3104200679237414e-05,2,9,0.5,-0.2584446315564888,Khac (Peripheral)
4560,0.0002807017543859649,9.010368211899874e-06,4.299954702677968e-05,2,6,0.5,-0.3626457370892153,Khac (Peripheral)
1600,0.0023859649122807015,0.0013134471724332928,0.0002270325582863845,17,16,0.7958477508650519,0.2137242307937781,Streamer Cau noi (Bridge)
1307,0.00014035087719298245,0.0,3.156459102178747e-05,1,5,0.0,-0.6061473652949135,Khac (Peripheral)
2226,0.0002807017543859649,7.005402722966252e-07,4.168094642376582e-05,2,9,0.5,-0.2584446315564888,Khac (Peripheral)
1677,0.0005614035087719298,3.976180745676012e-05,6.646316678403894e-05,4,16,0.625,-0.14312629133157528,Streamer Cau noi (Bridge)
4708,0.00042105263157894734,0.0001411599259378733,7.964144449940727e-05,3,4,0.0,-0.31638517383463,Khac (Peripheral)
3722,0.0014035087719298245,0.00015515826102293406,0.00014478435722758775,10,6,0.31999999999999984,0.13395419693210384,Khac (Peripheral)
5243,0.0009824561403508772,8.896966072297996e-05,9.700621929018624e-05,7,5,0.44897959183673464,-0.3080421036744642,Khac (Peripheral)
3077,0.0009824561403508772,5.713836229727112e-05,9.683075905073277e-05,7,5,0.6122448979591837,-0.38256841907957656,Khac (Peripheral)
763,0.00014035087719298245,0.0,3.7377265045363517e-05,1,6,0.0,-0.3626457370892153,Khac (Peripheral)
2236,0.0002807017543859649,2.013621323312454e-06,4.425409666544936e-05,2,9,0.5,-0.2584446315564888,Khac (Peripheral)
4227,0.0009824561403508772,6.402632149763052e-05,0.00010330678642382717,7,10,0.44897959183673464,0.42588628212452595,Khac (Peripheral)
4288,0.001263157894736842,1.3500003428041374e-05,0.00013317658038853675,9,1,0.0,0.210916421139145,Khac (Peripheral)
1076,0.001543859649122807,0.00037885196175916995,0.00017870943613673945,11,16,0.628099173553719,0.2137242307937781,Streamer Cau noi (Bridge)
6565,0.0016842105263157893,8.157609833078753e-05,0.00017121904361597963,12,1,0.1527777777777779,0.44221242662584415,Khac (Peripheral)
3964,0.00042105263157894734,7.599735522460708e-06,5.6556461521776395e-05,3,14,0.4444444444444444,-0.3825895435149627,Khac (Peripheral)
4186,0.00014035087719298245,0.0,3.3193449332733915e-05,1,9,0.0,-0.2584446315564888,Khac (Peripheral)
4869,0.0016842105263157893,7.315512380539413e-05,0.00017089500804558474,12,14,0.5277777777777778,0.3889965454398545,Khac (Peripheral)
552,0.002807017543859649,0.0009588252285531278,0.000291705930498308,20,4,0.77,0.018839047128506894,Streamer Cau noi (Bridge)
402,0.0005614035087719298,7.376247539167616e-06,6.662199948999024e-05,4,4,0.0,-0.24934032964200262,Khac (Peripheral)
2008,0.0002807017543859649,0.0,5.6048300793692975e-05,2,10,0.0,-0.48321712779513526,Khac (Peripheral)
5245,0.0002807017543859649,0.00014037057832678272,9.894300452519083e-05,2,1,0.0,-0.5986195980643021,Khac (Peripheral)
2436,0.0008421052631578947,1.5812604924554835e-05,8.772705560297539e-05,6,1,0.7222222222222222,-0.5986195980643021,Streamer Cau noi (Bridge)
6616,0.0005614035087719298,2.516597971050238e-05,6.719460661075474e-05,4,9,0.0,-0.0171832010199283,Khac (Peripheral)
2565,0.0002807017543859649,7.329427850661355e-07,5.5303380142398675e-05,2,15,0.5,-0.6360721892977823,Khac (Peripheral)
4250,0.0005614035087719298,0.00014465739895328747,9.319323686487906e-05,4,14,0.0,-0.12539418053002366,Khac (Peripheral)
120,0.003087719298245614,0.0002542989615613545,0.0002732544877805203,22,5,0.5082644628099173,0.437221050376659,Khac (Peripheral)
185,0.0018245614035087717,0.00041364360737750804,0.00016610883430338185,13,1,0.7337278106508875,-0.25167558983425337,Streamer Cau noi (Bridge)
235,0.0002807017543859649,0.0,4.439475243241357e-05,2,9,0.0,-0.1780241547109686,Khac (Peripheral)
455,0.00014035087719298245,0.0,3.472140186299326e-05,1,4,0.0,-0.45047486221988475,Khac (Peripheral)
6702,0.0036491228070175434,0.00031932618355586114,0.00030185596871349117,26,5,0.757396449704142,0.1391157887562097,Streamer Cau noi (Bridge)
2741,0.0005614035087719298,1.792333528253703e-05,6.724582684518853e-05,4,16,0.625,-0.14312629133157528,Streamer Cau noi (Bridge)
5315,0.010385964912280702,0.004749951919759016,0.0008492839600261299,74,3,0.6599707815924032,5.583287037626972,Khac (Peripheral)
2768,0.0014035087719298245,0.0002769040168429537,0.00013511608897629282,10,6,0.5800000000000001,-0.29170288937188404,Khac (Peripheral)
5644,0.00014035087719298245,0.0,3.1146245931535366e-05,1,5,0.0,-0.6061473652949135,Khac (Peripheral)
1783,0.0005614035087719298,0.00011046498777854519,7.491665593709712e-05,4,5,0.625,-0.5316210498898012,Streamer Cau noi (Bridge)
6130,0.0011228070175438596,0.00012622468414616775,0.00011145246916609187,8,9,0.53125,0.06323727582559185,Khac (Peripheral)
1138,0.0007017543859649122,0.00011125912735870137,9.292674080431162e-05,5,16,0.48,-0.05391366080023693,Khac (Peripheral)
1021,0.0002807017543859649,5.97349636541074e-06,4.9435862215859314e-05,2,15,0.5,-0.6360721892977823,Khac (Peripheral)
780,0.00042105263157894734,7.939349674214009e-07,4.93543037306636e-05,3,1,0.4444444444444444,-0.5986195980643021,Khac (Peripheral)
5265,0.0008421052631578947,0.00019800094896677388,8.675913051839218e-05,6,15,0.7777777777777778,-0.6360721892977823,Streamer Cau noi (Bridge)
5251,0.00042105263157894734,1.7044356617724972e-06,6.192707142865377e-05,3,0,0.4444444444444444,-0.2570494701082677,Khac (Peripheral)
4013,0.00042105263157894734,3.3034363560625e-05,7.286394255848045e-05,3,1,0.4444444444444444,-0.5986195980643021,Khac (Peripheral)
2811,0.0014035087719298245,0.00011877523402862401,0.00014415240755493214,10,13,0.78,-0.06899660043307508,Streamer Cau noi (Bridge)
3163,0.001543859649122807,0.00014714253543192968,0.0001456565489420174,11,9,0.7933884297520661,-0.0171832010199283,Streamer Cau noi (Bridge)
4272,0.002807017543859649,0.00014007015231905793,0.00024534637209729906,20,1,0.0,1.4830444513159904,Khac (Peripheral)
1205,0.0014035087719298245,2.229742283028577e-05,0.00012920534687809772,10,5,0.17999999999999994,-0.009936842054014941,Khac (Peripheral)
5095,0.0011228070175438596,0.00016602674444101458,0.00011507159253768988,8,1,0.75,-0.5986195980643021,Streamer Cau noi (Bridge)
3978,0.0014035087719298245,9.214081220118582e-05,0.00014564230870676704,10,14,0.4800000000000001,0.260398863947385,Khac (Peripheral)
2826,0.00042105263157894734,8.605718081194502e-06,5.64433070622868e-05,3,14,0.6666666666666667,-0.5111872250074323,Streamer Cau noi (Bridge)
2316,0.001543859649122807,0.0003382034256443413,0.0001564823131922209,11,6,0.7933884297520661,-0.1498171939372214,Streamer Cau noi (Bridge)
17,0.0008421052631578947,3.387096379820204e-05,9.904921765825117e-05,6,2,0.7777777777777778,-0.6448606735457089,Streamer Cau noi (Bridge)
772,0.00014035087719298245,0.0,4.7072687255597896e-05,1,0,0.0,-0.5433669491892589,Khac (Peripheral)
1558,0.0007017543859649122,0.00010420129284971393,8.41017229038587e-05,5,15,0.7999999999999999,-0.6360721892977823,Streamer Cau noi (Bridge)
3127,0.00042105263157894734,5.250830782219454e-06,5.9097698728591215e-05,3,1,0.4444444444444444,-0.5986195980643021,Khac (Peripheral)
4362,0.0002807017543859649,5.458953441415974e-07,4.403335251043232e-05,2,4,0.5,-0.45047486221988475,Khac (Peripheral)
4341,0.0014035087719298245,5.02529212905261e-05,0.00013133382961718398,10,14,0.17999999999999994,0.517594226932324,Khac (Peripheral)
6712,0.0007017543859649122,3.5299064256962744e-06,6.962635717888791e-05,5,1,0.56,-0.4829715953209526,Khac (Peripheral)
2332,0.002245614035087719,0.0017711527651619353,0.0002108418857150566,16,2,0.6328125,1.995274789912017,Streamer Cau noi (Bridge)
2529,0.01263157894736842,0.004049704764867168,0.0009444181177715527,90,1,0.6079012345679013,5.068132536359828,Khac (Peripheral)
336,0.0009824561403508772,2.7529638069815432e-05,0.0001036097543635231,7,2,0.6938775510204083,0.015173192318722542,Streamer Cau noi (Bridge)
5724,0.001263157894736842,0.00039005671599923853,0.00019848539940114593,9,3,0.6172839506172839,0.12366591469723404,Khac (Peripheral)
1301,0.00042105263157894734,9.23643787015769e-06,6.134259255532598e-05,3,16,0.0,-0.05391366080023693,Khac (Peripheral)
5893,0.0007017543859649122,0.00024190476539508223,8.281860180906224e-05,5,10,0.72,-0.7862515977683556,Streamer Cau noi (Bridge)
6174,0.0007017543859649122,0.00033894675663094585,0.00012811363482463387,5,15,0.72,-0.3322541788802534,Streamer Cau noi (Bridge)
4504,0.0005614035087719298,6.144175962465156e-06,6.398611066803399e-05,4,6,0.625,-0.29170288937188404,Streamer Cau noi (Bridge)
347,0.00014035087719298245,0.0,3.204206083126755e-05,1,1,0.0,-0.7142676008076517,Khac (Peripheral)
5399,0.00014035087719298245,0.0,3.263458656038808e-05,1,9,0.0,-0.2584446315564888,Khac (Peripheral)
3275,0.006456140350877193,0.0011850808829457881,0.000525797519774908,46,1,0.5708884688090736,2.5238764760061367,Khac (Peripheral)
6614,0.00042105263157894734,5.204770050143449e-05,7.478940002605097e-05,3,1,0.6666666666666667,-0.7142676008076517,Streamer Cau noi (Bridge)
5101,0.0029473684210526313,7.5076425705811e-05,0.00024264942817721005,21,4,0.09070294784580502,0.8233771774400354,Khac (Peripheral)
916,0.00042105263157894734,8.246538605866413e-06,5.704635138126738e-05,3,9,0.4444444444444444,-0.1780241547109686,Khac (Peripheral)
4932,0.002526315789473684,0.0016761192120841744,0.00025164989035387803,18,5,0.7901234567901234,-0.1589894728642396,Streamer Cau noi (Bridge)
6089,0.00014035087719298245,0.0,3.812542410328247e-05,1,16,0.0,-0.23233892186291363,Khac (Peripheral)
3271,0.00014035087719298245,0.0,3.0712581737103035e-05,1,4,0.0,-0.45047486221988475,Khac (Peripheral)
2105,0.00014035087719298245,0.0,3.9067098927423406e-05,1,16,0.0,-0.23233892186291363,Khac (Peripheral)
358,0.004912280701754385,0.001963500007405302,0.0004589164859983432,35,3,0.8571428571428572,0.8061185550634512,Streamer Cau noi (Bridge)
4233,0.0005614035087719298,1.0625504746345786e-05,7.479177826561972e-05,4,6,0.375,-0.2207600416545527,Khac (Peripheral)
4255,0.0005614035087719298,3.0036010395581714e-06,6.778757277975172e-05,4,1,0.0,-0.36732359257760294,Khac (Peripheral)
6968,0.003789473684210526,0.0008309448977289603,0.0003153620952595434,27,1,0.7379972565157751,0.5578604293691938,Streamer Cau noi (Bridge)
737,0.005333333333333333,0.0008294178978810727,0.00039541112382030825,38,1,0.38919667590027696,2.5238764760061367,Khac (Peripheral)
5474,0.003508771929824561,0.0006406998547300496,0.00029782107334028164,25,1,0.7103999999999999,0.5578604293691938,Streamer Cau noi (Bridge)
2221,0.0002807017543859649,9.555950474899352e-07,4.378912085018619e-05,2,9,0.0,-0.1780241547109686,Khac (Peripheral)
16,0.0007017543859649122,5.347493476122098e-06,8.477912571830638e-05,5,0,0.31999999999999984,0.3155854880537148,Khac (Peripheral)
6601,0.00014035087719298245,0.0,3.3193449332733915e-05,1,9,0.0,-0.2584446315564888,Khac (Peripheral)
4788,0.00014035087719298245,0.0,4.038003668895437e-05,1,16,0.0,-0.23233892186291363,Khac (Peripheral)
421,0.0005614035087719298,1.1283796794858638e-05,6.388488783484885e-05,4,3,0.375,-0.21756040548587458,Khac (Peripheral)
4102,0.00014035087719298245,0.0,3.452221788335969e-05,1,1,0.0,-0.7142676008076517,Khac (Peripheral)
2630,0.0005614035087719298,2.5528374728171138e-05,6.621390613986533e-05,4,4,0.75,-0.45047486221988475,Streamer Cau noi (Bridge)
562,0.0008421052631578947,5.0060737494174615e-05,9.192432228713385e-05,6,14,0.7777777777777778,-0.3825895435149627,Streamer Cau noi (Bridge)
2840,0.003508771929824561,0.0007095886660186948,0.00030382028524564926,25,1,0.5824,0.9048044375992426,Khac (Peripheral)
5867,0.00014035087719298245,0.0,3.263458656038808e-05,1,9,0.0,-0.2584446315564888,Khac (Peripheral)
1999,0.00014035087719298245,0.0,4.421254803406511e-05,1,14,0.0,-0.5111872250074323,Khac (Peripheral)
5345,0.018245614035087718,0.009171941949340316,0.0016066002228901297,130,4,0.4132544378698225,6.119919868657598,Khac (Peripheral)
1926,0.00014035087719298245,0.0,3.666315867106996e-05,1,1,0.0,-0.7142676008076517,Khac (Peripheral)
1601,0.00631578947368421,0.004877939623476204,0.0005605142407473558,45,0,0.8395061728395061,2.319807841620653,Streamer Cau noi (Bridge)
1131,0.0002807017543859649,1.2242753282624561e-05,4.5805923018676274e-05,2,9,0.5,-0.2584446315564888,Khac (Peripheral)
5777,0.0014035087719298245,1.6113912608371454e-05,0.0001341465600030135,10,6,0.17999999999999994,0.20489704464943517,Khac (Peripheral)
3699,0.002105263157894737,0.00014811600850237394,0.00019413131087405548,15,10,0.5244444444444445,1.941058631990628,Khac (Peripheral)
2131,0.001543859649122807,0.000336376582766169,0.00018066310208500689,11,2,0.7603305785123967,0.34519012525093823,Streamer Cau noi (Bridge)
6257,0.00042105263157894734,1.2645133527549936e-06,5.378926256938188e-05,3,2,0.6666666666666667,-0.6448606735457089,Streamer Cau noi (Bridge)
4865,0.00014035087719298245,0.0,3.1245592278286504e-05,1,5,0.0,-0.6061473652949135,Khac (Peripheral)
7023,0.0016842105263157893,0.00045613598819470796,0.00015696978208147667,12,4,0.6527777777777778,-0.24934032964200262,Streamer Cau noi (Bridge)
6778,0.002526315789473684,0.002324547840630848,0.00024339355873107918,18,3,0.7901234567901234,0.12366591469723404,Streamer Cau noi (Bridge)
873,0.0002807017543859649,7.372515667630004e-06,4.782448853642403e-05,2,1,0.5,-0.7142676008076517,Khac (Peripheral)
6258,0.00042105263157894734,0.0,5.081428566898182e-05,3,5,0.0,-0.4570947344846889,Khac (Peripheral)
5506,0.00042105263157894734,2.9535050677836135e-06,5.680641634961251e-05,3,2,0.6666666666666667,-0.6448606735457089,Streamer Cau noi (Bridge)
5499,0.00014035087719298245,0.0,3.0371440697401397e-05,1,5,0.0,-0.6061473652949135,Khac (Peripheral)
4413,0.00014035087719298245,0.0,3.3014576265054493e-05,1,1,0.0,-0.7142676008076517,Khac (Peripheral)
293,0.00014035087719298245,0.0,3.044044784312112e-05,1,5,0.0,-0.6061473652949135,Khac (Peripheral)
2879,0.003087719298245614,0.0004217824835231828,0.00026010785308978006,22,6,0.6859504132231404,0.34678274008409776,Streamer Cau noi (Bridge)
812,0.0023859649122807015,0.00037871614572011607,0.0001902514792006469,17,1,0.6089965397923875,0.32656442388249457,Khac (Peripheral)
5175,0.00014035087719298245,0.0,3.2695148349424987e-05,1,9,0.0,-0.2584446315564888,Khac (Peripheral)
1013,0.0002807017543859649,2.3046383842849932e-07,5.8779376899448934e-05,2,4,0.0,-0.38343001802725735,Khac (Peripheral)
4736,0.00042105263157894734,5.829267796646783e-05,6.278953260851145e-05,3,13,0.6666666666666667,-0.7589626047638253,Streamer Cau noi (Bridge)
5479,0.0002807017543859649,2.28177644049458e-05,5.31021921246285e-05,2,13,0.5,-0.7589626047638253,Khac (Peripheral)
3473,0.0019649122807017545,9.769312117386776e-05,0.00019462508832744155,14,1,0.3571428571428572,0.44221242662584415,Khac (Peripheral)
4575,0.00042105263157894734,2.8527407369857106e-06,5.834456826249683e-05,3,8,0.4444444444444444,-0.4468005740821422,Khac (Peripheral)
1479,0.00014035087719298245,0.0,3.285163678434379e-05,1,5,0.0,-0.6061473652949135,Khac (Peripheral)
830,0.0009824561403508772,0.0014100736674577,0.00014284905007542093,7,8,0.44897959183673464,0.608573195732573,Khac (Peripheral)
2543,0.0016842105263157893,5.2303350643739044e-05,0.00014607827340395684,12,5,0.5972222222222221,-0.1589894728642396,Khac (Peripheral)
4011,0.0002807017543859649,4.6604726206769534e-07,4.5334057303187406e-05,2,1,0.0,-0.5986195980643021,Khac (Peripheral)
5795,0.0009824561403508772,6.449736083584704e-05,0.00010777333097525796,7,9,0.5714285714285714,-0.0171832010199283,Khac (Peripheral)
3234,0.0002807017543859649,1.427915113816744e-06,4.747702026119769e-05,2,9,0.5,-0.2584446315564888,Khac (Peripheral)
5366,0.005333333333333333,0.0025435221329298055,0.0005979312739065356,38,9,0.43213296398891976,1.9129082432725557,Khac (Peripheral)
964,0.00014035087719298245,0.0,3.7728122823600596e-05,1,10,0.0,-0.7862515977683556,Khac (Peripheral)
1298,0.002245614035087719,0.0017682066321741627,0.00021747543085867934,16,5,0.734375,-0.1589894728642396,Streamer Cau noi (Bridge)
2358,0.00014035087719298245,0.0,3.6784834887490196e-05,1,5,0.0,-0.6061473652949135,Khac (Peripheral)
1045,0.0009824561403508772,3.909238088506674e-05,0.00010297030334902958,7,6,0.6938775510204083,-0.2207600416545527,Streamer Cau noi (Bridge)
5290,0.00014035087719298245,0.0,3.9939405134407886e-05,1,14,0.0,-0.5111872250074323,Khac (Peripheral)
1241,0.00014035087719298245,0.0,3.349093727425573e-05,1,16,0.0,-0.23233892186291363,Khac (Peripheral)
5023,0.0005614035087719298,1.2284518734498564e-05,7.5045878422627e-05,4,16,0.375,-0.05391366080023693,Khac (Peripheral)
5832,0.0016842105263157893,0.00011256168660525987,0.00015370089900720274,12,6,0.6944444444444444,-0.00793149850255878,Streamer Cau noi (Bridge)
5197,0.0008421052631578947,4.982125558883878e-05,9.356543922023496e-05,6,4,0.5,-0.24934032964200262,Khac (Peripheral)
2133,0.00042105263157894734,1.0147731152170988e-06,5.795138440368682e-05,3,9,0.0,-0.09760367786544846,Khac (Peripheral)
3928,0.0005614035087719298,1.0178200561384056e-05,6.307569602596569e-05,4,5,0.625,-0.5316210498898012,Streamer Cau noi (Bridge)
1077,0.0002807017543859649,7.632148023695038e-07,4.2510209377745804e-05,2,0,0.5,-0.5433669491892589,Khac (Peripheral)
4849,0.0019649122807017545,0.00029717563537801366,0.0001798908937590049,14,3,0.7959183673469388,-0.04694724539432026,Streamer Cau noi (Bridge)
6588,0.0023859649122807015,0.0005373685461217847,0.00021646593787029122,17,15,0.7058823529411764,1.4906538836249204,Streamer Cau noi (Bridge)
2104,0.00014035087719298245,0.0,3.2385891955629855e-05,1,6,0.0,-0.3626457370892153,Khac (Peripheral)
1861,0.0007017543859649122,1.6660260046102456e-05,7.933761192730129e-05,5,1,0.72,-0.5986195980643021,Streamer Cau noi (Bridge)
4052,0.0011228070175438596,3.23616893688181e-05,0.00010934942833238357,8,14,0.40625,0.13180118245491543,Khac (Peripheral)
387,0.0014035087719298245,0.00011711353998075739,0.00013285201598614625,10,6,0.72,-0.2207600416545527,Streamer Cau noi (Bridge)
1040,0.00042105263157894734,0.00014373866932849538,9.820692864961465e-05,3,9,0.4444444444444444,-0.1780241547109686,Khac (Peripheral)
4826,0.0014035087719298245,0.00011733237023676741,0.00013311425476578468,10,5,0.6599999999999999,-0.3080421036744642,Streamer Cau noi (Bridge)
3320,0.008982456140350877,0.0017628893818920715,0.0007117290501905436,64,5,0.53125,2.523957881719804,Khac (Peripheral)
3402,0.0007017543859649122,4.8453970930648955e-05,8.067704684496024e-05,5,9,0.0,0.06323727582559185,Khac (Peripheral)
1044,0.005052631578947368,0.0007112811663098073,0.00045164352352584626,36,15,0.7407407407407407,4.2250159773826805,Khac (Peripheral)
3426,0.00014035087719298245,0.0,3.361956601268628e-05,1,0,0.0,-0.5433669491892589,Khac (Peripheral)
734,0.0002807017543859649,1.7706851640484137e-05,4.506774527957558e-05,2,9,0.5,-0.2584446315564888,Khac (Peripheral)
3489,0.0023859649122807015,0.00022509707572111924,0.00024010183336568941,17,3,0.546712802768166,1.1473448752465598,Khac (Peripheral)
803,0.00014035087719298245,0.0,3.460356614181964e-05,1,3,0.0,-0.5587867256689831,Khac (Peripheral)
2975,0.002807017543859649,0.00027423075798366643,0.00025160159851227154,20,4,0.09500000000000008,0.756332333247408,Khac (Peripheral)
1441,0.0007017543859649122,0.00015032535464796451,0.00011032145244931824,5,3,0.6399999999999999,-0.3881735655774289,Streamer Cau noi (Bridge)
501,0.0005614035087719298,6.82923688277201e-05,8.267583268353969e-05,4,16,0.375,-0.05391366080023693,Khac (Peripheral)
3572,0.0002807017543859649,0.0,4.028642127572011e-05,2,1,0.0,-0.5986195980643021,Khac (Peripheral)
3556,0.00042105263157894734,7.393888086433306e-05,5.6777087751617186e-05,3,3,0.6666666666666667,-0.5587867256689831,Streamer Cau noi (Bridge)
376,0.00014035087719298245,0.0,3.110009937304049e-05,1,5,0.0,-0.6061473652949135,Khac (Peripheral)
3573,0.00014035087719298245,0.0,5.718601323008741e-05,1,3,0.0,-0.5587867256689831,Khac (Peripheral)
2432,0.00014035087719298245,0.0,3.3118378094398506e-05,1,2,0.0,-0.6448606735457089,Khac (Peripheral)
4286,0.0005614035087719298,7.996386701733214e-06,7.340117447356816e-05,4,16,0.375,-0.05391366080023693,Khac (Peripheral)
6309,0.00042105263157894734,1.6727259292159932e-05,5.640614578649044e-05,3,9,0.4444444444444444,-0.1780241547109686,Khac (Peripheral)
4027,0.004771929824561403,0.0012351384271352673,0.00041002210497802525,34,3,0.7975778546712803,1.3179580353381142,Streamer Cau noi (Bridge)
3842,0.0019649122807017545,0.0005474175927281088,0.00017966157634456088,14,1,0.5816326530612246,0.09526841839579539,Khac (Peripheral)
3560,0.0002807017543859649,7.525192351341273e-06,4.654551785468223e-05,2,14,0.5,-0.5111872250074323,Khac (Peripheral)
2910,0.0007017543859649122,6.33579209925652e-06,7.952187869243855e-05,5,9,0.72,-0.1780241547109686,Streamer Cau noi (Bridge)
513,0.00014035087719298245,0.0,3.2385891955629855e-05,1,6,0.0,-0.3626457370892153,Khac (Peripheral)
4028,0.0011228070175438596,0.0001574676044940498,0.00011841504464242028,8,2,0.78125,0.015173192318722542,Streamer Cau noi (Bridge)
2756,0.0011228070175438596,0.00010427837096617109,0.00011867862888781137,8,16,0.78125,-0.05391366080023693,Streamer Cau noi (Bridge)
3963,0.001263157894736842,5.946787260140707e-05,0.0001162615850655651,9,14,0.6666666666666667,-0.12539418053002366,Streamer Cau noi (Bridge)
1497,0.00042105263157894734,0.00028199299297218273,9.244278201306168e-05,3,2,0.4444444444444444,-0.31484374061349313,Khac (Peripheral)
6940,0.0002807017543859649,6.903897233146376e-07,4.23116531910487e-05,2,16,0.5,-0.23233892186291363,Khac (Peripheral)
4241,0.00042105263157894734,9.564103258511463e-07,5.8036894233094214e-05,3,16,0.6666666666666667,-0.23233892186291363,Streamer Cau noi (Bridge)
991,0.0005614035087719298,2.052788236879011e-05,6.507418207623032e-05,4,9,0.625,-0.1780241547109686,Streamer Cau noi (Bridge)
4667,0.0002807017543859649,0.0,4.459513398361586e-05,2,16,0.0,-0.14312629133157528,Khac (Peripheral)
1016,0.0007017543859649122,5.364267783072678e-06,7.061207107972007e-05,5,6,0.56,-0.2207600416545527,Khac (Peripheral)
88,0.0008421052631578947,1.0267563183367671e-05,8.562971868704494e-05,6,9,0.7222222222222222,-0.1780241547109686,Streamer Cau noi (Bridge)
1639,0.0019649122807017545,0.0004354119201962492,0.0002104804100273393,14,4,0.4693877551020408,0.15292873551376165,Khac (Peripheral)
7080,0.00042105263157894734,5.023525410110314e-06,7.804022639691813e-05,3,0,0.4444444444444444,-0.2570494701082677,Khac (Peripheral)
3538,0.00042105263157894734,4.203757872294655e-06,5.576599425422282e-05,3,9,0.4444444444444444,-0.1780241547109686,Khac (Peripheral)
674,0.0005614035087719298,1.426508163581889e-05,8.851999812067243e-05,4,0,0.0,0.3155854880537148,Khac (Peripheral)
3469,0.0011228070175438596,4.1106389564745726e-05,0.00011759776716023113,8,4,0.0,0.018839047128506894,Khac (Peripheral)
2034,0.003789473684210526,0.0009672737322073913,0.0003592115316330393,27,10,0.7846364883401921,1.0319552220709667,Streamer Cau noi (Bridge)
3715,0.001543859649122807,0.0003104745236086685,0.00013718343119818307,11,6,0.4297520661157025,0.13395419693210384,Khac (Peripheral)
3340,0.00014035087719298245,0.0,4.7977520367191385e-05,1,6,0.0,-0.3626457370892153,Khac (Peripheral)
1375,0.0007017543859649122,1.1235923479524406e-05,7.666631238005542e-05,5,10,0.31999999999999984,0.12285181215130553,Khac (Peripheral)
6432,0.00042105263157894734,7.990720719302921e-06,5.9682966313262726e-05,3,15,0.4444444444444444,-0.3322541788802534,Khac (Peripheral)
5127,0.00014035087719298245,0.0,3.2295449378755875e-05,1,5,0.0,-0.6061473652949135,Khac (Peripheral)
6011,0.0019649122807017545,7.331376925890244e-05,0.00016378226577556826,14,1,0.2551020408163266,0.5578604293691938,Khac (Peripheral)
1349,0.0018245614035087717,3.1935667851368526e-05,0.00014847445304432973,13,4,0.0,0.3540632680916438,Khac (Peripheral)
2611,0.00014035087719298245,0.0,3.490055197935675e-05,1,1,0.0,-0.7142676008076517,Khac (Peripheral)
112,0.0018245614035087717,0.00020496052161734013,0.00015907748127869776,13,4,0.8284023668639053,-0.31638517383463,Streamer Cau noi (Bridge)
5967,0.00042105263157894734,0.00027787320959561613,9.726521468649246e-05,3,8,0.4444444444444444,-0.4468005740821422,Khac (Peripheral)
8,0.00014035087719298245,0.0,3.3099925394396206e-05,1,5,0.0,-0.6061473652949135,Khac (Peripheral)
6762,0.002105263157894737,0.00027778637203178404,0.00017799296250946232,15,14,0.8177777777777777,-0.2539918620224932,Streamer Cau noi (Bridge)
1980,0.003929824561403509,0.001364529200844031,0.0003931364071811841,28,16,0.7908163265306123,0.6597873834504699,Streamer Cau noi (Bridge)
2094,0.0005614035087719298,5.8738724520037775e-05,7.668709025379998e-05,4,9,0.375,-0.09760367786544846,Khac (Peripheral)
4353,0.00014035087719298245,0.0,3.8992227912617146e-05,1,15,0.0,-0.6360721892977823,Khac (Peripheral)
4428,0.00042105263157894734,0.00014083036676489086,0.00010069494529200581,3,16,0.4444444444444444,-0.14312629133157528,Khac (Peripheral)
4888,0.0007017543859649122,0.00017845759262527958,0.00010250946613087853,5,16,0.31999999999999984,0.03529896973110142,Khac (Peripheral)
3712,0.00014035087719298245,0.0,3.123904654016177e-05,1,0,0.0,-0.5433669491892589,Khac (Peripheral)
5612,0.0011228070175438596,0.0001607381758530876,0.00012456890254916735,8,5,0.375,-0.2335157882693519,Khac (Peripheral)
4445,0.0029473684210526313,0.00022639769485980675,0.0002473868027024953,21,1,0.2585034013605443,1.2517484458292911,Khac (Peripheral)
2653,0.00042105263157894734,0.00015507071209844235,8.59780194009976e-05,3,9,0.0,-0.09760367786544846,Khac (Peripheral)
5268,0.003087719298245614,0.0006904746823637031,0.00026028892346068716,22,4,0.768595041322314,-0.11525064125674786,Streamer Cau noi (Bridge)
1793,0.0014035087719298245,0.0004188999403149457,0.00013647872741280427,10,5,0.6599999999999999,-0.3080421036744642,Streamer Cau noi (Bridge)
5017,0.0009824561403508772,0.001552977734456684,0.00016969337349561587,7,14,0.44897959183673464,0.003203500962445893,Khac (Peripheral)
878,0.0005614035087719298,6.110259042804029e-06,6.7195268305813e-05,4,9,0.75,-0.2584446315564888,Streamer Cau noi (Bridge)
5570,0.00042105263157894734,0.00014037057832678272,7.881200859444528e-05,3,4,0.0,-0.31638517383463,Khac (Peripheral)
2022,0.002105263157894737,0.00015955197180862643,0.00017362414933796836,15,1,0.31999999999999984,0.5578604293691938,Khac (Peripheral)
3124,0.0016842105263157893,0.00023477222310498705,0.00016856175752694288,12,9,0.29166666666666663,0.46533966005319266,Khac (Peripheral)
1769,0.0007017543859649122,4.490183500207169e-05,7.982671635117195e-05,5,9,0.48,-0.09760367786544846,Khac (Peripheral)
2544,0.0005614035087719298,4.35539960009231e-05,6.740704619320249e-05,4,16,0.375,-0.05391366080023693,Khac (Peripheral)
5878,0.00014035087719298245,0.0,3.337991520894061e-05,1,3,0.0,-0.5587867256689831,Khac (Peripheral)
1288,0.00042105263157894734,2.4079635915419417e-06,6.224397310565842e-05,3,4,0.4444444444444444,-0.38343001802725735,Khac (Peripheral)
6716,0.02175438596491228,0.01283620517373756,0.0016985590578222243,155,5,0.6330072840790842,6.026694705760084,Khac (Peripheral)
4422,0.0016842105263157893,0.00013574417106497542,0.00015238429951420872,12,2,0.6388888888888888,0.675207058183154,Streamer Cau noi (Bridge)
6056,0.01150877192982456,0.005256251311573403,0.00103669098918932,82,6,0.5684116597263533,3.2554394964946813,Khac (Peripheral)
5661,0.0002807017543859649,1.7943006468035053e-07,4.831451230258738e-05,2,14,0.5,-0.5111872250074323,Khac (Peripheral)
2522,0.00042105263157894734,1.3995191061929101e-05,5.401825816481148e-05,3,6,0.4444444444444444,-0.29170288937188404,Khac (Peripheral)
7119,0.002105263157894737,0.0003090530020430616,0.0001785968705358445,15,1,0.7288888888888889,-0.1360275870909038,Streamer Cau noi (Bridge)
5286,0.0002807017543859649,5.187334309109949e-06,4.8627404575691186e-05,2,3,0.5,-0.5587867256689831,Khac (Peripheral)
6724,0.0008421052631578947,6.476470121797173e-05,9.122543312403369e-05,6,9,0.2777777777777777,0.06323727582559185,Khac (Peripheral)
5358,0.0011228070175438596,3.208672863054255e-05,0.00013548188859506443,8,13,0.0,1.6559184103938005,Khac (Peripheral)
2736,0.0008421052631578947,1.2828702711369698e-05,8.66598291377848e-05,6,15,0.7222222222222222,-0.3322541788802534,Streamer Cau noi (Bridge)
2308,0.00042105263157894734,3.525715229267597e-06,5.5357772293491574e-05,3,14,0.4444444444444444,-0.3825895435149627,Khac (Peripheral)
4500,0.00014035087719298245,0.0,3.4126173993589554e-05,1,14,0.0,-0.5111872250074323,Khac (Peripheral)
796,0.0011228070175438596,2.7613543618134857e-05,0.00010010327753861487,8,4,0.0,0.018839047128506894,Khac (Peripheral)
5751,0.0002807017543859649,4.270577856370999e-06,4.362203840916945e-05,2,9,0.0,-0.1780241547109686,Khac (Peripheral)
1948,0.0011228070175438596,0.0007588237052427292,0.00011743808430850551,8,5,0.5625,-0.3080421036744642,Khac (Peripheral)
4614,0.001263157894736842,0.0015391718243304147,0.00017469883132925762,9,9,0.37037037037037035,0.22407822951663217,Khac (Peripheral)
329,0.00014035087719298245,0.0,3.2029188269865987e-05,1,9,0.0,-0.2584446315564888,Khac (Peripheral)
6470,0.0005614035087719298,2.382389023223215e-06,7.49436934307082e-05,4,14,0.0,-0.12539418053002366,Khac (Peripheral)
6637,0.001263157894736842,0.00010731634111074135,0.00012281335061489196,9,9,0.6172839506172839,0.06323727582559185,Khac (Peripheral)
629,0.00042105263157894734,3.3346456208755366e-05,5.706782006673648e-05,3,15,0.6666666666666667,-0.6360721892977823,Streamer Cau noi (Bridge)
1129,0.0019649122807017545,0.0008218235663616219,0.00020280306479813744,14,9,0.6734693877551021,0.22407822951663217,Streamer Cau noi (Bridge)
2475,0.0007017543859649122,0.00013424070450475953,8.908788418963691e-05,5,8,0.56,-0.09500931747723713,Khac (Peripheral)
4021,0.0002807017543859649,9.067539461625012e-06,4.3582034421065774e-05,2,1,0.5,-0.7142676008076517,Khac (Peripheral)
6334,0.0007017543859649122,2.5401636381448843e-05,8.425555702863914e-05,5,9,0.72,-0.2584446315564888,Streamer Cau noi (Bridge)
806,0.0005614035087719298,7.711311830498598e-05,6.546969573033743e-05,4,16,0.625,-0.14312629133157528,Streamer Cau noi (Bridge)
2583,0.0002807017543859649,4.07289214915312e-07,4.3342604382380723e-05,2,5,0.5,-0.6061473652949135,Khac (Peripheral)
4402,0.0005614035087719298,2.8119441907337362e-05,6.838343331814486e-05,4,9,0.625,-0.1780241547109686,Streamer Cau noi (Bridge)
945,0.0019649122807017545,7.44689611552505e-05,0.0001749753439346145,14,6,0.13265306122448983,0.48866843551876044,Khac (Peripheral)
6320,0.0029473684210526313,0.0008195303890841949,0.00026525028435225325,21,9,0.743764172335601,0.3849191832076725,Streamer Cau noi (Bridge)
5541,0.0019649122807017545,0.0004723112700427786,0.00017882148986578066,14,4,0.7857142857142857,-0.31638517383463,Streamer Cau noi (Bridge)
5464,0.0005614035087719298,0.0002810058350790863,0.000109282425379644,4,14,0.375,-0.2539918620224932,Khac (Peripheral)
1148,0.0011228070175438596,4.246649056643895e-05,0.00011575074697815315,8,3,0.75,-0.21756040548587458,Streamer Cau noi (Bridge)
1017,0.0002807017543859649,1.478618160071816e-07,6.606157877668155e-05,2,16,0.5,-0.23233892186291363,Khac (Peripheral)
5871,0.00042105263157894734,0.00014037057832678272,8.318963707533355e-05,3,9,0.0,-0.09760367786544846,Khac (Peripheral)
6987,0.0005614035087719298,4.99324353123723e-05,7.027796922857226e-05,4,9,0.375,-0.09760367786544846,Khac (Peripheral)
3228,0.0002807017543859649,5.556214491336867e-07,4.334897159887555e-05,2,4,0.0,-0.38343001802725735,Khac (Peripheral)
2307,0.00042105263157894734,1.0654483073966996e-05,5.74124498174716e-05,3,9,0.4444444444444444,-0.1780241547109686,Khac (Peripheral)
1802,0.0002807017543859649,5.762456111852009e-06,4.2482454369582016e-05,2,6,0.0,-0.29170288937188404,Khac (Peripheral)
1119,0.0023859649122807015,0.00012882215243714074,0.0001982570439183155,17,1,0.3806228373702423,0.6735084321125433,Khac (Peripheral)
3217,0.00014035087719298245,0.0,3.746283349283279e-05,1,5,0.0,-0.6061473652949135,Khac (Peripheral)
1984,0.002245614035087719,0.00033931034445650336,0.00020094766837344726,16,6,0.6640625,0.13395419693210384,Streamer Cau noi (Bridge)
1878,0.0019649122807017545,0.0003131316193776085,0.00019726691029897601,14,1,0.5408163265306122,0.210916421139145,Khac (Peripheral)
5427,0.00042105263157894734,2.5462116722893728e-05,5.333344718268583e-05,3,5,0.0,-0.4570947344846889,Khac (Peripheral)
5650,0.0009824561403508772,0.0001776607040802686,0.00012040623426377918,7,4,0.0,-0.04820579706412048,Khac (Peripheral)
1692,0.002807017543859649,0.0010209826939081648,0.00026832228070426933,20,14,0.7549999999999999,0.3889965454398545,Streamer Cau noi (Bridge)
1761,0.0009824561403508772,0.00016961149698663654,0.0001022168401094147,7,4,0.7755102040816326,-0.38343001802725735,Streamer Cau noi (Bridge)
6067,0.0005614035087719298,0.00015938137884460038,7.948222909256532e-05,4,9,0.625,-0.1780241547109686,Streamer Cau noi (Bridge)
5778,0.0007017543859649122,7.625894086571852e-05,7.342781628608739e-05,5,1,0.56,-0.4829715953209526,Khac (Peripheral)
6123,0.00042105263157894734,8.143070351561785e-06,7.142727967876325e-05,3,9,0.4444444444444444,-0.1780241547109686,Khac (Peripheral)
4015,0.002526315789473684,0.00027468271991041307,0.00022072544636735645,18,14,0.5370370370370371,0.9033872714097326,Khac (Peripheral)
2925,0.0008421052631578947,5.28262326971536e-05,8.998668594882259e-05,6,3,0.7222222222222222,-0.3881735655774289,Streamer Cau noi (Bridge)
4020,0.00014035087719298245,0.0,3.211486823569884e-05,1,9,0.0,-0.2584446315564888,Khac (Peripheral)
972,0.008140350877192983,0.0047003353840650375,0.0006854661107235232,58,5,0.8067776456599287,0.9589052582124453,Streamer Cau noi (Bridge)
1864,0.00042105263157894734,0.001540947265764095,8.611767038516252e-05,3,1,0.4444444444444444,-0.5986195980643021,Khac (Peripheral)
3645,0.002807017543859649,0.00015996073632221062,0.00023272432253759154,20,1,0.27000000000000013,1.1361004430859416,Khac (Peripheral)
2428,0.001543859649122807,0.00010166146004407385,0.00014146881494584356,11,5,0.6776859504132231,-0.3080421036744642,Streamer Cau noi (Bridge)
2244,0.0007017543859649122,0.001544651857911245,0.0001425730774958323,5,1,0.56,-0.4829715953209526,Khac (Peripheral)
1482,0.009263157894736841,0.0018553747667772135,0.0007661832426110358,66,4,0.3916437098255281,2.901767347411484,Khac (Peripheral)
4778,0.00042105263157894734,2.59708442846343e-05,5.783467626903353e-05,3,2,0.6666666666666667,-0.6448606735457089,Streamer Cau noi (Bridge)
11,0.0005614035087719298,6.773125615238293e-07,6.112190733801534e-05,4,4,0.0,-0.24934032964200262,Khac (Peripheral)
5253,0.002105263157894737,0.0002991560981943048,0.00019090690461650474,15,1,0.72,-0.020379584347554196,Streamer Cau noi (Bridge)
4699,0.0007017543859649122,1.2169063952830673e-05,7.924515540410963e-05,5,5,0.56,-0.4570947344846889,Khac (Peripheral)
3331,0.00014035087719298245,0.0,3.2740847283628784e-05,1,15,0.0,-0.6360721892977823,Khac (Peripheral)
429,0.00042105263157894734,1.868826462293189e-05,5.659199590749548e-05,3,16,0.0,-0.05391366080023693,Khac (Peripheral)
4855,0.0008421052631578947,6.769636032441193e-05,9.314595650324074e-05,6,6,0.4444444444444444,-0.1498171939372214,Khac (Peripheral)
4842,0.00042105263157894734,9.326467655734222e-05,5.5323468718208044e-05,3,16,0.4444444444444444,-0.14312629133157528,Khac (Peripheral)
1108,0.002807017543859649,0.0007410324498792034,0.0002376116001169049,20,1,0.4800000000000001,0.7891564348558929,Khac (Peripheral)
3000,0.0002807017543859649,7.5013195019159145e-06,4.951963977044578e-05,2,9,0.0,-0.1780241547109686,Khac (Peripheral)
2846,0.00014035087719298245,0.0,3.1585603043182044e-05,1,1,0.0,-0.7142676008076517,Khac (Peripheral)
7111,0.00042105263157894734,2.003556486686782e-06,5.259288745888268e-05,3,1,0.0,-0.4829715953209526,Khac (Peripheral)
1140,0.0007017543859649122,5.094466664912727e-07,7.614926230406503e-05,5,6,0.0,-0.07887434621989009,Khac (Peripheral)
1389,0.00014035087719298245,0.0,3.1851778706754234e-05,1,3,0.0,-0.5587867256689831,Khac (Peripheral)
3406,0.00014035087719298245,0.0,4.045379191848453e-05,1,14,0.0,-0.5111872250074323,Khac (Peripheral)
1124,0.0007017543859649122,8.976023870911489e-05,8.225835893120743e-05,5,14,0.72,-0.3825895435149627,Streamer Cau noi (Bridge)
5961,0.00014035087719298245,0.0,3.4126173993589554e-05,1,14,0.0,-0.5111872250074323,Khac (Peripheral)
1258,0.00014035087719298245,0.0,4.458949316099663e-05,1,6,0.0,-0.3626457370892153,Khac (Peripheral)
2576,0.0005614035087719298,2.202478568332056e-08,6.0245201287364194e-05,4,6,0.0,-0.1498171939372214,Khac (Peripheral)
5785,0.0007017543859649122,2.377747080876164e-05,7.878725619387937e-05,5,2,0.56,-0.6448606735457089,Khac (Peripheral)
2394,0.001543859649122807,0.0002508353085587054,0.00015994711909629483,11,6,0.6115702479338844,-0.2207600416545527,Khac (Peripheral)
6048,0.0014035087719298245,0.00011624072948463777,0.0001662485073957578,10,4,0.4800000000000001,-0.04820579706412048,Khac (Peripheral)
493,0.008280701754385965,0.0009955759729162374,0.0007105896190243859,59,6,0.5992530881930479,2.1203539330173804,Khac (Peripheral)
6664,0.001263157894736842,1.3905569323380245e-05,0.00012063035580838974,9,4,0.5185185185185186,-0.11525064125674786,Khac (Peripheral)
5574,0.00014035087719298245,0.0,3.416164811204149e-05,1,4,0.0,-0.45047486221988475,Khac (Peripheral)
4035,0.0018245614035087717,0.00045091890150723363,0.00016731806814566884,13,4,0.7928994082840236,-0.24934032964200262,Streamer Cau noi (Bridge)
6685,0.0008421052631578947,4.4741540677110645e-05,9.098473773992164e-05,6,6,0.5,-0.1498171939372214,Khac (Peripheral)
70,0.00042105263157894734,1.0644281193742176e-06,7.368970332375003e-05,3,3,0.4444444444444444,-0.3881735655774289,Khac (Peripheral)
4972,0.00014035087719298245,0.0,3.990770121485915e-05,1,9,0.0,-0.2584446315564888,Khac (Peripheral)
3965,0.0009824561403508772,5.301043401507927e-05,0.00011325882561083358,7,6,0.6938775510204083,-0.29170288937188404,Streamer Cau noi (Bridge)
773,0.00042105263157894734,4.134672109126719e-07,5.669662855079807e-05,3,16,0.0,-0.05391366080023693,Khac (Peripheral)
1715,0.002807017543859649,0.0011867804568954446,0.00028362805411697703,20,2,0.5900000000000001,2.985325588708664,Khac (Peripheral)
4518,0.0007017543859649122,9.424744084223206e-05,9.178048606060861e-05,5,0,0.6399999999999999,-0.2570494701082677,Streamer Cau noi (Bridge)
1726,0.0011228070175438596,0.00018177079446765165,0.00014180604324691808,8,2,0.40625,1.0052239911153695,Khac (Peripheral)
4930,0.0019649122807017545,0.00035009159150560873,0.000196607072026891,14,5,0.4693877551020408,0.06458947335109738,Khac (Peripheral)
5866,0.004210526315789474,0.0005744597212686736,0.0003389718408763613,30,1,0.52,1.4830444513159904,Khac (Peripheral)
5572,0.00014035087719298245,0.0,3.2385891955629855e-05,1,6,0.0,-0.3626457370892153,Khac (Peripheral)
3725,0.006456140350877193,0.0010625772739605445,0.00048461995337697273,46,1,0.47258979206049156,2.8708204842361855,Khac (Peripheral)
5443,0.00014035087719298245,0.0,5.543288922439039e-05,1,5,0.0,-0.6061473652949135,Khac (Peripheral)
2869,0.0014035087719298245,4.023820048812698e-05,0.00011692973470389724,10,1,0.33999999999999986,0.09526841839579539,Khac (Peripheral)
7122,0.001263157894736842,4.896751167219374e-05,0.00013768210683612217,9,1,0.7160493827160495,-0.36732359257760294,Streamer Cau noi (Bridge)
1911,0.001263157894736842,0.00013340475570027745,0.00012058192357228938,9,6,0.19753086419753085,0.13395419693210384,Khac (Peripheral)
6265,0.00042105263157894734,7.327033782175218e-06,7.502100223804426e-05,3,9,0.4444444444444444,-0.1780241547109686,Khac (Peripheral)
560,0.004631578947368421,0.0018881761006913228,0.0003845775157678018,33,5,0.7015610651974289,0.5862736811868836,Streamer Cau noi (Bridge)
2898,0.00014035087719298245,0.0,3.294522059138826e-05,1,6,0.0,-0.3626457370892153,Khac (Peripheral)
6132,0.0009824561403508772,0.0008271358581824814,0.00010577950518794096,7,16,0.6938775510204083,-0.05391366080023693,Streamer Cau noi (Bridge)
105,0.0007017543859649122,7.764865861145132e-05,9.032986114361517e-05,5,16,0.31999999999999984,0.03529896973110142,Khac (Peripheral)
718,0.00014035087719298245,0.0,3.169045280034142e-05,1,6,0.0,-0.3626457370892153,Khac (Peripheral)
509,0.0002807017543859649,6.31600224697266e-07,4.499720052961444e-05,2,9,0.5,-0.2584446315564888,Khac (Peripheral)
3774,0.001263157894736842,0.0017027765731889714,0.00014058856093722067,9,5,0.6172839506172839,-0.3080421036744642,Khac (Peripheral)
2665,0.0032280701754385964,0.0011599733181968657,0.0002742998216997648,23,1,0.6540642722117203,0.5578604293691938,Streamer Cau noi (Bridge)
1607,0.0014035087719298245,0.00016749718415948702,0.00015827534754878875,10,4,0.0,0.15292873551376165,Khac (Peripheral)
2098,0.0026666666666666666,0.00022074323798531304,0.00021547265076763092,19,1,0.47645429362880887,0.6735084321125433,Khac (Peripheral)
2551,0.0007017543859649122,0.0001561854505886021,9.052151119768952e-05,5,9,0.31999999999999984,-0.0171832010199283,Khac (Peripheral)
4478,0.00014035087719298245,0.0,3.375603755941458e-05,1,9,0.0,-0.2584446315564888,Khac (Peripheral)
2115,0.00014035087719298245,0.0,3.305139647598882e-05,1,5,0.0,-0.6061473652949135,Khac (Peripheral)
728,0.001543859649122807,3.219921213374397e-05,0.00014609084353489553,11,6,0.7603305785123967,-0.2207600416545527,Streamer Cau noi (Bridge)
344,0.0005614035087719298,1.620803541763331e-05,6.554203352773277e-05,4,1,0.625,-0.5986195980643021,Streamer Cau noi (Bridge)
5764,0.0009824561403508772,0.0007755490729822628,0.00010428789226094463,7,1,0.6122448979591837,-0.36732359257760294,Khac (Peripheral)
4498,0.0002807017543859649,1.1998223607963286e-05,5.465930474425527e-05,2,0,0.5,-0.5433669491892589,Khac (Peripheral)
2269,0.0008421052631578947,1.4974312974481654e-05,8.527869118947487e-05,6,1,0.6111111111111112,-0.4829715953209526,Khac (Peripheral)
2093,0.0011228070175438596,4.79357554151736e-05,0.00010932335038231168,8,13,0.6875,-0.06899660043307508,Streamer Cau noi (Bridge)
5830,0.00014035087719298245,0.0,3.467681781514437e-05,1,9,0.0,-0.2584446315564888,Khac (Peripheral)
3740,0.0018245614035087717,0.0002547972920969926,0.00016357531856643254,13,6,0.5798816568047337,0.13395419693210384,Khac (Peripheral)
6068,0.0005614035087719298,8.486234447283764e-05,6.347080953539416e-05,4,4,0.625,-0.38343001802725735,Streamer Cau noi (Bridge)
6102,0.0005614035087719298,1.6014803704056723e-05,7.115409939985162e-05,4,15,0.75,-0.6360721892977823,Streamer Cau noi (Bridge)
6196,0.002105263157894737,0.0005206293707292467,0.00021824520444321208,15,4,0.34666666666666657,0.2870184238990164,Khac (Peripheral)
3336,0.0002807017543859649,2.686780600786075e-07,4.7665015792441314e-05,2,5,0.0,-0.5316210498898012,Khac (Peripheral)
2804,0.0005614035087719298,0.0013901951151038742,9.798987325299082e-05,4,9,0.0,-0.0171832010199283,Khac (Peripheral)
658,0.00014035087719298245,0.0,3.2695148349424987e-05,1,9,0.0,-0.2584446315564888,Khac (Peripheral)
1214,0.004912280701754385,0.001810311099718802,0.00040174485865711307,35,5,0.6612244897959184,0.7353263119971083,Streamer Cau noi (Bridge)
6394,0.0007017543859649122,1.456612912703391e-05,7.666542349865411e-05,5,15,0.6399999999999999,-0.3322541788802534,Streamer Cau noi (Bridge)
2647,0.00014035087719298245,0.0,3.338628045939249e-05,1,9,0.0,-0.2584446315564888,Khac (Peripheral)
3343,0.00042105263157894734,8.396163485060439e-06,6.091428939367956e-05,3,5,0.4444444444444444,-0.5316210498898012,Khac (Peripheral)
5743,0.002105263157894737,0.00012647238358774195,0.00018659031881660432,15,5,0.5066666666666667,0.06458947335109738,Khac (Peripheral)
1539,0.00014035087719298245,0.0,6.187109261508528e-05,1,1,0.0,-0.7142676008076517,Khac (Peripheral)
6148,0.0019649122807017545,0.000125363085501123,0.00016789590547978717,14,4,0.13265306122448983,0.3540632680916438,Khac (Peripheral)
3623,0.00014035087719298245,0.0,3.9705997731418155e-05,1,2,0.0,-0.6448606735457089,Khac (Peripheral)
4137,0.001263157894736842,0.0006581787461606947,0.0001403607712709083,9,6,0.7654320987654322,-0.2207600416545527,Streamer Cau noi (Bridge)
1732,0.0009824561403508772,7.71489852981036e-05,0.00010279624499823713,7,16,0.7346938775510204,-0.14312629133157528,Streamer Cau noi (Bridge)
1190,0.0005614035087719298,2.7512194853253063e-05,7.451533523993855e-05,4,1,0.0,-0.36732359257760294,Khac (Peripheral)
3379,0.002807017543859649,0.0004849297862441959,0.0002439118144310157,20,6,0.765,-0.07887434621989009,Streamer Cau noi (Bridge)
6855,0.0002807017543859649,0.00014037057832678272,8.141256310753909e-05,2,4,0.0,-0.38343001802725735,Khac (Peripheral)
5496,0.0009824561403508772,0.00016072278073370294,0.000131931689810778,7,2,0.5714285714285714,0.34519012525093823,Khac (Peripheral)
6873,0.0023859649122807015,0.0011097952174758299,0.00021488383248487048,17,1,0.6782006920415224,0.09526841839579539,Streamer Cau noi (Bridge)
5293,0.005192982456140351,0.0012185461214882403,0.00047981409820634427,37,14,0.4528853177501826,2.8323524937967757,Khac (Peripheral)
2013,0.00014035087719298245,0.0,3.869815891786559e-05,1,16,0.0,-0.23233892186291363,Khac (Peripheral)
4357,0.00014035087719298245,0.0,3.440347141963633e-05,1,16,0.0,-0.23233892186291363,Khac (Peripheral)
4899,0.0005614035087719298,8.823796288159537e-06,8.169242576662302e-05,4,15,0.375,-0.02843616846272445,Khac (Peripheral)
5379,0.004210526315789474,0.0016544680851062843,0.0003550969042883643,30,6,0.5311111111111111,0.9852683695400796,Khac (Peripheral)
3926,0.0029473684210526313,0.0006685122988181005,0.00029589359209773134,21,14,0.6802721088435374,0.7747895899172631,Streamer Cau noi (Bridge)
1921,0.00042105263157894734,4.9305380601823864e-05,6.484474622521375e-05,3,9,0.0,-0.09760367786544846,Khac (Peripheral)
1091,0.00042105263157894734,5.02006668458249e-06,6.191990809115207e-05,3,9,0.4444444444444444,-0.1780241547109686,Khac (Peripheral)
4603,0.0005614035087719298,3.07892370071078e-05,6.993775785800024e-05,4,16,0.5,-0.14312629133157528,Khac (Peripheral)
2106,0.011228070175438596,0.0052216990822498074,0.0009024264223692469,80,5,0.5309375,3.34374735117604,Khac (Peripheral)
4922,0.00042105263157894734,1.2793342028288418e-07,5.431508772115839e-05,3,1,0.0,-0.4829715953209526,Khac (Peripheral)
5894,0.0007017543859649122,2.6732436479070322e-05,8.358210316087817e-05,5,15,0.6399999999999999,-0.3322541788802534,Streamer Cau noi (Bridge)
621,0.0016842105263157893,0.00021728570543501965,0.0001670808582510196,12,3,0.75,0.12366591469723404,Streamer Cau noi (Bridge)
1056,0.00042105263157894734,1.0276646206164104e-05,5.796507728311673e-05,3,9,0.6666666666666667,-0.2584446315564888,Streamer Cau noi (Bridge)
4246,0.0009824561403508772,7.608792546731466e-05,0.00010016032213941302,7,16,0.6938775510204083,-0.05391366080023693,Streamer Cau noi (Bridge)
1944,0.001543859649122807,0.0004037692271649491,0.00014522144356286923,11,6,0.31404958677685935,0.20489704464943517,Khac (Peripheral)
2469,0.0002807017543859649,8.684712692666071e-06,4.453278734855147e-05,2,2,0.5,-0.6448606735457089,Khac (Peripheral)
3642,0.00042105263157894734,1.868510636890332e-05,5.8680163167199316e-05,3,14,0.4444444444444444,-0.3825895435149627,Khac (Peripheral)
631,0.0018245614035087717,0.0004814771896940274,0.0001771142265240571,13,1,0.3905325443786982,0.32656442388249457,Khac (Peripheral)
3308,0.00014035087719298245,0.0,3.408837874618252e-05,1,16,0.0,-0.23233892186291363,Khac (Peripheral)
5639,0.0014035087719298245,0.00031504824915488245,0.0001377974506048696,10,13,0.76,-0.4139796025984502,Streamer Cau noi (Bridge)
860,0.0002807017543859649,4.945952782461015e-07,4.2553442849373624e-05,2,14,0.5,-0.5111872250074323,Khac (Peripheral)
3068,0.001263157894736842,5.409899373696057e-05,0.00012082717627606556,9,5,0.6172839506172839,-0.3080421036744642,Khac (Peripheral)
3259,0.001263157894736842,0.00013167486909623823,0.00012070407475454533,9,14,0.6666666666666667,-0.12539418053002366,Streamer Cau noi (Bridge)
51,0.0002807017543859649,1.6206726230869417e-06,6.70017413534003e-05,2,9,0.0,-0.1780241547109686,Khac (Peripheral)
5012,0.00014035087719298245,0.0,5.211707358689964e-05,1,13,0.0,-0.7589626047638253,Khac (Peripheral)
4232,0.0023859649122807015,0.0004928842618033696,0.00021124102699619505,17,5,0.6643598615916955,-0.009936842054014941,Streamer Cau noi (Bridge)
622,0.0026666666666666666,0.0005660486205797073,0.00022930326041289322,19,3,0.6260387811634349,0.46489223488034265,Streamer Cau noi (Bridge)
6143,0.00014035087719298245,0.0,3.4351043145087584e-05,1,1,0.0,-0.7142676008076517,Khac (Peripheral)
7019,0.00014035087719298245,0.0,3.263458656038808e-05,1,9,0.0,-0.2584446315564888,Khac (Peripheral)
2334,0.0014035087719298245,0.00011417772865544437,0.00013835020130107797,10,14,0.76,-0.2539918620224932,Streamer Cau noi (Bridge)
2803,0.0005614035087719298,1.6106390641771624e-05,6.646434040082028e-05,4,14,0.625,-0.3825895435149627,Streamer Cau noi (Bridge)
7045,0.001263157894736842,0.00015764609340489114,0.00012207617918232665,9,5,0.7407407407407407,-0.38256841907957656,Streamer Cau noi (Bridge)
3307,0.00042105263157894734,1.0036935171466038e-05,6.017021196910393e-05,3,9,0.4444444444444444,-0.1780241547109686,Khac (Peripheral)
6211,0.0014035087719298245,0.0005516904996197883,0.00013832226078516687,10,9,0.82,-0.09760367786544846,Streamer Cau noi (Bridge)
4214,0.0005614035087719298,5.745539269853088e-05,6.670882577338142e-05,4,4,0.625,-0.38343001802725735,Streamer Cau noi (Bridge)
2083,0.00014035087719298245,0.0,3.3191517586285105e-05,1,6,0.0,-0.3626457370892153,Khac (Peripheral)
6926,0.0014035087719298245,0.00023628061188248094,0.0001423092085497658,10,5,0.54,-0.2335157882693519,Khac (Peripheral)
4113,0.002526315789473684,0.00046013160535301654,0.00021476429636116195,18,4,0.20370370370370372,0.555197800669526,Khac (Peripheral)
4465,0.00042105263157894734,5.767278855627443e-06,6.787784363128103e-05,3,14,0.0,-0.2539918620224932,Khac (Peripheral)
6620,0.0005614035087719298,2.7352367512896714e-05,8.04626413261433e-05,4,1,0.625,-0.5986195980643021,Streamer Cau noi (Bridge)
3795,0.0002807017543859649,7.476327328591493e-07,7.193829491291371e-05,2,16,0.0,-0.14312629133157528,Khac (Peripheral)
1979,0.0018245614035087717,0.0005749149478411526,0.00019442915772981885,13,6,0.8165680473372781,-0.1498171939372214,Streamer Cau noi (Bridge)
4464,0.0014035087719298245,0.00018347977390184943,0.00013987702348051823,10,1,0.4600000000000001,-0.020379584347554196,Khac (Peripheral)
6972,0.0011228070175438596,0.00017491738644522943,0.00012673133047873549,8,14,0.6875,-0.12539418053002366,Streamer Cau noi (Bridge)
3649,0.0007017543859649122,1.5761596512168864e-05,8.033427642466976e-05,5,4,0.56,-0.31638517383463,Khac (Peripheral)
3043,0.0005614035087719298,2.0217356367988933e-06,6.57939121860701e-05,4,6,0.0,-0.1498171939372214,Khac (Peripheral)
6884,0.0009824561403508772,3.567774709417931e-05,9.310593653312629e-05,7,1,0.0,-0.020379584347554196,Khac (Peripheral)
4461,0.00042105263157894734,1.293389256163469e-06,5.3837060471798406e-05,3,6,0.4444444444444444,-0.29170288937188404,Khac (Peripheral)
3195,0.0002807017543859649,1.3228154539065761e-05,4.64749783602311e-05,2,14,0.5,-0.5111872250074323,Khac (Peripheral)
1965,0.0023859649122807015,0.0006151591114714683,0.00022651181447436947,17,16,0.643598615916955,0.39214949185645487,Streamer Cau noi (Bridge)
4966,0.00014035087719298245,0.0,3.8954714920506455e-05,1,4,0.0,-0.45047486221988475,Khac (Peripheral)
4889,0.0009824561403508772,1.8872428074020308e-05,0.00010370640441030528,7,1,0.0,-0.020379584347554196,Khac (Peripheral)
920,0.0011228070175438596,5.20896837557997e-05,0.00010654721783682682,8,1,0.53125,-0.25167558983425337,Khac (Peripheral)
4633,0.0008421052631578947,8.796544091889927e-05,8.7018732108865e-05,6,9,0.6666666666666667,-0.09760367786544846,Streamer Cau noi (Bridge)
192,0.0007017543859649122,2.157470387451856e-05,7.453588411878791e-05,5,4,0.6399999999999999,-0.38343001802725735,Streamer Cau noi (Bridge)
3189,0.0014035087719298245,0.00013444465354028735,0.0001370998508992648,10,5,0.17999999999999994,-0.009936842054014941,Khac (Peripheral)
3936,0.0054736842105263155,0.0008780705982085386,0.0004951660005329729,39,9,0.7902695595003287,0.7870215674352734,Streamer Cau noi (Bridge)
3096,0.003508771929824561,0.0004583856058015291,0.00028935351320488316,25,1,0.5952,0.9048044375992426,Khac (Peripheral)
6347,0.0002807017543859649,1.249289163685187e-07,4.276595343086764e-05,2,1,0.0,-0.5986195980643021,Khac (Peripheral)
1198,0.002807017543859649,0.00028840253456171384,0.0002521020473565365,20,16,0.785,0.2137242307937781,Streamer Cau noi (Bridge)
2635,0.0008421052631578947,3.820873516988942e-05,8.489987820834147e-05,6,16,0.7222222222222222,-0.14312629133157528,Streamer Cau noi (Bridge)
2103,0.00014035087719298245,0.0,3.348283595746985e-05,1,4,0.0,-0.45047486221988475,Khac (Peripheral)
3278,0.005192982456140351,0.0004262846084053985,0.00037970406371794175,37,5,0.37399561723886043,1.4805894660482315,Khac (Peripheral)
4051,0.0016842105263157893,8.422824030512134e-05,0.00016095802683464497,12,10,0.41666666666666663,1.6380241620174076,Khac (Peripheral)
4298,0.0011228070175438596,4.206508505297517e-05,0.0001192011102097231,8,10,0.21875,1.0319552220709667,Khac (Peripheral)
942,0.0018245614035087717,0.0002536655902540353,0.0001694937546043175,13,14,0.8402366863905325,-0.2539918620224932,Streamer Cau noi (Bridge)
5419,0.004631578947368421,0.0005896486780666317,0.00037823873031709524,33,6,0.7401285583103765,0.5596112832360918,Streamer Cau noi (Bridge)
5219,0.0002807017543859649,3.378798109954932e-06,5.354271934119411e-05,2,0,0.5,-0.5433669491892589,Khac (Peripheral)
802,0.0002807017543859649,0.00014037057832678272,8.960733510804073e-05,2,5,0.0,-0.5316210498898012,Khac (Peripheral)
1053,0.001263157894736842,9.697058203598437e-06,0.00011601126027526214,9,4,0.0,0.08588389132113426,Khac (Peripheral)
3733,0.0005614035087719298,9.93891420079701e-06,7.103323709437657e-05,4,1,0.625,-0.5986195980643021,Streamer Cau noi (Bridge)
236,0.00042105263157894734,5.050021050186783e-06,6.262101086888497e-05,3,16,0.4444444444444444,-0.23233892186291363,Khac (Peripheral)
4981,0.0009824561403508772,0.00019500993975462278,0.00012737064557709186,7,16,0.44897959183673464,0.12451160026243978,Khac (Peripheral)
4261,0.00042105263157894734,1.1939960125730633e-05,6.922557439967045e-05,3,9,0.4444444444444444,-0.1780241547109686,Khac (Peripheral)
2887,0.018807017543859647,0.008807376264236595,0.00150643392120275,134,5,0.6112719982178659,5.355957867114073,Khac (Peripheral)
3693,0.0002807017543859649,0.0,4.101112609940756e-05,2,5,0.0,-0.5316210498898012,Khac (Peripheral)
6455,0.0016842105263157893,0.00039056058368539117,0.00017368633549657005,12,9,0.7222222222222222,0.06323727582559185,Streamer Cau noi (Bridge)
3067,0.0002807017543859649,4.5802224178136587e-07,5.682014703523055e-05,2,5,0.0,-0.5316210498898012,Khac (Peripheral)
5971,0.0002807017543859649,5.454375443612257e-06,4.2512141011304916e-05,2,9,0.5,-0.2584446315564888,Khac (Peripheral)
2377,0.00014035087719298245,0.0,3.103576610550173e-05,1,14,0.0,-0.5111872250074323,Khac (Peripheral)
3408,0.00042105263157894734,3.013788699393812e-06,5.3080912197619835e-05,3,4,0.4444444444444444,-0.38343001802725735,Khac (Peripheral)
5744,0.0011228070175438596,0.0001328467670794601,0.00011246504603973671,8,9,0.75,-0.1780241547109686,Streamer Cau noi (Bridge)
5294,0.0002807017543859649,2.590236876965224e-07,4.2152459945523744e-05,2,3,0.5,-0.5587867256689831,Khac (Peripheral)
4779,0.0002807017543859649,1.000796165638244e-05,4.4748357146087416e-05,2,8,0.0,-0.4468005740821422,Khac (Peripheral)
664,0.0023859649122807015,0.00022893267161027157,0.00019287555890125683,17,4,0.11072664359861584,0.555197800669526,Khac (Peripheral)
2678,0.0008421052631578947,8.386233998690684e-05,8.708854798882062e-05,6,9,0.7222222222222222,-0.1780241547109686,Streamer Cau noi (Bridge)
913,0.0002807017543859649,0.0,4.282093393595295e-05,2,16,0.5,-0.23233892186291363,Khac (Peripheral)
3315,0.0008421052631578947,0.00014652622349450433,0.00012475258869356007,6,15,0.6666666666666667,-0.02843616846272445,Streamer Cau noi (Bridge)
2153,0.002105263157894737,6.539674694633633e-05,0.00020313987520239964,15,1,0.4177777777777779,0.44221242662584415,Khac (Peripheral)
6791,0.002245614035087719,0.00016014274247248968,0.00017983357745347497,16,5,0.21875,0.3626947349715467,Khac (Peripheral)
3211,0.0008421052631578947,8.276684529889841e-05,9.226931357124659e-05,6,4,0.5,-0.31638517383463,Khac (Peripheral)
999,0.0008421052631578947,0.00018650226739627468,0.00010206841775263748,6,14,0.5,-0.12539418053002366,Khac (Peripheral)
7052,0.0002807017543859649,2.331556900051982e-06,4.559399239978528e-05,2,9,0.0,-0.1780241547109686,Khac (Peripheral)
2061,0.007578947368421052,0.003859146030807568,0.0006649457662267485,54,16,0.7249657064471879,1.9087642108892067,Streamer Cau noi (Bridge)
5269,0.02063157894736842,0.00927988422094477,0.0018567908961821297,147,14,0.7958720903327318,5.275708442153697,Khac (Peripheral)
3550,0.0005614035087719298,9.399766175698688e-07,7.045220443614204e-05,4,6,0.375,-0.2207600416545527,Khac (Peripheral)
3190,0.00042105263157894734,0.00014136841892463406,8.190977528153297e-05,3,4,0.0,-0.31638517383463,Khac (Peripheral)
1925,0.001263157894736842,7.760059580604654e-05,0.0001243347759952922,9,15,0.8395061728395061,-0.3322541788802534,Streamer Cau noi (Bridge)
3487,0.00014035087719298245,0.0,3.410022426877764e-05,1,15,0.0,-0.6360721892977823,Khac (Peripheral)
3627,0.00042105263157894734,1.3892422723809055e-05,5.4932377868921505e-05,3,14,0.6666666666666667,-0.5111872250074323,Streamer Cau noi (Bridge)
725,0.0016842105263157893,6.030754857272834e-05,0.00015256350215817982,12,1,0.48611111111111116,0.09526841839579539,Khac (Peripheral)
1897,0.0005614035087719298,4.049179296490171e-06,8.987774713467152e-05,4,1,0.0,-0.36732359257760294,Khac (Peripheral)
5622,0.0007017543859649122,1.2459423503471572e-06,7.675757600153176e-05,5,14,0.0,0.003203500962445893,Khac (Peripheral)
5018,0.00014035087719298245,0.0,4.4230139849623e-05,1,16,0.0,-0.23233892186291363,Khac (Peripheral)
3349,0.0018245614035087717,6.504255326888746e-05,0.00017366636452491614,13,9,0.7218934911242603,-0.0171832010199283,Streamer Cau noi (Bridge)
221,0.0009824561403508772,2.863921673795772e-05,9.919609378833883e-05,7,14,0.6122448979591837,-0.5111872250074323,Khac (Peripheral)
1381,0.0002807017543859649,1.4075480629950682e-06,5.279857050097389e-05,2,9,0.0,-0.1780241547109686,Khac (Peripheral)
459,0.0005614035087719298,1.462055163805766e-05,6.791600321244507e-05,4,1,0.5,-0.5986195980643021,Khac (Peripheral)
1915,0.0026666666666666666,0.0006913203495932401,0.00022282786492938648,19,1,0.7479224376731302,0.09526841839579539,Streamer Cau noi (Bridge)
1106,0.0007017543859649122,0.00011047428849598708,0.00010249481965056922,5,16,0.6399999999999999,-0.14312629133157528,Streamer Cau noi (Bridge)
524,0.00014035087719298245,0.0,3.338628045939249e-05,1,9,0.0,-0.2584446315564888,Khac (Peripheral)
447,0.0007017543859649122,5.2045302031248414e-05,8.250125610332392e-05,5,9,0.31999999999999984,-0.0171832010199283,Khac (Peripheral)
68,0.0005614035087719298,2.3128963781813677e-05,6.393299151365941e-05,4,4,0.375,-0.31638517383463,Khac (Peripheral)
5568,0.0002807017543859649,1.9626561385824755e-06,4.568071971151119e-05,2,4,0.5,-0.45047486221988475,Khac (Peripheral)
2814,0.002526315789473684,0.0017992435295744863,0.0002652171193240199,18,1,0.43827160493827166,0.6735084321125433,Khac (Peripheral)
4646,0.00014035087719298245,0.0,3.2996156022689736e-05,1,13,0.0,-0.7589626047638253,Khac (Peripheral)
6046,0.0008421052631578947,5.9028473017427884e-05,9.439933765090734e-05,6,14,0.6111111111111112,-0.2539918620224932,Khac (Peripheral)
3484,0.0011228070175438596,0.00010473798322700091,0.00010737854181550613,8,5,0.40625,-0.2335157882693519,Khac (Peripheral)
1838,0.00042105263157894734,1.0139092130390489e-05,6.100355376092569e-05,3,14,0.6666666666666667,-0.5111872250074323,Streamer Cau noi (Bridge)
3563,0.0011228070175438596,6.818307185625958e-05,0.000119576236310539,8,3,0.6875,-0.21756040548587458,Streamer Cau noi (Bridge)
1457,0.0014035087719298245,0.00015171761341845673,0.00013816004369753224,10,3,0.5,0.12366591469723404,Khac (Peripheral)
1610,0.00014035087719298245,0.0,3.349093727425573e-05,1,16,0.0,-0.23233892186291363,Khac (Peripheral)
6301,0.0002807017543859649,1.6570687350109862e-06,4.624609520215526e-05,2,6,0.5,-0.3626457370892153,Khac (Peripheral)
6289,0.0002807017543859649,1.2977726730209e-06,4.416898757786639e-05,2,0,0.5,-0.5433669491892589,Khac (Peripheral)
601,0.0005614035087719298,6.176816405138925e-05,7.589489745574427e-05,4,16,0.375,-0.05391366080023693,Khac (Peripheral)
6268,0.00014035087719298245,0.0,3.480110924700303e-05,1,3,0.0,-0.5587867256689831,Khac (Peripheral)
4483,0.001263157894736842,2.8123213129897914e-06,0.0001292391878543304,9,10,0.0,1.6380241620174076,Khac (Peripheral)
1844,0.003789473684210526,0.0005769099125476,0.0002925407131172664,27,1,0.710562414266118,0.6735084321125433,Streamer Cau noi (Bridge)
3039,0.00014035087719298245,0.0,3.7898354786437454e-05,1,9,0.0,-0.2584446315564888,Khac (Peripheral)
6729,0.00014035087719298245,0.0,3.096371553356904e-05,1,6,0.0,-0.3626457370892153,Khac (Peripheral)
7114,0.0002807017543859649,1.205742928811627e-06,4.6141352434832204e-05,2,3,0.5,-0.5587867256689831,Khac (Peripheral)
5393,0.009543859649122806,0.005661171228724831,0.0008458716642367491,68,9,0.8317474048442907,1.1891239516628742,Streamer Cau noi (Bridge)
4594,0.00014035087719298245,0.0,3.188970834154071e-05,1,6,0.0,-0.3626457370892153,Khac (Peripheral)
2136,0.00014035087719298245,0.0,3.150080602367369e-05,1,9,0.0,-0.2584446315564888,Khac (Peripheral)
3679,0.0014035087719298245,0.0005408195555907013,0.0001592985056227347,10,9,0.54,0.14365775267111203,Khac (Peripheral)
4861,0.0011228070175438596,3.0048481487784546e-05,0.00010568796368130451,8,14,0.53125,0.003203500962445893,Khac (Peripheral)
627,0.00042105263157894734,1.838768150296953e-05,7.36956375108895e-05,3,1,0.4444444444444444,-0.5986195980643021,Khac (Peripheral)
5273,0.002526315789473684,0.0004012843626429563,0.00022739394398019238,18,6,0.5925925925925926,0.20489704464943517,Khac (Peripheral)
1230,0.00014035087719298245,0.0,3.5694262557415236e-05,1,6,0.0,-0.3626457370892153,Khac (Peripheral)
7033,0.0005614035087719298,1.2096818654804292e-05,7.049086758321111e-05,4,9,0.375,-0.09760367786544846,Khac (Peripheral)
5165,0.0014035087719298245,6.571196105953268e-05,0.0001399793952968717,10,4,0.33999999999999986,0.018839047128506894,Khac (Peripheral)
7005,0.0002807017543859649,7.697093079375451e-06,4.7139368023916555e-05,2,13,0.5,-0.7589626047638253,Khac (Peripheral)
5367,0.0023859649122807015,0.00021194437270373627,0.000204330818293653,17,6,0.3806228373702423,0.48866843551876044,Khac (Peripheral)
2342,0.00042105263157894734,1.0527716658520678e-06,5.392151904481142e-05,3,6,0.4444444444444444,-0.29170288937188404,Khac (Peripheral)
4348,0.0002807017543859649,1.1578725780118903e-05,5.9145946438615e-05,2,9,0.5,-0.2584446315564888,Khac (Peripheral)
925,0.0005614035087719298,5.743192918393478e-05,8.740575649383553e-05,4,1,0.0,-0.36732359257760294,Khac (Peripheral)
3544,0.00042105263157894734,1.2546693020871336e-05,6.227521863770117e-05,3,14,0.4444444444444444,-0.3825895435149627,Khac (Peripheral)
6683,0.00042105263157894734,9.940448086034106e-06,5.7796333458625025e-05,3,0,0.4444444444444444,-0.2570494701082677,Khac (Peripheral)
5898,0.003508771929824561,0.0007994590855073119,0.00037811042435829397,25,1,0.5184,1.1361004430859416,Khac (Peripheral)
4758,0.00042105263157894734,2.0787188987475784e-05,5.4906871372039024e-05,3,9,0.6666666666666667,-0.2584446315564888,Streamer Cau noi (Bridge)
1064,0.00014035087719298245,0.0,3.6077688549336295e-05,1,4,0.0,-0.45047486221988475,Khac (Peripheral)
838,0.0002807017543859649,8.926595384394088e-06,4.5582392366140126e-05,2,13,0.5,-0.7589626047638253,Khac (Peripheral)
4957,0.0002807017543859649,2.3589888101708846e-05,4.557293412583168e-05,2,6,0.0,-0.29170288937188404,Khac (Peripheral)
1782,0.00042105263157894734,4.938298740713344e-06,6.070634624146482e-05,3,5,0.4444444444444444,-0.5316210498898012,Khac (Peripheral)
2190,0.00014035087719298245,0.0,3.338628045939249e-05,1,9,0.0,-0.2584446315564888,Khac (Peripheral)
5763,0.0007017543859649122,1.230056238020187e-05,9.36952849233256e-05,5,3,0.56,-0.21756040548587458,Khac (Peripheral)
259,0.0019649122807017545,0.00012347060225900797,0.00016709516738088479,14,6,0.6020408163265307,0.13395419693210384,Khac (Peripheral)
1774,0.0032280701754385964,0.000422717424333798,0.00024733245258438323,23,5,0.4688090737240076,0.5117473657817714,Khac (Peripheral)
3002,0.0008421052631578947,4.818933169548193e-05,9.265510369128589e-05,6,1,0.6666666666666667,-0.4829715953209526,Streamer Cau noi (Bridge)
3456,0.00042105263157894734,5.495597789070158e-05,6.371750688272709e-05,3,2,0.4444444444444444,-0.31484374061349313,Khac (Peripheral)
5201,0.0016842105263157893,5.8254012582827705e-05,0.000149731955683547,12,14,0.75,-0.2539918620224932,Streamer Cau noi (Bridge)
2164,0.0002807017543859649,8.639019368294928e-06,4.5680040410105e-05,2,0,0.5,-0.5433669491892589,Khac (Peripheral)
5456,0.0007017543859649122,7.117951485243752e-05,8.149831622902479e-05,5,1,0.56,-0.4829715953209526,Khac (Peripheral)
377,0.0011228070175438596,0.0001265265740114601,0.00011809580585444571,8,8,0.75,-0.09500931747723713,Streamer Cau noi (Bridge)
2179,0.010385964912280702,0.004582188710915198,0.000828033220446578,74,1,0.6848064280496713,2.986468486979535,Khac (Peripheral)
1172,0.0002807017543859649,2.276865430978031e-06,5.7012920130962257e-05,2,9,0.0,-0.1780241547109686,Khac (Peripheral)
4522,0.0002807017543859649,7.393721144418867e-07,5.501754271686234e-05,2,2,0.5,-0.6448606735457089,Khac (Peripheral)
3726,0.001263157894736842,0.00017688475968378944,0.0001319722805609223,9,16,0.7160493827160495,-0.05391366080023693,Streamer Cau noi (Bridge)
1509,0.002105263157894737,0.0002634856883815875,0.0001966251916309848,15,1,0.34666666666666657,0.5578604293691938,Khac (Peripheral)
6767,0.00014035087719298245,0.0,3.7911752405260034e-05,1,1,0.0,-0.7142676008076517,Khac (Peripheral)
5092,0.0005614035087719298,5.884044395950288e-05,7.804231926806009e-05,4,14,0.375,-0.2539918620224932,Khac (Peripheral)
884,0.0008421052631578947,3.970188042413656e-05,8.784018608776701e-05,6,4,0.7222222222222222,-0.38343001802725735,Streamer Cau noi (Bridge)
1164,0.0007017543859649122,0.00017320241003329243,0.00011671645770153407,5,2,0.56,0.015173192318722542,Khac (Peripheral)
4347,0.00575438596491228,0.0008077124304849161,0.00048126673326699974,41,5,0.7055324211778704,0.8098526274022206,Streamer Cau noi (Bridge)
6291,0.0005614035087719298,5.472623704309537e-05,6.793410565058819e-05,4,9,0.625,-0.1780241547109686,Streamer Cau noi (Bridge)
2685,0.0008421052631578947,8.285561294599512e-06,9.639520321539814e-05,6,14,0.7222222222222222,-0.3825895435149627,Streamer Cau noi (Bridge)
5491,0.0002807017543859649,2.8739490405266004e-05,5.1099270981623215e-05,2,5,0.0,-0.5316210498898012,Khac (Peripheral)
950,0.00014035087719298245,0.0,3.244011856074693e-05,1,6,0.0,-0.3626457370892153,Khac (Peripheral)
2732,0.03901754385964912,0.02341400785601185,0.0037062560732973836,278,6,0.5916360436830391,11.83952407029177,Khac (Peripheral)
6024,0.001263157894736842,0.0001513025442873878,0.0001192353057477159,9,6,0.6419753086419753,-0.1498171939372214,Streamer Cau noi (Bridge)
314,0.002105263157894737,9.903228717694874e-05,0.00018684351785130666,15,6,0.12444444444444436,0.5596112832360918,Khac (Peripheral)
6792,0.0005614035087719298,2.9942032251613346e-06,6.857552677705159e-05,4,5,0.625,-0.5316210498898012,Streamer Cau noi (Bridge)
3387,0.00014035087719298245,0.0,3.5814809907821276e-05,1,16,0.0,-0.23233892186291363,Khac (Peripheral)
3438,0.0019649122807017545,0.00017742146244518973,0.00020577656210510768,14,9,0.6020408163265306,0.22407822951663217,Khac (Peripheral)
2312,0.0005614035087719298,3.6910201099368196e-06,6.790684455150544e-05,4,2,0.625,-0.31484374061349313,Streamer Cau noi (Bridge)
3866,0.00042105263157894734,1.8415079169794722e-05,5.345705411873907e-05,3,0,0.4444444444444444,-0.2570494701082677,Khac (Peripheral)
2258,0.00014035087719298245,0.0,3.550128188351896e-05,1,6,0.0,-0.3626457370892153,Khac (Peripheral)
6627,0.0008421052631578947,0.001455834520379784,0.00012722158574342236,6,16,0.6666666666666667,-0.05391366080023693,Streamer Cau noi (Bridge)
3628,0.0026666666666666666,0.0005529819332255981,0.0002336545199867157,19,8,0.8365650969529086,0.25678193912766795,Streamer Cau noi (Bridge)
558,0.00014035087719298245,0.0,3.5586108857642153e-05,1,16,0.0,-0.23233892186291363,Khac (Peripheral)
4046,0.0014035087719298245,8.193680346654306e-05,0.0001380231832858172,10,9,0.74,-0.0171832010199283,Streamer Cau noi (Bridge)
5447,0.0007017543859649122,2.4554920952657267e-05,7.469987243187303e-05,5,5,0.72,-0.5316210498898012,Streamer Cau noi (Bridge)
4598,0.0002807017543859649,0.0,7.76472507043235e-05,2,14,0.0,-0.3825895435149627,Khac (Peripheral)
2364,0.0009824561403508772,0.00010142912396898163,0.00013221900219047584,7,16,0.6122448979591837,0.03529896973110142,Khac (Peripheral)
666,0.0008421052631578947,1.1215313995991519e-05,9.160986315416011e-05,6,13,0.2777777777777777,0.6209694038976752,Khac (Peripheral)
276,0.0009824561403508772,0.00014146395484769978,0.00010489877799369442,7,6,0.6122448979591837,-0.2207600416545527,Khac (Peripheral)
3823,0.00014035087719298245,0.0,3.904788614618185e-05,1,16,0.0,-0.23233892186291363,Khac (Peripheral)
5216,0.0009824561403508772,6.55608492222798e-05,9.93924907651028e-05,7,5,0.5714285714285714,-0.38256841907957656,Khac (Peripheral)
5196,0.0002807017543859649,8.335295003978566e-07,4.836798535009074e-05,2,9,0.5,-0.2584446315564888,Khac (Peripheral)
1380,0.0009824561403508772,2.764555293923105e-05,0.00011890478989486334,7,14,0.5714285714285714,-0.12539418053002366,Khac (Peripheral)
3393,0.00014035087719298245,0.0,3.164905312674822e-05,1,9,0.0,-0.2584446315564888,Khac (Peripheral)
1231,0.0008421052631578947,3.9685241969196053e-05,9.957328348832475e-05,6,1,0.0,-0.1360275870909038,Khac (Peripheral)
441,0.00575438596491228,0.002552066012346682,0.0004928132158305821,41,5,0.6222486615110054,1.10795788902267,Streamer Cau noi (Bridge)
2916,0.0016842105263157893,0.0001672742367357673,0.0001717248109279072,12,16,0.5138888888888888,0.39214949185645487,Khac (Peripheral)
3184,0.0005614035087719298,2.8134842692650268e-05,6.34380990646833e-05,4,5,0.625,-0.5316210498898012,Streamer Cau noi (Bridge)
4507,0.0002807017543859649,1.5102615235167452e-06,9.23002926271514e-05,2,2,0.0,-0.31484374061349313,Khac (Peripheral)
6047,0.00042105263157894734,1.4379540998603403e-05,5.980640044546439e-05,3,2,0.6666666666666667,-0.6448606735457089,Streamer Cau noi (Bridge)
3783,0.0011228070175438596,5.722972092889199e-05,0.00010591664492651156,8,5,0.6875,-0.38256841907957656,Streamer Cau noi (Bridge)
4188,0.0005614035087719298,8.869266192149058e-06,7.129099401523246e-05,4,1,0.0,-0.36732359257760294,Khac (Peripheral)
3038,0.0009824561403508772,1.5226902002458393e-05,9.559852614846262e-05,7,4,0.48979591836734704,-0.24934032964200262,Khac (Peripheral)
4194,0.0007017543859649122,6.336933324810273e-05,8.869464078149273e-05,5,1,0.31999999999999984,-0.36732359257760294,Khac (Peripheral)
2830,0.00014035087719298245,0.0,3.2695148349424987e-05,1,9,0.0,-0.2584446315564888,Khac (Peripheral)
771,0.00014035087719298245,0.0,3.101188115361201e-05,1,5,0.0,-0.6061473652949135,Khac (Peripheral)
3044,0.0002807017543859649,6.926997540035918e-06,4.507680426016802e-05,2,16,0.5,-0.23233892186291363,Khac (Peripheral)
6311,0.0002807017543859649,1.1791031908346175e-05,4.6550007697373846e-05,2,6,0.5,-0.3626457370892153,Khac (Peripheral)
6015,0.0005614035087719298,1.0999288616424514e-06,6.68633689327033e-05,4,6,0.375,-0.2207600416545527,Khac (Peripheral)
2184,0.0033684210526315787,0.0005873977879677818,0.00033041358471509947,24,13,0.7916666666666666,1.6559184103938005,Streamer Cau noi (Bridge)
6250,0.0007017543859649122,3.072342115743291e-06,7.320748932720161e-05,5,6,0.31999999999999984,-0.1498171939372214,Khac (Peripheral)
4032,0.007578947368421052,0.0004990809613120519,0.0005581849556941964,54,4,0.1742112482853223,2.7676776590262295,Streamer Trung tam (Hub)
61,0.0007017543859649122,8.194625133606492e-05,8.94569016835428e-05,5,6,0.56,-0.2207600416545527,Khac (Peripheral)
3889,0.00014035087719298245,0.0,3.691031869862151e-05,1,16,0.0,-0.23233892186291363,Khac (Peripheral)
1552,0.0011228070175438596,7.564394703204658e-05,0.00011166051968938239,8,4,0.40625,-0.11525064125674786,Khac (Peripheral)
2673,0.0002807017543859649,7.69171281662695e-07,5.217990012012845e-05,2,9,0.0,-0.1780241547109686,Khac (Peripheral)
5154,0.002526315789473684,0.0004774098190702405,0.0002230348424699908,18,16,0.5740740740740741,0.2137242307937781,Khac (Peripheral)
4924,0.00014035087719298245,0.0,4.131924489148904e-05,1,13,0.0,-0.7589626047638253,Khac (Peripheral)
3277,0.00042105263157894734,1.3035875933325435e-06,5.998530058116319e-05,3,1,0.4444444444444444,-0.5986195980643021,Khac (Peripheral)
2486,0.00014035087719298245,0.0,6.028056575314153e-05,1,3,0.0,-0.5587867256689831,Khac (Peripheral)
1057,0.00042105263157894734,3.8311492321230505e-06,5.1686305369826125e-05,3,2,0.6666666666666667,-0.6448606735457089,Streamer Cau noi (Bridge)
4543,0.0009824561403508772,0.00021050354261493176,0.0001487281208912154,7,6,0.6122448979591837,-0.1498171939372214,Khac (Peripheral)
1409,0.0002807017543859649,3.634498925868861e-07,5.1710030462506125e-05,2,1,0.5,-0.7142676008076517,Khac (Peripheral)
1344,0.00014035087719298245,0.0,3.269709157076584e-05,1,9,0.0,-0.2584446315564888,Khac (Peripheral)
1510,0.0002807017543859649,2.3846215203275736e-06,4.5648562264905154e-05,2,6,0.0,-0.29170288937188404,Khac (Peripheral)
5828,0.0007017543859649122,1.1131131217560356e-05,9.309511417852311e-05,5,1,0.31999999999999984,-0.36732359257760294,Khac (Peripheral)
1956,0.0016842105263157893,0.0003950809304045194,0.0001752891858861926,12,14,0.7777777777777778,-0.12539418053002366,Streamer Cau noi (Bridge)
2282,0.0002807017543859649,2.748888654478898e-07,4.5191042464218334e-05,2,4,0.0,-0.38343001802725735,Khac (Peripheral)
5454,0.0005614035087719298,5.5130732765583646e-05,7.599530579646928e-05,4,6,0.375,-0.2207600416545527,Khac (Peripheral)
3049,0.00042105263157894734,1.0851569650887289e-06,5.325709612388531e-05,3,14,0.0,-0.2539918620224932,Khac (Peripheral)
4490,0.0008421052631578947,9.158151634543264e-05,8.760391731129757e-05,6,5,0.6111111111111112,-0.4570947344846889,Khac (Peripheral)
1804,0.006456140350877193,0.0029432287454663406,0.0005499987889437432,46,5,0.6776937618147448,1.1824842044277823,Streamer Cau noi (Bridge)
554,0.0009824561403508772,0.0002876182695894379,0.0001444304991977066,7,5,0.24489795918367352,-0.2335157882693519,Khac (Peripheral)
4714,0.002245614035087719,0.00012206517593303442,0.00017725574407806896,16,5,0.4140625,0.21364210416132204,Khac (Peripheral)
1272,0.0007017543859649122,0.00010417618109513749,7.991321651265331e-05,5,6,0.6399999999999999,-0.29170288937188404,Streamer Cau noi (Bridge)
64,0.0005614035087719298,9.001265560693825e-05,6.647760209212993e-05,4,6,0.375,-0.2207600416545527,Khac (Peripheral)
1324,0.0002807017543859649,0.0,4.2524044146536214e-05,2,1,0.0,-0.5986195980643021,Khac (Peripheral)
4623,0.00042105263157894734,1.3268842533324743e-06,5.527577457332971e-05,3,16,0.6666666666666667,-0.23233892186291363,Streamer Cau noi (Bridge)
3879,0.0002807017543859649,2.27332029954534e-07,4.4980466375568325e-05,2,4,0.0,-0.38343001802725735,Khac (Peripheral)
3777,0.002245614035087719,0.00011889747901399313,0.00022111070576352878,16,15,0.7734375,0.8830178627898624,Streamer Cau noi (Bridge)
7043,0.00575438596491228,0.0008002285502059266,0.0005010554557296738,41,5,0.7233789411064843,0.5862736811868836,Streamer Cau noi (Bridge)
3302,0.004350877192982456,0.0004828086535891195,0.00035205652183703783,31,1,0.6077003121748179,1.1361004430859416,Khac (Peripheral)
5085,0.002105263157894737,0.00020249806688357527,0.0001939535619848959,15,1,0.0,0.9048044375992426,Khac (Peripheral)
5682,0.001263157894736842,0.000391294644712908,0.00015130682051856328,9,3,0.5925925925925926,0.12366591469723404,Khac (Peripheral)
4411,0.0016842105263157893,6.984535981340064e-05,0.00014543621729786832,12,5,0.41666666666666663,-0.009936842054014941,Khac (Peripheral)
4831,0.0002807017543859649,6.693274408105927e-06,4.468753134576597e-05,2,9,0.5,-0.2584446315564888,Khac (Peripheral)
6469,0.0002807017543859649,1.2818922247332554e-05,7.207954342382741e-05,2,2,0.0,-0.31484374061349313,Khac (Peripheral)
4624,0.00575438596491228,0.0026759003435973656,0.000500119644472128,41,5,0.7091017251635932,0.8098526274022206,Streamer Cau noi (Bridge)
62,0.0005614035087719298,9.372572856593727e-06,6.804701035872575e-05,4,6,0.0,-0.1498171939372214,Khac (Peripheral)
3981,0.00014035087719298245,0.0,7.378822523028559e-05,1,11,0.0,-0.7071067811865474,Khac (Peripheral)
643,0.0008421052631578947,5.9237528538675895e-06,8.061933962501085e-05,6,5,0.2777777777777777,-0.3080421036744642,Khac (Peripheral)
5958,0.0005614035087719298,2.232000028299234e-05,6.38275974376822e-05,4,5,0.625,-0.5316210498898012,Streamer Cau noi (Bridge)
1357,0.0007017543859649122,1.4198727531650044e-05,8.442846701838685e-05,5,5,0.48,-0.5316210498898012,Khac (Peripheral)
2287,0.0002807017543859649,1.4215843110942574e-06,4.926818833125771e-05,2,9,0.5,-0.2584446315564888,Khac (Peripheral)
6576,0.00014035087719298245,0.0,3.070075892448993e-05,1,5,0.0,-0.6061473652949135,Khac (Peripheral)
2267,0.00014035087719298245,0.0,3.494485239289978e-05,1,9,0.0,-0.2584446315564888,Khac (Peripheral)
4549,0.0005614035087719298,2.4768118456101206e-06,5.8632091615618985e-05,4,1,0.5,-0.5986195980643021,Khac (Peripheral)
6898,0.002105263157894737,0.0005674263549240688,0.0001935579773356216,15,9,0.7377777777777778,0.14365775267111203,Streamer Cau noi (Bridge)
2341,0.0008421052631578947,9.975523716737116e-05,0.00010189328106096043,6,4,0.6111111111111112,-0.31638517383463,Khac (Peripheral)
919,0.004350877192982456,0.0015817498214310004,0.0003864055930934241,31,14,0.4328824141519251,2.3179617678268976,Khac (Peripheral)
5485,0.004912280701754385,0.0005469300204367586,0.00037028752848282615,35,5,0.306938775510204,1.4805894660482315,Khac (Peripheral)
646,0.0007017543859649122,5.799930322210875e-06,8.955153643314687e-05,5,16,0.0,0.12451160026243978,Khac (Peripheral)
3681,0.0019649122807017545,0.0008690855950928365,0.0001851290924410098,14,14,0.7346938775510204,0.13180118245491543,Streamer Cau noi (Bridge)
2911,0.00014035087719298245,0.0,4.738013258744816e-05,1,13,0.0,-0.7589626047638253,Khac (Peripheral)
7017,0.00014035087719298245,0.0,4.348729390133261e-05,1,8,0.0,-0.7985918306870473,Khac (Peripheral)
6223,0.0014035087719298245,0.0002079549952564914,0.000137016224600017,10,5,0.72,-0.38256841907957656,Streamer Cau noi (Bridge)
4468,0.0007017543859649122,5.1947993977708066e-05,7.842242229036418e-05,5,6,0.48,-0.2207600416545527,Khac (Peripheral)
5955,0.0009824561403508772,7.891356355417932e-05,9.343646254548818e-05,7,16,0.8163265306122449,-0.23233892186291363,Streamer Cau noi (Bridge)
5277,0.00014035087719298245,0.0,3.349093727425573e-05,1,16,0.0,-0.23233892186291363,Khac (Peripheral)
4894,0.001263157894736842,2.8526209156929444e-05,0.00011475738781668853,9,1,0.5925925925925926,-0.36732359257760294,Khac (Peripheral)
489,0.002245614035087719,0.00011359161062015201,0.00020138089525191858,16,14,0.6640625,0.3889965454398545,Streamer Cau noi (Bridge)
6242,0.002105263157894737,0.0016315117366175393,0.00025454857579101334,15,9,0.6222222222222222,0.3044987063621523,Streamer Cau noi (Bridge)
3010,0.0002807017543859649,2.48572584554155e-07,5.0383849898223815e-05,2,14,0.0,-0.3825895435149627,Khac (Peripheral)
2743,0.00014035087719298245,0.0,3.2385891955629855e-05,1,6,0.0,-0.3626457370892153,Khac (Peripheral)
6747,0.0009824561403508772,0.0001898260044002752,0.00012941048026129278,7,1,0.6938775510204083,-0.4829715953209526,Streamer Cau noi (Bridge)
5577,0.009263157894736841,0.003587550354921432,0.0007148242137959975,66,1,0.24517906336088158,5.7620205528199255,Streamer Trung tam (Hub)
217,0.0018245614035087717,0.00014761531031377568,0.00016480071674885463,13,5,0.7928994082840237,-0.3080421036744642,Streamer Cau noi (Bridge)
5870,0.0019649122807017545,0.0005099359049833538,0.00017060621630351453,14,6,0.7653061224489797,-0.07887434621989009,Streamer Cau noi (Bridge)
5351,0.0007017543859649122,5.405131760852254e-06,8.366890790978812e-05,5,1,0.31999999999999984,-0.36732359257760294,Khac (Peripheral)
3148,0.001263157894736842,4.440973735821924e-05,0.0001408226192218329,9,4,0.5925925925925926,-0.18229548544937524,Khac (Peripheral)
7054,0.003929824561403509,0.0004788346202419373,0.00032511637655274615,28,4,0.06887755102040805,1.2926910867884271,Khac (Peripheral)
3356,0.00042105263157894734,0.0001407527929773526,8.484427075836961e-05,3,9,0.0,-0.09760367786544846,Khac (Peripheral)
6545,0.0007017543859649122,7.3613768871955495e-06,8.810361462196965e-05,5,4,0.48,-0.31638517383463,Khac (Peripheral)
1239,0.00014035087719298245,0.0,4.461069822337001e-05,1,16,0.0,-0.23233892186291363,Khac (Peripheral)
3192,0.0036491228070175434,0.0008684599386607377,0.00031697223185245407,26,14,0.7100591715976332,1.0319849529022023,Streamer Cau noi (Bridge)
311,0.0008421052631578947,8.230883804739618e-05,8.124532383788093e-05,6,1,0.2777777777777777,-0.25167558983425337,Khac (Peripheral)
4698,0.0023859649122807015,0.0013089052609863822,0.00023070526555023994,17,6,0.740484429065744,0.06301134921477253,Streamer Cau noi (Bridge)
2351,0.00014035087719298245,0.0,3.402892215525616e-05,1,5,0.0,-0.6061473652949135,Khac (Peripheral)
4890,0.0011228070175438596,0.00017828459894067228,0.00013257882651510915,8,4,0.40625,-0.11525064125674786,Khac (Peripheral)
5602,0.00042105263157894734,2.8273635717017925e-06,5.532714233760963e-05,3,16,0.4444444444444444,-0.14312629133157528,Khac (Peripheral)
3120,0.0007017543859649122,3.2242553746437295e-05,7.567727123053989e-05,5,0,0.6399999999999999,-0.2570494701082677,Streamer Cau noi (Bridge)
5114,0.00014035087719298245,0.0,3.658246035843534e-05,1,1,0.0,-0.7142676008076517,Khac (Peripheral)
6923,0.0008421052631578947,4.348764270487829e-05,8.68068102282907e-05,6,9,0.2777777777777777,0.06323727582559185,Khac (Peripheral)
6339,0.0011228070175438596,0.00019726745727506327,0.0001265760917570889,8,1,0.21875,-0.020379584347554196,Khac (Peripheral)
2932,0.001543859649122807,0.0002823040672628206,0.00014711445699541506,11,4,0.5123966942148761,-0.04820579706412048,Khac (Peripheral)
6261,0.0002807017543859649,8.540226359769595e-06,4.4337817124843855e-05,2,6,0.5,-0.3626457370892153,Khac (Peripheral)
2304,0.003508771929824561,0.0012114997257513475,0.0003853566642966226,25,9,0.5184,1.0282829979718338,Khac (Peripheral)
473,0.0008421052631578947,6.235024799952254e-05,8.766635048012158e-05,6,9,0.2777777777777777,0.06323727582559185,Khac (Peripheral)
4292,0.0005614035087719298,4.1655329496500615e-06,6.568497386765033e-05,4,5,0.625,-0.5316210498898012,Streamer Cau noi (Bridge)
1561,0.0002807017543859649,2.357902197732491e-06,4.2661329540177275e-05,2,9,0.5,-0.2584446315564888,Khac (Peripheral)
3772,0.0008421052631578947,2.2736044438528148e-05,8.896529818719159e-05,6,1,0.5,-0.36732359257760294,Khac (Peripheral)
5244,0.0002807017543859649,3.420457970162508e-05,5.300132969960985e-05,2,1,0.5,-0.7142676008076517,Khac (Peripheral)
2959,0.0009824561403508772,0.00010589973228821487,0.00010602688087151981,7,4,0.6938775510204083,-0.31638517383463,Streamer Cau noi (Bridge)
603,0.00042105263157894734,2.2356903697195106e-06,7.439231533742547e-05,3,1,0.4444444444444444,-0.5986195980643021,Khac (Peripheral)
2372,0.0007017543859649122,2.1591227587636515e-05,8.88762661062632e-05,5,6,0.56,-0.2207600416545527,Khac (Peripheral)
2170,0.002105263157894737,0.00022350090863789375,0.0001938860540777123,15,14,0.7644444444444444,0.13180118245491543,Streamer Cau noi (Bridge)
2828,0.001543859649122807,5.563502667983564e-05,0.00016416807795814427,11,13,0.31404958677685935,2.0009014125591755,Khac (Peripheral)
5745,0.00014035087719298245,0.0,3.097528608117698e-05,1,4,0.0,-0.45047486221988475,Khac (Peripheral)
5123,0.00014035087719298245,0.0,3.451269793323932e-05,1,4,0.0,-0.45047486221988475,Khac (Peripheral)
5394,0.0014035087719298245,0.00035076435786519905,0.00017927566073010434,10,6,0.7,-0.07887434621989009,Streamer Cau noi (Bridge)
2220,0.00014035087719298245,0.0,3.190359939201091e-05,1,9,0.0,-0.2584446315564888,Khac (Peripheral)
1236,0.0018245614035087717,0.00024861003777374476,0.00019140237897500564,13,3,0.8284023668639053,-0.3881735655774289,Streamer Cau noi (Bridge)
1687,0.00014035087719298245,0.0,4.540830789935861e-05,1,7,0.0,-1.372812945967288,Khac (Peripheral)
4205,0.0002807017543859649,1.6286278553272748e-06,5.8250272977221725e-05,2,1,0.0,-0.5986195980643021,Khac (Peripheral)
2448,0.0008421052631578947,1.8903536394785765e-05,0.0001264002815967034,6,9,0.2777777777777777,0.06323727582559185,Khac (Peripheral)
6948,0.00042105263157894734,5.876449577268624e-06,6.042134944177418e-05,3,15,0.6666666666666667,-0.6360721892977823,Streamer Cau noi (Bridge)
5027,0.002105263157894737,6.855669681610922e-05,0.00020114550431534487,15,16,0.6666666666666666,0.2137242307937781,Streamer Cau noi (Bridge)
83,0.0008421052631578947,5.29440202589396e-05,9.107636483097686e-05,6,14,0.7222222222222222,-0.3825895435149627,Streamer Cau noi (Bridge)
4675,0.00014035087719298245,0.0,3.211486823569884e-05,1,9,0.0,-0.2584446315564888,Khac (Peripheral)
4351,0.00042105263157894734,6.492364294805977e-06,0.00010089374819135261,3,3,0.4444444444444444,-0.3881735655774289,Khac (Peripheral)
3905,0.001263157894736842,0.00044746965588142316,0.00013058802107150942,9,9,0.6419753086419753,0.06323727582559185,Streamer Cau noi (Bridge)
4499,0.00014035087719298245,0.0,3.238873553501055e-05,1,14,0.0,-0.5111872250074323,Khac (Peripheral)
5723,0.0007017543859649122,2.6228084860796806e-05,8.045812184028581e-05,5,16,0.72,-0.23233892186291363,Streamer Cau noi (Bridge)
1062,0.0008421052631578947,0.0014045972250187025,0.00010747575266458247,6,6,0.6666666666666667,-0.2207600416545527,Streamer Cau noi (Bridge)
5025,0.0002807017543859649,3.204619284437442e-07,7.750170061295323e-05,2,8,0.0,-0.4468005740821422,Khac (Peripheral)
5203,0.00014035087719298245,0.0,3.1351581934144216e-05,1,6,0.0,-0.3626457370892153,Khac (Peripheral)
6016,0.0029473684210526313,0.0004115363674068449,0.00026288392430802123,21,9,0.44897959183673464,0.8674420442807935,Khac (Peripheral)
6853,0.010105263157894735,0.003637534464263078,0.0007962695593010872,72,5,0.5578703703703705,2.747536827935141,Khac (Peripheral)
5996,0.001543859649122807,0.00020894426009980598,0.00014589554403420535,11,9,0.4297520661157025,0.3044987063621523,Khac (Peripheral)
2112,0.00042105263157894734,1.396832793577294e-07,4.8825681797343945e-05,3,4,0.0,-0.31638517383463,Khac (Peripheral)
325,0.0007017543859649122,0.0001508275204881613,8.165957584310382e-05,5,16,0.72,-0.14312629133157528,Streamer Cau noi (Bridge)
2067,0.0005614035087719298,4.799627772258531e-06,7.089887567107745e-05,4,9,0.375,-0.09760367786544846,Khac (Peripheral)
3557,0.0023859649122807015,0.00022452860563100521,0.00020952769161207638,17,5,0.2145328719723184,0.437221050376659,Khac (Peripheral)
2532,0.0009824561403508772,1.0700277243299528e-05,9.344596477916102e-05,7,15,0.7755102040816326,-0.3322541788802534,Streamer Cau noi (Bridge)
99,0.0014035087719298245,0.00019923479460682615,0.00014342388200422971,10,16,0.33999999999999986,0.39214949185645487,Khac (Peripheral)
4414,0.0007017543859649122,0.00015999137088004755,8.824808682428605e-05,5,1,0.48,-0.4829715953209526,Khac (Peripheral)
2060,0.0007017543859649122,1.7761530108813723e-05,8.116419846446922e-05,5,1,0.0,-0.25167558983425337,Khac (Peripheral)
4202,0.004210526315789474,0.0006332237273946636,0.00039621881291631564,30,6,0.5755555555555556,0.9143255218227483,Khac (Peripheral)
5545,0.00014035087719298245,0.0,3.407443837091112e-05,1,1,0.0,-0.7142676008076517,Khac (Peripheral)
4582,0.0018245614035087717,0.00030133787639314116,0.00016791679373136557,13,6,0.6982248520710059,-0.00793149850255878,Streamer Cau noi (Bridge)
4937,0.0029473684210526313,0.00025721225695010376,0.00025899402420291866,21,5,0.3945578231292518,0.5117473657817714,Khac (Peripheral)
5235,0.0002807017543859649,0.0,4.004532759197064e-05,2,4,0.0,-0.38343001802725735,Khac (Peripheral)
4812,0.0007017543859649122,1.967058400204256e-06,8.224052939274287e-05,5,2,0.31999999999999984,0.34519012525093823,Khac (Peripheral)
6431,0.0008421052631578947,1.8258110523015707e-05,9.117486862156148e-05,6,1,0.6666666666666667,-0.4829715953209526,Streamer Cau noi (Bridge)
1054,0.00014035087719298245,0.0,3.156459102178747e-05,1,5,0.0,-0.6061473652949135,Khac (Peripheral)
6071,0.00042105263157894734,7.242589574237579e-05,6.436318686070172e-05,3,14,0.0,-0.2539918620224932,Khac (Peripheral)
1882,0.006175438596491228,0.0013254304325482098,0.0005240014896031886,44,5,0.6849173553719008,1.0334315736175577,Streamer Cau noi (Bridge)
2556,0.00014035087719298245,0.0,5.482513488395755e-05,1,9,0.0,-0.2584446315564888,Khac (Peripheral)
279,0.0002807017543859649,2.1585896526029228e-07,4.4527947769427964e-05,2,9,0.5,-0.2584446315564888,Khac (Peripheral)
5566,0.0016842105263157893,0.00029360457261284423,0.00020230346201146387,12,6,0.41666666666666663,0.20489704464943517,Khac (Peripheral)
5555,0.005192982456140351,0.0008141440041205406,0.00043548201558967506,37,5,0.7406866325785244,0.5862736811868836,Streamer Cau noi (Bridge)
4827,0.0002807017543859649,7.446329353287789e-06,4.432624699093393e-05,2,16,0.5,-0.23233892186291363,Khac (Peripheral)
2955,0.00014035087719298245,0.0,3.337991520894061e-05,1,3,0.0,-0.5587867256689831,Khac (Peripheral)
7093,0.003087719298245614,0.0008743616374553316,0.0002753539849269947,22,3,0.38842975206611574,2.1710238357958858,Khac (Peripheral)
4099,0.0005614035087719298,3.31528159251892e-05,8.067057384751109e-05,4,0,0.625,-0.2570494701082677,Streamer Cau noi (Bridge)
4844,0.001263157894736842,0.00026359139808382613,0.00013956607283572298,9,9,0.7160493827160495,-0.0171832010199283,Streamer Cau noi (Bridge)
1087,0.00014035087719298245,0.0,3.35810290551579e-05,1,3,0.0,-0.5587867256689831,Khac (Peripheral)
5014,0.00042105263157894734,1.6756198538772635e-05,6.261981238615343e-05,3,6,0.4444444444444444,-0.29170288937188404,Khac (Peripheral)
581,0.03536842105263158,0.028772740553764227,0.003549546579416232,252,9,0.7592907533383724,8.58780782145073,Khac (Peripheral)
899,0.0019649122807017545,0.00019165486497193835,0.00017464138344352052,14,5,0.7959183673469388,-0.38256841907957656,Streamer Cau noi (Bridge)
188,0.00014035087719298245,0.0,3.827975836459305e-05,1,16,0.0,-0.23233892186291363,Khac (Peripheral)
867,0.00042105263157894734,3.387631172448552e-06,5.542448895515268e-05,3,1,0.4444444444444444,-0.5986195980643021,Khac (Peripheral)
3635,0.0019649122807017545,0.00018956633056648234,0.00019477318450498684,14,6,0.6836734693877551,0.06301134921477253,Streamer Cau noi (Bridge)
3776,0.0009824561403508772,9.459163807439395e-06,0.00010663036210827234,7,4,0.40816326530612246,-0.18229548544937524,Khac (Peripheral)
687,0.00042105263157894734,5.130688009998561e-07,5.47757025339672e-05,3,9,0.6666666666666667,-0.2584446315564888,Streamer Cau noi (Bridge)
1644,0.002105263157894737,0.00010825895742685106,0.00018542458555569319,15,1,0.12444444444444436,0.7891564348558929,Khac (Peripheral)
5013,0.0007017543859649122,6.269544293952795e-05,8.377688133225723e-05,5,5,0.56,-0.4570947344846889,Khac (Peripheral)
91,0.0014035087719298245,0.00028475781829089155,0.00013782245544877655,10,14,0.17999999999999994,0.517594226932324,Khac (Peripheral)
5282,0.0008421052631578947,3.5413854877792716e-05,0.0001246259607038047,6,15,0.0,0.8830178627898624,Khac (Peripheral)
3161,0.00042105263157894734,0.001390195115103874,0.00010431242924589974,3,5,0.0,-0.4570947344846889,Khac (Peripheral)
1947,0.002245614035087719,0.0002739905065846461,0.00021143616898574699,16,1,0.484375,0.44221242662584415,Khac (Peripheral)
6916,0.002105263157894737,3.545977701363378e-05,0.00017194248950559005,15,4,0.0,0.48815295647689855,Khac (Peripheral)
6630,0.00042105263157894734,4.3338529931522033e-07,5.4214694617480715e-05,3,16,0.6666666666666667,-0.23233892186291363,Streamer Cau noi (Bridge)
3534,0.0002807017543859649,6.748310018673952e-07,5.096881685605447e-05,2,16,0.5,-0.23233892186291363,Khac (Peripheral)
416,0.0008421052631578947,2.0544395737495733e-05,8.45131695842593e-05,6,5,0.4444444444444444,-0.38256841907957656,Khac (Peripheral)
2859,0.0011228070175438596,4.721008446900678e-05,0.00011060104235534995,8,6,0.53125,-0.29170288937188404,Khac (Peripheral)
5220,0.00014035087719298245,0.0,3.3191517586285105e-05,1,6,0.0,-0.3626457370892153,Khac (Peripheral)
3643,0.003789473684210526,0.0004466656992430228,0.0003049454247551172,27,5,0.2661179698216736,1.0334315736175577,Khac (Peripheral)
3348,0.0007017543859649122,7.061400738357005e-05,0.00010134532009016564,5,2,0.56,0.015173192318722542,Khac (Peripheral)
5790,0.0002807017543859649,1.9110168404088308e-07,4.8952498318317974e-05,2,9,0.5,-0.2584446315564888,Khac (Peripheral)
6354,0.0009824561403508772,3.4201907044732495e-05,0.00010764096787476946,7,3,0.0,0.46489223488034265,Khac (Peripheral)
2379,0.00042105263157894734,8.073260564005697e-06,5.436048489497957e-05,3,16,0.4444444444444444,-0.14312629133157528,Khac (Peripheral)
4157,0.00014035087719298245,0.0,3.349093727425573e-05,1,16,0.0,-0.23233892186291363,Khac (Peripheral)
3199,0.0007017543859649122,2.1329098636710255e-05,9.964519103434211e-05,5,2,0.31999999999999984,0.34519012525093823,Khac (Peripheral)
4442,0.0011228070175438596,6.034320590555502e-05,0.00011307935649860052,8,16,0.59375,0.03529896973110142,Khac (Peripheral)
4775,0.0005614035087719298,0.0015892733811507073,0.0001176893972682526,4,12,0.625,0.8164965809277259,Streamer Cau noi (Bridge)
3778,0.00042105263157894734,0.0002810468001096112,9.290799969677988e-05,3,1,0.0,-0.4829715953209526,Khac (Peripheral)
6626,0.00014035087719298245,0.0,4.667595457108659e-05,1,9,0.0,-0.2584446315564888,Khac (Peripheral)
3843,0.0002807017543859649,2.2262847158850057e-05,8.575930641171066e-05,2,13,0.0,-0.4139796025984502,Khac (Peripheral)
2909,0.002105263157894737,6.259985611719413e-05,0.0001956995564565283,15,3,0.72,0.46489223488034265,Streamer Cau noi (Bridge)
6890,0.0007017543859649122,2.0877299233827455e-05,8.525992346472796e-05,5,9,0.31999999999999984,-0.0171832010199283,Khac (Peripheral)
1789,0.0023859649122807015,0.00026567349629082437,0.00023623461132018804,17,16,0.6782006920415224,0.48136212238779325,Streamer Cau noi (Bridge)
1787,0.0008421052631578947,0.0002275322576335092,0.00011891215129563745,6,4,0.7222222222222222,-0.38343001802725735,Streamer Cau noi (Bridge)
6284,0.0023859649122807015,0.0005354338273741679,0.00024113105478000226,17,1,0.588235294117647,0.32656442388249457,Khac (Peripheral)
1728,0.0005614035087719298,1.2965743396665405e-05,7.091504549230896e-05,4,9,0.625,-0.1780241547109686,Streamer Cau noi (Bridge)
4208,0.0005614035087719298,7.812934736430244e-07,7.438002882412285e-05,4,6,0.375,-0.2207600416545527,Khac (Peripheral)
2142,0.00014035087719298245,0.0,4.590135474722669e-05,1,13,0.0,-0.7589626047638253,Khac (Peripheral)
6180,0.001543859649122807,0.0002371522911685437,0.00014108803349792691,11,1,0.6942148760330579,-0.36732359257760294,Streamer Cau noi (Bridge)
2585,0.0002807017543859649,0.0,5.752151252008423e-05,2,3,0.0,-0.3881735655774289,Khac (Peripheral)
406,0.00042105263157894734,9.581928242401565e-06,8.290106151534372e-05,3,14,0.0,-0.2539918620224932,Khac (Peripheral)
3995,0.004210526315789474,0.001559861451144153,0.00037064688580495844,30,5,0.48888888888888893,0.884378942807333,Khac (Peripheral)
1128,0.00042105263157894734,2.8919404415853967e-05,6.256650720576388e-05,3,8,0.6666666666666667,-0.7985918306870473,Streamer Cau noi (Bridge)
5515,0.0005614035087719298,3.6054906149655735e-05,7.618770046994342e-05,4,4,0.375,-0.31638517383463,Khac (Peripheral)
4328,0.008842105263157894,0.0009353089514211501,0.0006261566082681175,63,5,0.3230032753842278,3.120168404960703,Khac (Peripheral)
6981,0.0014035087719298245,0.00017486488710928032,0.0001328816614008943,10,9,0.5800000000000001,0.14365775267111203,Khac (Peripheral)
2463,0.0029473684210526313,0.0007548305906220644,0.0002488651339537737,21,5,0.6485260770975056,0.1391157887562097,Streamer Cau noi (Bridge)
2813,0.0005614035087719298,2.7524194283021595e-05,7.172654219953673e-05,4,3,0.375,-0.21756040548587458,Khac (Peripheral)
1763,0.00014035087719298245,0.0,5.74252604255665e-05,1,16,0.0,-0.23233892186291363,Khac (Peripheral)
2871,0.0014035087719298245,7.760629197042551e-05,0.0001278932161602956,10,4,0.31999999999999984,0.018839047128506894,Khac (Peripheral)
1786,0.0007017543859649122,0.0002253078373460763,8.376140740301406e-05,5,9,0.6399999999999999,-0.1780241547109686,Streamer Cau noi (Bridge)
5543,0.001263157894736842,0.0002645758536207289,0.00013062094801855365,9,1,0.49382716049382713,-0.1360275870909038,Khac (Peripheral)
5192,0.0023859649122807015,0.0013774545110260608,0.00023723856097945036,17,4,0.5397923875432525,0.21997357970638903,Khac (Peripheral)
2661,0.0032280701754385964,0.0007682245982018478,0.00029018930570833077,23,6,0.23818525519848766,0.9852683695400796,Khac (Peripheral)
5565,0.0005614035087719298,2.8713380664090663e-05,8.670936134314116e-05,4,6,0.375,-0.2207600416545527,Khac (Peripheral)
6290,0.00042105263157894734,5.24330874095268e-05,5.606363394959694e-05,3,10,0.6666666666666667,-0.7862515977683556,Streamer Cau noi (Bridge)
5982,0.0018245614035087717,0.0020230092269397583,0.0002677248473516496,13,2,0.485207100591716,1.995274789912017,Khac (Peripheral)
2418,0.00014035087719298245,0.0,3.122362507440986e-05,1,5,0.0,-0.6061473652949135,Khac (Peripheral)
6765,0.0002807017543859649,0.00014037057832678272,8.129188394851121e-05,2,4,0.0,-0.38343001802725735,Khac (Peripheral)
3825,0.0002807017543859649,1.4142491112309755e-05,4.67827029291524e-05,2,16,0.5,-0.23233892186291363,Khac (Peripheral)
5773,0.0007017543859649122,2.0233928420591275e-05,9.368635672335569e-05,5,16,0.72,-0.14312629133157528,Streamer Cau noi (Bridge)
6816,0.001263157894736842,0.0001252232060655967,0.00013893772040897613,9,6,0.49382716049382713,-0.00793149850255878,Khac (Peripheral)
569,0.0018245614035087717,0.0006013381646360483,0.000177286512060441,13,4,0.3905325443786982,0.15292873551376165,Khac (Peripheral)
2474,0.002245614035087719,0.00017016959851170292,0.00017908800979528553,16,3,0.5078125,0.9767317151550056,Khac (Peripheral)
2340,0.0033684210526315787,0.00023268031205500768,0.00028849404695153633,24,4,0.5381944444444444,0.555197800669526,Khac (Peripheral)
698,0.003087719298245614,0.000580257019247805,0.0002529214533754054,22,5,0.628099173553719,0.1391157887562097,Streamer Cau noi (Bridge)
2941,0.0009824561403508772,0.0014849737810785405,0.00012639478155731547,7,9,0.6938775510204083,-0.09760367786544846,Streamer Cau noi (Bridge)
5709,0.0011228070175438596,0.00010526930110522532,0.00013324618749005707,8,3,0.71875,-0.3881735655774289,Streamer Cau noi (Bridge)
5495,0.0026666666666666666,0.00021251461155149764,0.00022594176346516924,19,15,0.6759002770083102,1.7944718940424493,Streamer Cau noi (Bridge)
4814,0.00014035087719298245,0.0,3.257511039516608e-05,1,6,0.0,-0.3626457370892153,Khac (Peripheral)
6967,0.0002807017543859649,0.0,4.616818149157745e-05,2,3,0.0,-0.3881735655774289,Khac (Peripheral)
2518,0.00014035087719298245,0.0,3.1430675706722816e-05,1,6,0.0,-0.3626457370892153,Khac (Peripheral)
4198,0.003087719298245614,0.00035493975316288023,0.00029849727485073185,22,5,0.5123966942148761,0.437221050376659,Khac (Peripheral)
5637,0.0002807017543859649,1.2719608816933254e-06,4.5043417627807224e-05,2,5,0.5,-0.6061473652949135,Khac (Peripheral)
7016,0.00014035087719298245,0.0,3.43650566695409e-05,1,14,0.0,-0.5111872250074323,Khac (Peripheral)
5839,0.002105263157894737,0.00038120297573976863,0.00021138436011321665,15,1,0.5244444444444445,0.32656442388249457,Khac (Peripheral)
4277,0.0005614035087719298,3.6992520650067494e-05,6.676089822032652e-05,4,9,0.5,-0.1780241547109686,Khac (Peripheral)
4692,0.0008421052631578947,4.313956385401389e-05,8.607904050204588e-05,6,5,0.4444444444444444,-0.38256841907957656,Khac (Peripheral)
6828,0.00042105263157894734,2.0630687466602793e-05,5.880153886520073e-05,3,8,0.6666666666666667,-0.7985918306870473,Streamer Cau noi (Bridge)
2627,0.00042105263157894734,1.3572141436905629e-05,5.803585386546848e-05,3,15,0.4444444444444444,-0.3322541788802534,Khac (Peripheral)
4945,0.0032280701754385964,0.0024948245865040646,0.0003010883542256625,23,6,0.7523629489603024,0.2758398923667665,Streamer Cau noi (Bridge)
6982,0.0011228070175438596,1.743464812225771e-05,0.00010616445602264378,8,5,0.5,-0.38256841907957656,Khac (Peripheral)
4823,0.0005614035087719298,0.0,7.115800797221672e-05,4,14,0.0,-0.12539418053002366,Khac (Peripheral)
4984,0.0002807017543859649,0.0,4.295178324705937e-05,2,9,0.5,-0.2584446315564888,Khac (Peripheral)
6580,0.00014035087719298245,0.0,3.349093727425573e-05,1,16,0.0,-0.23233892186291363,Khac (Peripheral)
5606,0.00042105263157894734,4.373849158463466e-06,5.514225803071646e-05,3,5,0.4444444444444444,-0.5316210498898012,Khac (Peripheral)
1173,0.003789473684210526,0.0010515888303584413,0.0003107326523192097,27,5,0.7736625514403292,0.1391157887562097,Streamer Cau noi (Bridge)
3223,0.0005614035087719298,4.325212867365492e-05,6.854625790042208e-05,4,1,0.75,-0.7142676008076517,Streamer Cau noi (Bridge)
3495,0.001543859649122807,0.00014986027984328253,0.00014604537862703836,11,14,0.7933884297520661,-0.2539918620224932,Streamer Cau noi (Bridge)
5008,0.00014035087719298245,0.0,5.565427408050237e-05,1,13,0.0,-0.7589626047638253,Khac (Peripheral)
589,0.00014035087719298245,0.0,3.1629454664287696e-05,1,4,0.0,-0.45047486221988475,Khac (Peripheral)
4580,0.00014035087719298245,0.0,3.287542902617207e-05,1,1,0.0,-0.7142676008076517,Khac (Peripheral)
3907,0.0002807017543859649,1.4061183486063055e-05,4.2951985658437847e-05,2,16,0.5,-0.23233892186291363,Khac (Peripheral)
7058,0.00014035087719298245,0.0,4.833467395078621e-05,1,16,0.0,-0.23233892186291363,Khac (Peripheral)
2535,0.0011228070175438596,3.87798032978309e-06,0.00011737566302267831,8,1,0.0,0.09526841839579539,Khac (Peripheral)
6581,0.00042105263157894734,1.7684147852228358e-06,5.211384988962269e-05,3,6,0.0,-0.2207600416545527,Khac (Peripheral)
4503,0.0002807017543859649,8.654823962664978e-07,4.389203633445221e-05,2,16,0.0,-0.14312629133157528,Khac (Peripheral)
3149,0.0002807017543859649,4.937273924980781e-07,4.442142425870829e-05,2,6,0.0,-0.29170288937188404,Khac (Peripheral)
5089,0.00014035087719298245,0.0,3.211486823569884e-05,1,9,0.0,-0.2584446315564888,Khac (Peripheral)
4122,0.001543859649122807,0.0002880245063498947,0.0001582309625786764,11,14,0.743801652892562,-0.2539918620224932,Streamer Cau noi (Bridge)
943,0.002105263157894737,0.0005083710895404154,0.00020956091531820778,15,1,0.6844444444444444,-0.020379584347554196,Streamer Cau noi (Bridge)
6715,0.0002807017543859649,2.457643701088268e-06,6.477898411239095e-05,2,3,0.0,-0.3881735655774289,Khac (Peripheral)
5861,0.00042105263157894734,0.0,4.9102373309617314e-05,3,5,0.0,-0.4570947344846889,Khac (Peripheral)
7034,0.00042105263157894734,1.408719993684742e-05,5.430665392415233e-05,3,1,0.6666666666666667,-0.7142676008076517,Streamer Cau noi (Bridge)
824,0.0007017543859649122,9.995562430144815e-06,7.812284577552871e-05,5,14,0.31999999999999984,-0.12539418053002366,Khac (Peripheral)
4712,0.00014035087719298245,0.0,5.919210182143118e-05,1,2,0.0,-0.6448606735457089,Khac (Peripheral)
1026,0.003929824561403509,0.0006008377325459509,0.00030035972165110177,28,5,0.40306122448979587,0.884378942807333,Khac (Peripheral)
3085,0.00014035087719298245,0.0,4.077001600042651e-05,1,14,0.0,-0.5111872250074323,Khac (Peripheral)
1707,0.00042105263157894734,4.179185165741719e-06,7.214875103053477e-05,3,2,0.4444444444444444,-0.31484374061349313,Khac (Peripheral)
3808,0.0002807017543859649,2.8806253032962116e-06,5.130054911909145e-05,2,9,0.5,-0.2584446315564888,Khac (Peripheral)
4857,0.00014035087719298245,0.0,3.5039025867639066e-05,1,4,0.0,-0.45047486221988475,Khac (Peripheral)
699,0.00042105263157894734,5.873929277089342e-05,8.623470063910517e-05,3,16,0.0,-0.05391366080023693,Khac (Peripheral)
4368,0.0007017543859649122,6.103751224418498e-05,8.935705093464553e-05,5,14,0.31999999999999984,-0.12539418053002366,Khac (Peripheral)
1327,0.0009824561403508772,3.347116987802639e-05,9.275615959112877e-05,7,5,0.6938775510204083,-0.4570947344846889,Streamer Cau noi (Bridge)
1158,0.006035087719298245,0.0015907819108309886,0.0004990771133150189,43,5,0.6901027582477015,0.9589052582124453,Streamer Cau noi (Bridge)
3258,0.008842105263157894,0.00305431433583819,0.0007456851890707075,63,15,0.7795414462081129,5.744106029470325,Khac (Peripheral)
1568,0.0018245614035087717,0.0006144723662286752,0.00017998005180089964,13,14,0.0,1.0319849529022023,Khac (Peripheral)
1961,0.004631578947368421,0.0010160571679713312,0.0003816516011175312,33,5,0.2718089990817263,1.4060631506431192,Khac (Peripheral)
3894,0.0019649122807017545,0.0011832217604850882,0.00019528995009884462,14,16,0.6938775510204083,0.2137242307937781,Streamer Cau noi (Bridge)
818,0.0016842105263157893,0.00019818907302796682,0.00015958934498682922,12,5,0.6666666666666667,-0.2335157882693519,Streamer Cau noi (Bridge)
539,0.0009824561403508772,0.00016191794472478977,0.00010467705313238855,7,6,0.6938775510204083,-0.2207600416545527,Streamer Cau noi (Bridge)
1309,0.0002807017543859649,2.1233533007463888e-05,4.5136408385398364e-05,2,9,0.5,-0.2584446315564888,Khac (Peripheral)
4211,0.00014035087719298245,0.0,3.3956480091963036e-05,1,4,0.0,-0.45047486221988475,Khac (Peripheral)
4150,0.0019649122807017545,0.0003177105769705504,0.00019798093737767117,14,0,0.7346938775510203,0.3155854880537148,Streamer Cau noi (Bridge)
6858,0.0016842105263157893,0.00031270765600801523,0.00016233930864445633,12,0,0.625,0.8882204462156972,Streamer Cau noi (Bridge)
854,0.00042105263157894734,9.110633500984074e-05,8.465056598297678e-05,3,16,0.4444444444444444,-0.14312629133157528,Khac (Peripheral)
2262,0.014175438596491226,0.003113504116160347,0.0011837323199723232,101,4,0.4356435643564357,4.51084360803454,Khac (Peripheral)
5099,0.0002807017543859649,9.139521796416471e-06,4.553061913041868e-05,2,9,0.0,-0.1780241547109686,Khac (Peripheral)
5418,0.00014035087719298245,0.0,3.045708227681144e-05,1,5,0.0,-0.6061473652949135,Khac (Peripheral)
5889,0.00014035087719298245,0.0,3.431204596763435e-05,1,4,0.0,-0.45047486221988475,Khac (Peripheral)
4138,0.00042105263157894734,3.5260969182788845e-05,5.561581974283118e-05,3,9,0.4444444444444444,-0.1780241547109686,Khac (Peripheral)
2225,0.0009824561403508772,4.286767527572773e-05,9.289718765901818e-05,7,5,0.5714285714285714,-0.38256841907957656,Khac (Peripheral)
352,0.0011228070175438596,3.762434481666258e-05,9.954693200392567e-05,8,1,0.21875,-0.020379584347554196,Khac (Peripheral)
3662,0.00042105263157894734,7.493971532456622e-06,5.9990475649881515e-05,3,1,0.4444444444444444,-0.5986195980643021,Khac (Peripheral)
1253,0.0008421052631578947,3.454900398246374e-05,8.647760903993724e-05,6,1,0.6111111111111112,-0.4829715953209526,Khac (Peripheral)
4961,0.002105263157894737,0.0006941161818290455,0.00019852649017115825,15,2,0.8533333333333333,0.34519012525093823,Streamer Cau noi (Bridge)
2705,0.0032280701754385964,0.0005150524731524942,0.00027639298451814337,23,16,0.831758034026465,0.2137242307937781,Streamer Cau noi (Bridge)
5530,0.004210526315789474,0.0018043810415160292,0.00034555358171793355,30,6,0.7711111111111111,0.34678274008409776,Streamer Cau noi (Bridge)
3990,0.003508771929824561,0.0003020841177883137,0.0002802085582922199,25,6,0.35199999999999987,0.9852683695400796,Khac (Peripheral)
1312,0.0007017543859649122,0.0005166643984714784,8.303850696857351e-05,5,0,0.7999999999999999,-0.5433669491892589,Streamer Cau noi (Bridge)
2648,0.00014035087719298245,0.0,3.413837513912097e-05,1,14,0.0,-0.5111872250074323,Khac (Peripheral)
1265,0.002807017543859649,0.00029249549619960087,0.00023116852181673868,20,1,0.27000000000000013,1.1361004430859416,Khac (Peripheral)
6577,0.0002807017543859649,2.7037523269560066e-06,5.06904000794681e-05,2,2,0.5,-0.6448606735457089,Khac (Peripheral)
4974,0.0007017543859649122,0.001474786792515854,0.0001067450584332832,5,16,0.72,-0.14312629133157528,Streamer Cau noi (Bridge)
5904,0.0011228070175438596,5.931553032599455e-05,0.00011698988630276852,8,16,0.5625,0.12451160026243978,Khac (Peripheral)
6946,0.00042105263157894734,6.226151712641686e-06,8.378267236449162e-05,3,7,0.4444444444444444,-0.392232270276368,Khac (Peripheral)
1981,0.0014035087719298245,4.1310565424025e-05,0.00013359283396437011,10,5,0.6799999999999999,-0.3080421036744642,Streamer Cau noi (Bridge)
1149,0.0026666666666666666,0.000178445402262549,0.00023461421556225307,19,4,0.5650969529085873,0.2870184238990164,Khac (Peripheral)
6091,0.003508771929824561,0.0006569049156361883,0.0002775927727681385,25,5,0.56,0.5117473657817714,Khac (Peripheral)
315,0.00042105263157894734,1.9988888036656122e-06,5.7619629956350625e-05,3,5,0.4444444444444444,-0.5316210498898012,Khac (Peripheral)
6213,0.0011228070175438596,5.4566200857319694e-05,0.00010679006505328735,8,5,0.53125,-0.3080421036744642,Khac (Peripheral)
2810,0.00014035087719298245,0.0,3.210580829758948e-05,1,0,0.0,-0.5433669491892589,Khac (Peripheral)
1842,0.001543859649122807,0.000637274399892433,0.00017261124317391818,11,9,0.6115702479338844,0.14365775267111203,Khac (Peripheral)
744,0.003508771929824561,0.0002444719000426006,0.00028523962517368995,25,15,0.704,2.402107914877507,Streamer Cau noi (Bridge)
5087,0.00042105263157894734,1.7891692835276497e-05,5.371759668977588e-05,3,9,0.6666666666666667,-0.2584446315564888,Streamer Cau noi (Bridge)
4307,0.0005614035087719298,3.12548475383923e-05,7.204502810375869e-05,4,13,0.5,-0.4139796025984502,Khac (Peripheral)
3267,0.0005614035087719298,3.0305639002550948e-05,7.017651724885403e-05,4,4,0.625,-0.38343001802725735,Streamer Cau noi (Bridge)
5458,0.0018245614035087717,7.02796513687819e-05,0.00015658666120230578,13,5,0.6153846153846154,-0.2335157882693519,Khac (Peripheral)
2012,0.0002807017543859649,0.0003482997105983116,7.03596968508904e-05,2,14,0.5,-0.5111872250074323,Khac (Peripheral)
2429,0.00042105263157894734,5.746528817673201e-06,5.738307275280808e-05,3,6,0.4444444444444444,-0.29170288937188404,Khac (Peripheral)
5766,0.0011228070175438596,8.811021958448349e-05,0.00011365812191840251,8,0,0.78125,0.029268008972723546,Streamer Cau noi (Bridge)
5024,0.0023859649122807015,0.0006230903988204965,0.0002522728570230829,17,2,0.602076124567474,2.3252917228442325,Khac (Peripheral)
3601,0.0011228070175438596,4.060646618240293e-05,0.00011262866166990508,8,1,0.21875,-0.020379584347554196,Khac (Peripheral)
6229,0.00014035087719298245,0.0,3.222475242375172e-05,1,4,0.0,-0.45047486221988475,Khac (Peripheral)
874,0.0023859649122807015,0.00026919187564272793,0.0002231798347450713,17,9,0.7197231833910034,0.3044987063621523,Streamer Cau noi (Bridge)
1125,0.00042105263157894734,2.1607054626497387e-07,5.7053495610455274e-05,3,16,0.4444444444444444,-0.14312629133157528,Khac (Peripheral)
1361,0.00014035087719298245,0.0,3.3551411723864486e-05,1,1,0.0,-0.7142676008076517,Khac (Peripheral)
2403,0.004771929824561403,0.0003827313748276043,0.00036325747569390557,34,5,0.4325259515570933,1.1824842044277823,Khac (Peripheral)
4750,0.0005614035087719298,1.044755791547576e-05,7.060108178163711e-05,4,1,0.75,-0.7142676008076517,Streamer Cau noi (Bridge)
220,0.00042105263157894734,6.576005109154047e-05,6.716789494022016e-05,3,3,0.6666666666666667,-0.5587867256689831,Streamer Cau noi (Bridge)
2163,0.0014035087719298245,0.00013876007202062927,0.0001282753429283389,10,5,0.6799999999999999,-0.3080421036744642,Streamer Cau noi (Bridge)
3299,0.0002807017543859649,0.0,4.559243184143794e-05,2,16,0.0,-0.14312629133157528,Khac (Peripheral)
2905,0.0014035087719298245,0.0004326542537735063,0.00014192535520764823,10,9,0.6799999999999999,0.06323727582559185,Streamer Cau noi (Bridge)
1337,0.0007017543859649122,4.471749457980475e-05,7.330902323919532e-05,5,4,0.31999999999999984,-0.24934032964200262,Khac (Peripheral)
4933,0.0026666666666666666,0.0012673088609015083,0.00024539583589475666,19,5,0.703601108033241,-0.1589894728642396,Streamer Cau noi (Bridge)
1000,0.00014035087719298245,0.0,3.7613020063920354e-05,1,5,0.0,-0.6061473652949135,Khac (Peripheral)
3112,0.00042105263157894734,1.7830588630896582e-05,6.8065830529777e-05,3,5,0.4444444444444444,-0.5316210498898012,Khac (Peripheral)
2158,0.0009824561403508772,0.00016565325771545074,0.0001278453805144798,7,1,0.6938775510204083,-0.4829715953209526,Streamer Cau noi (Bridge)
4161,0.002105263157894737,0.00040301078561000937,0.00018432749672658472,15,6,0.8355555555555555,-0.2207600416545527,Streamer Cau noi (Bridge)
4916,0.0023859649122807015,0.0007262553696750258,0.0002116539200620914,17,1,0.40138408304498274,0.6735084321125433,Khac (Peripheral)
5065,0.0019649122807017545,0.00011478532033742264,0.00018038185139990833,14,1,0.0,0.7891564348558929,Khac (Peripheral)
2218,0.004912280701754385,0.0033458858272278516,0.00040691619033833646,35,1,0.483265306122449,1.8299884595460392,Khac (Peripheral)
4361,0.00042105263157894734,4.093987688391409e-06,5.408217749664611e-05,3,14,0.0,-0.2539918620224932,Khac (Peripheral)
3429,0.0008421052631578947,0.00010558229025266142,8.906975072606764e-05,6,16,0.7222222222222222,-0.14312629133157528,Streamer Cau noi (Bridge)
1212,0.0002807017543859649,3.7256364106094153e-06,4.876081696551367e-05,2,16,0.0,-0.14312629133157528,Khac (Peripheral)
2352,0.019228070175438594,0.012492913268427039,0.0015200527594073558,137,5,0.5812776386594918,5.803115759544747,Khac (Peripheral)
4450,0.0011228070175438596,0.0005046581729255376,0.00014076476679395416,8,16,0.375,0.2137242307937781,Khac (Peripheral)
4245,0.0011228070175438596,6.552107091289651e-05,0.00012705066576976416,8,9,0.75,-0.09760367786544846,Streamer Cau noi (Bridge)
3420,0.0008421052631578947,1.581573572321392e-05,0.0001062545125387284,6,16,0.6666666666666667,-0.05391366080023693,Streamer Cau noi (Bridge)
6787,0.0019649122807017545,0.00024080370070892778,0.00019254049457731993,14,16,0.520408163265306,0.48136212238779325,Khac (Peripheral)
6546,0.00042105263157894734,1.9112657986153987e-06,7.995714723504415e-05,3,4,0.4444444444444444,-0.38343001802725735,Khac (Peripheral)
2410,0.001263157894736842,4.810955027542882e-05,0.00011849393445969954,9,4,0.5185185185185186,-0.11525064125674786,Khac (Peripheral)
6327,0.0011228070175438596,0.00019456601466762364,0.00010677588435792228,8,4,0.78125,-0.31638517383463,Streamer Cau noi (Bridge)
4263,0.0002807017543859649,1.083752755456185e-07,4.2113150399897826e-05,2,3,0.0,-0.3881735655774289,Khac (Peripheral)
6150,0.004491228070175438,0.0005148299320373735,0.0003234871618313248,32,1,0.400390625,1.9456364622893887,Khac (Peripheral)
2277,0.0029473684210526313,0.0006271168912310984,0.00028701566098452417,21,9,0.7845804988662132,0.3044987063621523,Streamer Cau noi (Bridge)
1661,0.00042105263157894734,9.883202338802736e-07,5.236468683435998e-05,3,14,0.0,-0.2539918620224932,Khac (Peripheral)
2999,0.00042105263157894734,1.8747078533477358e-05,5.818604299097611e-05,3,1,0.4444444444444444,-0.5986195980643021,Khac (Peripheral)
5373,0.00014035087719298245,0.0,4.348729390133261e-05,1,8,0.0,-0.7985918306870473,Khac (Peripheral)
5121,0.00014035087719298245,0.0,3.349093727425573e-05,1,16,0.0,-0.23233892186291363,Khac (Peripheral)
5510,0.0019649122807017545,8.681420552489509e-05,0.00015410048087277222,14,1,0.5408163265306123,0.09526841839579539,Khac (Peripheral)
1743,0.0002807017543859649,0.00014037057832678272,0.00011889384694216928,2,4,0.0,-0.38343001802725735,Khac (Peripheral)
4630,0.0029473684210526313,0.0019411265347349948,0.00026991616853211435,21,4,0.8072562358276645,-0.11525064125674786,Streamer Cau noi (Bridge)
1311,0.00042105263157894734,3.850378562517744e-06,5.3861625379027e-05,3,5,0.4444444444444444,-0.5316210498898012,Khac (Peripheral)
6949,0.0002807017543859649,9.384926247713795e-07,4.6626476740518025e-05,2,0,0.5,-0.5433669491892589,Khac (Peripheral)
3261,0.0007017543859649122,0.000161222045357317,0.00011258346208508764,5,14,0.56,-0.2539918620224932,Khac (Peripheral)
7100,0.00042105263157894734,4.200312503251814e-05,5.250098661009874e-05,3,5,0.4444444444444444,-0.5316210498898012,Khac (Peripheral)
287,0.00042105263157894734,6.243282931948695e-05,5.653911376189256e-05,3,6,0.6666666666666667,-0.3626457370892153,Streamer Cau noi (Bridge)
5149,0.0014035087719298245,0.00048014355896638304,0.00013347192661579738,10,6,0.72,-0.1498171939372214,Streamer Cau noi (Bridge)
73,0.003789473684210526,0.0007283116779433522,0.00037436925133386935,27,1,0.13991769547325095,2.061284465032738,Khac (Peripheral)
6600,0.003508771929824561,0.0005596434180642233,0.0003266147235606498,25,6,0.7968,0.13395419693210384,Streamer Cau noi (Bridge)
683,0.003087719298245614,0.0010414549421127583,0.0002874045917178716,22,5,0.7892561983471074,-0.009936842054014941,Streamer Cau noi (Bridge)
3518,0.0005614035087719298,7.6784898333569e-06,6.540875962892081e-05,4,4,0.375,-0.31638517383463,Khac (Peripheral)
4731,0.00042105263157894734,4.8613641787176944e-06,6.020817984339525e-05,3,0,0.6666666666666667,-0.5433669491892589,Streamer Cau noi (Bridge)
1069,0.00014035087719298245,0.0,3.705476508539477e-05,1,2,0.0,-0.6448606735457089,Khac (Peripheral)
390,0.0007017543859649122,4.986890703355047e-06,9.304279938078389e-05,5,13,0.31999999999999984,0.27598640173230005,Khac (Peripheral)
709,0.00042105263157894734,0.00012888321136324702,7.1676848557974e-05,3,13,0.6666666666666667,-0.7589626047638253,Streamer Cau noi (Bridge)
6551,0.00042105263157894734,2.0341638400047016e-05,5.501652129348264e-05,3,0,0.6666666666666667,-0.5433669491892589,Streamer Cau noi (Bridge)
3543,0.0002807017543859649,2.1700627109165822e-06,4.265778619257172e-05,2,9,0.5,-0.2584446315564888,Khac (Peripheral)
2722,0.004210526315789474,0.00101154996460185,0.00040874870940349456,30,9,0.3977777777777777,1.510805859044955,Khac (Peripheral)
4871,0.0014035087719298245,0.0001950311352333077,0.00013501769399460234,10,5,0.78,-0.4570947344846889,Streamer Cau noi (Bridge)
5855,0.001263157894736842,0.00018060909321919845,0.00014594295266453968,9,9,0.49382716049382713,0.14365775267111203,Khac (Peripheral)
2044,0.005192982456140351,0.003060201527619786,0.00044723412915457085,37,1,0.7275383491599707,1.2517484458292911,Streamer Cau noi (Bridge)
6879,0.0002807017543859649,0.0,4.428259273889304e-05,2,14,0.0,-0.3825895435149627,Khac (Peripheral)
1151,0.0005614035087719298,5.6017918696549745e-06,7.358138424064359e-05,4,16,0.625,-0.14312629133157528,Streamer Cau noi (Bridge)
1536,0.0018245614035087717,0.0005012386500571119,0.00023651879497770252,13,13,0.5680473372781065,1.6559184103938005,Khac (Peripheral)
6543,0.0011228070175438596,7.802067531128958e-05,0.0001191597936683686,8,5,0.75,-0.4570947344846889,Streamer Cau noi (Bridge)
3745,0.0007017543859649122,1.4936401656542455e-05,0.00010252218005251919,5,16,0.31999999999999984,0.03529896973110142,Khac (Peripheral)
4026,0.00014035087719298245,0.0,5.5355221731131e-05,1,16,0.0,-0.23233892186291363,Khac (Peripheral)
6423,0.0005614035087719298,3.7749987540810486e-05,6.999611644734143e-05,4,4,0.625,-0.38343001802725735,Streamer Cau noi (Bridge)
378,0.0005614035087719298,7.761964931821072e-06,6.469761108539466e-05,4,4,0.375,-0.31638517383463,Khac (Peripheral)
1018,0.0007017543859649122,1.9828462646956885e-05,7.878129259846311e-05,5,16,0.56,-0.23233892186291363,Khac (Peripheral)
1259,0.00042105263157894734,0.00014082591831202367,8.219424136785531e-05,3,9,0.4444444444444444,-0.1780241547109686,Khac (Peripheral)
3375,0.0009824561403508772,0.00012069150800123091,0.00010588642380099321,7,14,0.6938775510204083,-0.2539918620224932,Streamer Cau noi (Bridge)
4488,0.0009824561403508772,0.00021932913487975628,0.00011267779706555019,7,0,0.7755102040816326,-0.2570494701082677,Streamer Cau noi (Bridge)
7079,0.00014035087719298245,0.0,3.395414849752306e-05,1,14,0.0,-0.5111872250074323,Khac (Peripheral)
5054,0.00014035087719298245,0.0,3.2385891955629855e-05,1,6,0.0,-0.3626457370892153,Khac (Peripheral)
3385,0.0018245614035087717,0.0003155269368055442,0.0001742548059057817,13,1,0.6627218934911243,-0.020379584347554196,Streamer Cau noi (Bridge)
1379,0.00014035087719298245,0.0,3.30477777055129e-05,1,4,0.0,-0.45047486221988475,Khac (Peripheral)
129,0.0002807017543859649,4.4318827107047797e-07,4.1048985449740016e-05,2,3,0.5,-0.5587867256689831,Khac (Peripheral)
5029,0.0019649122807017545,0.00014315228818763143,0.0001759082871423244,14,1,0.5612244897959183,0.210916421139145,Khac (Peripheral)
338,0.003087719298245614,4.136090794731626e-05,0.00022991838176870784,22,4,0.08677685950413205,0.8904220216326628,Khac (Peripheral)
3841,0.0014035087719298245,9.612342351701967e-05,0.0001659193292262267,10,9,0.4600000000000001,0.22407822951663217,Khac (Peripheral)
4252,0.00042105263157894734,2.9593971444803035e-06,5.58049187242723e-05,3,16,0.0,-0.05391366080023693,Khac (Peripheral)
5976,0.0018245614035087717,0.00011364024137837862,0.000172596821001233,13,4,0.2721893491124261,0.21997357970638903,Khac (Peripheral)
4635,0.00014035087719298245,0.0,3.072437792033351e-05,1,5,0.0,-0.6061473652949135,Khac (Peripheral)
1545,0.0002807017543859649,4.898144277732797e-05,4.531322713566834e-05,2,1,0.5,-0.7142676008076517,Khac (Peripheral)
6214,0.002105263157894737,0.00028408939668338103,0.00018618383509516243,15,1,0.24,0.6735084321125433,Khac (Peripheral)
3036,0.0011228070175438596,8.399048913173243e-05,0.00010382021909840726,8,6,0.65625,-0.2207600416545527,Streamer Cau noi (Bridge)
4784,0.0002807017543859649,1.0106638593422514e-05,4.7481652210748064e-05,2,16,0.5,-0.23233892186291363,Khac (Peripheral)
508,0.0002807017543859649,2.0679741661434544e-06,4.4078743838863355e-05,2,1,0.0,-0.5986195980643021,Khac (Peripheral)
180,0.002807017543859649,0.0006909409268741936,0.00022898113505924052,20,1,0.34499999999999986,1.020452440342592,Khac (Peripheral)
3910,0.004771929824561403,0.0010201541250064068,0.0003854839109201572,34,4,0.2162629757785468,1.4938256193663093,Khac (Peripheral)
4910,0.0029473684210526313,0.0006377810057589401,0.00023932535081541237,21,6,0.2585034013605443,0.843382674105417,Khac (Peripheral)
4092,0.0008421052631578947,1.737294413085213e-05,8.499675821623512e-05,6,5,0.5,-0.4570947344846889,Khac (Peripheral)
3848,0.0002807017543859649,3.4224396512089626e-06,4.6437924195057075e-05,2,1,0.5,-0.7142676008076517,Khac (Peripheral)
6419,0.0008421052631578947,6.709759190745463e-05,9.962144960032291e-05,6,16,0.5,0.03529896973110142,Khac (Peripheral)
1184,0.001543859649122807,0.0001569888695904885,0.00014382092544432403,11,9,0.6446280991735538,0.14365775267111203,Streamer Cau noi (Bridge)
4696,0.0002807017543859649,6.210744032689875e-07,4.6322358491638604e-05,2,16,0.5,-0.23233892186291363,Khac (Peripheral)
6388,0.0007017543859649122,7.20726824013041e-05,8.883550646030817e-05,5,9,0.56,-0.09760367786544846,Khac (Peripheral)
1176,0.0002807017543859649,1.436828851421824e-05,5.500617045370144e-05,2,9,0.5,-0.2584446315564888,Khac (Peripheral)
5975,0.00014035087719298245,0.0,3.3191517586285105e-05,1,6,0.0,-0.3626457370892153,Khac (Peripheral)
5635,0.0005614035087719298,5.088816109581948e-06,6.731434750748061e-05,4,9,0.0,-0.0171832010199283,Khac (Peripheral)
2245,0.0008421052631578947,2.6675148175611742e-05,9.592885210767859e-05,6,14,0.5,-0.12539418053002366,Khac (Peripheral)
1658,0.0005614035087719298,0.0001442093947785744,0.00010200356341020462,4,0,0.625,-0.2570494701082677,Streamer Cau noi (Bridge)
2284,0.002807017543859649,0.0004432153978420374,0.0002527975565253292,20,5,0.805,-0.1589894728642396,Streamer Cau noi (Bridge)
277,0.0005614035087719298,5.725941431912847e-05,7.5668912957909e-05,4,4,0.625,-0.45047486221988475,Streamer Cau noi (Bridge)
711,0.00014035087719298245,0.0,3.223517647622703e-05,1,2,0.0,-0.6448606735457089,Khac (Peripheral)
6057,0.0007017543859649122,9.176630926398706e-06,7.970630479973485e-05,5,5,0.56,-0.4570947344846889,Khac (Peripheral)
1518,0.00014035087719298245,0.0,3.1763084642769275e-05,1,14,0.0,-0.5111872250074323,Khac (Peripheral)
5595,0.0016842105263157893,0.0002361408012830675,0.00016501338826295858,12,9,0.611111111111111,0.22407822951663217,Khac (Peripheral)
2595,0.005052631578947368,0.0012104596362876832,0.00041829698865413243,36,3,0.6064814814814814,2.8534764761621028,Khac (Peripheral)
6566,0.0002807017543859649,0.0,4.485518187692929e-05,2,16,0.5,-0.23233892186291363,Khac (Peripheral)
6904,0.00042105263157894734,1.4887044159233795e-05,5.519802774911462e-05,3,3,0.4444444444444444,-0.5587867256689831,Khac (Peripheral)
3615,0.0019649122807017545,0.0004389608109161265,0.00018542386034394405,14,13,0.653061224489796,1.3109354082284255,Streamer Cau noi (Bridge)
5896,0.0005614035087719298,3.214048950273366e-06,7.17757927221827e-05,4,4,0.375,-0.31638517383463,Khac (Peripheral)
5022,0.00014035087719298245,0.0,6.187109261508528e-05,1,1,0.0,-0.7142676008076517,Khac (Peripheral)
1339,0.0002807017543859649,5.892725192996858e-07,8.313153163119711e-05,2,14,0.0,-0.3825895435149627,Khac (Peripheral)
3569,0.002526315789473684,0.0008511854822404582,0.00025910008171740537,18,15,0.7345679012345679,1.4906538836249204,Streamer Cau noi (Bridge)
214,0.005192982456140351,0.0004473671175929653,0.00041802033652831933,37,3,0.6150474799123448,0.9767317151550056,Khac (Peripheral)
5838,0.00042105263157894734,1.593554698162378e-05,5.6631000182143655e-05,3,9,0.6666666666666667,-0.2584446315564888,Streamer Cau noi (Bridge)
1630,0.0002807017543859649,8.342189514616921e-05,6.232002127774333e-05,2,12,0.5,-1.2247448713915894,Khac (Peripheral)
2413,0.0005614035087719298,6.0711737103863774e-05,7.699533970058616e-05,4,1,0.375,-0.4829715953209526,Khac (Peripheral)
6341,0.0002807017543859649,1.805374957629729e-05,5.11830326549319e-05,2,6,0.5,-0.3626457370892153,Khac (Peripheral)
814,0.00014035087719298245,0.0,3.211486823569884e-05,1,9,0.0,-0.2584446315564888,Khac (Peripheral)
4303,0.002105263157894737,0.00021214456995413686,0.0001898152890022729,15,14,0.7022222222222222,0.13180118245491543,Streamer Cau noi (Bridge)
3353,0.0002807017543859649,1.0547479415924553e-06,4.1923473649327115e-05,2,14,0.5,-0.5111872250074323,Khac (Peripheral)
3005,0.004912280701754385,0.0012560743092567713,0.0004191370703186013,35,1,0.6955102040816327,1.1361004430859416,Streamer Cau noi (Bridge)
987,0.004771929824561403,0.002423005802489864,0.0005250292700486659,34,0,0.7958477508650519,2.319807841620653,Streamer Cau noi (Bridge)
2520,0.0007017543859649122,9.86543108329613e-06,7.249271090029743e-05,5,6,0.56,-0.2207600416545527,Khac (Peripheral)
434,0.0009824561403508772,9.794435837911203e-05,0.00010546671008467984,7,14,0.44897959183673464,0.003203500962445893,Khac (Peripheral)
1729,0.00014035087719298245,0.0,3.156459102178747e-05,1,5,0.0,-0.6061473652949135,Khac (Peripheral)
6450,0.00042105263157894734,1.488904229835553e-05,8.07432510773061e-05,3,16,0.4444444444444444,-0.14312629133157528,Khac (Peripheral)
382,0.00014035087719298245,0.0,3.609864573453841e-05,1,2,0.0,-0.6448606735457089,Khac (Peripheral)
3924,0.0002807017543859649,2.7234472818187106e-05,4.483698869742774e-05,2,6,0.5,-0.3626457370892153,Khac (Peripheral)
5460,0.0007017543859649122,0.00025041734725183776,8.435735180170146e-05,5,4,0.56,-0.31638517383463,Khac (Peripheral)
1693,0.00014035087719298245,0.0,3.0510725622464466e-05,1,5,0.0,-0.6061473652949135,Khac (Peripheral)
6378,0.00014035087719298245,0.0,3.211486823569884e-05,1,9,0.0,-0.2584446315564888,Khac (Peripheral)
1800,0.00042105263157894734,0.0,4.940633970048746e-05,3,5,0.0,-0.4570947344846889,Khac (Peripheral)
5547,0.00014035087719298245,0.0,3.3248334844696706e-05,1,15,0.0,-0.6360721892977823,Khac (Peripheral)
2806,0.0016842105263157893,0.00010537979115616994,0.00015559714379038769,12,4,0.0,0.2870184238990164,Khac (Peripheral)
1543,0.0005614035087719298,2.288660264024691e-05,6.540629640819431e-05,4,6,0.75,-0.3626457370892153,Streamer Cau noi (Bridge)
619,0.00014035087719298245,0.0,3.348283595746985e-05,1,4,0.0,-0.45047486221988475,Khac (Peripheral)
769,0.001263157894736842,0.00022706052871396005,0.00014024215416521247,9,16,0.7901234567901234,-0.05391366080023693,Streamer Cau noi (Bridge)
2531,0.0009824561403508772,8.99273900624883e-05,0.00010136348885271203,7,16,0.7346938775510204,-0.23233892186291363,Streamer Cau noi (Bridge)
4850,0.002105263157894737,0.0002382224543963278,0.00018263394691884861,15,6,0.7644444444444445,-0.1498171939372214,Streamer Cau noi (Bridge)
1768,0.0008421052631578947,0.00010884983064626465,9.303528554036001e-05,6,14,0.8333333333333334,-0.5111872250074323,Streamer Cau noi (Bridge)
6433,0.00042105263157894734,3.780355507303956e-07,5.0231151080899636e-05,3,4,0.0,-0.31638517383463,Khac (Peripheral)
3376,0.0007017543859649122,0.001533743014389426,0.0001300156762200931,5,8,0.56,-0.09500931747723713,Khac (Peripheral)
1226,0.0029473684210526313,0.00039436709092309096,0.0002735076362839449,21,0,0.7709750566893424,1.1745379252966883,Streamer Cau noi (Bridge)
4469,0.0008421052631578947,9.421389550080732e-06,8.658038490214485e-05,6,5,0.6666666666666667,-0.4570947344846889,Streamer Cau noi (Bridge)
3566,0.003929824561403509,0.0003638354496373781,0.0003208123370871878,28,6,0.19897959183673464,1.339982608126736,Khac (Peripheral)
84,0.0002807017543859649,1.1359106692095564e-06,4.343979605950235e-05,2,4,0.0,-0.38343001802725735,Khac (Peripheral)
1903,0.00014035087719298245,0.0,3.253510821333682e-05,1,6,0.0,-0.3626457370892153,Khac (Peripheral)
6070,0.001263157894736842,5.785991081110644e-05,0.0001407178253113601,9,1,0.37037037037037035,-0.020379584347554196,Khac (Peripheral)
1520,0.0019649122807017545,0.00040334174368077016,0.00018544607132991604,14,6,0.7244897959183674,-0.00793149850255878,Streamer Cau noi (Bridge)
424,0.00014035087719298245,0.0,3.7962035933140076e-05,1,2,0.0,-0.6448606735457089,Khac (Peripheral)
1526,0.00014035087719298245,0.0,3.38289779817888e-05,1,13,0.0,-0.7589626047638253,Khac (Peripheral)
1240,0.0014035087719298245,0.00014920656737318428,0.0001415064797257399,10,5,0.64,-0.3080421036744642,Streamer Cau noi (Bridge)
2612,0.00042105263157894734,2.5098515945330224e-05,6.478099977855519e-05,3,9,0.4444444444444444,-0.1780241547109686,Khac (Peripheral)
1163,0.0016842105263157893,0.00031164396230857794,0.0001866716407212003,12,1,0.5277777777777778,0.09526841839579539,Khac (Peripheral)
5214,0.0029473684210526313,0.00040757560469620107,0.00026501683660199387,21,3,0.7664399092970522,0.46489223488034265,Streamer Cau noi (Bridge)
4964,0.00014035087719298245,0.0,3.431291552283299e-05,1,0,0.0,-0.5433669491892589,Khac (Peripheral)
7090,0.001543859649122807,3.772848724995543e-05,0.0001544457605349879,11,4,0.16528925619834722,0.15292873551376165,Khac (Peripheral)
6208,0.0002807017543859649,0.0,5.414419378749961e-05,2,15,0.0,-0.3322541788802534,Khac (Peripheral)
6979,0.00014035087719298245,0.0,3.7656227822920834e-05,1,0,0.0,-0.5433669491892589,Khac (Peripheral)
6909,0.001263157894736842,4.50460368523163e-05,0.0001314480959841593,9,1,0.6172839506172839,-0.25167558983425337,Khac (Peripheral)
5206,0.0005614035087719298,4.140552956178578e-05,6.976250255706163e-05,4,0,0.625,-0.5433669491892589,Streamer Cau noi (Bridge)
1321,0.0018245614035087717,0.0013161106631375088,0.0001773825112157647,13,9,0.7337278106508875,0.06323727582559185,Streamer Cau noi (Bridge)
5742,0.0007017543859649122,2.337970623989035e-05,8.039667071332405e-05,5,14,0.72,-0.3825895435149627,Streamer Cau noi (Bridge)
4952,0.0019649122807017545,0.0002826926031007749,0.00018343551526710413,14,1,0.520408163265306,0.210916421139145,Khac (Peripheral)
2219,0.0002807017543859649,9.432004448821905e-05,6.0413490223012567e-05,2,6,0.0,-0.29170288937188404,Khac (Peripheral)
1238,0.002245614035087719,0.00030540314884255643,0.0001950550185168584,16,14,0.6796875,-0.2539918620224932,Streamer Cau noi (Bridge)
733,0.003508771929824561,0.0002039603871698911,0.0003165771173536593,25,9,0.6976,0.626180613744233,Streamer Cau noi (Bridge)
3366,0.0002807017543859649,1.3527631757607492e-05,5.288113565047307e-05,2,2,0.5,-0.6448606735457089,Khac (Peripheral)
5428,0.01712280701754386,0.008374911175742393,0.0015719038253076516,122,9,0.7342112335393711,4.24510207179264,Khac (Peripheral)
2502,0.00014035087719298245,0.0,3.1763084642769275e-05,1,14,0.0,-0.5111872250074323,Khac (Peripheral)
3758,0.002807017543859649,0.00016586804455234508,0.00023843793116117777,20,4,0.0,0.8233771774400354,Khac (Peripheral)
4843,0.0032280701754385964,0.0003589887242190159,0.0002984611768155663,23,9,0.6238185255198488,0.7066010905897532,Streamer Cau noi (Bridge)
1295,0.001543859649122807,0.00041450949533791584,0.00021831472610228447,11,4,0.44628099173553715,0.018839047128506894,Khac (Peripheral)
2720,0.00042105263157894734,0.00014037057832678272,9.913899938513007e-05,3,1,0.0,-0.4829715953209526,Khac (Peripheral)
5142,0.001263157894736842,0.00039608128623001506,0.00015017693503741544,9,16,0.7160493827160495,0.03529896973110142,Streamer Cau noi (Bridge)
3157,0.00042105263157894734,1.3871068287233473e-05,5.704443913856208e-05,3,6,0.4444444444444444,-0.29170288937188404,Khac (Peripheral)
4036,0.0005614035087719298,6.945673782672056e-05,6.86038232354012e-05,4,9,0.625,-0.1780241547109686,Streamer Cau noi (Bridge)
1884,0.0002807017543859649,8.475051844244512e-06,4.668705914813819e-05,2,1,0.5,-0.7142676008076517,Khac (Peripheral)
233,0.0016842105263157893,0.0008640472182671389,0.0001595892611023626,12,5,0.75,-0.38256841907957656,Streamer Cau noi (Bridge)
2359,0.0009824561403508772,0.00010031903998377198,0.00011979793059376477,7,1,0.6122448979591837,-0.36732359257760294,Khac (Peripheral)
6642,0.0011228070175438596,2.5804380599874146e-05,0.00012100323116373791,8,9,0.6875,-0.0171832010199283,Streamer Cau noi (Bridge)
4523,0.0008421052631578947,5.682081120480066e-06,8.721725448521915e-05,6,5,0.0,-0.2335157882693519,Khac (Peripheral)
2746,0.0005614035087719298,3.109272040792219e-06,6.943532098879265e-05,4,4,0.0,-0.24934032964200262,Khac (Peripheral)
1460,0.0002807017543859649,1.98432601923065e-06,4.074642777928008e-05,2,1,0.5,-0.7142676008076517,Khac (Peripheral)
318,0.0002807017543859649,5.667498698814122e-06,4.381096186442416e-05,2,16,0.5,-0.23233892186291363,Khac (Peripheral)
4289,0.00042105263157894734,9.763471097420949e-06,6.651195368085663e-05,3,9,0.4444444444444444,-0.1780241547109686,Khac (Peripheral)
5561,0.001543859649122807,0.00012728321587054134,0.00014353117684967539,11,6,0.5289256198347108,0.06301134921477253,Khac (Peripheral)
5593,0.00014035087719298245,0.0,3.747735247213386e-05,1,13,0.0,-0.7589626047638253,Khac (Peripheral)
5130,0.001263157894736842,6.707557525145964e-05,0.00012422752095088145,9,15,0.6666666666666667,0.27538184195480453,Streamer Cau noi (Bridge)
4774,0.0007017543859649122,1.526681618011388e-05,7.646465721492512e-05,5,4,0.48,-0.31638517383463,Khac (Peripheral)
1001,0.00014035087719298245,0.0,3.181808171855835e-05,1,9,0.0,-0.2584446315564888,Khac (Peripheral)
2996,0.0007017543859649122,7.409990676282326e-05,8.703621628377241e-05,5,9,0.48,-0.09760367786544846,Khac (Peripheral)
126,0.0005614035087719298,2.855293916102718e-05,7.661402270951124e-05,4,9,0.375,-0.09760367786544846,Khac (Peripheral)
6814,0.0011228070175438596,0.00013402516824731047,0.0001155905121141922,8,2,0.71875,0.015173192318722542,Streamer Cau noi (Bridge)
3931,0.00042105263157894734,5.063672789233595e-05,6.204346630476821e-05,3,9,0.0,-0.09760367786544846,Khac (Peripheral)
3035,0.001543859649122807,0.00012505804831012274,0.00013979101808310842,11,5,0.6446280991735538,-0.2335157882693519,Streamer Cau noi (Bridge)
5699,0.00014035087719298245,0.0,6.069327326897517e-05,1,14,0.0,-0.5111872250074323,Khac (Peripheral)
2425,0.0002807017543859649,2.7577720900521474e-06,6.315133227252611e-05,2,0,0.0,-0.2570494701082677,Khac (Peripheral)
2708,0.00014035087719298245,0.0,3.184576301213597e-05,1,1,0.0,-0.7142676008076517,Khac (Peripheral)
3028,0.00014035087719298245,0.0,3.3621037721764814e-05,1,5,0.0,-0.6061473652949135,Khac (Peripheral)
6406,0.0011228070175438596,5.633219778559355e-05,0.00010641386690729354,8,5,0.5625,-0.3080421036744642,Khac (Peripheral)
1681,0.00014035087719298245,0.0,4.1623469326360406e-05,1,0,0.0,-0.5433669491892589,Khac (Peripheral)
263,0.0016842105263157893,0.00011193845080934146,0.00015097447859477965,12,0,0.8055555555555556,-0.2570494701082677,Streamer Cau noi (Bridge)
6700,0.0033684210526315787,0.00019240356084066257,0.00027116981491744215,24,4,0.1527777777777779,0.9574668658252902,Khac (Peripheral)
6549,0.0005614035087719298,6.653264806014538e-06,6.779819785721124e-05,4,15,0.5,-0.3322541788802534,Khac (Peripheral)
7047,0.00014035087719298245,0.0,6.069327326897517e-05,1,14,0.0,-0.5111872250074323,Khac (Peripheral)
5125,0.001543859649122807,0.00011005044737257527,0.00013224113560113534,11,4,0.31404958677685935,0.08588389132113426,Khac (Peripheral)
1097,0.0002807017543859649,2.3944341464298446e-05,5.596810018406928e-05,2,13,0.0,-0.4139796025984502,Khac (Peripheral)
1620,0.0008421052631578947,8.620000485513322e-05,0.0001031658745400475,6,1,0.7777777777777778,-0.5986195980643021,Streamer Cau noi (Bridge)
1326,0.00014035087719298245,0.0,3.4703953978141555e-05,1,4,0.0,-0.45047486221988475,Khac (Peripheral)
3023,0.0011228070175438596,0.00019210367841329662,0.0001248202421761527,8,14,0.6875,-0.2539918620224932,Streamer Cau noi (Bridge)
4438,0.0005614035087719298,1.9195546331560543e-05,7.318763093384525e-05,4,16,0.625,-0.14312629133157528,Streamer Cau noi (Bridge)
3326,0.0007017543859649122,7.280149050481969e-05,7.595571572065783e-05,5,4,0.31999999999999984,-0.24934032964200262,Khac (Peripheral)
3827,0.0011228070175438596,3.605829568901746e-05,0.00010604401770533639,8,1,0.65625,-0.36732359257760294,Streamer Cau noi (Bridge)
2724,0.00014035087719298245,0.0,3.294522059138826e-05,1,6,0.0,-0.3626457370892153,Khac (Peripheral)
6788,0.00042105263157894734,9.20596460612544e-06,6.091316926263961e-05,3,14,0.6666666666666667,-0.5111872250074323,Streamer Cau noi (Bridge)
6188,0.0008421052631578947,4.534295328536354e-06,9.82442196598424e-05,6,3,0.5,-0.04694724539432026,Khac (Peripheral)
3719,0.0005614035087719298,1.9174441897841947e-05,6.358335540665299e-05,4,5,0.5,-0.5316210498898012,Khac (Peripheral)
599,0.00042105263157894734,1.046607647635911e-05,5.863878489643184e-05,3,6,0.6666666666666667,-0.3626457370892153,Streamer Cau noi (Bridge)
2739,0.00014035087719298245,0.0,3.495299151248449e-05,1,16,0.0,-0.23233892186291363,Khac (Peripheral)
6137,0.0011228070175438596,9.446966908914872e-06,0.00010196692970981393,8,6,0.21875,0.06301134921477253,Khac (Peripheral)
3345,0.0009824561403508772,3.3063080818970465e-05,9.580834014753196e-05,7,6,0.24489795918367352,-0.00793149850255878,Khac (Peripheral)
5439,0.0005614035087719298,1.7350270942444904e-05,5.9435360783984044e-05,4,6,0.375,-0.2207600416545527,Khac (Peripheral)
5752,0.00014035087719298245,0.0,3.3551411723864486e-05,1,1,0.0,-0.7142676008076517,Khac (Peripheral)
1941,0.001263157894736842,9.748807073835338e-06,0.00012440481430730336,9,9,0.19753086419753085,0.3044987063621523,Khac (Peripheral)
2492,0.001543859649122807,6.52838647046224e-05,0.00014600252931366048,11,1,0.6446280991735538,-0.25167558983425337,Streamer Cau noi (Bridge)
3454,0.001543859649122807,0.0002008249834854143,0.00015317374521966968,11,14,0.5619834710743802,0.13180118245491543,Khac (Peripheral)
4949,0.09698245614035086,0.1225695342219138,0.009128956583272167,691,6,0.7826405658026183,19.785123014632877,Khac (Peripheral)
6663,0.0007017543859649122,0.00015804798900136268,0.00010231177409562639,5,1,0.31999999999999984,-0.36732359257760294,Khac (Peripheral)
3111,0.0005614035087719298,1.1125682914643798e-05,5.8838207212909274e-05,4,5,0.625,-0.5316210498898012,Streamer Cau noi (Bridge)
704,0.0016842105263157893,0.00034869937885846755,0.00018657541631504203,12,5,0.625,-0.1589894728642396,Streamer Cau noi (Bridge)
5951,0.0002807017543859649,0.00021394916417664185,4.575286179868127e-05,2,1,0.5,-0.7142676008076517,Khac (Peripheral)
6471,0.001263157894736842,0.00023062794606937154,0.0001172772538734401,9,4,0.49382716049382713,-0.18229548544937524,Khac (Peripheral)
859,0.0058947368421052625,0.00249992414586936,0.0005295747823398742,42,1,0.47165532879818595,2.639524478749486,Khac (Peripheral)
2043,0.00014035087719298245,0.0,3.285275922839622e-05,1,4,0.0,-0.45047486221988475,Khac (Peripheral)
5413,0.0005614035087719298,0.001398581462183992,8.999220012818608e-05,4,9,0.0,-0.0171832010199283,Khac (Peripheral)
6640,0.00014035087719298245,0.0,3.211486823569884e-05,1,9,0.0,-0.2584446315564888,Khac (Peripheral)
1835,0.00042105263157894734,0.0,8.669146397021288e-05,3,15,0.0,-0.02843616846272445,Khac (Peripheral)
5411,0.0016842105263157893,4.992076419734773e-05,0.0001460102134434439,12,1,0.5138888888888888,0.09526841839579539,Khac (Peripheral)
2897,0.0005614035087719298,3.9092596214717073e-05,6.711434043703542e-05,4,5,0.625,-0.5316210498898012,Streamer Cau noi (Bridge)
4365,0.0023859649122807015,0.0006347697484019456,0.0002274971206902925,17,9,0.7197231833910034,0.3044987063621523,Streamer Cau noi (Bridge)
7117,0.0008421052631578947,2.4740603954836768e-05,9.126064410916401e-05,6,14,0.7222222222222222,-0.3825895435149627,Streamer Cau noi (Bridge)
4913,0.010105263157894735,0.005451035564929165,0.0008422302223861388,72,0,0.8175154320987654,4.037712716106601,Khac (Peripheral)
3834,0.00014035087719298245,0.0,3.3197294513176624e-05,1,16,0.0,-0.23233892186291363,Khac (Peripheral)
5459,0.0007017543859649122,6.149404848413248e-05,8.609077566212307e-05,5,5,0.56,-0.4570947344846889,Khac (Peripheral)
219,0.004210526315789474,0.0006504663974113863,0.0003386612556526278,30,5,0.6977777777777778,0.3626947349715467,Streamer Cau noi (Bridge)
1490,0.0007017543859649122,5.6021464860553166e-05,7.875634367689428e-05,5,9,0.6399999999999999,-0.1780241547109686,Streamer Cau noi (Bridge)
3301,0.00014035087719298245,0.0,3.22462713097926e-05,1,9,0.0,-0.2584446315564888,Khac (Peripheral)
670,0.00014035087719298245,0.0,3.0345629651401183e-05,1,5,0.0,-0.6061473652949135,Khac (Peripheral)
5156,0.00042105263157894734,8.927330601859814e-07,6.20704836200974e-05,3,13,0.0,-0.06899660043307508,Khac (Peripheral)
2773,0.0002807017543859649,3.098949441314224e-07,4.676234963537217e-05,2,5,0.0,-0.5316210498898012,Khac (Peripheral)
2099,0.00042105263157894734,4.779153269524168e-06,6.162870233914022e-05,3,16,0.4444444444444444,-0.23233892186291363,Khac (Peripheral)
4369,0.00014035087719298245,0.0,3.3191517586285105e-05,1,6,0.0,-0.3626457370892153,Khac (Peripheral)
6927,0.00014035087719298245,0.0,3.3093358408937e-05,1,0,0.0,-0.5433669491892589,Khac (Peripheral)
2984,0.0002807017543859649,4.449927276487242e-08,4.2978240474022626e-05,2,1,0.5,-0.7142676008076517,Khac (Peripheral)
6519,0.00014035087719298245,0.0,3.064412592636537e-05,1,5,0.0,-0.6061473652949135,Khac (Peripheral)
2875,0.0002807017543859649,0.0,4.524165604846512e-05,2,4,0.0,-0.38343001802725735,Khac (Peripheral)
2449,0.00042105263157894734,1.975143149147948e-06,5.379311931659113e-05,3,14,0.4444444444444444,-0.3825895435149627,Khac (Peripheral)
7083,0.0008421052631578947,5.914441882628154e-05,0.00010465901607797153,6,5,0.2777777777777777,-0.3080421036744642,Khac (Peripheral)
3482,0.004210526315789474,0.0012639652568347988,0.0003382581971478084,30,15,0.8044444444444445,2.402107914877507,Streamer Cau noi (Bridge)
1285,0.0005614035087719298,7.01744604176786e-05,6.735469313352874e-05,4,16,0.75,-0.23233892186291363,Streamer Cau noi (Bridge)
28,0.0002807017543859649,3.4350619835590453e-06,4.2205916059353095e-05,2,3,0.5,-0.5587867256689831,Khac (Peripheral)
3824,0.0023859649122807015,0.0003931651311861421,0.0002157046389386266,17,5,0.546712802768166,0.1391157887562097,Khac (Peripheral)
677,0.0008421052631578947,7.485183208036947e-05,0.0001010563141336491,6,5,0.6111111111111112,-0.4570947344846889,Khac (Peripheral)
4200,0.001543859649122807,0.00031876476642636495,0.00017426062042551064,11,2,0.6446280991735538,1.0052239911153695,Streamer Cau noi (Bridge)
3270,0.005192982456140351,0.001376823112860389,0.00041926853850345487,37,1,0.7129291453615778,1.020452440342592,Streamer Cau noi (Bridge)
110,0.00014035087719298245,0.0,5.616676107873555e-05,1,4,0.0,-0.45047486221988475,Khac (Peripheral)
5559,0.0002807017543859649,1.494638095860469e-06,4.612902251874253e-05,2,4,0.5,-0.45047486221988475,Khac (Peripheral)
6849,0.00014035087719298245,0.0,3.6223203340605186e-05,1,14,0.0,-0.5111872250074323,Khac (Peripheral)
5304,0.0029473684210526313,0.0005833668360555344,0.00029462188040015253,21,15,0.6938775510204083,2.0982899044599783,Streamer Cau noi (Bridge)
6650,0.00042105263157894734,4.621545638374089e-06,5.619196319707363e-05,3,1,0.4444444444444444,-0.5986195980643021,Khac (Peripheral)
6931,0.007859649122807018,0.0041534264140142985,0.0006744081694506438,56,14,0.826530612244898,1.5463756788720804,Streamer Cau noi (Bridge)
5082,0.0002807017543859649,2.43383184348624e-06,4.399683362061285e-05,2,9,0.5,-0.2584446315564888,Khac (Peripheral)
5928,0.0008421052631578947,0.00014394472837821879,0.00010977384375754287,6,0,0.5,0.3155854880537148,Khac (Peripheral)
4124,0.003929824561403509,0.00015924122063281943,0.0002949524542246943,28,5,0.4285714285714286,0.884378942807333,Khac (Peripheral)
722,0.00042105263157894734,1.5908536439682145e-05,5.600690135775058e-05,3,6,0.4444444444444444,-0.29170288937188404,Khac (Peripheral)
6140,0.0014035087719298245,0.0003621236969536187,0.0001382033558038183,10,16,0.6799999999999999,0.12451160026243978,Streamer Cau noi (Bridge)
6157,0.00042105263157894734,4.2436259718014e-06,5.51884021040615e-05,3,6,0.4444444444444444,-0.29170288937188404,Khac (Peripheral)
3061,0.00042105263157894734,0.0001497524840277116,8.378961464526919e-05,3,16,0.4444444444444444,-0.14312629133157528,Khac (Peripheral)
6789,0.00042105263157894734,0.00014051136198545158,8.104981727699375e-05,3,4,0.4444444444444444,-0.38343001802725735,Khac (Peripheral)
4988,0.00014035087719298245,0.0,3.294522059138826e-05,1,6,0.0,-0.3626457370892153,Khac (Peripheral)
2592,0.0005614035087719298,4.6164714856875186e-05,7.298840446270118e-05,4,15,0.625,-0.3322541788802534,Streamer Cau noi (Bridge)
4911,0.00014035087719298245,0.0,3.348283595746985e-05,1,4,0.0,-0.45047486221988475,Khac (Peripheral)
2479,0.0005614035087719298,4.201476930810792e-05,6.938974635480565e-05,4,16,0.375,-0.05391366080023693,Khac (Peripheral)
2861,0.0009824561403508772,3.716053370269045e-05,9.645852906250078e-05,7,5,0.5714285714285714,-0.38256841907957656,Khac (Peripheral)
6384,0.0005614035087719298,5.680472176907882e-06,7.716693538576326e-05,4,4,0.5,-0.38343001802725735,Khac (Peripheral)
4396,0.0002807017543859649,0.0,6.526369477583673e-05,2,6,0.0,-0.29170288937188404,Khac (Peripheral)
3109,0.0005614035087719298,1.6878110746955297e-05,7.102077123222748e-05,4,4,0.625,-0.38343001802725735,Streamer Cau noi (Bridge)
5330,0.0008421052631578947,3.343014532813758e-05,9.487898019520351e-05,6,8,0.7222222222222222,-0.4468005740821422,Streamer Cau noi (Bridge)
3294,0.001263157894736842,3.108005225310303e-05,0.00012580624363305997,9,8,0.6172839506172839,0.608573195732573,Khac (Peripheral)
450,0.00014035087719298245,0.0,3.334659453200787e-05,1,4,0.0,-0.45047486221988475,Khac (Peripheral)
6424,0.0036491228070175434,0.0008734951816905137,0.00033278007696795823,26,1,0.6420118343195267,0.6735084321125433,Streamer Cau noi (Bridge)
3786,0.0005614035087719298,0.00014037057832678272,0.00014205709569833704,4,7,0.0,1.5689290811054721,Khac (Peripheral)
3865,0.00014035087719298245,0.0,3.437494411255945e-05,1,1,0.0,-0.7142676008076517,Khac (Peripheral)
205,0.0016842105263157893,0.00043017585437646745,0.00015153583131640586,12,6,0.4027777777777778,0.20489704464943517,Khac (Peripheral)
3389,0.0002807017543859649,4.480999017316271e-06,4.423352409900815e-05,2,6,0.5,-0.3626457370892153,Khac (Peripheral)
890,0.0033684210526315787,0.00024870193995662126,0.0002625870953264625,24,5,0.42013888888888884,0.660799996591996,Khac (Peripheral)
2726,0.001263157894736842,6.969963987646542e-05,0.00012727387745036235,9,16,0.7160493827160495,-0.23233892186291363,Streamer Cau noi (Bridge)
4,0.00014035087719298245,0.0,3.1939903911062516e-05,1,6,0.0,-0.3626457370892153,Khac (Peripheral)
2778,0.002526315789473684,0.00043522596618318686,0.0002438401760063422,18,14,0.2901234567901234,1.2891803158871413,Khac (Peripheral)
5691,0.0014035087719298245,0.0001346226770127183,0.00014510707305232984,10,16,0.72,0.03529896973110142,Streamer Cau noi (Bridge)
6487,0.0002807017543859649,7.98282018464025e-08,4.248314668641911e-05,2,3,0.0,-0.3881735655774289,Khac (Peripheral)
5750,0.0002807017543859649,0.0,4.428259273889304e-05,2,14,0.0,-0.3825895435149627,Khac (Peripheral)
5430,0.0005614035087719298,1.048631242429966e-05,7.524789901852402e-05,4,14,0.0,-0.12539418053002366,Khac (Peripheral)
957,0.00014035087719298245,0.0,3.794725765553918e-05,1,6,0.0,-0.3626457370892153,Khac (Peripheral)
3183,0.0002807017543859649,4.4771839668324774e-07,4.376968527698715e-05,2,5,0.0,-0.5316210498898012,Khac (Peripheral)
1423,0.0002807017543859649,0.0,4.559243184143794e-05,2,16,0.0,-0.14312629133157528,Khac (Peripheral)
6251,0.00014035087719298245,0.0,3.5586108857642153e-05,1,16,0.0,-0.23233892186291363,Khac (Peripheral)
6897,0.0014035087719298245,0.0002455377863297298,0.00016271169246364917,10,0,0.76,0.3155854880537148,Streamer Cau noi (Bridge)
862,0.0005614035087719298,0.00012107357438624555,0.0001001143818121159,4,14,0.625,-0.3825895435149627,Streamer Cau noi (Bridge)
5865,0.00042105263157894734,0.00010444002476322539,5.759792536324622e-05,3,9,0.6666666666666667,-0.2584446315564888,Streamer Cau noi (Bridge)
2400,0.001543859649122807,0.0003746015237223345,0.00017194433177253375,11,4,0.31404958677685935,0.08588389132113426,Khac (Peripheral)
6108,0.0011228070175438596,0.00011780342449104619,0.00010980508759197497,8,6,0.6875,-0.2207600416545527,Streamer Cau noi (Bridge)
4900,0.0002807017543859649,1.247684390171442e-06,4.893279229346484e-05,2,15,0.0,-0.3322541788802534,Khac (Peripheral)
673,0.00042105263157894734,6.503841651610402e-05,6.853173703442737e-05,3,4,0.4444444444444444,-0.38343001802725735,Khac (Peripheral)
3132,0.0002807017543859649,1.3931940143842996e-06,4.307256151543871e-05,2,14,0.5,-0.5111872250074323,Khac (Peripheral)
5463,0.0011228070175438596,0.0001148048186951179,0.00011724875641046753,8,5,0.65625,-0.38256841907957656,Streamer Cau noi (Bridge)
1135,0.00014035087719298245,0.0,3.391390772260097e-05,1,1,0.0,-0.7142676008076517,Khac (Peripheral)
4665,0.003929824561403509,0.00024504022145515757,0.0003251230954098984,28,4,0.798469387755102,0.15292873551376165,Streamer Cau noi (Bridge)
5553,0.0014035087719298245,0.0011807578330587994,0.00016678424504914404,10,15,0.74,0.27538184195480453,Streamer Cau noi (Bridge)
4884,0.0026666666666666666,0.0008175065605970272,0.0002702873992332382,19,3,0.8531855955678671,-0.04694724539432026,Streamer Cau noi (Bridge)
6522,0.0007017543859649122,0.0001686762385859724,9.663644136787152e-05,5,15,0.72,-0.3322541788802534,Streamer Cau noi (Bridge)
1,0.0036491228070175434,0.0008259251908211172,0.0003755458305148354,26,9,0.7011834319526626,0.7066010905897532,Streamer Cau noi (Bridge)
1427,0.003929824561403509,0.002150545440379842,0.0003190661804201399,28,1,0.6045918367346939,1.020452440342592,Khac (Peripheral)
3988,0.0009824561403508772,0.00016718314409399832,0.00012167566706929266,7,9,0.24489795918367352,0.14365775267111203,Khac (Peripheral)
5400,0.0009824561403508772,0.00019965814264102973,0.0001174678213908309,7,16,0.5714285714285714,0.03529896973110142,Khac (Peripheral)
4343,0.0002807017543859649,0.0,4.559243184143794e-05,2,16,0.0,-0.14312629133157528,Khac (Peripheral)
667,0.0033684210526315787,0.000319372284374073,0.0002577386709378041,24,5,0.42361111111111116,0.660799996591996,Khac (Peripheral)
5789,0.007719298245614035,0.0033191727212258087,0.0007768274219571943,55,14,0.3537190082644627,5.018513079168758,Khac (Peripheral)
1542,0.004631578947368421,0.000454501114189132,0.0004062111117843903,33,14,0.4168962350780533,2.575157130811837,Khac (Peripheral)
4491,0.00014035087719298245,0.0,3.9685038284261514e-05,1,4,0.0,-0.45047486221988475,Khac (Peripheral)
6206,0.002807017543859649,0.00044640636580509194,0.0002235169831960276,20,5,0.5900000000000001,0.21364210416132204,Khac (Peripheral)
1964,0.0014035087719298245,6.80863797006115e-05,0.00014850195931267462,10,14,0.54,0.13180118245491543,Khac (Peripheral)
2318,0.0002807017543859649,5.165318432811389e-06,4.334183903287512e-05,2,16,0.5,-0.23233892186291363,Khac (Peripheral)
1859,0.003508771929824561,0.001308935570547447,0.0003318625332466479,25,14,0.6719999999999999,1.0319849529022023,Streamer Cau noi (Bridge)
5784,0.0005614035087719298,1.586490273860848e-05,6.237635601340178e-05,4,5,0.625,-0.5316210498898012,Streamer Cau noi (Bridge)
6203,0.001263157894736842,0.00012753751924100848,0.00012745139716341993,9,16,0.6172839506172839,0.12451160026243978,Khac (Peripheral)
1886,0.0008421052631578947,8.224047036515141e-05,8.974435237578177e-05,6,16,0.5,0.03529896973110142,Khac (Peripheral)
6809,0.0011228070175438596,0.00012026049013397512,0.00011274128914376916,8,5,0.75,-0.4570947344846889,Streamer Cau noi (Bridge)
4530,0.0014035087719298245,0.00024337916948716316,0.00013967843052666175,10,6,0.86,-0.29170288937188404,Streamer Cau noi (Bridge)
605,0.0014035087719298245,0.0002723726710827114,0.00013295170618555344,10,16,0.6799999999999999,0.12451160026243978,Streamer Cau noi (Bridge)
2113,0.00014035087719298245,0.0,3.070060079513992e-05,1,1,0.0,-0.7142676008076517,Khac (Peripheral)
6026,0.00743859649122807,0.0036462857327509693,0.0006732462976288412,53,1,0.33036667853328583,4.142948514413031,Khac (Peripheral)
4693,0.0009824561403508772,9.802606157470796e-05,0.00011095256265286033,7,15,0.6122448979591837,0.27538184195480453,Khac (Peripheral)
4224,0.0007017543859649122,2.535423037276688e-05,7.650125697007072e-05,5,6,0.31999999999999984,-0.1498171939372214,Khac (Peripheral)
3413,0.00042105263157894734,2.316791019086487e-05,9.518659381752652e-05,3,1,0.4444444444444444,-0.5986195980643021,Khac (Peripheral)
3386,0.00042105263157894734,1.3600490893649604e-05,5.734493049197325e-05,3,14,0.6666666666666667,-0.5111872250074323,Streamer Cau noi (Bridge)
2350,0.00014035087719298245,0.0,3.2484633243274565e-05,1,6,0.0,-0.3626457370892153,Khac (Peripheral)
4977,0.0023859649122807015,0.0003315913716437422,0.00021565043293040313,17,1,0.5190311418685121,0.44221242662584415,Khac (Peripheral)
7088,0.001263157894736842,4.679620169926473e-06,0.00012519214921398675,9,16,0.6172839506172839,0.12451160026243978,Khac (Peripheral)
4558,0.0002807017543859649,2.8328383983910874e-05,4.430477869271689e-05,2,4,0.0,-0.38343001802725735,Khac (Peripheral)
1488,0.0007017543859649122,4.753482368431237e-06,7.741308938785646e-05,5,16,0.31999999999999984,0.03529896973110142,Khac (Peripheral)
974,0.0011228070175438596,1.5051351632032376e-05,0.00012386864483013044,8,16,0.78125,-0.14312629133157528,Streamer Cau noi (Bridge)
2937,0.00042105263157894734,1.4683532500986775e-05,5.918809288523037e-05,3,3,0.6666666666666667,-0.5587867256689831,Streamer Cau noi (Bridge)
5877,0.001263157894736842,8.186383316520653e-05,0.00013201457467346145,9,8,0.345679012345679,1.3121557089423832,Khac (Peripheral)
4732,0.0036491228070175434,0.0009432630058725272,0.00031927467952192433,26,6,0.8165680473372781,0.13395419693210384,Streamer Cau noi (Bridge)
5993,0.0008421052631578947,1.3550852602777935e-05,7.976788952482837e-05,6,1,0.2777777777777777,-0.25167558983425337,Khac (Peripheral)
2338,0.0007017543859649122,1.1665247354987544e-05,7.500798800606597e-05,5,6,0.56,-0.2207600416545527,Khac (Peripheral)
3290,0.004491228070175438,0.0012348843978497415,0.0003906780105488403,32,5,0.71875,0.5117473657817714,Streamer Cau noi (Bridge)
1181,0.0002807017543859649,1.239884823403199e-05,4.707055455556722e-05,2,9,0.5,-0.2584446315564888,Khac (Peripheral)
461,0.0008421052631578947,8.100666192139796e-05,9.398777155479574e-05,6,16,0.7777777777777778,-0.23233892186291363,Streamer Cau noi (Bridge)
2447,0.038175438596491224,0.03510899546209583,0.0032396737135871115,272,0,0.8715397923875432,9.764062297726426,Khac (Peripheral)
1597,0.00014035087719298245,0.0,3.116083619902571e-05,1,4,0.0,-0.45047486221988475,Khac (Peripheral)
96,0.0009824561403508772,1.392071486019672e-05,0.0001028864880090021,7,2,0.7346938775510204,0.015173192318722542,Streamer Cau noi (Bridge)
2489,0.001543859649122807,9.613135647914519e-05,0.00014695624013083547,11,5,0.7603305785123967,-0.38256841907957656,Streamer Cau noi (Bridge)
5257,0.00014035087719298245,0.0,3.1586741509859454e-05,1,0,0.0,-0.5433669491892589,Khac (Peripheral)
4810,0.0005614035087719298,8.757765956562878e-05,6.999162974800265e-05,4,9,0.375,-0.09760367786544846,Khac (Peripheral)
665,0.004491228070175438,0.0015462444452748016,0.0003758219704201797,32,5,0.642578125,0.5862736811868836,Streamer Cau noi (Bridge)
4266,0.0002807017543859649,1.104416746019978e-06,4.720123133120833e-05,2,1,0.5,-0.7142676008076517,Khac (Peripheral)
4100,0.0019649122807017545,0.00011290683132512333,0.0001724051881567386,14,5,0.5510204081632653,-0.009936842054014941,Khac (Peripheral)
1762,0.002807017543859649,0.0004241774717976889,0.0002258946665306263,20,5,0.5700000000000001,0.21364210416132204,Khac (Peripheral)
76,0.0002807017543859649,0.0,4.9090241809364144e-05,2,6,0.0,-0.29170288937188404,Khac (Peripheral)
770,0.00042105263157894734,0.00021899543707330012,7.618181904366736e-05,3,1,0.0,-0.4829715953209526,Khac (Peripheral)
510,0.0005614035087719298,1.1055475520707632e-05,9.837466680679982e-05,4,14,0.375,-0.2539918620224932,Khac (Peripheral)
836,0.00014035087719298245,0.0,3.4517050166156685e-05,1,4,0.0,-0.45047486221988475,Khac (Peripheral)
6269,0.00042105263157894734,0.00015508805742164267,8.554042867203973e-05,3,16,0.4444444444444444,-0.14312629133157528,Khac (Peripheral)
1397,0.001543859649122807,3.522434892710841e-05,0.00014562187438062343,11,1,0.44628099173553715,0.09526841839579539,Khac (Peripheral)
610,0.00014035087719298245,0.0,3.1951337183314337e-05,1,5,0.0,-0.6061473652949135,Khac (Peripheral)
3084,0.002105263157894737,0.0007690684304145766,0.00019986071459636128,15,16,0.6044444444444445,0.48136212238779325,Khac (Peripheral)
348,0.00014035087719298245,0.0,3.274681619491349e-05,1,4,0.0,-0.45047486221988475,Khac (Peripheral)
2953,0.0002807017543859649,2.45662497985656e-05,6.309284978403522e-05,2,15,0.0,-0.3322541788802534,Khac (Peripheral)
3640,0.0005614035087719298,1.1351662405096747e-05,6.33406379813779e-05,4,5,0.625,-0.5316210498898012,Streamer Cau noi (Bridge)
226,0.001543859649122807,0.0003526986816650764,0.00014356564352919327,11,14,0.5123966942148761,-0.2539918620224932,Khac (Peripheral)
3238,0.0016842105263157893,7.977705426101036e-05,0.00014741786055610527,12,1,0.29166666666666663,0.32656442388249457,Khac (Peripheral)
2552,0.0018245614035087717,0.0003293621906688865,0.00017035604311423525,13,9,0.6982248520710059,0.14365775267111203,Streamer Cau noi (Bridge)
4735,0.00014035087719298245,0.0,6.602183704996623e-05,1,1,0.0,-0.7142676008076517,Khac (Peripheral)
448,0.005052631578947368,0.0010821972403043517,0.000431018679394307,36,1,0.7469135802469136,1.020452440342592,Streamer Cau noi (Bridge)
6218,0.00042105263157894734,5.110542566369565e-06,6.92506602982246e-05,3,14,0.4444444444444444,-0.3825895435149627,Khac (Peripheral)
1547,0.0014035087719298245,0.00018850627600224524,0.0001520672319516449,10,14,0.74,-0.12539418053002366,Streamer Cau noi (Bridge)
4649,0.0016842105263157893,0.0005187502669376305,0.0001749794372234152,12,14,0.6527777777777778,0.13180118245491543,Streamer Cau noi (Bridge)
498,0.002526315789473684,0.00021418337257914666,0.00022454752587970408,18,6,0.45679012345679015,0.48866843551876044,Khac (Peripheral)
5276,0.00631578947368421,0.003915253372379873,0.0005426296261731899,45,6,0.8019753086419753,0.630554130953423,Streamer Cau noi (Bridge)
2594,0.0007017543859649122,8.540327600228794e-05,8.08926360311314e-05,5,3,0.7999999999999999,-0.5587867256689831,Streamer Cau noi (Bridge)
5046,0.005614035087719298,0.002343939238769855,0.00048616522007856875,40,2,0.7587499999999999,4.305393320437527,Khac (Peripheral)
5488,0.0002807017543859649,0.0,4.660665041121916e-05,2,14,0.5,-0.5111872250074323,Khac (Peripheral)
5634,0.0002807017543859649,6.774051150499397e-06,5.107693104822365e-05,2,1,0.5,-0.7142676008076517,Khac (Peripheral)
3881,0.00014035087719298245,0.0,3.607889963225547e-05,1,6,0.0,-0.3626457370892153,Khac (Peripheral)
1918,0.00014035087719298245,0.0,4.3954001826835646e-05,1,16,0.0,-0.23233892186291363,Khac (Peripheral)
4293,0.002105263157894737,0.0002674154167890013,0.0001818089070590013,15,6,0.4177777777777779,0.34678274008409776,Khac (Peripheral)
6164,0.0005614035087719298,3.6802171243633366e-05,6.259579716164097e-05,4,4,0.625,-0.38343001802725735,Streamer Cau noi (Bridge)
495,0.0005614035087719298,0.0001850285036468144,7.650241060298584e-05,4,1,0.625,-0.5986195980643021,Streamer Cau noi (Bridge)
4086,0.0007017543859649122,2.1095391453849252e-05,8.180138137576357e-05,5,9,0.56,-0.09760367786544846,Khac (Peripheral)
385,0.0002807017543859649,1.3830871143468784e-07,4.166454617114496e-05,2,3,0.5,-0.5587867256689831,Khac (Peripheral)
3171,0.00014035087719298245,0.0,3.658246035843534e-05,1,1,0.0,-0.7142676008076517,Khac (Peripheral)
4364,0.0008421052631578947,4.789671619882917e-06,9.05053053399089e-05,6,5,0.5,-0.38256841907957656,Khac (Peripheral)
660,0.0007017543859649122,0.00012196790137995414,9.081623164732009e-05,5,9,0.56,-0.09760367786544846,Khac (Peripheral)
6705,0.0023859649122807015,0.00047626888627198843,0.0002092231140063509,17,4,0.6643598615916955,0.08588389132113426,Streamer Cau noi (Bridge)
3820,0.002105263157894737,0.00011001066256203352,0.0002011085867946432,15,3,0.72,0.29427907478878834,Streamer Cau noi (Bridge)
6175,0.00042105263157894734,7.273334460418376e-06,5.475470324610378e-05,3,10,0.4444444444444444,-0.7862515977683556,Khac (Peripheral)
1367,0.00042105263157894734,4.850877036086895e-06,5.831509583547508e-05,3,15,0.6666666666666667,-0.6360721892977823,Streamer Cau noi (Bridge)
4553,0.00042105263157894734,2.454565237550988e-05,5.747921574701175e-05,3,10,0.6666666666666667,-0.7862515977683556,Streamer Cau noi (Bridge)
4177,0.00014035087719298245,0.0,3.5873388723065964e-05,1,9,0.0,-0.2584446315564888,Khac (Peripheral)
7046,0.0023859649122807015,0.0004308114139824911,0.00021854462375351058,17,6,0.6505190311418685,0.06301134921477253,Streamer Cau noi (Bridge)
2295,0.0018245614035087717,9.748501584590854e-05,0.00015969939753357877,13,5,0.46153846153846156,-0.009936842054014941,Khac (Peripheral)
6935,0.0002807017543859649,1.33025572352002e-06,4.8275819181807194e-05,2,1,0.5,-0.7142676008076517,Khac (Peripheral)
924,0.0002807017543859649,0.0,4.487870133716395e-05,2,10,0.5,-0.7862515977683556,Khac (Peripheral)
3659,0.0005614035087719298,1.7128011628232807e-05,6.570091833626213e-05,4,9,0.375,-0.09760367786544846,Khac (Peripheral)
3570,0.0009824561403508772,1.933132333388162e-05,9.3957431035333e-05,7,6,0.44897959183673464,-0.07887434621989009,Khac (Peripheral)
3923,0.0011228070175438596,0.00032709635317832835,0.00012128210625611301,8,9,0.65625,-0.0171832010199283,Streamer Cau noi (Bridge)
5792,0.0016842105263157893,0.0005244116744046645,0.00016275822893278345,12,5,0.6944444444444444,-0.2335157882693519,Streamer Cau noi (Bridge)
1593,0.0019649122807017545,0.00040536813928832846,0.00019934398088321343,14,1,0.7959183673469388,-0.25167558983425337,Streamer Cau noi (Bridge)
6503,0.00014035087719298245,0.0,3.242457160510981e-05,1,9,0.0,-0.2584446315564888,Khac (Peripheral)
5011,0.0008421052631578947,0.00012716591397086925,9.330512536191483e-05,6,14,0.6666666666666667,-0.5111872250074323,Streamer Cau noi (Bridge)
6299,0.0033684210526315787,0.00047353337474783806,0.00027627386892866573,24,4,0.36458333333333337,0.756332333247408,Khac (Peripheral)
420,0.0002807017543859649,0.0013901951151038745,0.00011804926221532958,2,11,0.0,1.4142135623730951,Khac (Peripheral)
5069,0.00687719298245614,0.002508383503379319,0.0005293823905848043,49,1,0.5697625989171178,2.755172481492836,Khac (Peripheral)
443,0.0002807017543859649,1.9419972533480133e-07,4.255810196091303e-05,2,16,0.5,-0.23233892186291363,Khac (Peripheral)
1577,0.0008421052631578947,7.605283155277146e-05,8.619508192345924e-05,6,4,0.6666666666666667,-0.31638517383463,Streamer Cau noi (Bridge)
439,0.00014035087719298245,0.0,3.6528991957943534e-05,1,14,0.0,-0.5111872250074323,Khac (Peripheral)
3506,0.00014035087719298245,0.0,3.2385891955629855e-05,1,6,0.0,-0.3626457370892153,Khac (Peripheral)
3876,0.0002807017543859649,4.574505972300177e-06,4.3478479938786256e-05,2,2,0.5,-0.6448606735457089,Khac (Peripheral)
3883,0.0002807017543859649,1.0843326739351649e-05,4.386274807291151e-05,2,6,0.5,-0.3626457370892153,Khac (Peripheral)
3629,0.0009824561403508772,7.094722353545921e-05,0.00010862481983368614,7,14,0.7755102040816326,-0.3825895435149627,Streamer Cau noi (Bridge)
3532,0.0018245614035087717,0.00016685533317454203,0.00017129160787718125,13,1,0.8284023668639053,-0.36732359257760294,Streamer Cau noi (Bridge)
5139,0.0005614035087719298,4.6033467072602015e-06,6.095653036137457e-05,4,5,0.5,-0.5316210498898012,Khac (Peripheral)
6420,0.0011228070175438596,2.5258713900533728e-05,0.00012000559887584659,8,0,0.40625,0.8882204462156972,Khac (Peripheral)
134,0.0014035087719298245,7.492132798418707e-05,0.0001320155679327742,10,16,0.74,-0.14312629133157528,Streamer Cau noi (Bridge)
5341,0.0011228070175438596,2.1397252339106643e-05,0.00010093774643104816,8,5,0.40625,-0.2335157882693519,Khac (Peripheral)
1758,0.00042105263157894734,4.647752560717672e-06,5.9729696086237625e-05,3,16,0.4444444444444444,-0.14312629133157528,Khac (Peripheral)
5096,0.00014035087719298245,0.0,3.362073902597242e-05,1,9,0.0,-0.2584446315564888,Khac (Peripheral)
5733,0.00042105263157894734,1.3766696469725017e-05,6.121555638692773e-05,3,9,0.0,-0.09760367786544846,Khac (Peripheral)
4349,0.0007017543859649122,8.963112977960205e-05,9.497358673651025e-05,5,15,0.6399999999999999,-0.3322541788802534,Streamer Cau noi (Bridge)
1033,0.0002807017543859649,5.531175194198648e-08,4.6468779089193946e-05,2,3,0.5,-0.5587867256689831,Khac (Peripheral)
1442,0.007859649122807018,0.0034396174834050936,0.0007913622943655448,56,16,0.8488520408163265,1.0166379055758232,Streamer Cau noi (Bridge)
2892,0.00014035087719298245,0.0,4.264682099378997e-05,1,9,0.0,-0.2584446315564888,Khac (Peripheral)
2562,0.0019649122807017545,0.0003332305060111539,0.00017911735730556528,14,9,0.4387755102040817,0.46533966005319266,Khac (Peripheral)
6481,0.002807017543859649,0.0003670144204203825,0.0002497790512515456,20,6,0.515,0.4177255878014291,Khac (Peripheral)
5158,0.0002807017543859649,0.0,4.7442478478503804e-05,2,1,0.0,-0.5986195980643021,Khac (Peripheral)
3961,0.001543859649122807,0.0004836764704374693,0.00016462582368227533,11,1,0.4297520661157025,0.09526841839579539,Khac (Peripheral)
6507,0.0005614035087719298,9.01628574985307e-06,6.485784567995328e-05,4,5,0.375,-0.4570947344846889,Khac (Peripheral)
2186,0.009122807017543859,0.005603568840928268,0.0007439253997568043,65,5,0.7990532544378698,0.884378942807333,Streamer Cau noi (Bridge)
3673,0.0005614035087719298,2.7224909701527754e-06,6.891175179023039e-05,4,14,0.375,-0.2539918620224932,Khac (Peripheral)
5230,0.00014035087719298245,0.0,3.2574193306752214e-05,1,3,0.0,-0.5587867256689831,Khac (Peripheral)
5934,0.003087719298245614,0.0011286660166822844,0.0002479494025714647,22,5,0.6239669421487603,0.28816841956643435,Streamer Cau noi (Bridge)
6535,0.00042105263157894734,1.7520178141211807e-06,5.659750428570751e-05,3,4,0.4444444444444444,-0.38343001802725735,Khac (Peripheral)
2003,0.001543859649122807,0.0004108936692746011,0.00015199269955231708,11,4,0.7107438016528925,-0.24934032964200262,Streamer Cau noi (Bridge)
3807,0.0016842105263157893,0.0004900221264189181,0.00015965030864699425,12,16,0.6944444444444444,0.12451160026243978,Streamer Cau noi (Bridge)
4763,0.0002807017543859649,9.389670874738079e-07,4.178608621089176e-05,2,9,0.5,-0.2584446315564888,Khac (Peripheral)
394,0.00014035087719298245,0.0,5.0091913846530626e-05,1,15,0.0,-0.6360721892977823,Khac (Peripheral)
6113,0.0007017543859649122,2.0943204293722993e-05,8.136655998781101e-05,5,16,0.6399999999999999,-0.14312629133157528,Streamer Cau noi (Bridge)
5929,0.00014035087719298245,0.0,3.148382512981153e-05,1,9,0.0,-0.2584446315564888,Khac (Peripheral)
6029,0.0008421052631578947,6.16217960484233e-05,9.57079654325948e-05,6,0,0.6666666666666667,0.029268008972723546,Streamer Cau noi (Bridge)
5255,0.0033684210526315787,0.0004902298177521398,0.00033491574725766897,24,2,0.6770833333333334,3.3153425216408796,Khac (Peripheral)
3984,0.0002807017543859649,2.038654178997531e-06,5.473585224210818e-05,2,9,0.5,-0.2584446315564888,Khac (Peripheral)
274,0.00042105263157894734,3.6958639719204854e-06,5.323537599072911e-05,3,6,0.4444444444444444,-0.29170288937188404,Khac (Peripheral)
1251,0.00014035087719298245,0.0,3.4684298192597786e-05,1,16,0.0,-0.23233892186291363,Khac (Peripheral)
976,0.00042105263157894734,6.491693783104318e-06,6.14003871858917e-05,3,14,0.6666666666666667,-0.5111872250074323,Streamer Cau noi (Bridge)
6583,0.0007017543859649122,0.00013030356193434488,8.592320529283519e-05,5,9,0.56,-0.09760367786544846,Khac (Peripheral)
253,0.001543859649122807,0.00016855878296718026,0.00014663742870980282,11,1,0.743801652892562,-0.25167558983425337,Streamer Cau noi (Bridge)
1196,0.00014035087719298245,0.0,3.649037387105739e-05,1,13,0.0,-0.7589626047638253,Khac (Peripheral)
6994,0.0002807017543859649,1.3402458497311325e-06,4.458630821956185e-05,2,9,0.5,-0.2584446315564888,Khac (Peripheral)
74,0.0005614035087719298,2.573271888655926e-06,6.390164602486407e-05,4,1,0.375,-0.4829715953209526,Khac (Peripheral)
133,0.005192982456140351,0.0008895567949353391,0.0004396631791189688,37,1,0.2878013148283419,2.755172481492836,Streamer Trung tam (Hub)
2829,0.00014035087719298245,0.0,3.338628045939249e-05,1,9,0.0,-0.2584446315564888,Khac (Peripheral)
7042,0.0005614035087719298,0.0004118552634700236,7.719422415064721e-05,4,5,0.625,-0.5316210498898012,Streamer Cau noi (Bridge)
7118,0.0002807017543859649,7.238477824299462e-06,4.7027581930110506e-05,2,6,0.5,-0.3626457370892153,Khac (Peripheral)
844,0.0002807017543859649,0.0,4.254901612722803e-05,2,9,0.0,-0.1780241547109686,Khac (Peripheral)
2231,0.00042105263157894734,9.431289205669106e-06,5.5201853624946826e-05,3,9,0.4444444444444444,-0.1780241547109686,Khac (Peripheral)
2557,0.0032280701754385964,0.0002448801199644466,0.0002493500647234996,23,1,0.5519848771266541,0.6735084321125433,Khac (Peripheral)
3511,0.0002807017543859649,1.9411126356284575e-06,4.646566700462941e-05,2,14,0.5,-0.5111872250074323,Khac (Peripheral)
3857,0.0019649122807017545,0.0003285640874737761,0.00018531742591960183,14,9,0.5510204081632653,0.3849191832076725,Khac (Peripheral)
6541,0.0002807017543859649,1.7045272931863928e-07,5.73757528083616e-05,2,1,0.0,-0.5986195980643021,Khac (Peripheral)
6510,0.00042105263157894734,3.366903075459573e-06,5.369796942830743e-05,3,6,0.4444444444444444,-0.29170288937188404,Khac (Peripheral)
6105,0.0002807017543859649,4.454486017774588e-06,4.61151794124714e-05,2,9,0.0,-0.1780241547109686,Khac (Peripheral)
3421,0.0011228070175438596,0.00019363705094392202,0.00011944820425467513,8,6,0.5625,-0.07887434621989009,Khac (Peripheral)
1249,0.0002807017543859649,5.783198378722814e-06,4.524211038624501e-05,2,3,0.5,-0.5587867256689831,Khac (Peripheral)
5945,0.01964912280701754,0.004565467133939314,0.0018016191507562393,140,16,0.7548979591836734,5.298844171080064,Khac (Peripheral)
653,0.0002807017543859649,1.6737896061409022e-06,4.3410419576675696e-05,2,4,0.5,-0.45047486221988475,Khac (Peripheral)
6661,0.004210526315789474,0.000780903697466767,0.00038927135112092,30,9,0.5355555555555556,1.2695444285083943,Khac (Peripheral)
602,0.0007017543859649122,3.603315188531139e-06,7.558146137863566e-05,5,16,0.31999999999999984,0.03529896973110142,Khac (Peripheral)
1779,0.00014035087719298245,0.0,3.2029188269865987e-05,1,9,0.0,-0.2584446315564888,Khac (Peripheral)
4991,0.0005614035087719298,1.6762368395169625e-05,7.277941041420371e-05,4,14,0.375,-0.2539918620224932,Khac (Peripheral)
1538,0.00042105263157894734,7.590842412095208e-06,6.361862076810813e-05,3,9,0.4444444444444444,-0.1780241547109686,Khac (Peripheral)
2837,0.0009824561403508772,0.0010259307904984802,0.00010090077654006631,7,1,0.6938775510204083,-0.4829715953209526,Streamer Cau noi (Bridge)
2107,0.003929824561403509,0.0005980436109259682,0.00031969386547490405,28,1,0.5459183673469388,1.2517484458292911,Khac (Peripheral)
1141,0.0008421052631578947,3.332787349484505e-05,8.811289944824546e-05,6,1,0.5,-0.36732359257760294,Khac (Peripheral)
6832,0.0008421052631578947,1.5228942895062898e-05,9.453517804076253e-05,6,8,0.0,0.9603644523374781,Khac (Peripheral)
4060,0.0007017543859649122,3.061605929554098e-05,7.643137097474063e-05,5,16,0.72,-0.14312629133157528,Streamer Cau noi (Bridge)
5582,0.0008421052631578947,0.00010590024933379088,8.864551750270557e-05,6,6,0.6666666666666667,-0.29170288937188404,Streamer Cau noi (Bridge)
5584,0.00014035087719298245,0.0,5.5634603145119315e-05,1,1,0.0,-0.7142676008076517,Khac (Peripheral)
6158,0.00014035087719298245,0.0,3.1992374573487124e-05,1,14,0.0,-0.5111872250074323,Khac (Peripheral)
2973,0.00014035087719298245,0.0,3.2133383499375396e-05,1,9,0.0,-0.2584446315564888,Khac (Peripheral)
4167,0.002526315789473684,0.0003498972675356603,0.0002097783592395957,18,3,0.5246913580246914,1.3179580353381142,Khac (Peripheral)
3134,0.0002807017543859649,1.084678417435467e-06,4.348596141302845e-05,2,4,0.5,-0.45047486221988475,Khac (Peripheral)
122,0.0008421052631578947,5.075755503660848e-05,9.978508971407419e-05,6,4,0.4444444444444444,-0.24934032964200262,Khac (Peripheral)
165,0.0018245614035087717,0.00015392726127369215,0.00018163063661352072,13,5,0.757396449704142,-0.3080421036744642,Streamer Cau noi (Bridge)
3657,0.00014035087719298245,0.0,4.28496695487136e-05,1,0,0.0,-0.5433669491892589,Khac (Peripheral)
3168,0.0011228070175438596,2.6169969087557386e-05,0.00011418271456134031,8,16,0.21875,0.3029368613251165,Khac (Peripheral)
2407,0.0009824561403508772,9.255465147521543e-05,0.00010224209112846278,7,9,0.24489795918367352,0.14365775267111203,Khac (Peripheral)
5527,0.0005614035087719298,6.536605127198787e-06,6.865803764406865e-05,4,5,0.625,-0.5316210498898012,Streamer Cau noi (Bridge)
2498,0.0005614035087719298,7.360709791880834e-06,6.74185369221316e-05,4,16,0.375,-0.05391366080023693,Khac (Peripheral)
981,0.0014035087719298245,0.00011525657920020658,0.00013189679294885,10,6,0.54,-0.00793149850255878,Khac (Peripheral)
717,0.0002807017543859649,0.0,5.273656038790407e-05,2,16,0.0,-0.14312629133157528,Khac (Peripheral)
5775,0.0011228070175438596,0.00024048322803766345,0.00010754429771643383,8,4,0.65625,-0.24934032964200262,Streamer Cau noi (Bridge)
5,0.0005614035087719298,3.4543080678214934e-05,6.719698913167171e-05,4,9,0.625,-0.1780241547109686,Streamer Cau noi (Bridge)
194,0.0002807017543859649,0.0,6.123880264438695e-05,2,0,0.0,-0.2570494701082677,Khac (Peripheral)
2642,0.0009824561403508772,7.725592925857992e-05,9.463894236248919e-05,7,14,0.7755102040816326,-0.3825895435149627,Streamer Cau noi (Bridge)
3987,0.0011228070175438596,0.00011814643437934042,0.00011699296177208178,8,10,0.71875,-0.18018265782191487,Streamer Cau noi (Bridge)
832,0.002807017543859649,0.0006205511005335199,0.00030790559598731123,20,1,0.6950000000000001,0.32656442388249457,Streamer Cau noi (Bridge)
4399,0.00042105263157894734,2.427744027460242e-06,5.340177274158929e-05,3,5,0.4444444444444444,-0.5316210498898012,Khac (Peripheral)
4887,0.0026666666666666666,0.000314085625834557,0.00022528379285070122,19,6,0.5650969529085873,0.4177255878014291,Khac (Peripheral)
7067,0.0002807017543859649,1.8053881979679852e-07,6.358322542427285e-05,2,1,0.0,-0.5986195980643021,Khac (Peripheral)
5475,0.001263157894736842,5.795433838901226e-05,0.00011774155708600723,9,6,0.7160493827160495,-0.2207600416545527,Streamer Cau noi (Bridge)
296,0.00014035087719298245,0.0,3.773396918412572e-05,1,16,0.0,-0.23233892186291363,Khac (Peripheral)
6427,0.00042105263157894734,1.0088498431675925e-05,5.584534267266682e-05,3,9,0.4444444444444444,-0.1780241547109686,Khac (Peripheral)
1695,0.001263157894736842,2.6691309456636747e-05,0.00012571145658903075,9,3,0.7901234567901234,-0.21756040548587458,Streamer Cau noi (Bridge)
6560,0.0002807017543859649,6.469414543200547e-06,5.2653743578260785e-05,2,16,0.0,-0.14312629133157528,Khac (Peripheral)
2962,0.0007017543859649122,6.683134763469593e-05,8.066396264035871e-05,5,16,0.6399999999999999,-0.14312629133157528,Streamer Cau noi (Bridge)
2860,0.0002807017543859649,0.0001252235840891288,6.251128664613631e-05,2,3,0.0,-0.3881735655774289,Khac (Peripheral)
1772,0.0002807017543859649,0.00014037057832678272,7.822422384031228e-05,2,1,0.0,-0.5986195980643021,Khac (Peripheral)
243,0.0023859649122807015,0.0002434286267753335,0.00020810870202131533,17,5,0.5190311418685121,0.1391157887562097,Khac (Peripheral)
4797,0.00014035087719298245,0.0,3.752204603833242e-05,1,4,0.0,-0.45047486221988475,Khac (Peripheral)
3781,0.0002807017543859649,5.523200298079555e-06,5.359347766868774e-05,2,14,0.0,-0.3825895435149627,Khac (Peripheral)
1564,0.00014035087719298245,0.0,5.040341071929026e-05,1,9,0.0,-0.2584446315564888,Khac (Peripheral)
6095,0.0008421052631578947,0.00013717440762317913,9.816489932172734e-05,6,14,0.6111111111111112,-0.2539918620224932,Khac (Peripheral)
4639,0.016140350877192983,0.012493604437289996,0.0015270267537149482,115,16,0.8049905482041588,3.425378929921959,Khac (Peripheral)
6005,0.00014035087719298245,0.0,3.8299310356517646e-05,1,6,0.0,-0.3626457370892153,Khac (Peripheral)
5968,0.001263157894736842,0.00033478222464330607,0.0001507419671560921,9,14,0.49382716049382713,0.13180118245491543,Khac (Peripheral)
5264,0.00042105263157894734,0.0001420806429201889,8.041399269252858e-05,3,6,0.4444444444444444,-0.29170288937188404,Khac (Peripheral)
6537,0.0008421052631578947,7.607652806635306e-05,9.297710648669084e-05,6,3,0.7222222222222222,-0.3881735655774289,Streamer Cau noi (Bridge)
580,0.00042105263157894734,5.737721048358862e-07,5.202469394878829e-05,3,16,0.4444444444444444,-0.23233892186291363,Khac (Peripheral)
815,0.0018245614035087717,0.0008281261638703902,0.00023852071655658402,13,13,0.5680473372781065,1.6559184103938005,Khac (Peripheral)
2119,0.001263157894736842,0.00016258858003278512,0.0001262038706361522,9,4,0.49382716049382713,-0.11525064125674786,Khac (Peripheral)
4786,0.0007017543859649122,1.1680485959966074e-06,7.82797394803331e-05,5,16,0.31999999999999984,0.03529896973110142,Khac (Peripheral)
6606,0.002807017543859649,7.520653147566292e-05,0.00022244616689179442,20,5,0.18499999999999994,0.660799996591996,Khac (Peripheral)
3179,0.00014035087719298245,0.0,3.1105351111996216e-05,1,4,0.0,-0.45047486221988475,Khac (Peripheral)
5514,0.0002807017543859649,1.115296000983698e-05,4.2873684624091747e-05,2,13,0.5,-0.7589626047638253,Khac (Peripheral)
34,0.001543859649122807,9.025259218499721e-05,0.00014552606691846772,11,14,0.6446280991735538,0.13180118245491543,Streamer Cau noi (Bridge)
7041,0.0005614035087719298,4.507717416865171e-05,6.969311866855756e-05,4,16,0.625,-0.14312629133157528,Streamer Cau noi (Bridge)
22,0.0002807017543859649,7.894597241949715e-05,5.1644799190024186e-05,2,16,0.5,-0.23233892186291363,Khac (Peripheral)
3652,0.0005614035087719298,2.6313222901109883e-06,6.275366192213588e-05,4,6,0.375,-0.2207600416545527,Khac (Peripheral)
6956,0.0002807017543859649,0.0,4.1018066220203684e-05,2,6,0.0,-0.29170288937188404,Khac (Peripheral)
3882,0.00014035087719298245,0.0,3.07014016449966e-05,1,1,0.0,-0.7142676008076517,Khac (Peripheral)
1676,0.00014035087719298245,0.0,3.241029574261315e-05,1,3,0.0,-0.5587867256689831,Khac (Peripheral)
7089,0.0005614035087719298,4.736701339693417e-05,7.255463036249093e-05,4,0,0.75,-0.5433669491892589,Streamer Cau noi (Bridge)
5531,0.00014035087719298245,0.0,3.029387524234578e-05,1,1,0.0,-0.7142676008076517,Khac (Peripheral)
6694,0.00014035087719298245,0.0,3.181783171300938e-05,1,5,0.0,-0.6061473652949135,Khac (Peripheral)
56,0.0019649122807017545,0.00024183994813319835,0.0001711773567572213,14,5,0.6224489795918368,-0.08446315745912726,Streamer Cau noi (Bridge)
6827,0.001263157894736842,0.0010446035851191934,0.0001417611438429658,9,3,0.7654320987654322,-0.21756040548587458,Streamer Cau noi (Bridge)
6491,0.0014035087719298245,0.0003400196452808229,0.00016807045356388267,10,6,0.6799999999999999,-0.07887434621989009,Streamer Cau noi (Bridge)
1195,0.00014035087719298245,0.0,3.7874082811769476e-05,1,6,0.0,-0.3626457370892153,Khac (Peripheral)
2074,0.0023859649122807015,0.00025048003074244285,0.0002038205953173483,17,6,0.31141868512110726,0.5596112832360918,Khac (Peripheral)
1910,0.00042105263157894734,9.461864718368976e-08,5.469796302024499e-05,3,6,0.0,-0.2207600416545527,Khac (Peripheral)
2554,0.0002807017543859649,4.253852221793418e-06,4.947610582287951e-05,2,16,0.5,-0.23233892186291363,Khac (Peripheral)
1303,0.004210526315789474,0.0018481648140826856,0.0003745545965649514,30,15,0.8177777777777777,2.0982899044599783,Streamer Cau noi (Bridge)
4637,0.0005614035087719298,5.5625916785693236e-05,6.822920673730126e-05,4,14,0.625,-0.3825895435149627,Streamer Cau noi (Bridge)
4540,0.0005614035087719298,1.6064271770697842e-05,7.935968945718503e-05,4,0,0.0,0.3155854880537148,Khac (Peripheral)
7007,0.0029473684210526313,0.0005232636717519942,0.00024800665199274056,21,6,0.5351473922902494,0.5596112832360918,Khac (Peripheral)
6131,0.0011228070175438596,0.00012256871355477664,0.00011611333153827512,8,6,0.75,-0.2207600416545527,Streamer Cau noi (Bridge)
5818,0.0005614035087719298,9.689759367317479e-05,7.85793502849816e-05,4,9,0.375,-0.09760367786544846,Khac (Peripheral)
5708,0.00014035087719298245,0.0,3.43537117889554e-05,1,0,0.0,-0.5433669491892589,Khac (Peripheral)
5970,0.00014035087719298245,0.0,4.2029698362431754e-05,1,9,0.0,-0.2584446315564888,Khac (Peripheral)
148,0.00014035087719298245,0.0,4.2320883113847384e-05,1,8,0.0,-0.7985918306870473,Khac (Peripheral)
4159,0.0008421052631578947,5.666246398569602e-05,9.306993202436844e-05,6,4,0.7777777777777778,-0.45047486221988475,Streamer Cau noi (Bridge)
4682,0.001543859649122807,8.742977161155684e-05,0.0001393253486648506,11,6,0.6942148760330579,-0.2207600416545527,Streamer Cau noi (Bridge)
5556,0.003789473684210526,0.0006854248032051364,0.0003160987495125517,27,5,0.7626886145404664,0.06458947335109738,Streamer Cau noi (Bridge)
6666,0.0016842105263157893,8.23169249167042e-05,0.00015062217617219795,12,6,0.41666666666666663,0.20489704464943517,Khac (Peripheral)
2965,0.00014035087719298245,0.0,3.5142903328433305e-05,1,4,0.0,-0.45047486221988475,Khac (Peripheral)
3767,0.00014035087719298245,0.0,3.1708902631303064e-05,1,14,0.0,-0.5111872250074323,Khac (Peripheral)
6173,0.0008421052631578947,6.401329049547437e-05,9.560996146033351e-05,6,5,0.5,-0.38256841907957656,Khac (Peripheral)
2735,0.0011228070175438596,2.6716258294183625e-05,0.0001194266706296055,8,5,0.53125,-0.3080421036744642,Khac (Peripheral)
2224,0.0002807017543859649,4.3102199364168725e-06,4.755294812612114e-05,2,15,0.5,-0.6360721892977823,Khac (Peripheral)
6404,0.004912280701754385,0.002119160088598078,0.0004202643187081724,35,5,0.7314285714285714,0.437221050376659,Streamer Cau noi (Bridge)
6486,0.00014035087719298245,0.0,3.306866954324831e-05,1,3,0.0,-0.5587867256689831,Khac (Peripheral)
5659,0.0008421052631578947,0.0013971802130484357,0.00011786858281009634,6,4,0.0,-0.11525064125674786,Khac (Peripheral)
1473,0.0026666666666666666,0.0010598653318050113,0.00023591696710173587,19,3,0.8310249307479225,-0.04694724539432026,Streamer Cau noi (Bridge)
4316,0.0007017543859649122,1.150375933505137e-05,8.112117214141432e-05,5,1,0.56,-0.4829715953209526,Khac (Peripheral)
2622,0.0007017543859649122,0.00012264269203507764,7.885736950097488e-05,5,6,0.6399999999999999,-0.29170288937188404,Streamer Cau noi (Bridge)
5311,0.00042105263157894734,8.82893681763503e-08,5.392793564138936e-05,3,14,0.0,-0.2539918620224932,Khac (Peripheral)
3018,0.0002807017543859649,1.3880614604397732e-06,4.5757103031895145e-05,2,9,0.5,-0.2584446315564888,Khac (Peripheral)
6413,0.0018245614035087717,0.0002841296573836217,0.00018223421289321852,13,13,0.757396449704142,0.27598640173230005,Streamer Cau noi (Bridge)
4644,0.001543859649122807,0.0015582877864315971,0.00015199599613113535,11,1,0.743801652892562,-0.36732359257760294,Streamer Cau noi (Bridge)
1007,0.0002807017543859649,0.001390195115103874,8.758983860349518e-05,2,2,0.0,-0.31484374061349313,Khac (Peripheral)
2006,0.0018245614035087717,5.982383117447569e-05,0.00014394754905458712,13,1,0.42603550295857995,0.210916421139145,Khac (Peripheral)
5339,0.00014035087719298245,0.0,3.338628045939249e-05,1,9,0.0,-0.2584446315564888,Khac (Peripheral)
368,0.009543859649122806,0.0043325982364176155,0.0008676669375212468,68,6,0.7698961937716263,1.6237539989960612,Streamer Cau noi (Bridge)
4389,0.0007017543859649122,2.2190445313114972e-05,8.730954676179106e-05,5,14,0.56,-0.2539918620224932,Khac (Peripheral)
6678,0.0002807017543859649,6.504807136133705e-07,5.6149131270332285e-05,2,14,0.0,-0.3825895435149627,Khac (Peripheral)
4860,0.0009824561403508772,0.0001624273551270515,0.00011922670792273729,7,9,0.6122448979591837,-0.0171832010199283,Khac (Peripheral)
1429,0.002526315789473684,0.00020291874022241254,0.00024885731082615855,18,1,0.19753086419753085,1.020452440342592,Khac (Peripheral)
361,0.0002807017543859649,2.2213511984032692e-06,4.5202429788392055e-05,2,14,0.0,-0.3825895435149627,Khac (Peripheral)
1278,0.00042105263157894734,3.2156158478168547e-07,5.279808633137455e-05,3,5,0.0,-0.4570947344846889,Khac (Peripheral)
4082,0.00014035087719298245,0.0,3.365659019113531e-05,1,5,0.0,-0.6061473652949135,Khac (Peripheral)
6500,0.0009824561403508772,0.0013876091689041118,0.00014755068242732665,7,0,0.44897959183673464,0.601902967134706,Khac (Peripheral)
2385,0.0009824561403508772,0.0002481165428695862,0.00011455061180102653,7,10,0.7346938775510204,-0.48321712779513526,Streamer Cau noi (Bridge)
741,0.0002807017543859649,0.0,5.312774685614707e-05,2,10,0.0,-0.48321712779513526,Khac (Peripheral)
3738,0.00042105263157894734,3.3374182912028267e-06,6.54404530807303e-05,3,16,0.6666666666666667,-0.23233892186291363,Streamer Cau noi (Bridge)
2669,0.004350877192982456,0.0005173133226743724,0.00035398128282452645,31,5,0.6472424557752341,0.5862736811868836,Streamer Cau noi (Bridge)
2912,0.0002807017543859649,2.8120572727129834e-06,4.677706054416219e-05,2,13,0.5,-0.7589626047638253,Khac (Peripheral)
2620,0.0002807017543859649,0.0,4.230194518350646e-05,2,9,0.5,-0.2584446315564888,Khac (Peripheral)
6461,0.0019649122807017545,5.393047232398027e-05,0.00016145380235712203,14,5,0.2551020408163266,0.21364210416132204,Khac (Peripheral)
4016,0.031719298245614036,0.020921942035327695,0.002887933596792446,226,9,0.8129845720103375,6.094773039239604,Khac (Peripheral)
5256,0.0009824561403508772,5.3344103524521166e-05,0.00010538299582107213,7,9,0.6122448979591837,-0.0171832010199283,Khac (Peripheral)
3665,0.0002807017543859649,1.9191826559753896e-07,4.438935465573185e-05,2,13,0.5,-0.7589626047638253,Khac (Peripheral)
6482,0.004912280701754385,0.0033011207334263017,0.0004182932222766603,35,4,0.7951020408163265,0.21997357970638903,Streamer Cau noi (Bridge)
801,0.00014035087719298245,0.0,3.158661217793305e-05,1,4,0.0,-0.45047486221988475,Khac (Peripheral)
1651,0.0002807017543859649,0.00011903551932417814,5.402728261421334e-05,2,14,0.5,-0.5111872250074323,Khac (Peripheral)
6815,0.003508771929824561,0.0008000029662738384,0.00028760782765101483,25,1,0.688,0.32656442388249457,Streamer Cau noi (Bridge)
1811,0.0009824561403508772,0.00027687049797575153,0.00012388541774539,7,4,0.6938775510204083,-0.38343001802725735,Streamer Cau noi (Bridge)
2396,0.00014035087719298245,0.0,3.056272371414579e-05,1,1,0.0,-0.7142676008076517,Khac (Peripheral)
330,0.004350877192982456,0.00025332616505931957,0.0003261829593783907,31,1,0.12278876170655584,2.5238764760061367,Streamer Trung tam (Hub)
1750,0.001263157894736842,5.29279516032596e-05,0.0001256018357940684,9,4,0.8148148148148149,-0.38343001802725735,Streamer Cau noi (Bridge)
4116,0.0016842105263157893,0.0002913073373202056,0.00015230739416218788,12,6,0.7361111111111112,-0.2207600416545527,Streamer Cau noi (Bridge)
5340,0.0016842105263157893,0.0001877518753532636,0.00016877840718407396,12,4,0.8055555555555556,-0.24934032964200262,Streamer Cau noi (Bridge)
2345,0.023438596491228068,0.012525765759552436,0.0016990857818700025,167,5,0.5797984868586181,6.697431544406094,Khac (Peripheral)
2185,0.0005614035087719298,3.947565676759743e-06,6.246371402931521e-05,4,16,0.75,-0.23233892186291363,Streamer Cau noi (Bridge)
6538,0.00014035087719298245,0.0,3.3359240679010505e-05,1,8,0.0,-0.7985918306870473,Khac (Peripheral)
5585,0.00014035087719298245,0.0,3.3193449332733915e-05,1,9,0.0,-0.2584446315564888,Khac (Peripheral)
4874,0.0019649122807017545,2.0817706775066104e-06,0.00014660831628017916,14,4,0.0,0.42110811228427114,Khac (Peripheral)
1109,0.0008421052631578947,0.00024257171344173122,9.793220759123956e-05,6,8,0.7777777777777778,-0.4468005740821422,Streamer Cau noi (Bridge)
123,0.0002807017543859649,9.315508873917038e-07,7.214724919290062e-05,2,12,0.0,0.8164965809277259,Khac (Peripheral)
4069,0.00042105263157894734,3.7967829746834985e-06,5.413763084275938e-05,3,6,0.4444444444444444,-0.29170288937188404,Khac (Peripheral)
5381,0.00014035087719298245,0.0,3.1629454664287696e-05,1,4,0.0,-0.45047486221988475,Khac (Peripheral)
4081,0.00042105263157894734,2.5605632828115246e-06,5.9619856750394045e-05,3,1,0.4444444444444444,-0.5986195980643021,Khac (Peripheral)
4765,0.0002807017543859649,0.0,5.099024932956322e-05,2,5,0.0,-0.5316210498898012,Khac (Peripheral)
444,0.0002807017543859649,0.0,5.332967665464092e-05,2,5,0.0,-0.5316210498898012,Khac (Peripheral)
3999,0.0009824561403508772,7.392399595713683e-05,0.00010190805114253536,7,5,0.44897959183673464,-0.3080421036744642,Khac (Peripheral)
3565,0.00014035087719298245,0.0,3.356720669587957e-05,1,9,0.0,-0.2584446315564888,Khac (Peripheral)
3934,0.0007017543859649122,3.097048821060924e-05,7.702286871958784e-05,5,16,0.6399999999999999,-0.14312629133157528,Streamer Cau noi (Bridge)
304,0.002245614035087719,0.0001396445363169191,0.00017558211336590317,16,5,0.40625,0.21364210416132204,Khac (Peripheral)
5410,0.0009824561403508772,0.00026527882940931724,0.00012246607905411726,7,4,0.5714285714285714,-0.24934032964200262,Khac (Peripheral)
5675,0.0008421052631578947,5.432498567161535e-05,8.813985582049024e-05,6,6,0.5,-0.1498171939372214,Khac (Peripheral)
6103,0.0019649122807017545,9.262877904582088e-05,0.00016790633755756616,14,4,0.3673469387755103,0.21997357970638903,Khac (Peripheral)
6051,0.0007017543859649122,2.1655043266166988e-05,9.349540184612074e-05,5,8,0.31999999999999984,0.25678193912766795,Khac (Peripheral)
3182,0.0008421052631578947,1.1041242750548151e-05,9.287345124053368e-05,6,14,0.6111111111111112,-0.2539918620224932,Khac (Peripheral)
6798,0.001263157894736842,0.0005976544244745175,0.00014823688502988913,9,16,0.49382716049382713,0.2137242307937781,Khac (Peripheral)
3890,0.0002807017543859649,0.0,4.360124245364344e-05,2,1,0.5,-0.7142676008076517,Khac (Peripheral)
5200,0.0005614035087719298,7.360307287094257e-06,6.318633018717955e-05,4,5,0.625,-0.5316210498898012,Streamer Cau noi (Bridge)
286,0.00042105263157894734,0.00014301094696611346,0.00010714209098356076,3,6,0.4444444444444444,-0.29170288937188404,Khac (Peripheral)
6379,0.00042105263157894734,5.1693535839819465e-06,6.653120165716292e-05,3,0,0.0,0.029268008972723546,Khac (Peripheral)
5274,0.001263157894736842,0.00027632407338256846,0.00012622524676073768,9,1,0.691358024691358,-0.36732359257760294,Streamer Cau noi (Bridge)
271,0.00014035087719298245,0.0,3.5149737414096886e-05,1,16,0.0,-0.23233892186291363,Khac (Peripheral)
6415,0.0011228070175438596,0.00012660681550001165,0.00010555303718110296,8,0,0.71875,0.029268008972723546,Streamer Cau noi (Bridge)
5360,0.0011228070175438596,0.00012512991029967922,0.00012090612269309448,8,8,0.6875,0.25678193912766795,Streamer Cau noi (Bridge)
3868,0.0011228070175438596,5.125970488374007e-05,0.00010871148048988294,8,6,0.53125,-0.07887434621989009,Khac (Peripheral)
1856,0.0005614035087719298,1.654737060094e-05,6.41645897867803e-05,4,6,0.625,-0.29170288937188404,Streamer Cau noi (Bridge)
3262,0.0016842105263157893,6.998832438116294e-05,0.00014774297084778362,12,5,0.5694444444444444,-0.2335157882693519,Khac (Peripheral)
3771,0.001543859649122807,0.00025383425825462963,0.00016479100618125528,11,5,0.4297520661157025,-0.08446315745912726,Khac (Peripheral)
3903,0.0002807017543859649,5.028544463565619e-08,4.003897840292271e-05,2,1,0.0,-0.5986195980643021,Khac (Peripheral)
985,0.0005614035087719298,4.577226922335523e-05,7.44020418759342e-05,4,9,0.625,-0.1780241547109686,Streamer Cau noi (Bridge)
5498,0.0002807017543859649,7.296782711337672e-07,4.5940511046071974e-05,2,4,0.0,-0.38343001802725735,Khac (Peripheral)
6655,0.0002807017543859649,0.0,4.048198597053454e-05,2,4,0.0,-0.38343001802725735,Khac (Peripheral)
1114,0.0008421052631578947,0.00041599257186501797,0.00011226974179003722,6,4,0.6666666666666667,-0.31638517383463,Streamer Cau noi (Bridge)
3647,0.0011228070175438596,0.00031865571988263104,0.00013417456800293075,8,5,0.71875,-0.4570947344846889,Streamer Cau noi (Bridge)
2086,0.0008421052631578947,0.0001681053989512359,8.918181329018554e-05,6,4,0.7222222222222222,-0.38343001802725735,Streamer Cau noi (Bridge)
4986,0.0002807017543859649,2.7570359074074846e-06,4.693454207248035e-05,2,16,0.5,-0.23233892186291363,Khac (Peripheral)
1370,0.00042105263157894734,0.00018391215476855135,9.301588781135497e-05,3,6,0.0,-0.2207600416545527,Khac (Peripheral)
3176,0.0005614035087719298,7.662943737936969e-05,7.390066354858836e-05,4,14,0.375,-0.2539918620224932,Khac (Peripheral)
3086,0.00042105263157894734,4.213437711765551e-06,6.104140981835362e-05,3,9,0.0,-0.09760367786544846,Khac (Peripheral)
4074,0.0002807017543859649,4.3884999078938825e-06,4.569786243565443e-05,2,1,0.5,-0.7142676008076517,Khac (Peripheral)
2092,0.0002807017543859649,0.0,4.2963274736413024e-05,2,2,0.5,-0.6448606735457089,Khac (Peripheral)
7038,0.0002807017543859649,5.276850533862035e-07,4.590026457556628e-05,2,16,0.5,-0.23233892186291363,Khac (Peripheral)
2995,0.0008421052631578947,0.00015101368514151655,9.477271234745482e-05,6,9,0.5,-0.0171832010199283,Khac (Peripheral)
534,0.0002807017543859649,0.0,4.288434381064874e-05,2,6,0.0,-0.29170288937188404,Khac (Peripheral)
3844,0.0005614035087719298,0.00014222318516555433,0.00010031212822375153,4,0,0.0,0.3155854880537148,Khac (Peripheral)
2847,0.0005614035087719298,1.0056890385549424e-05,7.764860918800043e-05,4,5,0.625,-0.5316210498898012,Streamer Cau noi (Bridge)
897,0.0014035087719298245,9.07729923847336e-05,0.00014602368740507192,10,9,0.58,-0.0171832010199283,Khac (Peripheral)
4858,0.0007017543859649122,9.444044678513897e-05,7.554032127908176e-05,5,4,0.56,-0.31638517383463,Khac (Peripheral)
4757,0.0011228070175438596,0.0003615552317560522,0.00015767561532212623,8,9,0.40625,0.14365775267111203,Khac (Peripheral)
519,0.0005614035087719298,2.8069543784538433e-05,6.473096706295104e-05,4,6,0.625,-0.29170288937188404,Streamer Cau noi (Bridge)
4335,0.003087719298245614,0.00033875490338180207,0.0002704542466197795,22,15,0.7603305785123966,1.7944718940424493,Streamer Cau noi (Bridge)
4071,0.0018245614035087717,0.00015876561255743837,0.00017534930297631192,13,4,0.757396449704142,-0.31638517383463,Streamer Cau noi (Bridge)
4501,0.0007017543859649122,1.675840129210252e-05,7.580419252069034e-05,5,5,0.0,-0.3080421036744642,Khac (Peripheral)
2431,0.001263157894736842,2.61034576870814e-05,0.00013862616493491432,9,1,0.19753086419753085,0.09526841839579539,Khac (Peripheral)
5362,0.0036491228070175434,0.0008130271225076618,0.00030180951496427174,26,1,0.3372781065088757,1.59869245405934,Khac (Peripheral)
4333,0.0002807017543859649,7.817937116255983e-06,5.1020214366430785e-05,2,16,0.0,-0.14312629133157528,Khac (Peripheral)
3415,0.00014035087719298245,0.0,3.1890950922091376e-05,1,4,0.0,-0.45047486221988475,Khac (Peripheral)
623,0.00014035087719298245,0.0,3.542660195200965e-05,1,1,0.0,-0.7142676008076517,Khac (Peripheral)
2414,0.0005614035087719298,0.0004093059928489745,8.669970900872347e-05,4,14,0.375,-0.2539918620224932,Khac (Peripheral)
5700,0.00014035087719298245,0.0,3.365659019113531e-05,1,5,0.0,-0.6061473652949135,Khac (Peripheral)
5609,0.0005614035087719298,1.6051587361448527e-05,6.803476843378036e-05,4,1,0.75,-0.7142676008076517,Streamer Cau noi (Bridge)
804,0.00042105263157894734,2.2287781590997362e-06,5.485673723407799e-05,3,6,0.0,-0.2207600416545527,Khac (Peripheral)
3950,0.0011228070175438596,7.611903663944341e-05,0.00011314554892624794,8,1,0.6875,-0.36732359257760294,Streamer Cau noi (Bridge)
3584,0.00042105263157894734,6.567773925646413e-06,5.5582604557530106e-05,3,3,0.4444444444444444,-0.3881735655774289,Khac (Peripheral)
4182,0.0002807017543859649,5.946686203686148e-07,4.794141346305245e-05,2,8,0.5,-0.7985918306870473,Khac (Peripheral)
1990,0.001543859649122807,0.00015149303468253806,0.00016702375121258894,11,14,0.6446280991735538,0.13180118245491543,Streamer Cau noi (Bridge)
4311,0.00014035087719298245,0.0,3.475096600942708e-05,1,9,0.0,-0.2584446315564888,Khac (Peripheral)
6509,0.0011228070175438596,2.4683145300683673e-05,0.00010959498203185492,8,4,0.6875,-0.24934032964200262,Streamer Cau noi (Bridge)
2242,0.0005614035087719298,5.0097579342507315e-05,7.750227896862967e-05,4,16,0.625,-0.14312629133157528,Streamer Cau noi (Bridge)
360,0.004070175438596491,0.0013703041968751294,0.0003511674934250351,29,1,0.6444708680142688,1.020452440342592,Streamer Cau noi (Bridge)
4222,0.0005614035087719298,1.3337874279009138e-05,6.963552669566127e-05,4,13,0.625,-0.4139796025984502,Streamer Cau noi (Bridge)
6120,0.00014035087719298245,0.0,3.88893695954339e-05,1,16,0.0,-0.23233892186291363,Khac (Peripheral)
5438,0.0005614035087719298,2.3246340744581316e-06,7.480926529482728e-05,4,5,0.375,-0.4570947344846889,Khac (Peripheral)
5837,0.00014035087719298245,0.0,3.390614956233898e-05,1,1,0.0,-0.7142676008076517,Khac (Peripheral)
1902,0.0005614035087719298,1.1145020729650114e-05,6.795950517993578e-05,4,8,0.75,-0.7985918306870473,Streamer Cau noi (Bridge)
3930,0.00042105263157894734,1.874112436383089e-06,5.457553150300362e-05,3,4,0.4444444444444444,-0.38343001802725735,Khac (Peripheral)
4235,0.001263157894736842,0.000433496689427599,0.00013018433111403483,9,6,0.6172839506172839,-0.07887434621989009,Khac (Peripheral)
3716,0.00042105263157894734,2.483410736390911e-05,5.7830576033389804e-05,3,9,0.4444444444444444,-0.1780241547109686,Khac (Peripheral)
1499,0.00014035087719298245,0.0,3.349093727425573e-05,1,16,0.0,-0.23233892186291363,Khac (Peripheral)
5397,0.0018245614035087717,0.00010964880004907337,0.0001650257308426711,13,15,0.6153846153846154,0.8830178627898624,Khac (Peripheral)
1020,0.00042105263157894734,5.266012368353868e-07,6.0437339854871436e-05,3,0,0.4444444444444444,-0.2570494701082677,Khac (Peripheral)
2979,0.00014035087719298245,0.0,3.152396645447265e-05,1,6,0.0,-0.3626457370892153,Khac (Peripheral)
4631,0.00042105263157894734,0.0,8.669146397021288e-05,3,15,0.0,-0.02843616846272445,Khac (Peripheral)
870,0.00014035087719298245,0.0,3.363323779940621e-05,1,1,0.0,-0.7142676008076517,Khac (Peripheral)
7059,0.0005614035087719298,3.8177131381281096e-05,6.750354696428164e-05,4,1,0.625,-0.7142676008076517,Streamer Cau noi (Bridge)
3732,0.0009824561403508772,0.00017370664495579478,0.00012831963740415127,7,6,0.6938775510204083,-0.2207600416545527,Streamer Cau noi (Bridge)
5538,0.005614035087719298,0.001218838090174782,0.00046503287757633044,40,6,0.6725,0.9852683695400796,Streamer Cau noi (Bridge)
3479,0.0014035087719298245,0.000230590206575559,0.0001485264117754078,10,6,0.33999999999999986,0.13395419693210384,Khac (Peripheral)
4798,0.0033684210526315787,0.0005469824628514179,0.00030346432908566777,24,1,0.5034722222222223,1.020452440342592,Khac (Peripheral)
1202,0.0002807017543859649,0.0,4.7991693020384665e-05,2,16,0.0,-0.14312629133157528,Khac (Peripheral)
4686,0.00014035087719298245,0.0,3.294522059138826e-05,1,6,0.0,-0.3626457370892153,Khac (Peripheral)
6963,0.00042105263157894734,4.9616945689874725e-08,4.913158125079847e-05,3,1,0.0,-0.4829715953209526,Khac (Peripheral)
5227,0.00014035087719298245,0.0,3.1939903911062516e-05,1,6,0.0,-0.3626457370892153,Khac (Peripheral)
1072,0.0009824561403508772,6.808920805427123e-05,9.7355812574144e-05,7,16,0.6938775510204083,-0.05391366080023693,Streamer Cau noi (Bridge)
5369,0.0008421052631578947,5.8297790022809095e-05,9.275671316724033e-05,6,6,0.6666666666666667,-0.2207600416545527,Streamer Cau noi (Bridge)
5111,0.00042105263157894734,2.2108176361539917e-05,5.6141996813880696e-05,3,16,0.4444444444444444,-0.23233892186291363,Khac (Peripheral)
2289,0.00014035087719298245,0.0,5.417789661417176e-05,1,4,0.0,-0.45047486221988475,Khac (Peripheral)
6618,0.0007017543859649122,0.0001564894465938639,9.96320877976744e-05,5,16,0.56,-0.05391366080023693,Khac (Peripheral)
3133,0.00042105263157894734,6.605937759845047e-05,6.256165527309014e-05,3,14,0.4444444444444444,-0.3825895435149627,Khac (Peripheral)
6337,0.0005614035087719298,1.013892702491229e-05,7.79055440121767e-05,4,5,0.5,-0.5316210498898012,Khac (Peripheral)
63,0.0002807017543859649,0.0,5.2132660508599565e-05,2,10,0.0,-0.48321712779513526,Khac (Peripheral)
4163,0.00042105263157894734,7.227346774374267e-05,7.692687292991644e-05,3,0,0.0,0.029268008972723546,Khac (Peripheral)
706,0.0002807017543859649,1.221088667643553e-05,4.59137726185e-05,2,16,0.5,-0.23233892186291363,Khac (Peripheral)
6351,0.00042105263157894734,6.429606866365156e-06,6.27482327523837e-05,3,9,0.4444444444444444,-0.1780241547109686,Khac (Peripheral)
2944,0.002807017543859649,0.002768562477727627,0.00026731187402890367,20,9,0.77,0.3044987063621523,Streamer Cau noi (Bridge)
3564,0.0007017543859649122,0.00019539602189786741,0.00011044315955305198,5,9,0.0,0.06323727582559185,Khac (Peripheral)
3655,0.0005614035087719298,2.0671007951594884e-05,7.106350143862799e-05,4,9,0.375,-0.09760367786544846,Khac (Peripheral)
4769,0.00042105263157894734,3.9342501574719404e-05,7.162923222639773e-05,3,4,0.0,-0.31638517383463,Khac (Peripheral)
94,0.0033684210526315787,0.0007113836313194586,0.00031326000856128714,24,0,0.7048611111111112,0.029268008972723546,Streamer Cau noi (Bridge)
5247,0.00042105263157894734,2.2075900382816462e-05,5.888666446837108e-05,3,9,0.4444444444444444,-0.1780241547109686,Khac (Peripheral)
6170,0.0016842105263157893,0.00015631584727227192,0.00016102951012005417,12,13,0.6666666666666667,0.9659524060630502,Streamer Cau noi (Bridge)
5581,0.0011228070175438596,6.479462108056018e-05,0.000127112804852084,8,5,0.6875,-0.38256841907957656,Streamer Cau noi (Bridge)
4201,0.005614035087719298,0.0018451492107690569,0.0004932528552373665,40,4,0.49750000000000005,1.3597359309810546,Khac (Peripheral)
3554,0.00014035087719298245,0.0,3.285163678434379e-05,1,5,0.0,-0.6061473652949135,Khac (Peripheral)
2514,0.00014035087719298245,0.0,3.2385891955629855e-05,1,6,0.0,-0.3626457370892153,Khac (Peripheral)
6333,0.00014035087719298245,0.0,3.2984060318264e-05,1,9,0.0,-0.2584446315564888,Khac (Peripheral)
5116,0.0002807017543859649,4.1603421572310555e-06,4.1939283393054445e-05,2,6,0.5,-0.3626457370892153,Khac (Peripheral)
2683,0.003789473684210526,0.00045210400231481034,0.00030005947793303156,27,5,0.3840877914951989,0.884378942807333,Khac (Peripheral)
1733,0.0007017543859649122,6.0947505409533057e-05,8.03462032599499e-05,5,1,0.6399999999999999,-0.5986195980643021,Streamer Cau noi (Bridge)
6903,0.0026666666666666666,0.000884563608561354,0.00024648696111461045,19,5,0.7700831024930748,-0.1589894728642396,Streamer Cau noi (Bridge)
1458,0.0002807017543859649,0.0,4.0550251794882683e-05,2,14,0.5,-0.5111872250074323,Khac (Peripheral)
4392,0.0016842105263157893,0.00047315792882630107,0.00018543106597585052,12,8,0.75,-0.09500931747723713,Streamer Cau noi (Bridge)
4471,0.00014035087719298245,0.0,3.22462713097926e-05,1,9,0.0,-0.2584446315564888,Khac (Peripheral)
5347,0.0007017543859649122,3.253268339872524e-05,7.776470332327901e-05,5,1,0.56,-0.4829715953209526,Khac (Peripheral)
4627,0.0002807017543859649,3.149818841366331e-06,4.176188300284254e-05,2,9,0.5,-0.2584446315564888,Khac (Peripheral)
5712,0.0008421052631578947,7.908106117168894e-05,9.153312430854354e-05,6,9,0.2777777777777777,0.06323727582559185,Khac (Peripheral)
6489,0.001263157894736842,5.339516355623856e-05,0.00013252786416969271,9,3,0.8148148148148149,-0.21756040548587458,Streamer Cau noi (Bridge)
6585,0.00042105263157894734,1.679038094082578e-05,5.518278975365474e-05,3,2,0.4444444444444444,-0.6448606735457089,Khac (Peripheral)
7070,0.0014035087719298245,5.825553461566278e-05,0.00013174668828479648,10,6,0.58,-0.1498171939372214,Khac (Peripheral)
6331,0.0002807017543859649,0.00014037057832678272,8.298773899728761e-05,2,16,0.0,-0.14312629133157528,Khac (Peripheral)
762,0.00042105263157894734,1.1897278725619877e-05,5.420112419260267e-05,3,1,0.6666666666666667,-0.7142676008076517,Streamer Cau noi (Bridge)
4606,0.0009824561403508772,0.00026853738843920865,0.00010586781712208834,7,16,0.7346938775510204,-0.14312629133157528,Streamer Cau noi (Bridge)
6647,0.00014035087719298245,0.0,3.549590706290527e-05,1,9,0.0,-0.2584446315564888,Khac (Peripheral)
4989,0.00014035087719298245,0.0,5.470678846652616e-05,1,6,0.0,-0.3626457370892153,Khac (Peripheral)
2363,0.00014035087719298245,0.0,3.3687848897582767e-05,1,14,0.0,-0.5111872250074323,Khac (Peripheral)
3582,0.0005614035087719298,6.0046645566255966e-06,6.670125269802418e-05,4,1,0.375,-0.4829715953209526,Khac (Peripheral)
6201,0.0002807017543859649,1.6535130305241867e-06,4.6607652443384695e-05,2,9,0.0,-0.1780241547109686,Khac (Peripheral)
5484,0.0002807017543859649,0.0,7.821871253711341e-05,2,9,0.0,-0.1780241547109686,Khac (Peripheral)
3072,0.00014035087719298245,0.0,3.3678591066877136e-05,1,9,0.0,-0.2584446315564888,Khac (Peripheral)
6554,0.0008421052631578947,0.0001444699894414721,0.00011462476503957507,6,14,0.6666666666666667,-0.2539918620224932,Streamer Cau noi (Bridge)
150,0.006456140350877193,0.0022533612913287135,0.0006202561809238354,46,6,0.8128544423440454,0.7014969786707543,Streamer Cau noi (Bridge)
2619,0.00014035087719298245,0.0,3.3197294513176624e-05,1,16,0.0,-0.23233892186291363,Khac (Peripheral)
6749,0.00014035087719298245,0.0,3.338628045939249e-05,1,9,0.0,-0.2584446315564888,Khac (Peripheral)
2994,0.00042105263157894734,8.752919908579794e-07,6.627501271166111e-05,3,14,0.0,-0.2539918620224932,Khac (Peripheral)
2508,0.0014035087719298245,0.0003502627897529209,0.00014585385716761061,10,16,0.8,-0.05391366080023693,Streamer Cau noi (Bridge)
4689,0.0018245614035087717,8.256579050220357e-05,0.00016211989355999397,13,4,0.14201183431952646,0.2870184238990164,Khac (Peripheral)
2899,0.003789473684210526,0.001021192328449155,0.00039348487315835225,27,13,0.7983539094650206,1.6559184103938005,Streamer Cau noi (Bridge)
5229,0.00042105263157894734,0.0001349372434304999,6.503910511202809e-05,3,9,0.6666666666666667,-0.2584446315564888,Streamer Cau noi (Bridge)
209,0.0002807017543859649,2.292468017369091e-06,4.226511184778622e-05,2,8,0.5,-0.7985918306870473,Khac (Peripheral)
4807,0.00014035087719298245,0.0,3.349093727425573e-05,1,16,0.0,-0.23233892186291363,Khac (Peripheral)
6459,0.0054736842105263155,0.0007216858935585267,0.0004044493810755732,39,1,0.6324786324786325,1.59869245405934,Streamer Cau noi (Bridge)
1659,0.0005614035087719298,2.987377841576674e-06,7.03282781882168e-05,4,5,0.0,-0.38256841907957656,Khac (Peripheral)
7001,0.0007017543859649122,6.105353104452843e-05,9.800564317326704e-05,5,16,0.31999999999999984,0.03529896973110142,Khac (Peripheral)
4816,0.01024561403508772,0.004737879398924455,0.0009077743383213138,73,5,0.7322199286920623,1.8532210430737932,Streamer Cau noi (Bridge)
7095,0.0007017543859649122,4.109925389793705e-05,7.735910265703545e-05,5,6,0.6399999999999999,-0.29170288937188404,Streamer Cau noi (Bridge)
1764,0.0005614035087719298,2.9462411396480904e-06,6.275417355319185e-05,4,1,0.375,-0.4829715953209526,Khac (Peripheral)
174,0.001543859649122807,6.745202325511061e-05,0.0001432256653257544,11,9,0.6446280991735538,0.14365775267111203,Streamer Cau noi (Bridge)
3382,0.00042105263157894734,1.2578623595414515e-05,5.8360572932884475e-05,3,8,0.4444444444444444,-0.4468005740821422,Khac (Peripheral)
3756,0.004350877192982456,0.0012184400712930764,0.0004256956533686041,31,2,0.7055150884495318,4.305393320437527,Khac (Peripheral)
6100,0.00014035087719298245,0.0,3.123904654016177e-05,1,0,0.0,-0.5433669491892589,Khac (Peripheral)
1865,0.0002807017543859649,4.134672109126719e-07,4.4255368514824696e-05,2,16,0.0,-0.14312629133157528,Khac (Peripheral)
6825,0.00014035087719298245,0.0,3.422337955939923e-05,1,5,0.0,-0.6061473652949135,Khac (Peripheral)
4297,0.0018245614035087717,0.00040162112582495436,0.00016618256231445017,13,4,0.7692307692307692,-0.18229548544937524,Streamer Cau noi (Bridge)
6959,0.00042105263157894734,1.7618155619752225e-06,6.22650215475403e-05,3,6,0.0,-0.2207600416545527,Khac (Peripheral)
4746,0.0009824561403508772,2.9231471231922124e-05,0.000104323929605293,7,10,0.44897959183673464,0.42588628212452595,Khac (Peripheral)
5226,0.0011228070175438596,0.00017073227948728587,0.00011790448826685773,8,9,0.5625,0.06323727582559185,Khac (Peripheral)
3463,0.00014035087719298245,0.0,3.232001015922843e-05,1,5,0.0,-0.6061473652949135,Khac (Peripheral)
2948,0.00042105263157894734,1.5636952641516606e-05,5.5223212806926645e-05,3,9,0.6666666666666667,-0.2584446315564888,Streamer Cau noi (Bridge)
4847,0.0009824561403508772,3.181477263990787e-05,0.00010033549310813185,7,14,0.24489795918367352,0.13180118245491543,Khac (Peripheral)
4870,0.0008421052631578947,0.00016409198465166367,9.375963460264361e-05,6,5,0.5,-0.38256841907957656,Khac (Peripheral)
3858,0.00014035087719298245,0.0,3.427528502873902e-05,1,9,0.0,-0.2584446315564888,Khac (Peripheral)
204,0.0007017543859649122,2.8522350324399947e-05,0.0001379166780352173,5,16,0.31999999999999984,0.03529896973110142,Khac (Peripheral)
6155,0.00014035087719298245,0.0,3.0246942489690823e-05,1,5,0.0,-0.6061473652949135,Khac (Peripheral)
5812,0.001543859649122807,0.00021913682799912929,0.00015839666396187858,11,3,0.743801652892562,-0.04694724539432026,Streamer Cau noi (Bridge)
2217,0.0016842105263157893,2.931275976629401e-05,0.0001457251158353166,12,6,0.0,0.4177255878014291,Khac (Peripheral)
5224,0.007719298245614035,0.0010844369005070594,0.0006419411695994979,55,6,0.35107438016528913,2.687896714756031,Khac (Peripheral)
2523,0.003508771929824561,0.00038987635849472766,0.00026259481605676025,25,5,0.4895999999999999,0.5862736811868836,Khac (Peripheral)
1179,0.001543859649122807,0.00022365043117084118,0.00013940464417069883,11,5,0.44628099173553715,-0.08446315745912726,Khac (Peripheral)
1287,0.00014035087719298245,0.0,5.460187027886799e-05,1,14,0.0,-0.5111872250074323,Khac (Peripheral)
2305,0.00042105263157894734,2.1893430217174306e-05,5.604230777475229e-05,3,13,0.4444444444444444,-0.7589626047638253,Khac (Peripheral)
5590,0.0011228070175438596,4.331076624394765e-05,0.00011997596993570799,8,1,0.59375,-0.36732359257760294,Khac (Peripheral)
5620,0.00014035087719298245,0.0,3.2385891955629855e-05,1,6,0.0,-0.3626457370892153,Khac (Peripheral)
578,0.00014035087719298245,0.0,3.111422464481849e-05,1,4,0.0,-0.45047486221988475,Khac (Peripheral)
462,0.0002807017543859649,6.693274408105927e-06,4.468753134576597e-05,2,9,0.5,-0.2584446315564888,Khac (Peripheral)
5849,0.0018245614035087717,4.168302626585908e-05,0.00015236649220080385,13,1,0.37869822485207094,0.32656442388249457,Khac (Peripheral)
2694,0.0008421052631578947,9.188300615349251e-05,9.91065581459842e-05,6,6,0.5,-0.1498171939372214,Khac (Peripheral)
6207,0.00014035087719298245,0.0,3.656903418660435e-05,1,14,0.0,-0.5111872250074323,Khac (Peripheral)
6280,0.005192982456140351,0.001060165501516654,0.0005452018807609412,37,4,0.24835646457268068,1.627915307751564,Khac (Peripheral)
6682,0.0014035087719298245,0.00018799204865558393,0.00015975170036089026,10,13,0.6,0.9659524060630502,Khac (Peripheral)
3806,0.0029473684210526313,0.0004429013631688003,0.0002443980668625337,21,5,0.5668934240362812,0.28816841956643435,Khac (Peripheral)
2790,0.0007017543859649122,2.838703179966061e-05,8.029930772643206e-05,5,2,0.56,-0.6448606735457089,Khac (Peripheral)
5681,0.00042105263157894734,2.3622849982802847e-06,5.3278466646663247e-05,3,16,0.6666666666666667,-0.23233892186291363,Streamer Cau noi (Bridge)
6800,0.0005614035087719298,5.250808585230459e-05,6.62179165085918e-05,4,9,0.75,-0.2584446315564888,Streamer Cau noi (Bridge)
3455,0.00014035087719298245,0.0,3.162913751938775e-05,1,1,0.0,-0.7142676008076517,Khac (Peripheral)
5727,0.002245614035087719,0.00010077068716432823,0.0001804121023352752,16,4,0.3046875,0.3540632680916438,Khac (Peripheral)
614,0.001543859649122807,0.00037359854561600306,0.00015889423706720132,11,5,0.5454545454545454,-0.1589894728642396,Khac (Peripheral)
3770,0.00014035087719298245,0.0,4.5990091082206595e-05,1,4,0.0,-0.45047486221988475,Khac (Peripheral)
5950,0.0007017543859649122,1.5240846088918995e-05,7.467117816415353e-05,5,16,0.72,-0.14312629133157528,Streamer Cau noi (Bridge)
6822,0.0009824561403508772,0.00010100344996073315,0.00010361577555749292,7,9,0.24489795918367352,0.14365775267111203,Khac (Peripheral)
154,0.001263157894736842,0.0002288780508085933,0.00012194535365158687,9,6,0.7407407407407407,-0.2207600416545527,Streamer Cau noi (Bridge)
3197,0.0002807017543859649,4.869940943585824e-06,4.27644796970455e-05,2,6,0.5,-0.3626457370892153,Khac (Peripheral)
3405,0.00042105263157894734,1.0159426817555871e-05,5.557677066789072e-05,3,6,0.4444444444444444,-0.29170288937188404,Khac (Peripheral)
6273,0.00042105263157894734,2.8061091911255528e-05,6.552263174872831e-05,3,9,0.4444444444444444,-0.1780241547109686,Khac (Peripheral)
4626,0.00042105263157894734,9.245060951703327e-06,5.4642261784238855e-05,3,6,0.0,-0.2207600416545527,Khac (Peripheral)
6864,0.00042105263157894734,1.3980385333683847e-05,6.211282927902631e-05,3,9,0.0,-0.09760367786544846,Khac (Peripheral)
58,0.0016842105263157893,0.00048534799512256124,0.00016805456719644923,12,4,0.7638888888888888,-0.24934032964200262,Streamer Cau noi (Bridge)
3029,0.0002807017543859649,3.092291639595315e-07,4.6432550295573695e-05,2,9,0.5,-0.2584446315564888,Khac (Peripheral)
742,0.00042105263157894734,1.6633101766664897e-05,6.145363422173952e-05,3,16,0.4444444444444444,-0.14312629133157528,Khac (Peripheral)
2415,0.0002807017543859649,1.0285818149123933e-06,4.575092152323409e-05,2,5,0.0,-0.5316210498898012,Khac (Peripheral)
9,0.0016842105263157893,0.0002240860729847546,0.0001536446363251424,12,5,0.75,-0.3080421036744642,Streamer Cau noi (Bridge)
2294,0.0009824561403508772,4.5424457592754376e-05,9.837208177842263e-05,7,14,0.24489795918367352,0.13180118245491543,Khac (Peripheral)
5571,0.003087719298245614,0.0002885750943735529,0.00023404346903821747,22,5,0.4297520661157025,0.5117473657817714,Khac (Peripheral)
1194,0.00014035087719298245,0.0,4.1022247478877494e-05,1,13,0.0,-0.7589626047638253,Khac (Peripheral)
3404,0.0014035087719298245,0.0002441555444492292,0.00014733141246494778,10,9,0.7,-0.0171832010199283,Streamer Cau noi (Bridge)
2321,0.005333333333333333,0.0015062308665818092,0.0005772142974704206,38,14,0.7188365650969529,1.6749733603645498,Streamer Cau noi (Bridge)
4820,0.001543859649122807,0.00027073081883262215,0.00014573011333321106,11,1,0.7107438016528926,-0.25167558983425337,Streamer Cau noi (Bridge)
2516,0.0007017543859649122,0.00012143367505868384,7.858690775106047e-05,5,5,0.6399999999999999,-0.5316210498898012,Streamer Cau noi (Bridge)
5964,0.00042105263157894734,3.713198231456313e-05,5.8591327763569454e-05,3,4,0.4444444444444444,-0.38343001802725735,Khac (Peripheral)
3508,0.002807017543859649,0.0003462507950406363,0.0002551737387998074,20,6,0.615,0.06301134921477253,Khac (Peripheral)
6390,0.00014035087719298245,0.0,3.1660659525377025e-05,1,1,0.0,-0.7142676008076517,Khac (Peripheral)
6303,0.0005614035087719298,1.716509363501787e-07,6.232801942329394e-05,4,4,0.375,-0.31638517383463,Khac (Peripheral)
1386,0.0005614035087719298,6.5241667243326935e-06,7.399423029616214e-05,4,3,0.75,-0.5587867256689831,Streamer Cau noi (Bridge)
518,0.00014035087719298245,0.0,3.3130037804284954e-05,1,14,0.0,-0.5111872250074323,Khac (Peripheral)
1740,0.00042105263157894734,2.3189483911128404e-05,6.287971310146729e-05,3,16,0.4444444444444444,-0.14312629133157528,Khac (Peripheral)
5173,0.0002807017543859649,0.0001388188474848243,8.12022012657224e-05,2,1,0.0,-0.5986195980643021,Khac (Peripheral)
5688,0.0005614035087719298,3.91794370650724e-05,6.859833019835413e-05,4,14,0.75,-0.5111872250074323,Streamer Cau noi (Bridge)
1243,0.0002807017543859649,0.0,4.559243184143794e-05,2,16,0.0,-0.14312629133157528,Khac (Peripheral)
3636,0.00014035087719298245,0.0,3.47394239262806e-05,1,2,0.0,-0.6448606735457089,Khac (Peripheral)
10,0.00014035087719298245,0.0,4.5022417684709706e-05,1,16,0.0,-0.23233892186291363,Khac (Peripheral)
4474,0.0007017543859649122,5.030635115713093e-05,8.987199631886512e-05,5,9,0.56,-0.09760367786544846,Khac (Peripheral)
317,0.00014035087719298245,0.0,3.5146342050739124e-05,1,9,0.0,-0.2584446315564888,Khac (Peripheral)
3773,0.0002807017543859649,0.00014037057832678272,7.662108061354051e-05,2,14,0.0,-0.3825895435149627,Khac (Peripheral)
5805,0.0002807017543859649,0.0,4.469365764534466e-05,2,9,0.0,-0.1780241547109686,Khac (Peripheral)
6777,0.0007017543859649122,0.00014472047686124392,9.853363960741212e-05,5,5,0.56,-0.4570947344846889,Khac (Peripheral)
3151,0.0005614035087719298,0.0013910868032799588,8.871229498057451e-05,4,14,0.0,-0.12539418053002366,Khac (Peripheral)
4684,0.00014035087719298245,0.0,3.349093727425573e-05,1,16,0.0,-0.23233892186291363,Khac (Peripheral)
4441,0.0002807017543859649,1.2090967015219123e-06,4.049712275367645e-05,2,5,0.0,-0.5316210498898012,Khac (Peripheral)
396,0.004070175438596491,0.0004225913474490839,0.0003503710941436302,29,5,0.7086801426872771,0.3626947349715467,Streamer Cau noi (Bridge)
1408,0.0007017543859649122,2.2515121845580287e-05,9.055326241482826e-05,5,16,0.31999999999999984,0.03529896973110142,Khac (Peripheral)
2117,0.003789473684210526,0.0006251443471077872,0.0003071444611607854,27,6,0.5349794238683128,0.843382674105417,Khac (Peripheral)
4090,0.001263157894736842,0.00012246790578938546,0.0001250295602148795,9,1,0.7901234567901234,-0.5986195980643021,Streamer Cau noi (Bridge)
1355,0.0014035087719298245,0.0001342231578394935,0.00012574758726411933,10,1,0.6799999999999999,-0.25167558983425337,Streamer Cau noi (Bridge)
4951,0.0008421052631578947,1.5410533467834103e-05,0.00010142854757445215,6,9,0.2777777777777777,0.06323727582559185,Khac (Peripheral)
1650,0.009263157894736841,0.002657868666535108,0.000716888256040133,66,5,0.6303948576675849,2.1513263046942424,Streamer Cau noi (Bridge)
837,0.0011228070175438596,0.00014185755893687382,0.0001147821770575227,8,6,0.6875,-0.1498171939372214,Streamer Cau noi (Bridge)
2952,0.0002807017543859649,0.00014037057832678272,8.000164665155265e-05,2,9,0.0,-0.1780241547109686,Khac (Peripheral)
4324,0.0026666666666666666,0.0005656618316448822,0.00023995797930782156,19,1,0.43767313019390586,0.7891564348558929,Khac (Peripheral)
5942,0.0007017543859649122,2.6792248238367965e-05,8.862574937449742e-05,5,9,0.31999999999999984,-0.0171832010199283,Khac (Peripheral)
3751,0.00014035087719298245,0.0,3.338628045939249e-05,1,9,0.0,-0.2584446315564888,Khac (Peripheral)
846,0.00042105263157894734,9.27763734132342e-06,7.065998048413574e-05,3,15,0.4444444444444444,-0.3322541788802534,Khac (Peripheral)
5933,0.0002807017543859649,1.239884823403199e-05,4.707055455556722e-05,2,9,0.5,-0.2584446315564888,Khac (Peripheral)
4444,0.012771929824561403,0.0058493465532214045,0.0011150851404315653,91,14,0.7871030068832267,3.603938582751593,Khac (Peripheral)
2337,0.0002807017543859649,1.0368480952151165e-05,5.085615400185755e-05,2,10,0.5,-0.7862515977683556,Khac (Peripheral)
1755,0.0019649122807017545,0.0001819732246260997,0.00017870965277892227,14,3,0.3673469387755103,1.1473448752465598,Khac (Peripheral)
6980,0.0016842105263157893,6.730944682300587e-05,0.0001486744339879294,12,5,0.6805555555555556,-0.2335157882693519,Streamer Cau noi (Bridge)
547,0.001543859649122807,0.00021240244360874058,0.00016353511957052823,11,9,0.31404958677685935,0.3849191832076725,Khac (Peripheral)
2173,0.0011228070175438596,0.00023748648774023538,0.00011814766439421619,8,9,0.46875,0.06323727582559185,Khac (Peripheral)
4006,0.0007017543859649122,3.858680281399196e-05,8.113886890957745e-05,5,0,0.56,0.029268008972723546,Khac (Peripheral)
1207,0.0005614035087719298,0.0004124779859891005,0.0001062551459195645,4,15,0.375,-0.02843616846272445,Khac (Peripheral)
864,0.00042105263157894734,3.518146578024409e-06,5.531917143453255e-05,3,4,0.4444444444444444,-0.38343001802725735,Khac (Peripheral)
1511,0.00014035087719298245,0.0,3.348283595746985e-05,1,4,0.0,-0.45047486221988475,Khac (Peripheral)
3032,0.0007017543859649122,8.34230422899527e-06,7.454964735241114e-05,5,5,0.72,-0.5316210498898012,Streamer Cau noi (Bridge)
3616,0.0026666666666666666,0.0004565251999810898,0.00022211048280642166,19,5,0.736842105263158,-0.08446315745912726,Streamer Cau noi (Bridge)
5690,0.001263157894736842,0.00012975020021267251,0.00012392917750952192,9,16,0.7407407407407407,-0.05391366080023693,Streamer Cau noi (Bridge)
2229,0.0009824561403508772,0.00010410725583022823,0.00012181395518533535,7,1,0.6122448979591837,-0.36732359257760294,Khac (Peripheral)
2053,0.0002807017543859649,7.488765123143074e-06,5.3266635694536386e-05,2,16,0.5,-0.23233892186291363,Khac (Peripheral)
5246,0.0002807017543859649,2.1079795576624895e-07,4.322804079888784e-05,2,13,0.5,-0.7589626047638253,Khac (Peripheral)
6142,0.0016842105263157893,6.82232663321978e-05,0.00015316399272236037,12,0,0.7916666666666667,0.029268008972723546,Streamer Cau noi (Bridge)
103,0.00014035087719298245,0.0,3.780433730265001e-05,1,16,0.0,-0.23233892186291363,Khac (Peripheral)
3145,0.0019649122807017545,0.00046290385930102397,0.0001779718900258029,14,5,0.6326530612244898,-0.08446315745912726,Streamer Cau noi (Bridge)
648,0.00014035087719298245,0.0,3.8381570528860325e-05,1,2,0.0,-0.6448606735457089,Khac (Peripheral)
2692,0.002526315789473684,0.0002530640821884375,0.00022348559279927402,18,5,0.691358024691358,-0.009936842054014941,Streamer Cau noi (Bridge)
371,0.0005614035087719298,2.485996206074019e-05,7.185170721809691e-05,4,13,0.625,-0.4139796025984502,Streamer Cau noi (Bridge)
1640,0.0007017543859649122,0.00015700515981110786,0.00010737407837146065,5,1,0.56,-0.4829715953209526,Khac (Peripheral)
2884,0.0002807017543859649,5.529565630840728e-07,4.540452522287889e-05,2,8,0.5,-0.7985918306870473,Khac (Peripheral)
2906,0.00042105263157894734,0.0,5.151761256245782e-05,3,4,0.0,-0.31638517383463,Khac (Peripheral)
779,0.004350877192982456,0.0015081735312122257,0.0003614766502084309,31,6,0.736732570239334,0.20489704464943517,Streamer Cau noi (Bridge)
3437,0.00042105263157894734,1.4608365636305933e-07,6.212578098052445e-05,3,16,0.0,-0.05391366080023693,Khac (Peripheral)
5587,0.0005614035087719298,0.00013607401987353242,7.688261512152221e-05,4,9,0.625,-0.2584446315564888,Streamer Cau noi (Bridge)
2605,0.003929824561403509,0.0019342943472029515,0.00036204317839299026,28,6,0.7678571428571429,0.34678274008409776,Streamer Cau noi (Bridge)
1495,0.0018245614035087717,0.0008298754052184715,0.00018244303486781658,13,4,0.5917159763313609,0.018839047128506894,Khac (Peripheral)
3812,0.0007017543859649122,5.42569025467844e-05,7.8964843606352e-05,5,15,0.7999999999999999,-0.6360721892977823,Streamer Cau noi (Bridge)
3229,0.00014035087719298245,0.0,3.2484633243274565e-05,1,6,0.0,-0.3626457370892153,Khac (Peripheral)
6038,0.001543859649122807,0.0003616652780253978,0.00015890060607659068,11,1,0.7768595041322314,-0.36732359257760294,Streamer Cau noi (Bridge)
1113,0.00042105263157894734,9.756112202614925e-07,5.383709599958035e-05,3,9,0.4444444444444444,-0.1780241547109686,Khac (Peripheral)
1871,0.002526315789473684,3.725053694209287e-05,0.00020423912107311504,18,4,0.0,0.6892874890547807,Khac (Peripheral)
1567,0.002526315789473684,0.00017114881827754274,0.00019233080249186435,18,5,0.3765432098765432,0.3626947349715467,Khac (Peripheral)
2857,0.002807017543859649,0.00014543619601529496,0.00022912002146319459,20,4,0.27000000000000013,0.6222426448621533,Khac (Peripheral)
2357,0.0011228070175438596,0.00015618163707048263,0.00011709364545997958,8,4,0.65625,-0.24934032964200262,Streamer Cau noi (Bridge)
5517,0.00014035087719298245,0.0,3.057319385852714e-05,1,3,0.0,-0.5587867256689831,Khac (Peripheral)
50,0.00014035087719298245,0.0,3.3496702270681514e-05,1,1,0.0,-0.7142676008076517,Khac (Peripheral)
142,0.0032280701754385964,0.001711610435901049,0.00027236673060369187,23,1,0.4272211720226844,1.1361004430859416,Khac (Peripheral)
2373,0.0002807017543859649,2.6427208482714105e-06,4.362050633958847e-05,2,1,0.0,-0.5986195980643021,Khac (Peripheral)
6999,0.00014035087719298245,0.0,3.408028979449471e-05,1,4,0.0,-0.45047486221988475,Khac (Peripheral)
3390,0.00042105263157894734,2.373368311825107e-06,5.584741146400613e-05,3,6,0.4444444444444444,-0.29170288937188404,Khac (Peripheral)
6508,0.0002807017543859649,0.00013902258289766496,6.337328334178313e-05,2,3,0.5,-0.5587867256689831,Khac (Peripheral)
5207,0.0008421052631578947,4.974022777729344e-05,8.793108284574517e-05,6,9,0.5,-0.0171832010199283,Khac (Peripheral)
2017,0.001263157894736842,0.000448503867842803,0.0001208890905306577,9,9,0.6172839506172839,0.06323727582559185,Khac (Peripheral)
6643,0.004070175438596491,0.00034489837431865,0.0003398302697837061,29,6,0.3067776456599287,1.2690397604094048,Khac (Peripheral)
555,0.003087719298245614,0.0004529211307495498,0.0002683944628765709,22,5,0.5165289256198348,0.437221050376659,Khac (Peripheral)
6004,0.0018245614035087717,1.458246220341262e-05,0.0001506350184932648,13,4,0.14201183431952646,0.2870184238990164,Khac (Peripheral)
730,0.0009824561403508772,8.287589293486826e-06,9.335000328574458e-05,7,5,0.44897959183673464,-0.3080421036744642,Khac (Peripheral)
4290,0.0016842105263157893,6.376540586046606e-07,0.00013019625815310684,12,4,0.0,0.2870184238990164,Khac (Peripheral)
4397,0.0005614035087719298,3.143621029528842e-05,7.465441085341621e-05,4,4,0.375,-0.31638517383463,Khac (Peripheral)
365,0.0009824561403508772,1.2467114016545563e-05,0.00011339815265876071,7,13,0.0,1.3109354082284255,Khac (Peripheral)
6386,0.0007017543859649122,1.5324543474043937e-05,8.677456795119464e-05,5,6,0.72,-0.29170288937188404,Streamer Cau noi (Bridge)
5921,0.0009824561403508772,0.0001406245229138751,9.647813512880354e-05,7,5,0.7755102040816326,-0.5316210498898012,Streamer Cau noi (Bridge)
2667,0.00042105263157894734,1.1721392456253548e-06,6.821687388038094e-05,3,3,0.4444444444444444,-0.3881735655774289,Khac (Peripheral)
7049,0.0007017543859649122,9.292565492053121e-05,8.212468971859909e-05,5,2,0.72,-0.31484374061349313,Streamer Cau noi (Bridge)
1854,0.00014035087719298245,0.0,3.6335334574349694e-05,1,10,0.0,-0.7862515977683556,Khac (Peripheral)
877,0.014456140350877191,0.006923821689672569,0.0011193834144342908,103,5,0.5740409086624565,4.089010505227163,Khac (Peripheral)
5249,0.00042105263157894734,1.4850433150007005e-05,5.6771457349081474e-05,3,9,0.4444444444444444,-0.1780241547109686,Khac (Peripheral)
2027,0.0014035087719298245,2.2262656513769815e-05,0.0001311159974744935,10,5,0.31999999999999984,-0.08446315745912726,Khac (Peripheral)
4906,0.00042105263157894734,1.025573621032871e-05,5.536955443582779e-05,3,9,0.0,-0.09760367786544846,Khac (Peripheral)
107,0.0005614035087719298,1.36954831673213e-06,6.620712180485408e-05,4,9,0.625,-0.2584446315564888,Streamer Cau noi (Bridge)
496,0.0002807017543859649,6.799139900671895e-07,4.084349864856359e-05,2,6,0.5,-0.3626457370892153,Khac (Peripheral)
1210,0.00014035087719298245,0.0,5.399076387911852e-05,1,5,0.0,-0.6061473652949135,Khac (Peripheral)
469,0.0009824561403508772,1.792233214323265e-05,0.00010960723879012287,7,4,0.7755102040816326,-0.38343001802725735,Streamer Cau noi (Bridge)
3542,0.0009824561403508772,2.1647960635013893e-05,0.0001187629158742545,7,13,0.7346938775510204,-0.06899660043307508,Streamer Cau noi (Bridge)
252,0.001263157894736842,0.000314382109155245,0.00012691886216723486,9,16,0.8148148148148149,-0.05391366080023693,Streamer Cau noi (Bridge)
3280,0.001543859649122807,0.001099934711821204,0.00016737732137506766,11,6,0.7272727272727273,-0.07887434621989009,Streamer Cau noi (Bridge)
4381,0.0009824561403508772,0.00018440844214812424,0.00013304027438314545,7,9,0.24489795918367352,0.14365775267111203,Khac (Peripheral)
4905,0.0005614035087719298,6.188454769611683e-07,6.706143367242173e-05,4,14,0.0,-0.12539418053002366,Khac (Peripheral)
4950,0.0033684210526315787,4.533818899000773e-05,0.00025294184853667996,24,4,0.22569444444444442,0.8904220216326628,Khac (Peripheral)
1456,0.0005614035087719298,2.6268761730881262e-05,6.466295757457471e-05,4,16,0.75,-0.23233892186291363,Streamer Cau noi (Bridge)
715,0.00014035087719298245,0.0,3.349093727425573e-05,1,16,0.0,-0.23233892186291363,Khac (Peripheral)
169,0.0005614035087719298,1.249478489577468e-05,7.296516725205868e-05,4,14,0.375,-0.2539918620224932,Khac (Peripheral)
567,0.0018245614035087717,0.0001196369887773315,0.0001700076619981684,13,4,0.4970414201183433,0.08588389132113426,Khac (Peripheral)
160,0.002245614035087719,0.0006219644267319519,0.00022337196311488395,16,5,0.671875,-0.08446315745912726,Streamer Cau noi (Bridge)
5183,0.0011228070175438596,0.00016345167961041097,0.00015229035395988576,8,9,0.0,0.3044987063621523,Khac (Peripheral)
6883,0.002526315789473684,0.0005809019330680773,0.000248420835788242,18,1,0.4444444444444444,0.6735084321125433,Khac (Peripheral)
2918,0.00014035087719298245,0.0,3.429644279730722e-05,1,1,0.0,-0.7142676008076517,Khac (Peripheral)
6012,0.00014035087719298245,0.0,6.145631610462594e-05,1,3,0.0,-0.5587867256689831,Khac (Peripheral)
1605,0.0007017543859649122,8.309912478996438e-05,8.401705890563015e-05,5,9,0.0,0.06323727582559185,Khac (Peripheral)
1638,0.002526315789473684,0.00044677456173711,0.00022767298821531372,18,14,0.6358024691358024,0.3889965454398545,Streamer Cau noi (Bridge)
4565,0.0008421052631578947,0.00010415171222696848,0.00010465474093922682,6,9,0.5,-0.09760367786544846,Khac (Peripheral)
5881,0.003789473684210526,0.00017599292363836775,0.00029729303169094876,27,4,0.07133058984910856,1.2256462425957997,Khac (Peripheral)
1515,0.0019649122807017545,0.000247425860867868,0.00018678448548586468,14,1,0.6020408163265307,0.09526841839579539,Khac (Peripheral)
3129,0.0005614035087719298,0.00017772991518720863,6.858972155376086e-05,4,3,0.375,-0.21756040548587458,Khac (Peripheral)
3698,0.00014035087719298245,0.0,3.181783171300938e-05,1,5,0.0,-0.6061473652949135,Khac (Peripheral)
6727,0.0019649122807017545,0.00020423444741506935,0.00018190263831715974,14,10,0.5510204081632653,1.6380241620174076,Khac (Peripheral)
6090,0.0016842105263157893,0.0015867014250739522,0.0001999892678244442,12,9,0.7083333333333333,0.14365775267111203,Streamer Cau noi (Bridge)
6734,0.0029473684210526313,0.0014730885416628652,0.0002900084053172111,21,3,0.17233560090702937,2.5122501559789945,Streamer Trung tam (Hub)
4296,0.0007017543859649122,1.0590653722007057e-05,9.135680984783189e-05,5,13,0.56,-0.06899660043307508,Khac (Peripheral)
4591,0.004912280701754385,0.003046867948983065,0.0004487837135030872,35,9,0.8146938775510204,0.626180613744233,Streamer Cau noi (Bridge)
2621,0.00014035087719298245,0.0,3.338628045939249e-05,1,9,0.0,-0.2584446315564888,Khac (Peripheral)
4837,0.00014035087719298245,0.0,3.0986794454624826e-05,1,0,0.0,-0.5433669491892589,Khac (Peripheral)
4063,0.0002807017543859649,2.9878471341142045e-07,5.092919789076572e-05,2,9,0.0,-0.1780241547109686,Khac (Peripheral)
4408,0.002245614035087719,0.0007788347173225409,0.0002049269950405324,16,5,0.75,-0.1589894728642396,Streamer Cau noi (Bridge)
2521,0.0008421052631578947,0.00029442650715031445,0.00012792522036069945,6,8,0.5,0.25678193912766795,Khac (Peripheral)
1554,0.001263157894736842,7.803608189878933e-05,0.0001151018316980634,9,5,0.7407407407407407,-0.38256841907957656,Streamer Cau noi (Bridge)
1821,0.0011228070175438596,9.235307520929183e-05,0.00012782472935629198,8,6,0.6875,-0.1498171939372214,Streamer Cau noi (Bridge)
1174,0.0007017543859649122,1.2628906227775577e-05,7.745838772438133e-05,5,16,0.56,-0.05391366080023693,Khac (Peripheral)
6806,0.0016842105263157893,0.00011837190204848027,0.00017074658191287612,12,9,0.611111111111111,0.22407822951663217,Khac (Peripheral)
1329,0.0005614035087719298,2.4101573905037234e-05,8.523408347756333e-05,4,16,0.5,-0.14312629133157528,Khac (Peripheral)
4502,0.0011228070175438596,1.757540032386873e-05,0.00010790365632994552,8,14,0.21875,0.260398863947385,Khac (Peripheral)
5578,0.0002807017543859649,9.338542060523845e-07,6.567192455399028e-05,2,16,0.5,-0.23233892186291363,Khac (Peripheral)
457,0.0014035087719298245,0.00011442475799796157,0.00013767425159996543,10,6,0.42000000000000004,0.06301134921477253,Khac (Peripheral)
6039,0.0002807017543859649,2.381938728826121e-05,5.1547455123986634e-05,2,9,0.0,-0.1780241547109686,Khac (Peripheral)
7087,0.0005614035087719298,1.1203970771976508e-05,6.780138599340674e-05,4,14,0.625,-0.3825895435149627,Streamer Cau noi (Bridge)
6985,0.0007017543859649122,7.978647568930808e-05,8.72447236935716e-05,5,1,0.48,-0.4829715953209526,Khac (Peripheral)
6831,0.0007017543859649122,3.24991005600302e-05,7.58027972619476e-05,5,1,0.31999999999999984,-0.36732359257760294,Khac (Peripheral)
1973,0.0002807017543859649,2.4671316319769397e-05,4.5821175244913986e-05,2,3,0.5,-0.5587867256689831,Khac (Peripheral)
3539,0.0008421052631578947,4.704296848480004e-05,9.645526928493789e-05,6,4,0.2777777777777777,-0.18229548544937524,Khac (Peripheral)
3664,0.0005614035087719298,6.826238958306219e-06,6.507821513821089e-05,4,6,0.0,-0.1498171939372214,Khac (Peripheral)
5129,0.0002807017543859649,3.2117968024815733e-06,4.312316077062719e-05,2,9,0.0,-0.1780241547109686,Khac (Peripheral)
430,0.010105263157894735,0.003324235520091344,0.0007536132335850447,72,1,0.3530092592592593,5.7620205528199255,Khac (Peripheral)
3419,0.0002807017543859649,6.432026944600806e-05,5.7399132977162726e-05,2,10,0.5,-0.7862515977683556,Khac (Peripheral)
4545,0.0009824561403508772,5.6741979680502816e-05,0.00010910826319997379,7,1,0.0,-0.020379584347554196,Khac (Peripheral)
915,0.0002807017543859649,0.0,4.436579149097612e-05,2,9,0.0,-0.1780241547109686,Khac (Peripheral)
5416,0.00042105263157894734,2.1128600051581764e-06,5.3235041107133364e-05,3,5,0.0,-0.4570947344846889,Khac (Peripheral)
6894,0.002105263157894737,0.0016375371046394222,0.00022202164727132422,15,1,0.5955555555555556,0.09526841839579539,Khac (Peripheral)
5468,0.0018245614035087717,0.0002770671329530025,0.0001694822282546583,13,14,0.5798816568047337,-0.3825895435149627,Khac (Peripheral)
4586,0.001263157894736842,4.317843132181242e-05,0.00011957599558567883,9,1,0.691358024691358,-0.36732359257760294,Streamer Cau noi (Bridge)
7048,0.0002807017543859649,0.0,5.042346377613807e-05,2,1,0.0,-0.5986195980643021,Khac (Peripheral)
1268,0.005614035087719298,0.001065902442067627,0.0004636593679067408,40,5,0.34999999999999987,1.7041684122635685,Khac (Peripheral)
392,0.0011228070175438596,3.3214020895788345e-05,0.00010613572500924138,8,5,0.53125,-0.3080421036744642,Khac (Peripheral)
216,0.0005614035087719298,4.761433833577493e-06,7.454431071236232e-05,4,1,0.625,-0.5986195980643021,Streamer Cau noi (Bridge)
3760,0.01024561403508772,0.004995406183576364,0.001228781524830804,73,16,0.7858885344342279,2.3548273635458985,Streamer Cau noi (Bridge)
6901,0.0008421052631578947,9.729128612734576e-05,9.708585785462043e-05,6,16,0.5,0.03529896973110142,Khac (Peripheral)
1885,0.00014035087719298245,0.0,3.4526447158701954e-05,1,0,0.0,-0.5433669491892589,Khac (Peripheral)
6234,0.0019649122807017545,7.636305813345843e-05,0.00018999062830167787,14,9,0.6122448979591837,0.3044987063621523,Khac (Peripheral)
5597,0.0008421052631578947,0.0002561804391976991,9.908847372667292e-05,6,9,0.5,-0.0171832010199283,Khac (Peripheral)
1159,0.00014035087719298245,0.0,3.410022426877764e-05,1,15,0.0,-0.6360721892977823,Khac (Peripheral)
1486,0.0023859649122807015,0.0002287856783386772,0.00019061432737968635,17,5,0.2906574394463668,0.3626947349715467,Khac (Peripheral)
7081,0.0016842105263157893,0.00012203188569527039,0.00015696856562794545,12,1,0.611111111111111,-0.020379584347554196,Khac (Peripheral)
5931,0.0033684210526315787,0.0007804309871062839,0.00030704154066001316,24,14,0.7118055555555556,0.7747895899172631,Streamer Cau noi (Bridge)
170,0.0002807017543859649,9.562202226395977e-07,4.745878374730774e-05,2,16,0.5,-0.23233892186291363,Khac (Peripheral)
3011,0.0009824561403508772,1.965571582451432e-05,0.0001073002185124032,7,4,0.24489795918367352,-0.11525064125674786,Khac (Peripheral)
6929,0.00042105263157894734,7.529493559308606e-05,7.03702757794666e-05,3,14,0.4444444444444444,-0.3825895435149627,Khac (Peripheral)
4878,0.0002807017543859649,2.8948513998241123e-07,4.1131788251884036e-05,2,6,0.5,-0.3626457370892153,Khac (Peripheral)
1419,0.0009824561403508772,0.0011957448187911127,0.00012677493894756525,7,9,0.24489795918367352,0.14365775267111203,Khac (Peripheral)
340,0.0008421052631578947,1.622194445269645e-05,8.519153073589637e-05,6,5,0.5,-0.38256841907957656,Khac (Peripheral)
2558,0.00014035087719298245,0.0,3.601315717721648e-05,1,8,0.0,-0.7985918306870473,Khac (Peripheral)
1712,0.00042105263157894734,0.00014830988102248422,8.172975797150779e-05,3,16,0.4444444444444444,-0.14312629133157528,Khac (Peripheral)
6167,0.0002807017543859649,3.904789901222582e-06,4.703512390925155e-05,2,9,0.0,-0.1780241547109686,Khac (Peripheral)
2444,0.002526315789473684,0.0007792314671667341,0.00026533420698399385,18,0,0.7283950617283951,1.4608554043776796,Streamer Cau noi (Bridge)
3885,0.00042105263157894734,5.0794091876378255e-06,5.53650580301839e-05,3,9,0.0,-0.09760367786544846,Khac (Peripheral)
1216,0.00014035087719298245,0.0,3.352121851405023e-05,1,1,0.0,-0.7142676008076517,Khac (Peripheral)
1421,0.0002807017543859649,8.475743034013652e-07,4.112391865018808e-05,2,1,0.0,-0.5986195980643021,Khac (Peripheral)
791,0.0002807017543859649,1.64980853627164e-05,4.477631524136874e-05,2,3,0.5,-0.5587867256689831,Khac (Peripheral)
5937,0.0016842105263157893,0.00010526683037057508,0.00016177538965579617,12,14,0.75,-0.12539418053002366,Streamer Cau noi (Bridge)
5786,0.002245614035087719,0.00010109002312220074,0.00019496719343329476,16,5,0.671875,-0.08446315745912726,Streamer Cau noi (Bridge)
2771,0.0002807017543859649,1.116782581117754e-06,4.5552071495047594e-05,2,15,0.5,-0.6360721892977823,Khac (Peripheral)
4927,0.0002807017543859649,0.0,5.332967665464092e-05,2,5,0.0,-0.5316210498898012,Khac (Peripheral)
1872,0.00042105263157894734,6.743708518718022e-05,7.104421083516755e-05,3,2,0.4444444444444444,-0.31484374061349313,Khac (Peripheral)
4244,0.002105263157894737,0.00101624482604204,0.000207928860924733,15,1,0.7288888888888889,-0.020379584347554196,Streamer Cau noi (Bridge)
4253,0.001263157894736842,0.00022603627961090945,0.00013941221571149882,9,10,0.6666666666666667,0.12285181215130553,Streamer Cau noi (Bridge)
3587,0.00014035087719298245,0.0,3.348283595746985e-05,1,4,0.0,-0.45047486221988475,Khac (Peripheral)
4541,0.00014035087719298245,0.0,3.483063178786929e-05,1,15,0.0,-0.6360721892977823,Khac (Peripheral)
4146,0.001263157894736842,0.0002839670254025425,0.0001460179149899753,9,3,0.5925925925925926,0.12366591469723404,Khac (Peripheral)
946,0.004631578947368421,0.0017059066872723715,0.00039210216742844895,33,6,0.6868686868686869,0.7724398263880856,Streamer Cau noi (Bridge)
4170,0.0008421052631578947,8.945656177197564e-05,9.688654339197144e-05,6,2,0.6111111111111112,0.015173192318722542,Khac (Peripheral)
4834,0.00014035087719298245,0.0,3.236086853547089e-05,1,16,0.0,-0.23233892186291363,Khac (Peripheral)
608,0.002105263157894737,0.00021586691484251156,0.0001878906708108563,15,5,0.7644444444444444,-0.2335157882693519,Streamer Cau noi (Bridge)
3287,0.0002807017543859649,0.0,4.0197532793916944e-05,2,1,0.0,-0.5986195980643021,Khac (Peripheral)
3177,0.001543859649122807,0.0002640024689820292,0.00015160514152822037,11,1,0.5619834710743802,-0.020379584347554196,Khac (Peripheral)
7124,0.00042105263157894734,1.1069391498066902e-06,5.131565566730273e-05,3,3,0.4444444444444444,-0.3881735655774289,Khac (Peripheral)
5761,0.002807017543859649,0.0006633633454373058,0.00023179057980047093,20,4,0.09500000000000008,0.756332333247408,Khac (Peripheral)
1896,0.0014035087719298245,0.0002649436263092811,0.00019220835033994577,10,13,0.74,0.27598640173230005,Streamer Cau noi (Bridge)
3323,0.00014035087719298245,0.0,3.211486823569884e-05,1,9,0.0,-0.2584446315564888,Khac (Peripheral)
109,0.00014035087719298245,0.0,4.859053448588629e-05,1,4,0.0,-0.45047486221988475,Khac (Peripheral)
2947,0.0008421052631578947,3.142526328186194e-05,9.834035606045342e-05,6,0,0.6666666666666667,0.029268008972723546,Streamer Cau noi (Bridge)
6960,0.00042105263157894734,6.968544144846693e-06,6.538395987504232e-05,3,6,0.0,-0.2207600416545527,Khac (Peripheral)
5448,0.003789473684210526,0.00026877616450983905,0.0003430752154834099,27,6,0.7050754458161865,0.48866843551876044,Streamer Cau noi (Bridge)
4472,0.0005614035087719298,1.937599574472773e-05,7.109239576663133e-05,4,14,0.75,-0.5111872250074323,Streamer Cau noi (Bridge)
6006,0.00014035087719298245,0.0,3.338628045939249e-05,1,9,0.0,-0.2584446315564888,Khac (Peripheral)
4260,0.00042105263157894734,0.00014068227884530017,9.990699748987648e-05,3,3,0.0,-0.21756040548587458,Khac (Peripheral)
351,0.001543859649122807,0.00022676507657782598,0.00015749326225046947,11,1,0.7107438016528926,-0.25167558983425337,Streamer Cau noi (Bridge)
2787,0.0008421052631578947,0.00024263195419588953,0.00012587203029938818,6,9,0.7222222222222222,-0.1780241547109686,Streamer Cau noi (Bridge)
3960,0.002105263157894737,0.00024771915748939623,0.00018740790080334563,15,1,0.34666666666666657,0.5578604293691938,Khac (Peripheral)
5834,0.001543859649122807,5.2022220320946746e-05,0.00016784807367958786,11,15,0.5289256198347108,1.1868358732073914,Khac (Peripheral)
5797,0.001543859649122807,0.0003929900256443626,0.0001538639989310562,11,9,0.5289256198347108,0.22407822951663217,Khac (Peripheral)
3969,0.0018245614035087717,0.0002669477406971738,0.00016521656363073257,13,5,0.4970414201183432,-0.2335157882693519,Khac (Peripheral)
800,0.0007017543859649122,2.1930467559506647e-05,7.375177699345022e-05,5,15,0.72,-0.3322541788802534,Streamer Cau noi (Bridge)
6037,0.0002807017543859649,0.0,5.7290532679378134e-05,2,1,0.0,-0.5986195980643021,Khac (Peripheral)
2878,0.00042105263157894734,7.338167258256424e-07,5.730581386219783e-05,3,1,0.6666666666666667,-0.7142676008076517,Streamer Cau noi (Bridge)
3859,0.00014035087719298245,0.0,5.426399277964672e-05,1,5,0.0,-0.6061473652949135,Khac (Peripheral)
739,0.005192982456140351,0.0014071722375425715,0.0003901984065263601,37,5,0.3345507669831993,1.5551157814533438,Khac (Peripheral)
2126,0.0016842105263157893,0.00037046192786380477,0.00016670041309953053,12,1,0.611111111111111,-0.020379584347554196,Khac (Peripheral)
1806,0.00014035087719298245,0.0,3.349093727425573e-05,1,16,0.0,-0.23233892186291363,Khac (Peripheral)
940,0.0002807017543859649,1.6242177035485377e-06,5.744837528449869e-05,2,5,0.0,-0.5316210498898012,Khac (Peripheral)
3065,0.0036491228070175434,0.0006265328518481625,0.0002949038116639339,26,5,0.49112426035502965,0.660799996591996,Khac (Peripheral)
522,0.0005614035087719298,7.342355212296762e-06,7.091439443202465e-05,4,4,0.375,-0.31638517383463,Khac (Peripheral)
3283,0.00014035087719298245,0.0,4.098420851772823e-05,1,3,0.0,-0.5587867256689831,Khac (Peripheral)
2376,0.003508771929824561,0.0004030294319839953,0.0003635890904772285,25,4,0.15039999999999998,1.0245117100179175,Khac (Peripheral)
857,0.0007017543859649122,0.0001379708540589259,7.965947152245027e-05,5,5,0.7999999999999999,-0.6061473652949135,Streamer Cau noi (Bridge)
2696,0.002245614035087719,0.00015496778225784693,0.00019105188643717426,16,4,0.5703125,0.15292873551376165,Khac (Peripheral)
2940,0.00014035087719298245,0.0,3.39741541664941e-05,1,14,0.0,-0.5111872250074323,Khac (Peripheral)
3201,0.00014035087719298245,0.0,3.1045119830442856e-05,1,5,0.0,-0.6061473652949135,Khac (Peripheral)
2049,0.004210526315789474,0.0008133478872512101,0.00033516238550915527,30,5,0.7355555555555555,0.21364210416132204,Streamer Cau noi (Bridge)
5414,0.0008421052631578947,3.84558975711112e-05,0.00010175753514300915,6,2,0.7777777777777778,-0.31484374061349313,Streamer Cau noi (Bridge)
300,0.002526315789473684,0.00044986557815455416,0.0002569629456423462,18,6,0.7160493827160495,0.06301134921477253,Streamer Cau noi (Bridge)
176,0.0032280701754385964,0.0014267922009300034,0.0002714159851124155,23,4,0.6049149338374291,0.3540632680916438,Khac (Peripheral)
4737,0.0008421052631578947,9.024688627410976e-06,0.00010363875879952735,6,15,0.5,0.27538184195480453,Khac (Peripheral)
6860,0.00014035087719298245,0.0,3.869044531123637e-05,1,5,0.0,-0.6061473652949135,Khac (Peripheral)
2310,0.0016842105263157893,0.00012833382932857934,0.0001622728666517972,12,1,0.0,0.5578604293691938,Khac (Peripheral)
3113,0.0002807017543859649,5.127109440043504e-06,4.4469986720485535e-05,2,9,0.0,-0.1780241547109686,Khac (Peripheral)
5716,0.00014035087719298245,0.0,3.571305863772559e-05,1,16,0.0,-0.23233892186291363,Khac (Peripheral)
5387,0.004491228070175438,0.0014683142405118301,0.0003586621683150788,32,1,0.5546875,1.4830444513159904,Khac (Peripheral)
2477,0.0002807017543859649,1.8639727365743841e-06,4.9346528004947895e-05,2,9,0.5,-0.2584446315564888,Khac (Peripheral)
1104,0.0029473684210526313,0.0003329989379364825,0.0002529645479536908,21,14,0.7482993197278912,0.3889965454398545,Streamer Cau noi (Bridge)
1387,0.00042105263157894734,1.0279689442210197e-05,5.141837758741269e-05,3,1,0.4444444444444444,-0.5986195980643021,Khac (Peripheral)
6176,0.0005614035087719298,7.412642335395321e-06,7.281162385500045e-05,4,9,0.625,-0.1780241547109686,Streamer Cau noi (Bridge)
4625,0.0018245614035087717,0.00019427485247011157,0.00017043135318748652,13,4,0.37869822485207094,0.15292873551376165,Khac (Peripheral)
6163,0.0002807017543859649,1.937104560923235e-06,4.736517281950905e-05,2,14,0.5,-0.5111872250074323,Khac (Peripheral)
4203,0.0019649122807017545,0.0012346726874963951,0.00018638225074780538,14,5,0.6836734693877551,-0.1589894728642396,Streamer Cau noi (Bridge)
6059,0.007859649122807018,0.0011266521110665788,0.0006188840501138137,56,6,0.2582908163265307,2.971668105625356,Streamer Trung tam (Hub)
2339,0.0026666666666666666,0.0006353076978002183,0.000269780322778988,19,8,0.736842105263158,1.6639469655472885,Streamer Cau noi (Bridge)
2088,0.005333333333333333,0.0005858741426570291,0.0004244232745932729,38,6,0.6177285318559556,1.056211217257411,Khac (Peripheral)
6121,0.006596491228070175,0.0014102034947534056,0.00048571151931998225,47,5,0.4626527840651877,1.8532210430737932,Khac (Peripheral)
6221,0.0019649122807017545,0.00023100648550128248,0.00017956351438376314,14,5,0.4591836734693877,0.06458947335109738,Khac (Peripheral)
3553,0.0011228070175438596,2.203966673602142e-05,0.00010441388676669533,8,6,0.40625,-0.00793149850255878,Khac (Peripheral)
4854,0.0002807017543859649,1.575598751238606e-06,4.5036170936099755e-05,2,9,0.5,-0.2584446315564888,Khac (Peripheral)
6757,0.0007017543859649122,0.00012079648900920387,7.859405129940622e-05,5,1,0.6399999999999999,-0.5986195980643021,Streamer Cau noi (Bridge)
5205,0.001543859649122807,1.7636018716859589e-06,0.00013798619188531657,11,1,0.0,0.44221242662584415,Khac (Peripheral)
121,0.0026666666666666666,0.0002979577685304929,0.00027372859141299745,19,16,0.7645429362880887,0.39214949185645487,Streamer Cau noi (Bridge)
1471,0.0007017543859649122,8.722892192222514e-05,7.807991659116382e-05,5,0,0.7999999999999999,-0.5433669491892589,Streamer Cau noi (Bridge)
3583,0.00014035087719298245,0.0,3.4746375609462454e-05,1,3,0.0,-0.5587867256689831,Khac (Peripheral)
5132,0.004912280701754385,0.0007827491668888254,0.00038108474436719046,35,1,0.5077551020408163,1.8299884595460392,Khac (Peripheral)
3702,0.001543859649122807,0.00029584373272217244,0.00016098292857560245,11,3,0.7603305785123967,-0.04694724539432026,Streamer Cau noi (Bridge)
4578,0.00014035087719298245,0.0,5.46437947818176e-05,1,1,0.0,-0.7142676008076517,Khac (Peripheral)
4547,0.0011228070175438596,0.00015918412471751546,0.00012844230913582047,8,3,0.21875,0.46489223488034265,Khac (Peripheral)
1012,0.0002807017543859649,9.80786096980394e-07,4.517902171663234e-05,2,2,0.5,-0.6448606735457089,Khac (Peripheral)
5352,0.0018245614035087717,0.00012900373418270444,0.000163838402097843,13,5,0.7218934911242603,-0.2335157882693519,Streamer Cau noi (Bridge)
3525,0.0005614035087719298,0.0001196495682190807,8.638168591223884e-05,4,14,0.625,-0.3825895435149627,Streamer Cau noi (Bridge)
727,0.0019649122807017545,0.00020828833682896283,0.00018811908248288775,14,6,0.3673469387755103,0.34678274008409776,Khac (Peripheral)
484,0.0009824561403508772,1.4591935232497068e-05,0.00010000153778250315,7,1,0.44897959183673464,-0.25167558983425337,Khac (Peripheral)
3682,0.0009824561403508772,0.00015388736447945761,0.00012271462403946342,7,14,0.24489795918367352,0.13180118245491543,Khac (Peripheral)
2152,0.0002807017543859649,1.219122020246857e-07,5.067692761752091e-05,2,4,0.5,-0.45047486221988475,Khac (Peripheral)
5392,0.0008421052631578947,8.884900362957213e-06,0.00010790834055107361,6,16,0.6666666666666667,-0.05391366080023693,Streamer Cau noi (Bridge)
3196,0.00014035087719298245,0.0,3.5586108857642153e-05,1,16,0.0,-0.23233892186291363,Khac (Peripheral)
1082,0.003508771929824561,0.0019217555286803183,0.0003783338731741759,25,4,0.7552,0.21997357970638903,Streamer Cau noi (Bridge)
4458,0.0002807017543859649,0.00014037057832678272,8.339183825253595e-05,2,2,0.0,-0.31484374061349313,Khac (Peripheral)
6462,0.0002807017543859649,8.494771830292298e-06,4.842024262152171e-05,2,2,0.5,-0.6448606735457089,Khac (Peripheral)
285,0.00042105263157894734,1.05371542808783e-05,6.465333521838727e-05,3,6,0.0,-0.2207600416545527,Khac (Peripheral)
2545,0.0026666666666666666,0.0001490946955439391,0.00021742925229946208,19,1,0.43767313019390586,0.7891564348558929,Khac (Peripheral)
3428,0.0008421052631578947,9.824226599973019e-05,9.197227362178431e-05,6,5,0.8333333333333334,-0.6061473652949135,Streamer Cau noi (Bridge)
1065,0.00014035087719298245,0.0,3.349093727425573e-05,1,16,0.0,-0.23233892186291363,Khac (Peripheral)
2264,0.0005614035087719298,0.0002979044711745759,0.00010780590995171276,4,4,0.375,-0.31638517383463,Khac (Peripheral)
6042,0.0014035087719298245,0.0001762131546946585,0.00013532605671810885,10,6,0.78,-0.2207600416545527,Streamer Cau noi (Bridge)
5994,0.0005614035087719298,1.4435030190145555e-06,6.575160584344795e-05,4,1,0.375,-0.4829715953209526,Khac (Peripheral)
6184,0.0002807017543859649,4.828707312993891e-06,4.94133823186223e-05,2,5,0.0,-0.5316210498898012,Khac (Peripheral)
2441,0.0005614035087719298,1.709555957897271e-05,6.954912679083874e-05,4,3,0.375,-0.21756040548587458,Khac (Peripheral)
2849,0.002245614035087719,0.00044989264607305505,0.00024634651304773536,16,1,0.6328125,0.210916421139145,Streamer Cau noi (Bridge)
6295,0.00042105263157894734,0.0,8.669146397021288e-05,3,15,0.0,-0.02843616846272445,Khac (Peripheral)
4294,0.00014035087719298245,0.0,3.1579682730493786e-05,1,4,0.0,-0.45047486221988475,Khac (Peripheral)
4321,0.0005614035087719298,4.1695803426562814e-05,6.316231917247319e-05,4,4,0.375,-0.31638517383463,Khac (Peripheral)
6692,0.0011228070175438596,0.00021617226096787347,0.0001099380951502208,8,5,0.65625,-0.38256841907957656,Streamer Cau noi (Bridge)
5977,0.0014035087719298245,0.0003240002783588181,0.00013227083978391226,10,6,0.6799999999999999,-0.29170288937188404,Streamer Cau noi (Bridge)
765,0.00014035087719298245,0.0,3.491022794773408e-05,1,0,0.0,-0.5433669491892589,Khac (Peripheral)
199,0.0002807017543859649,0.0,4.477835865483966e-05,2,9,0.0,-0.1780241547109686,Khac (Peripheral)
746,0.00042105263157894734,0.0,5.515125576591942e-05,3,14,0.0,-0.2539918620224932,Khac (Peripheral)
1745,0.0002807017543859649,3.2477438465552053e-07,5.4096165917518214e-05,2,5,0.0,-0.5316210498898012,Khac (Peripheral)
2939,0.0009824561403508772,2.147016443132171e-05,9.631266942633313e-05,7,14,0.6122448979591837,-0.2539918620224932,Khac (Peripheral)
1147,0.0018245614035087717,1.9477534702217538e-05,0.0001566105070486096,13,4,0.0,0.3540632680916438,Khac (Peripheral)
5957,0.0005614035087719298,6.436206147223443e-06,6.725581866398951e-05,4,1,0.625,-0.5986195980643021,Streamer Cau noi (Bridge)
1617,0.0002807017543859649,0.0013901951151038742,7.799742412917886e-05,2,5,0.0,-0.5316210498898012,Khac (Peripheral)
958,0.0002807017543859649,1.2433875383990362e-05,4.433799335378605e-05,2,9,0.0,-0.1780241547109686,Khac (Peripheral)
1563,0.00042105263157894734,1.7766095603622674e-05,5.9290221249468965e-05,3,2,0.4444444444444444,-0.6448606735457089,Khac (Peripheral)
4044,0.00042105263157894734,1.1512307856185197e-05,6.540205725723226e-05,3,3,0.4444444444444444,-0.3881735655774289,Khac (Peripheral)
6772,0.0002807017543859649,0.0,4.214733184372763e-05,2,9,0.5,-0.2584446315564888,Khac (Peripheral)
6568,0.0005614035087719298,2.124623457803565e-06,5.761827327472311e-05,4,1,0.5,-0.5986195980643021,Khac (Peripheral)
5749,0.0014035087719298245,9.636794110755206e-05,0.00012680573819612753,10,5,0.4800000000000001,-0.1589894728642396,Khac (Peripheral)
2014,0.006175438596491228,0.0017576212624878535,0.000501063311136684,44,1,0.5134297520661157,2.639524478749486,Khac (Peripheral)
3051,0.0002807017543859649,5.9081454048923155e-06,4.598191445436765e-05,2,16,0.0,-0.14312629133157528,Khac (Peripheral)
1156,0.00014035087719298245,0.0,3.834834721173887e-05,1,6,0.0,-0.3626457370892153,Khac (Peripheral)
3225,0.0014035087719298245,0.0003325813963598828,0.00015201430759940446,10,5,0.6599999999999999,-0.3080421036744642,Streamer Cau noi (Bridge)
4965,0.00014035087719298245,0.0,3.2099377663750376e-05,1,15,0.0,-0.6360721892977823,Khac (Peripheral)
6808,0.010526315789473684,0.0036196607229809544,0.0008242631171729899,75,5,0.5902222222222222,2.747536827935141,Khac (Peripheral)
1215,0.0002807017543859649,7.417074278003767e-07,4.246465691411142e-05,2,9,0.5,-0.2584446315564888,Khac (Peripheral)
2963,0.00575438596491228,0.0011101651207234646,0.00045312747007844123,41,5,0.3033908387864367,1.8532210430737932,Khac (Peripheral)
1819,0.0005614035087719298,0.00012728713117732772,7.172014934116611e-05,4,3,0.625,-0.3881735655774289,Streamer Cau noi (Bridge)
2509,0.00014035087719298245,0.0,3.0834899935293146e-05,1,14,0.0,-0.5111872250074323,Khac (Peripheral)
5524,0.0002807017543859649,1.0714066561798951e-05,4.509283786628254e-05,2,16,0.5,-0.23233892186291363,Khac (Peripheral)
5372,0.00014035087719298245,0.0,3.419843175729226e-05,1,4,0.0,-0.45047486221988475,Khac (Peripheral)
4970,0.0005614035087719298,4.83515273133368e-05,6.691513430119489e-05,4,10,0.75,-0.7862515977683556,Streamer Cau noi (Bridge)
5073,0.0018245614035087717,0.00012630175312153936,0.00015506832857242476,13,5,0.6272189349112426,-0.2335157882693519,Streamer Cau noi (Bridge)
6448,0.0014035087719298245,0.0002485033659947003,0.00014614074780516388,10,9,0.31999999999999984,0.3044987063621523,Khac (Peripheral)
5732,0.0009824561403508772,1.0357853801897076e-05,9.539169620495269e-05,7,14,0.0,0.260398863947385,Khac (Peripheral)
6093,0.00042105263157894734,1.2457140091038797e-05,5.860995402447344e-05,3,16,0.0,-0.05391366080023693,Khac (Peripheral)
5465,0.0008421052631578947,2.0307355225714275e-05,0.00010858618219014693,6,1,0.6666666666666667,-0.4829715953209526,Streamer Cau noi (Bridge)
3309,0.0002807017543859649,1.1421771314542788e-05,4.420473950782924e-05,2,8,0.5,-0.7985918306870473,Khac (Peripheral)
2844,0.0008421052631578947,3.862018743247359e-05,9.250986810984699e-05,6,16,0.6666666666666667,-0.05391366080023693,Streamer Cau noi (Bridge)
1795,0.0016842105263157893,0.00026079902374456164,0.00015134948660521666,12,1,0.29166666666666663,0.32656442388249457,Khac (Peripheral)
6308,0.00014035087719298245,0.0,3.950165410098597e-05,1,4,0.0,-0.45047486221988475,Khac (Peripheral)
6597,0.0011228070175438596,0.00030978245500077597,0.00011955037324836393,8,14,0.78125,-0.3825895435149627,Streamer Cau noi (Bridge)
4415,0.00042105263157894734,4.786704806910706e-06,5.1684520727678454e-05,3,5,0.4444444444444444,-0.5316210498898012,Khac (Peripheral)
1398,0.0002807017543859649,0.0,4.459513398361586e-05,2,16,0.0,-0.14312629133157528,Khac (Peripheral)
5134,0.00014035087719298245,0.0,3.43537117889554e-05,1,0,0.0,-0.5433669491892589,Khac (Peripheral)
2923,0.0008421052631578947,2.3840417793320778e-05,8.601230017237918e-05,6,1,0.4444444444444444,-0.36732359257760294,Khac (Peripheral)
4979,0.0029473684210526313,0.0009890784431024415,0.0002587979317723086,21,3,0.7936507936507937,0.29427907478878834,Streamer Cau noi (Bridge)
3095,0.00014035087719298245,0.0,3.144848206332236e-05,1,5,0.0,-0.6061473652949135,Khac (Peripheral)
6852,0.0014035087719298245,0.00022847000905989434,0.00016081874181259333,10,4,0.31999999999999984,0.018839047128506894,Khac (Peripheral)
6052,0.0009824561403508772,0.0001632596718927934,0.00010763074959831296,7,1,0.44897959183673464,-0.25167558983425337,Khac (Peripheral)
3242,0.00014035087719298245,0.0,3.334659453200787e-05,1,4,0.0,-0.45047486221988475,Khac (Peripheral)
4655,0.0008421052631578947,1.2702483535048798e-05,8.713329757301475e-05,6,9,0.6666666666666667,-0.09760367786544846,Streamer Cau noi (Bridge)
6613,0.0002807017543859649,8.24107454221549e-07,4.3247640917247884e-05,2,5,0.5,-0.6061473652949135,Khac (Peripheral)
5537,0.001543859649122807,0.00011012930715265937,0.00014574436678684697,11,4,0.31404958677685935,0.08588389132113426,Khac (Peripheral)
3724,0.0007017543859649122,5.914060291282671e-05,8.16706527420262e-05,5,4,0.31999999999999984,-0.24934032964200262,Khac (Peripheral)
6790,0.00042105263157894734,3.870406727963877e-06,6.239158099608239e-05,3,6,0.0,-0.2207600416545527,Khac (Peripheral)
3165,0.0019649122807017545,0.000413852447880597,0.00017111163605720189,14,4,0.6938775510204082,-0.04820579706412048,Streamer Cau noi (Bridge)
4531,0.0007017543859649122,0.0,7.3874867119017e-05,5,6,0.0,-0.07887434621989009,Khac (Peripheral)
499,0.00014035087719298245,0.0,3.1838294199588996e-05,1,5,0.0,-0.6061473652949135,Khac (Peripheral)
2759,0.00042105263157894734,1.6825353245840574e-05,6.660974090684732e-05,3,9,0.0,-0.09760367786544846,Khac (Peripheral)
1093,0.00014035087719298245,0.0,3.402101510732173e-05,1,9,0.0,-0.2584446315564888,Khac (Peripheral)
2950,0.0002807017543859649,1.5425968324523252e-08,6.288242420705922e-05,2,9,0.0,-0.1780241547109686,Khac (Peripheral)
5066,0.0005614035087719298,1.3476799641440394e-05,6.551176372441906e-05,4,6,0.625,-0.29170288937188404,Streamer Cau noi (Bridge)
4053,0.003929824561403509,0.00014400679160441436,0.00030562071076125366,28,4,0.06887755102040805,1.2926910867884271,Khac (Peripheral)
3979,0.0009824561403508772,0.000276822423172659,0.0001093142483634811,7,4,0.7346938775510204,-0.31638517383463,Streamer Cau noi (Bridge)
5862,0.0011228070175438596,2.556435119944315e-05,0.00010539651174611457,8,4,0.21875,-0.04820579706412048,Khac (Peripheral)
1654,0.0008421052631578947,7.46442218418649e-05,0.00011298191186664351,6,16,0.5,0.03529896973110142,Khac (Peripheral)
2664,0.003087719298245614,0.00020951430258242578,0.00024873147058169435,22,1,0.38842975206611574,1.1361004430859416,Khac (Peripheral)
1962,0.0005614035087719298,3.74452251117924e-06,7.604747494215776e-05,4,4,0.375,-0.31638517383463,Khac (Peripheral)
6385,0.0016842105263157893,9.472297625467928e-05,0.0001613043768886745,12,5,0.6527777777777778,-0.2335157882693519,Streamer Cau noi (Bridge)
1612,0.00014035087719298245,0.0,3.153172367466605e-05,1,1,0.0,-0.7142676008076517,Khac (Peripheral)
5746,0.0033684210526315787,9.524592581535811e-05,0.00025010726085044564,24,1,0.1562500000000001,1.7143404568026896,Khac (Peripheral)
5337,0.003789473684210526,0.0007461188703485273,0.00032046339101267764,27,14,0.7434842249657065,0.6461919084247936,Streamer Cau noi (Bridge)
4109,0.002807017543859649,2.0309868350421694e-05,0.0002231239684136406,20,4,0.0,0.8233771774400354,Khac (Peripheral)
4791,0.0032280701754385964,0.0003527659315386285,0.0002953785950997517,23,3,0.7712665406427222,0.8061185550634512,Streamer Cau noi (Bridge)
930,0.00014035087719298245,0.0,3.2210200754785935e-05,1,14,0.0,-0.5111872250074323,Khac (Peripheral)
1336,0.0019649122807017545,0.0007860708117095695,0.00019274241281953168,14,1,0.5510204081632653,0.210916421139145,Khac (Peripheral)
933,0.003087719298245614,0.00013152984581949674,0.00023304837592093064,22,1,0.2975206611570247,1.2517484458292911,Khac (Peripheral)
4590,0.0007017543859649122,2.5187991125518376e-05,9.024111128994151e-05,5,9,0.72,-0.1780241547109686,Streamer Cau noi (Bridge)
782,0.0005614035087719298,7.454231753247192e-05,7.370786787491265e-05,4,16,0.5,-0.14312629133157528,Khac (Peripheral)
4755,0.0033684210526315787,0.0005549998041633076,0.0003644988913615122,24,9,0.7013888888888888,0.5457601368987128,Streamer Cau noi (Bridge)
479,0.0014035087719298245,0.00043892581366564696,0.00019018568463785967,10,15,0.4800000000000001,1.1868358732073914,Khac (Peripheral)
1095,0.00014035087719298245,0.0,3.419843175729226e-05,1,4,0.0,-0.45047486221988475,Khac (Peripheral)
1698,0.0002807017543859649,5.119767283901725e-07,4.548089654881471e-05,2,9,0.5,-0.2584446315564888,Khac (Peripheral)
446,0.0008421052631578947,0.0001797450452026887,0.0001084864574860711,6,13,0.7777777777777778,-0.4139796025984502,Streamer Cau noi (Bridge)
6407,0.0007017543859649122,8.837190680452526e-06,7.368658038229441e-05,5,6,0.72,-0.29170288937188404,Streamer Cau noi (Bridge)
3207,0.00042105263157894734,2.0688302122943267e-05,5.4882050665671725e-05,3,13,0.6666666666666667,-0.7589626047638253,Streamer Cau noi (Bridge)
2122,0.0002807017543859649,0.0,4.5827540495365864e-05,2,9,0.5,-0.2584446315564888,Khac (Peripheral)
4946,0.0002807017543859649,2.1419939155429968e-05,4.5977629987547464e-05,2,6,0.5,-0.3626457370892153,Khac (Peripheral)
517,0.00014035087719298245,0.0,3.604925333843872e-05,1,0,0.0,-0.5433669491892589,Khac (Peripheral)
1971,0.002105263157894737,0.0005730415064544215,0.0002200602090991687,15,1,0.5244444444444445,0.32656442388249457,Khac (Peripheral)
3818,0.0005614035087719298,1.0805725986218947e-05,6.877712152010272e-05,4,4,0.625,-0.38343001802725735,Streamer Cau noi (Bridge)
5061,0.0009824561403508772,0.0011417976937027896,0.00014196366985792813,7,5,0.5714285714285714,-0.38256841907957656,Khac (Peripheral)
740,0.0002807017543859649,0.0,4.3285414191162355e-05,2,4,0.0,-0.38343001802725735,Khac (Peripheral)
5113,0.001263157894736842,0.0007430285348197302,0.00012419681887053337,9,2,0.691358024691358,-0.31484374061349313,Streamer Cau noi (Bridge)
6773,0.0007017543859649122,7.559641752958157e-06,7.548644733959867e-05,5,4,0.31999999999999984,-0.24934032964200262,Khac (Peripheral)
2237,0.0002807017543859649,0.0,4.396880812067852e-05,2,16,0.0,-0.14312629133157528,Khac (Peripheral)
1431,0.0014035087719298245,1.1405781225278419e-05,0.00012556522952169314,10,4,0.0,0.15292873551376165,Khac (Peripheral)
5462,0.0002807017543859649,0.0,4.4971189781498215e-05,2,9,0.0,-0.1780241547109686,Khac (Peripheral)
1224,0.0009824561403508772,5.8455402884506755e-06,9.18735873871354e-05,7,4,0.0,-0.04820579706412048,Khac (Peripheral)
5051,0.002105263157894737,0.00019686516226592529,0.0001961910698401656,15,16,0.6222222222222222,0.39214949185645487,Streamer Cau noi (Bridge)
7094,0.00042105263157894734,4.515707835459268e-06,6.992640534735081e-05,3,15,0.0,-0.02843616846272445,Khac (Peripheral)
1271,0.0005614035087719298,2.484706060915288e-05,7.497787932630902e-05,4,9,0.75,-0.2584446315564888,Streamer Cau noi (Bridge)
2416,0.0005614035087719298,4.514829324014099e-06,6.688194320539714e-05,4,5,0.5,-0.5316210498898012,Khac (Peripheral)
82,0.00042105263157894734,0.00014229824009969835,8.725236406387196e-05,3,16,0.4444444444444444,-0.14312629133157528,Khac (Peripheral)
5322,0.0019649122807017545,6.190025151574145e-05,0.0001848091493571828,14,5,0.4693877551020408,0.06458947335109738,Khac (Peripheral)
6622,0.0002807017543859649,3.2522266546412744e-07,4.621486630647706e-05,2,15,0.5,-0.6360721892977823,Khac (Peripheral)
6521,0.0002807017543859649,0.0001422971165593831,7.539280250796083e-05,2,1,0.0,-0.5986195980643021,Khac (Peripheral)
2058,0.00014035087719298245,0.0,3.348283595746985e-05,1,4,0.0,-0.45047486221988475,Khac (Peripheral)
6589,0.00014035087719298245,0.0,3.349093727425573e-05,1,16,0.0,-0.23233892186291363,Khac (Peripheral)
346,0.0002807017543859649,4.973570262887184e-07,5.361193510664588e-05,2,9,0.5,-0.2584446315564888,Khac (Peripheral)
1618,0.0029473684210526313,0.00022346203426627627,0.0002496616724923532,21,1,0.32199546485260777,1.1361004430859416,Khac (Peripheral)
6699,0.0005614035087719298,5.677624644550757e-05,6.588778172216835e-05,4,5,0.375,-0.4570947344846889,Khac (Peripheral)
6961,0.001543859649122807,0.0002335752515107823,0.00014435457829540448,11,6,0.6942148760330579,-0.07887434621989009,Streamer Cau noi (Bridge)
3815,0.006736842105263157,0.0009536615522493646,0.0005560795842265892,48,4,0.19357638888888884,2.365408593870465,Khac (Peripheral)
4976,0.0002807017543859649,0.0,4.246270560222204e-05,2,4,0.5,-0.45047486221988475,Khac (Peripheral)
1939,0.00042105263157894734,5.859258929174081e-07,5.073414280678493e-05,3,5,0.4444444444444444,-0.5316210498898012,Khac (Peripheral)
827,0.0011228070175438596,7.960290911206867e-05,0.00011078254678412848,8,14,0.78125,-0.2539918620224932,Streamer Cau noi (Bridge)
3531,0.0002807017543859649,3.4228876038425643e-06,5.044578944984196e-05,2,0,0.0,-0.2570494701082677,Khac (Peripheral)
6440,0.004771929824561403,0.0008481047559865913,0.000355052851832522,34,1,0.45501730103806215,1.8299884595460392,Khac (Peripheral)
1585,0.0005614035087719298,8.068308707587514e-05,7.412576693323176e-05,4,16,0.0,0.03529896973110142,Khac (Peripheral)
3653,0.004210526315789474,0.0016123749450994576,0.00040112879671975397,30,0,0.8333333333333333,1.4608554043776796,Streamer Cau noi (Bridge)
6382,0.001263157894736842,5.898909643771089e-05,0.00011436893662192731,9,4,0.5185185185185186,-0.11525064125674786,Khac (Peripheral)
3193,0.00014035087719298245,0.0,4.3441255150253166e-05,1,9,0.0,-0.2584446315564888,Khac (Peripheral)
1415,0.0018245614035087717,0.0004341037334146125,0.00023184225125308353,13,4,0.7218934911242603,-0.11525064125674786,Streamer Cau noi (Bridge)
1363,0.00014035087719298245,0.0,4.389612779670016e-05,1,6,0.0,-0.3626457370892153,Khac (Peripheral)
6665,0.002807017543859649,0.0008900802811349299,0.00022565183816342788,20,4,0.625,0.21997357970638903,Streamer Cau noi (Bridge)
4561,0.0032280701754385964,0.0010946486795661006,0.0002896840286143969,23,4,0.8128544423440454,0.018839047128506894,Streamer Cau noi (Bridge)
4459,0.00014035087719298245,0.0,3.516174840848567e-05,1,1,0.0,-0.7142676008076517,Khac (Peripheral)
3887,0.00014035087719298245,0.0,3.0275425609328567e-05,1,5,0.0,-0.6061473652949135,Khac (Peripheral)
980,0.002526315789473684,0.0001867573567967665,0.00023799439683810342,18,6,0.7407407407407407,0.13395419693210384,Streamer Cau noi (Bridge)
2614,0.004631578947368421,0.00044160008420919685,0.00035696914969240724,33,5,0.5252525252525253,0.9589052582124453,Khac (Peripheral)
210,0.0011228070175438596,0.0003535416137722663,0.00011139140275972846,8,4,0.75,-0.31638517383463,Streamer Cau noi (Bridge)
2833,0.0023859649122807015,0.0012875116016841475,0.0002217737393263771,17,14,0.8373702422145328,0.003203500962445893,Streamer Cau noi (Bridge)
2600,0.00042105263157894734,9.808527064846559e-06,5.523815136173405e-05,3,9,0.0,-0.09760367786544846,Khac (Peripheral)
1252,0.00014035087719298245,0.0,5.20171192777739e-05,1,0,0.0,-0.5433669491892589,Khac (Peripheral)
381,0.00014035087719298245,0.0,3.0092633345312992e-05,1,5,0.0,-0.6061473652949135,Khac (Peripheral)
6340,0.0008421052631578947,4.2010963632513864e-05,9.735584545419047e-05,6,9,0.7777777777777778,-0.1780241547109686,Streamer Cau noi (Bridge)
1634,0.0005614035087719298,7.62882242126113e-06,6.370431148051701e-05,4,4,0.625,-0.38343001802725735,Streamer Cau noi (Bridge)
3906,0.0011228070175438596,1.5527846019181708e-05,0.00011282195037114636,8,15,0.6875,-0.02843616846272445,Streamer Cau noi (Bridge)
2051,0.00014035087719298245,0.0,4.2735627517984674e-05,1,8,0.0,-0.7985918306870473,Khac (Peripheral)
6877,0.0011228070175438596,0.00010098813085414371,0.00011581986128768044,8,3,0.84375,-0.5587867256689831,Streamer Cau noi (Bridge)
6190,0.0016842105263157893,0.000277523872859482,0.0001463157699575502,12,5,0.4027777777777778,-0.009936842054014941,Khac (Peripheral)
1951,0.0002807017543859649,4.245385374828201e-08,4.905359809008229e-05,2,16,0.0,-0.14312629133157528,Khac (Peripheral)
3801,0.002105263157894737,0.0006091082513706583,0.00019539100759548145,15,5,0.7377777777777779,-0.3080421036744642,Streamer Cau noi (Bridge)
2078,0.00042105263157894734,1.0278189327882553e-05,7.250732084751605e-05,3,0,0.0,0.029268008972723546,Khac (Peripheral)
355,0.00042105263157894734,2.8433574995587707e-05,5.6960952595553664e-05,3,9,0.4444444444444444,-0.1780241547109686,Khac (Peripheral)
4463,0.0002807017543859649,0.0,4.385796365970529e-05,2,9,0.5,-0.2584446315564888,Khac (Peripheral)
5382,0.00042105263157894734,0.00028074115665356543,0.00013489536755844554,3,1,0.0,-0.4829715953209526,Khac (Peripheral)
1105,0.0011228070175438596,2.330039425441913e-05,0.00011550617226223429,8,13,0.21875,1.3109354082284255,Khac (Peripheral)
6526,0.004631578947368421,0.002019278055175255,0.000400559545021469,33,5,0.4609733700642792,1.10795788902267,Khac (Peripheral)
2208,0.0007017543859649122,2.6217251773432123e-05,7.379336975665191e-05,5,6,0.72,-0.29170288937188404,Streamer Cau noi (Bridge)
4720,0.00014035087719298245,0.0,3.312206922238946e-05,1,14,0.0,-0.5111872250074323,Khac (Peripheral)
5883,0.0007017543859649122,6.863828416207727e-05,7.619466721187213e-05,5,15,0.6399999999999999,-0.3322541788802534,Streamer Cau noi (Bridge)
331,0.0005614035087719298,2.0310306725790258e-05,7.276946246931986e-05,4,16,0.625,-0.14312629133157528,Streamer Cau noi (Bridge)
4158,0.0002807017543859649,0.00014037057832678272,8.013309710123603e-05,2,5,0.0,-0.5316210498898012,Khac (Peripheral)
4898,0.0002807017543859649,0.00014037057832678272,7.648546801605778e-05,2,3,0.0,-0.3881735655774289,Khac (Peripheral)
710,0.007157894736842104,0.0018767867006683075,0.0005960046566470574,51,14,0.31449442522106885,4.761317716183819,Khac (Peripheral)
4636,0.0005614035087719298,2.640760708295914e-06,9.013904924732273e-05,4,14,0.375,-0.2539918620224932,Khac (Peripheral)
700,0.004070175438596491,0.00029490655308640426,0.00031060793429948984,29,5,0.6587395957193816,0.437221050376659,Streamer Cau noi (Bridge)
476,0.00014035087719298245,0.0,4.3795152745722466e-05,1,4,0.0,-0.45047486221988475,Khac (Peripheral)
4728,0.0005614035087719298,0.0003202674860386586,0.00013774631209585248,4,9,0.625,-0.1780241547109686,Streamer Cau noi (Bridge)
3330,0.00014035087719298245,0.0,3.2385891955629855e-05,1,6,0.0,-0.3626457370892153,Khac (Peripheral)
4192,0.0002807017543859649,3.3786768393724593e-06,4.374894302372072e-05,2,13,0.5,-0.7589626047638253,Khac (Peripheral)
5710,0.0033684210526315787,0.0003538837619156156,0.00027579784328998525,24,6,0.35763888888888895,0.9143255218227483,Khac (Peripheral)
2057,0.0002807017543859649,0.0,4.9212025029904306e-05,2,1,0.0,-0.5986195980643021,Khac (Peripheral)
1940,0.00042105263157894734,3.081233913751731e-05,6.572117671687103e-05,3,14,0.4444444444444444,-0.3825895435149627,Khac (Peripheral)
6316,0.00042105263157894734,1.0617280039211557e-05,5.3303069619397854e-05,3,3,0.4444444444444444,-0.3881735655774289,Khac (Peripheral)
6649,0.002105263157894737,0.0005276192271895587,0.00019845281219385872,15,9,0.6044444444444445,0.3044987063621523,Khac (Peripheral)
3235,0.00014035087719298245,0.0,3.348653595955036e-05,1,9,0.0,-0.2584446315564888,Khac (Peripheral)
4651,0.00042105263157894734,9.918200660002739e-06,5.490254096360835e-05,3,9,0.6666666666666667,-0.2584446315564888,Streamer Cau noi (Bridge)
971,0.002526315789473684,0.0003185967636192439,0.00022015900834426868,18,5,0.5679012345679012,0.1391157887562097,Khac (Peripheral)
7104,0.0023859649122807015,0.0003336451810898959,0.0002100255886293309,17,5,0.7889273356401384,-0.2335157882693519,Streamer Cau noi (Bridge)
4883,0.0007017543859649122,6.272085376299775e-05,7.881057320954915e-05,5,16,0.72,-0.14312629133157528,Streamer Cau noi (Bridge)
719,0.003508771929824561,0.0019920579712381925,0.0003137424420793629,25,5,0.6624,0.28816841956643435,Streamer Cau noi (Bridge)
5673,0.00014035087719298245,0.0,3.222475242375172e-05,1,4,0.0,-0.45047486221988475,Khac (Peripheral)
3840,0.0019649122807017545,0.00017195596944481333,0.00019832925249739625,14,15,0.6938775510204082,1.1868358732073914,Streamer Cau noi (Bridge)
5150,0.0002807017543859649,1.3720183433779199e-05,4.502538632008324e-05,2,3,0.5,-0.5587867256689831,Khac (Peripheral)
2033,0.001263157894736842,0.0002458960030715066,0.00012281176417673495,9,5,0.49382716049382713,-0.2335157882693519,Khac (Peripheral)
4909,0.0016842105263157893,0.001448910327876622,0.00017362008523483577,12,1,0.41666666666666663,0.210916421139145,Khac (Peripheral)
1426,0.0005614035087719298,1.5464216535105598e-05,6.913169740509423e-05,4,9,0.625,-0.2584446315564888,Streamer Cau noi (Bridge)
5575,0.0002807017543859649,3.607466940836659e-07,4.9545722031757504e-05,2,4,0.0,-0.38343001802725735,Khac (Peripheral)
5546,0.00042105263157894734,2.1871932021043057e-05,5.556483134246236e-05,3,1,0.6666666666666667,-0.7142676008076517,Streamer Cau noi (Bridge)
412,0.0007017543859649122,0.000261184781099697,0.00010115910244378128,5,1,0.56,-0.4829715953209526,Khac (Peripheral)
3974,0.0007017543859649122,2.2533753287937943e-05,7.504621006111942e-05,5,9,0.31999999999999984,-0.0171832010199283,Khac (Peripheral)
3796,0.0005614035087719298,9.52094189789211e-06,6.877816985088626e-05,4,9,0.625,-0.2584446315564888,Streamer Cau noi (Bridge)
2241,0.0002807017543859649,0.0,5.0173761378103084e-05,2,14,0.5,-0.5111872250074323,Khac (Peripheral)
1304,0.0002807017543859649,9.13565190136581e-05,6.187287894213504e-05,2,16,0.0,-0.14312629133157528,Khac (Peripheral)
947,0.00042105263157894734,7.2535953150547695e-06,5.065385004315501e-05,3,9,0.4444444444444444,-0.2584446315564888,Khac (Peripheral)
1225,0.0002807017543859649,6.85328447667601e-07,4.7433443860741406e-05,2,1,0.5,-0.7142676008076517,Khac (Peripheral)
4437,0.00014035087719298245,0.0,2.9931642619738376e-05,1,5,0.0,-0.6061473652949135,Khac (Peripheral)
5579,0.0002807017543859649,0.0,4.0587894134211166e-05,2,6,0.5,-0.3626457370892153,Khac (Peripheral)
5850,0.002245614035087719,0.00022219291063785027,0.00019622806907942066,16,6,0.5,0.34678274008409776,Khac (Peripheral)
5973,0.004350877192982456,0.00014576854950560517,0.00031016093319509983,31,5,0.47450572320499484,0.7353263119971083,Khac (Peripheral)
636,0.0002807017543859649,1.6549539879848517e-06,6.706546669696205e-05,2,13,0.0,-0.4139796025984502,Khac (Peripheral)
3407,0.0005614035087719298,9.32230190605207e-06,6.932896992598085e-05,4,0,0.375,0.029268008972723546,Khac (Peripheral)
684,0.00014035087719298245,0.0,3.158661217793305e-05,1,4,0.0,-0.45047486221988475,Khac (Peripheral)
86,0.0011228070175438596,4.235154431368256e-05,0.00010991326177438338,8,6,0.71875,-0.29170288937188404,Streamer Cau noi (Bridge)
4570,0.00014035087719298245,0.0,3.557049666579021e-05,1,6,0.0,-0.3626457370892153,Khac (Peripheral)
2852,0.0014035087719298245,3.341513188680806e-05,0.0001391863119039635,10,4,0.17999999999999994,0.08588389132113426,Khac (Peripheral)
2650,0.0002807017543859649,2.067070050898779e-06,4.831248634308164e-05,2,15,0.5,-0.6360721892977823,Khac (Peripheral)
407,0.00014035087719298245,0.0,4.4703242285116756e-05,1,9,0.0,-0.2584446315564888,Khac (Peripheral)
757,0.00042105263157894734,3.4118197449592323e-06,5.406908679508303e-05,3,4,0.0,-0.31638517383463,Khac (Peripheral)
3470,0.002807017543859649,0.000290278029340272,0.0002587308689399147,20,16,0.8,0.12451160026243978,Streamer Cau noi (Bridge)
6477,0.001263157894736842,0.0003054172947679792,0.00012572965520348938,9,4,0.6666666666666667,-0.24934032964200262,Streamer Cau noi (Bridge)
794,0.001543859649122807,9.828498517473465e-05,0.00013961240812614348,11,6,0.16528925619834722,0.2758398923667665,Khac (Peripheral)
92,0.00014035087719298245,0.0,3.842403093750204e-05,1,8,0.0,-0.7985918306870473,Khac (Peripheral)
7116,0.002105263157894737,0.00014236338678753517,0.00018001668484258536,15,1,0.12444444444444436,0.7891564348558929,Khac (Peripheral)
855,0.0007017543859649122,0.0001447151481326038,8.85233129835563e-05,5,13,0.72,-0.4139796025984502,Streamer Cau noi (Bridge)
5512,0.0007017543859649122,0.0014027189163219904,0.0001010432852575266,5,4,0.48,-0.31638517383463,Khac (Peripheral)
6186,0.0014035087719298245,0.0003289683645488222,0.00017304774938710197,10,13,0.5800000000000001,0.9659524060630502,Khac (Peripheral)
973,0.0014035087719298245,0.00010640764830516117,0.00012769446093184705,10,6,0.8,-0.29170288937188404,Streamer Cau noi (Bridge)
5396,0.003929824561403509,0.0018806364980103966,0.0003353607445163562,28,6,0.8061224489795918,-0.00793149850255878,Streamer Cau noi (Bridge)
6714,0.001263157894736842,0.00015910171589846037,0.0001237517373959772,9,6,0.7160493827160495,-0.29170288937188404,Streamer Cau noi (Bridge)
43,0.0018245614035087717,8.686474986565297e-05,0.00016349031809915305,13,1,0.47337278106508884,0.210916421139145,Khac (Peripheral)
5998,0.00014035087719298245,0.0,3.361024104795324e-05,1,2,0.0,-0.6448606735457089,Khac (Peripheral)
7106,0.0005614035087719298,6.456089594388524e-05,7.57961562229938e-05,4,9,0.375,-0.09760367786544846,Khac (Peripheral)
98,0.0002807017543859649,3.7256364106094153e-06,4.876081696551367e-05,2,16,0.0,-0.14312629133157528,Khac (Peripheral)
2926,0.0008421052631578947,6.704245056862594e-06,8.98588540251848e-05,6,6,0.5,-0.1498171939372214,Khac (Peripheral)
4291,0.0029473684210526313,6.086587818272038e-05,0.00023052129993222968,21,4,0.0,0.8904220216326628,Khac (Peripheral)
3853,0.00014035087719298245,0.0,3.0605078811762335e-05,1,3,0.0,-0.5587867256689831,Khac (Peripheral)
1492,0.0005614035087719298,0.00015365629258302373,0.00012651987259226902,4,4,0.375,-0.31638517383463,Khac (Peripheral)
2062,0.0011228070175438596,0.0002901026775920096,0.000114070705649526,8,4,0.8125,-0.38343001802725735,Streamer Cau noi (Bridge)
143,0.0011228070175438596,0.00010832027837718841,0.00011916285455103396,8,16,0.5,0.03529896973110142,Khac (Peripheral)
4975,0.00014035087719298245,0.0,3.327280235636955e-05,1,9,0.0,-0.2584446315564888,Khac (Peripheral)
196,0.00042105263157894734,3.1018142178918163e-06,5.9361904977065524e-05,3,9,0.4444444444444444,-0.1780241547109686,Khac (Peripheral)
4875,0.0008421052631578947,0.00020191720680422457,9.135289417009089e-05,6,3,0.6111111111111112,-0.21756040548587458,Khac (Peripheral)
6755,0.004491228070175438,0.0005996276106230246,0.00037408576879551273,32,3,0.466796875,3.1947027963452115,Khac (Peripheral)
80,0.0023859649122807015,0.0016332946057580518,0.00028001839130995887,17,4,0.6782006920415224,0.08588389132113426,Streamer Cau noi (Bridge)
5118,0.0002807017543859649,3.032106141187966e-06,4.9027322585275065e-05,2,2,0.5,-0.6448606735457089,Khac (Peripheral)
5668,0.00042105263157894734,9.02499560345741e-06,5.6475264829130634e-05,3,0,0.4444444444444444,-0.5433669491892589,Khac (Peripheral)
1009,0.0009824561403508772,0.00015331948176726433,0.00011864820104171792,7,1,0.0,-0.020379584347554196,Khac (Peripheral)
6709,0.00014035087719298245,0.0,3.5276276454791736e-05,1,6,0.0,-0.3626457370892153,Khac (Peripheral)
6603,0.00014035087719298245,0.0,3.367322090753e-05,1,9,0.0,-0.2584446315564888,Khac (Peripheral)
2795,0.0002807017543859649,7.890669885158485e-06,4.50154533427256e-05,2,16,0.5,-0.23233892186291363,Khac (Peripheral)
7102,0.00014035087719298245,0.0,3.2368938213109476e-05,1,1,0.0,-0.7142676008076517,Khac (Peripheral)
4713,0.0011228070175438596,9.989427573580468e-05,0.000120738164182161,8,5,0.75,-0.5316210498898012,Streamer Cau noi (Bridge)
46,0.001263157894736842,6.250154714327451e-05,0.00012161763874892781,9,9,0.19753086419753085,0.3044987063621523,Khac (Peripheral)
1830,0.0002807017543859649,1.3247550436241137e-06,4.4724822077377445e-05,2,6,0.5,-0.3626457370892153,Khac (Peripheral)
4073,0.0005614035087719298,6.495374181976859e-05,6.858181790934859e-05,4,1,0.625,-0.5986195980643021,Streamer Cau noi (Bridge)
1372,0.00014035087719298245,0.0,3.45853318842116e-05,1,9,0.0,-0.2584446315564888,Khac (Peripheral)
4140,0.012771929824561403,0.0028389316618819905,0.0012511102903774531,91,4,0.6306001690617076,2.7676776590262295,Khac (Peripheral)
1937,0.00014035087719298245,0.0,3.173780794316671e-05,1,1,0.0,-0.7142676008076517,Khac (Peripheral)
962,0.0002807017543859649,1.4573560247142003e-06,4.590656926448626e-05,2,0,0.5,-0.5433669491892589,Khac (Peripheral)
2964,0.00042105263157894734,1.5165549908721457e-05,5.617072996825949e-05,3,16,0.4444444444444444,-0.23233892186291363,Khac (Peripheral)
1136,0.00042105263157894734,8.558386249107798e-06,5.521636496863079e-05,3,4,0.4444444444444444,-0.38343001802725735,Khac (Peripheral)
37,0.0005614035087719298,5.331891509280623e-05,6.490352693552527e-05,4,9,0.625,-0.1780241547109686,Streamer Cau noi (Bridge)
6636,0.00014035087719298245,0.0,3.4309143295657844e-05,1,1,0.0,-0.7142676008076517,Khac (Peripheral)
5874,0.0009824561403508772,2.612722299992109e-05,9.285451244125739e-05,7,5,0.6122448979591837,-0.38256841907957656,Khac (Peripheral)
4017,0.0002807017543859649,0.0,5.801116051956751e-05,2,9,0.0,-0.1780241547109686,Khac (Peripheral)
4572,0.0018245614035087717,0.00032031085509621457,0.00018300225439060633,13,3,0.7218934911242603,0.29427907478878834,Streamer Cau noi (Bridge)
1710,0.0005614035087719298,1.9668237938013393e-05,7.243076417823895e-05,4,3,0.375,-0.21756040548587458,Khac (Peripheral)
4322,0.00014035087719298245,0.0,3.169413544211386e-05,1,5,0.0,-0.6061473652949135,Khac (Peripheral)
868,0.0002807017543859649,6.435927650010244e-07,5.387674548050615e-05,2,2,0.5,-0.6448606735457089,Khac (Peripheral)
6380,0.0019649122807017545,0.0002906425687004648,0.0001792979389228837,14,6,0.7448979591836735,-0.2207600416545527,Streamer Cau noi (Bridge)
4550,0.0005614035087719298,0.0,6.18511297139425e-05,4,4,0.0,-0.24934032964200262,Khac (Peripheral)
6020,0.0016842105263157893,0.00018747830015075178,0.00019241980621032028,12,2,0.29166666666666663,2.3252917228442325,Khac (Peripheral)
889,0.00014035087719298245,0.0,3.4809171393584626e-05,1,4,0.0,-0.45047486221988475,Khac (Peripheral)
270,0.0002807017543859649,0.0,4.4167424540107536e-05,2,3,0.5,-0.5587867256689831,Khac (Peripheral)
1901,0.001263157894736842,9.114894684187944e-05,0.00012663745281448098,9,5,0.7160493827160495,-0.38256841907957656,Streamer Cau noi (Bridge)
241,0.00014035087719298245,0.0,7.518833135909481e-05,1,8,0.0,-0.7985918306870473,Khac (Peripheral)
2591,0.003789473684210526,0.0012422091642072365,0.0003128848911269092,27,6,0.7270233196159122,0.34678274008409776,Streamer Cau noi (Bridge)
137,0.0009824561403508772,4.687467130983447e-05,0.00010669409234780165,7,4,0.6122448979591837,-0.31638517383463,Khac (Peripheral)
5234,0.004631578947368421,0.002614948032399571,0.0003936439009548621,33,4,0.5601469237832875,0.8904220216326628,Khac (Peripheral)
5920,0.002105263157894737,0.0005226446308105813,0.00019430669874030668,15,5,0.7911111111111111,-0.2335157882693519,Streamer Cau noi (Bridge)
6932,0.00042105263157894734,2.5042971360736338e-05,6.1013654056200916e-05,3,5,0.4444444444444444,-0.5316210498898012,Khac (Peripheral)
4105,0.00014035087719298245,0.0,3.9685038284261514e-05,1,4,0.0,-0.45047486221988475,Khac (Peripheral)
789,0.0005614035087719298,3.1976370769169e-05,7.775249882143318e-05,4,15,0.625,-0.3322541788802534,Streamer Cau noi (Bridge)
642,0.00014035087719298245,0.0,3.2574193306752214e-05,1,3,0.0,-0.5587867256689831,Khac (Peripheral)
4162,0.00042105263157894734,2.4096964405735793e-05,5.624930236258069e-05,3,13,0.4444444444444444,-0.7589626047638253,Khac (Peripheral)
6745,0.0011228070175438596,2.3602933008594638e-05,0.00010510108974191813,8,4,0.0,0.018839047128506894,Khac (Peripheral)
2986,0.00014035087719298245,0.0,5.453698394445106e-05,1,9,0.0,-0.2584446315564888,Khac (Peripheral)
3671,0.0002807017543859649,1.1697548193898558e-07,5.970385991149636e-05,2,16,0.5,-0.23233892186291363,Khac (Peripheral)
1292,0.0007017543859649122,1.4615770343808196e-05,8.127895258828236e-05,5,4,0.56,-0.31638517383463,Khac (Peripheral)
4125,0.0007017543859649122,4.533198184464195e-06,7.419161020875245e-05,5,4,0.0,-0.18229548544937524,Khac (Peripheral)
6572,0.00014035087719298245,0.0,3.22462713097926e-05,1,9,0.0,-0.2584446315564888,Khac (Peripheral)
2672,0.00014035087719298245,0.0,3.2484633243274565e-05,1,6,0.0,-0.3626457370892153,Khac (Peripheral)
5487,0.0005614035087719298,2.156195154687584e-06,6.369265890512163e-05,4,16,0.625,-0.14312629133157528,Streamer Cau noi (Bridge)
5042,0.0005614035087719298,1.2288610623326633e-05,6.89118223698342e-05,4,1,0.625,-0.5986195980643021,Streamer Cau noi (Bridge)
1665,0.001543859649122807,0.00037810811363595117,0.00014364382355113738,11,9,0.44628099173553715,0.3044987063621523,Khac (Peripheral)
2192,0.00042105263157894734,4.8094732730172975e-06,5.871640878741791e-05,3,9,0.0,-0.09760367786544846,Khac (Peripheral)
2045,0.0002807017543859649,5.67987127576637e-06,4.290093055274028e-05,2,4,0.5,-0.45047486221988475,Khac (Peripheral)
2454,0.0008421052631578947,3.2333912678666364e-05,9.354485222246301e-05,6,6,0.6111111111111112,-0.29170288937188404,Khac (Peripheral)
4384,0.0002807017543859649,8.85610915341518e-06,4.62168549912311e-05,2,1,0.5,-0.7142676008076517,Khac (Peripheral)
2021,0.002807017543859649,0.0002933457390595622,0.0002672315836835707,20,3,0.82,0.29427907478878834,Streamer Cau noi (Bridge)
55,0.0019649122807017545,0.00018453106525419702,0.00018099528357916038,14,5,0.4387755102040817,0.06458947335109738,Khac (Peripheral)
177,0.003087719298245614,0.0004364503005021438,0.0002503268011564263,22,1,0.628099173553719,0.44221242662584415,Streamer Cau noi (Bridge)
7050,0.00014035087719298245,0.0,3.2385891955629855e-05,1,6,0.0,-0.3626457370892153,Khac (Peripheral)
4132,0.00014035087719298245,0.0,3.348283595746985e-05,1,4,0.0,-0.45047486221988475,Khac (Peripheral)
5160,0.0016842105263157893,0.00019634933949331816,0.00018389476461060382,12,2,0.29166666666666663,2.3252917228442325,Khac (Peripheral)
1974,0.0011228070175438596,0.00015829637787642965,0.0001255187479720466,8,6,0.40625,-0.00793149850255878,Khac (Peripheral)
284,0.0002807017543859649,1.0037116143148498e-05,4.446234698905348e-05,2,9,0.5,-0.2584446315564888,Khac (Peripheral)
4821,0.0002807017543859649,1.2650731452598563e-05,4.492589327924794e-05,2,16,0.5,-0.23233892186291363,Khac (Peripheral)
5930,0.0007017543859649122,3.919241987165941e-05,8.246550859935541e-05,5,13,0.31999999999999984,0.27598640173230005,Khac (Peripheral)
4835,0.00014035087719298245,0.0,3.244933290180218e-05,1,16,0.0,-0.23233892186291363,Khac (Peripheral)
3651,0.002807017543859649,0.00044287205015282495,0.00025639360908597555,20,6,0.7,0.13395419693210384,Streamer Cau noi (Bridge)
6659,0.003789473684210526,0.00029964956262032796,0.00030074664063658296,27,5,0.47736625514403286,0.7353263119971083,Khac (Peripheral)
6531,0.0011228070175438596,0.00034989484190980273,0.00014419221561483454,8,9,0.65625,-0.0171832010199283,Streamer Cau noi (Bridge)
3248,0.0008421052631578947,3.527473708137506e-05,8.03020612507684e-05,6,5,0.2777777777777777,-0.3080421036744642,Khac (Peripheral)
5015,0.0018245614035087717,0.00039132333735785764,0.00017509379308899934,13,9,0.7928994082840237,0.06323727582559185,Streamer Cau noi (Bridge)
6602,0.0005614035087719298,4.198101665289697e-06,8.07348104582127e-05,4,9,0.0,-0.0171832010199283,Khac (Peripheral)
323,0.00014035087719298245,0.0,3.315117180546457e-05,1,16,0.0,-0.23233892186291363,Khac (Peripheral)
4387,0.0011228070175438596,2.1833405130925714e-05,0.0001172658169038999,8,8,0.21875,1.3121557089423832,Khac (Peripheral)
6286,0.001543859649122807,8.821409073790877e-05,0.00014018049639984053,11,1,0.4297520661157025,0.09526841839579539,Khac (Peripheral)
3015,0.001263157894736842,2.2503326820248752e-05,0.00012126173262329377,9,10,0.49382716049382713,0.42588628212452595,Khac (Peripheral)
1485,0.0005614035087719298,9.04911466941762e-06,7.276031040291766e-05,4,9,0.625,-0.1780241547109686,Streamer Cau noi (Bridge)
5005,0.0002807017543859649,1.3222800089420808e-06,4.4216825664765275e-05,2,2,0.5,-0.6448606735457089,Khac (Peripheral)
1643,0.0033684210526315787,0.0005173956757047157,0.00029831033019931427,24,1,0.5069444444444444,1.020452440342592,Khac (Peripheral)
1656,0.0005614035087719298,7.241060729774414e-06,6.425291779304516e-05,4,5,0.625,-0.5316210498898012,Streamer Cau noi (Bridge)
6624,0.0002807017543859649,0.0,5.218571149824754e-05,2,5,0.0,-0.5316210498898012,Khac (Peripheral)
1557,0.002245614035087719,0.00046919015050026375,0.00019415573246510541,16,3,0.8359375,-0.21756040548587458,Streamer Cau noi (Bridge)
3996,0.004070175438596491,0.0005235899294609759,0.00035267736650172347,29,1,0.4137931034482759,1.7143404568026896,Khac (Peripheral)
6739,0.0005614035087719298,1.800230210615038e-06,6.730054697208584e-05,4,16,0.0,0.03529896973110142,Khac (Peripheral)
2343,0.00042105263157894734,4.187091300133548e-06,5.241503777969813e-05,3,6,0.6666666666666667,-0.3626457370892153,Streamer Cau noi (Bridge)
5758,0.001263157894736842,0.00012846221828184906,0.00012180111138851443,9,5,0.6419753086419753,-0.3080421036744642,Streamer Cau noi (Bridge)
6357,0.01375438596491228,0.0057276010350186075,0.0011558280792321473,98,5,0.6180758017492711,3.716378928201601,Khac (Peripheral)
1165,0.00575438596491228,0.001523089274434543,0.00048170852337264743,41,6,0.3807257584770969,1.8365825421480553,Khac (Peripheral)
3102,0.00014035087719298245,0.0,4.5750408556643676e-05,1,1,0.0,-0.7142676008076517,Khac (Peripheral)
2981,0.00014035087719298245,0.0,3.3130037804284954e-05,1,14,0.0,-0.5111872250074323,Khac (Peripheral)
4371,0.0005614035087719298,0.00020420730120077266,7.569533130882318e-05,4,6,0.625,-0.29170288937188404,Streamer Cau noi (Bridge)
3718,0.00014035087719298245,0.0,3.222619357551623e-05,1,13,0.0,-0.7589626047638253,Khac (Peripheral)
7025,0.0002807017543859649,7.698447074713426e-07,4.562306966809178e-05,2,14,0.5,-0.5111872250074323,Khac (Peripheral)
1023,0.0002807017543859649,1.5003908198297902e-06,4.4731970924437375e-05,2,14,0.5,-0.5111872250074323,Khac (Peripheral)
1464,0.004210526315789474,0.00047537675081634894,0.0003403518549242308,30,4,0.5977777777777777,0.6892874890547807,Khac (Peripheral)
1500,0.00014035087719298245,0.0,3.076039512212913e-05,1,6,0.0,-0.3626457370892153,Khac (Peripheral)
5663,0.00042105263157894734,3.7022382494071334e-05,5.573146121898581e-05,3,14,0.6666666666666667,-0.5111872250074323,Streamer Cau noi (Bridge)
3401,0.06526315789473684,0.07190202157643223,0.006664533972347633,465,9,0.7332824604000463,17.594901228148984,Khac (Peripheral)
917,0.0014035087719298245,3.0596938415768815e-05,0.0001314361998635752,10,16,0.6799999999999999,0.12451160026243978,Streamer Cau noi (Bridge)
3104,0.0018245614035087717,8.628936571458192e-05,0.00018464894549423305,13,1,0.2721893491124261,0.44221242662584415,Khac (Peripheral)
278,0.00042105263157894734,6.148952133093893e-05,6.603586573803721e-05,3,9,0.4444444444444444,-0.1780241547109686,Khac (Peripheral)
5619,0.0014035087719298245,0.00018240181957990888,0.00013439175224576772,10,6,0.74,-0.2207600416545527,Streamer Cau noi (Bridge)
2515,0.0007017543859649122,0.00013474798868095075,8.047376671973951e-05,5,9,0.56,-0.09760367786544846,Khac (Peripheral)
4479,0.006596491228070175,0.00032964067782705454,0.0004927144079620093,47,4,0.23268447261204162,2.2313189054852103,Khac (Peripheral)
5969,0.015157894736842105,0.007507968921407401,0.001243771208547811,108,14,0.8266460905349795,2.9609501752892453,Khac (Peripheral)
1213,0.0008421052631578947,0.00013281847612648518,8.73531830252355e-05,6,3,0.7222222222222222,-0.3881735655774289,Streamer Cau noi (Bridge)
6867,0.002526315789473684,0.0006112208703685427,0.0002460861292831181,18,14,0.691358024691358,0.3889965454398545,Streamer Cau noi (Bridge)
821,0.0002807017543859649,3.3078442553678136e-07,4.974583806446145e-05,2,0,0.5,-0.5433669491892589,Khac (Peripheral)
33,0.00042105263157894734,3.3398806689872886e-07,5.8332066469420405e-05,3,6,0.6666666666666667,-0.3626457370892153,Streamer Cau noi (Bridge)
2864,0.0018245614035087717,7.765499063518457e-05,0.0001883462277546599,13,6,0.7100591715976331,-0.00793149850255878,Streamer Cau noi (Bridge)
190,0.0016842105263157893,0.000380033625182219,0.00015858262440946285,12,4,0.6527777777777778,-0.11525064125674786,Streamer Cau noi (Bridge)
2624,0.00014035087719298245,0.0,3.4455062286672674e-05,1,5,0.0,-0.6061473652949135,Khac (Peripheral)
6179,0.00014035087719298245,0.0,3.84193292206892e-05,1,5,0.0,-0.6061473652949135,Khac (Peripheral)
1723,0.004491228070175438,0.0007757759905489127,0.00040665202367695885,32,1,0.27734375,2.2925804705194377,Khac (Peripheral)
5275,0.00014035087719298245,0.0,3.4054643862481346e-05,1,1,0.0,-0.7142676008076517,Khac (Peripheral)
4448,0.0018245614035087717,0.00020536064745395763,0.00017108724705574158,13,4,0.37869822485207094,0.15292873551376165,Khac (Peripheral)
1294,0.0009824561403508772,2.9539933102206755e-05,0.00011264080553787193,7,4,0.6122448979591837,-0.24934032964200262,Khac (Peripheral)
4800,0.0011228070175438596,0.00022113455772879154,0.0001395198069362402,8,4,0.53125,-0.18229548544937524,Khac (Peripheral)
3520,0.009543859649122806,0.002080869306671329,0.0006997488542727235,68,5,0.48010380622837356,2.8965894587453658,Khac (Peripheral)
6912,0.00014035087719298245,0.0,3.4703953978141555e-05,1,4,0.0,-0.45047486221988475,Khac (Peripheral)
5312,0.008140350877192983,0.0018959435086196752,0.0006485838445639239,58,5,0.6248513674197385,1.8532210430737932,Streamer Cau noi (Bridge)
6925,0.005052631578947368,0.002580629033224338,0.0005719213160067343,36,4,0.5709876543209877,1.0245117100179175,Khac (Peripheral)
3178,0.0002807017543859649,0.0,4.5298851187324765e-05,2,4,0.5,-0.45047486221988475,Khac (Peripheral)
1784,0.00042105263157894734,3.438149248264461e-05,5.6859651395170977e-05,3,9,0.6666666666666667,-0.2584446315564888,Streamer Cau noi (Bridge)
5686,0.003087719298245614,0.0004914647011037449,0.0002784328527216301,22,6,0.5041322314049588,0.630554130953423,Khac (Peripheral)
6109,0.0005614035087719298,7.431719609331113e-05,6.900117364092855e-05,4,16,0.75,-0.23233892186291363,Streamer Cau noi (Bridge)
1036,0.0002807017543859649,0.00014037057832678272,0.00010269402490765691,2,2,0.0,-0.31484374061349313,Khac (Peripheral)
2183,0.0007017543859649122,5.9732568587491024e-06,7.873204546485508e-05,5,14,0.72,-0.3825895435149627,Streamer Cau noi (Bridge)
166,0.049403508771929824,0.03333562562037817,0.004208952264947628,352,4,0.37109375,18.1209469791379,Khac (Peripheral)
1472,0.009543859649122806,0.0014934799845867446,0.0007908570692224586,68,6,0.546712802768166,2.758839562473362,Khac (Peripheral)
1873,0.0007017543859649122,5.702593578416295e-06,7.416587870280829e-05,5,6,0.0,-0.07887434621989009,Khac (Peripheral)
1516,0.0002807017543859649,2.7754639100895573e-06,4.696964355332322e-05,2,16,0.0,-0.14312629133157528,Khac (Peripheral)
1477,0.0011228070175438596,0.00021504907311694046,0.00013298639443387383,8,1,0.6875,-0.4829715953209526,Streamer Cau noi (Bridge)
3303,0.0007017543859649122,3.581443144089704e-05,7.645036973945088e-05,5,6,0.6399999999999999,-0.29170288937188404,Streamer Cau noi (Bridge)
2865,0.0008421052631578947,4.2337683927895754e-05,9.273324518819824e-05,6,4,0.7777777777777778,-0.38343001802725735,Streamer Cau noi (Bridge)
3952,0.00014035087719298245,0.0,3.413139254102529e-05,1,1,0.0,-0.7142676008076517,Khac (Peripheral)
3709,0.002526315789473684,0.0005930740474711546,0.00020806728938641637,18,5,0.6234567901234568,0.06458947335109738,Streamer Cau noi (Bridge)
2490,0.002526315789473684,0.0009417397681765062,0.00024247719912488556,18,16,0.8024691358024691,0.03529896973110142,Streamer Cau noi (Bridge)
3515,0.0002807017543859649,1.6966187374936358e-07,4.765298045151247e-05,2,6,0.5,-0.3626457370892153,Khac (Peripheral)
3381,0.0007017543859649122,5.940749093723433e-06,7.995174791833057e-05,5,6,0.0,-0.07887434621989009,Khac (Peripheral)
5237,0.00042105263157894734,0.00028074115665356543,8.947036020603275e-05,3,16,0.0,-0.05391366080023693,Khac (Peripheral)
3878,0.0002807017543859649,2.7031189073443143e-06,4.768955734206941e-05,2,3,0.0,-0.3881735655774289,Khac (Peripheral)
3328,0.00014035087719298245,0.0,3.1886592249642875e-05,1,14,0.0,-0.5111872250074323,Khac (Peripheral)
5586,0.0019649122807017545,0.0007609700033318166,0.0002141799073913939,14,4,0.5510204081632653,0.08588389132113426,Khac (Peripheral)
6287,0.0002807017543859649,1.7845293016918221e-06,4.6109351460075766e-05,2,9,0.0,-0.1780241547109686,Khac (Peripheral)
1824,0.00014035087719298245,0.0,3.3191517586285105e-05,1,6,0.0,-0.3626457370892153,Khac (Peripheral)
5045,0.0005614035087719298,6.709343664203399e-05,8.528785463107477e-05,4,3,0.625,-0.3881735655774289,Streamer Cau noi (Bridge)
3332,0.001263157894736842,0.00013167660273403933,0.00012466697375468407,9,16,0.7407407407407407,-0.05391366080023693,Streamer Cau noi (Bridge)
2121,0.0011228070175438596,0.00020502569787115687,0.0001206954867452126,8,9,0.21875,0.22407822951663217,Khac (Peripheral)
7014,0.0005614035087719298,5.6733523362913985e-06,6.599307559577507e-05,4,9,0.625,-0.2584446315564888,Streamer Cau noi (Bridge)
6414,0.0002807017543859649,2.320191268598084e-06,4.1370406514702995e-05,2,9,0.5,-0.2584446315564888,Khac (Peripheral)
4672,0.00042105263157894734,2.227631085691291e-05,5.74511461756507e-05,3,14,0.4444444444444444,-0.3825895435149627,Khac (Peripheral)
1662,0.00014035087719298245,0.0,3.538430091950589e-05,1,15,0.0,-0.6360721892977823,Khac (Peripheral)
4318,0.0019649122807017545,3.576293315616342e-05,0.00015794547179665992,14,1,0.2551020408163266,0.5578604293691938,Khac (Peripheral)
618,0.0005614035087719298,1.70550968592622e-05,6.814305381390891e-05,4,16,0.625,-0.14312629133157528,Streamer Cau noi (Bridge)
1958,0.001543859649122807,6.568159012888e-05,0.00012949945007715378,11,5,0.6942148760330579,-0.3080421036744642,Streamer Cau noi (Bridge)
4393,0.0032280701754385964,9.550169717416725e-05,0.00024185434734059477,23,1,0.2986767485822307,1.3673964485726409,Khac (Peripheral)
1735,0.00042105263157894734,1.2984304730040145e-06,5.1947362700736885e-05,3,0,0.6666666666666667,-0.5433669491892589,Streamer Cau noi (Bridge)
3831,0.0005614035087719298,0.001393214698473248,9.804971815674528e-05,4,1,0.375,-0.4829715953209526,Khac (Peripheral)
6146,0.0002807017543859649,0.0,4.4802128571444265e-05,2,16,0.0,-0.14312629133157528,Khac (Peripheral)
4607,0.0007017543859649122,2.7103375125006085e-05,7.870995177585078e-05,5,5,0.72,-0.6061473652949135,Streamer Cau noi (Bridge)
6872,0.0019649122807017545,0.00012081803846564685,0.00018390631898253492,14,1,0.4693877551020408,0.32656442388249457,Khac (Peripheral)
2769,0.0016842105263157893,0.00019822780798905943,0.00014261177347935216,12,6,0.5833333333333333,0.06301134921477253,Khac (Peripheral)
4662,0.0009824561403508772,3.215978679523192e-05,9.469519103167571e-05,7,6,0.44897959183673464,-0.07887434621989009,Khac (Peripheral)
2110,0.0005614035087719298,0.0001485933450252102,0.00010153288630986195,4,9,0.625,-0.1780241547109686,Streamer Cau noi (Bridge)
4760,0.001263157894736842,0.00011499672156256299,0.00012886932307304403,9,1,0.6666666666666667,-0.36732359257760294,Streamer Cau noi (Bridge)
4772,0.00014035087719298245,0.0,3.5586108857642153e-05,1,16,0.0,-0.23233892186291363,Khac (Peripheral)
2313,0.00014035087719298245,0.0,3.388381100216191e-05,1,2,0.0,-0.6448606735457089,Khac (Peripheral)
1883,0.02119298245614035,0.011895055302948767,0.0019678070830009527,151,9,0.7968948730318846,4.16468159494712,Khac (Peripheral)
1234,0.0009824561403508772,7.299071271619329e-06,0.00010393308293587664,7,1,0.0,-0.020379584347554196,Khac (Peripheral)
1255,0.0008421052631578947,5.415775041359553e-05,9.17665667168425e-05,6,16,0.4444444444444444,0.03529896973110142,Khac (Peripheral)
6292,0.00042105263157894734,1.177353841623188e-07,5.167418181910154e-05,3,6,0.0,-0.2207600416545527,Khac (Peripheral)
308,0.0002807017543859649,1.1468568013312177e-06,4.6647295987110055e-05,2,14,0.5,-0.5111872250074323,Khac (Peripheral)
7078,0.00042105263157894734,1.147843845187042e-06,5.6849245788479776e-05,3,1,0.0,-0.4829715953209526,Khac (Peripheral)
184,0.002245614035087719,0.0002712145402143318,0.0002008836092800695,16,1,0.5,0.44221242662584415,Khac (Peripheral)
2324,0.00014035087719298245,0.0,3.4016970738927685e-05,1,6,0.0,-0.3626457370892153,Khac (Peripheral)
594,0.00042105263157894734,0.00015226160831546113,6.071700444393129e-05,3,9,0.4444444444444444,-0.1780241547109686,Khac (Peripheral)
3447,0.0007017543859649122,4.6710881103899035e-05,8.053573294350679e-05,5,9,0.31999999999999984,-0.0171832010199283,Khac (Peripheral)
5979,0.009684210526315788,0.0051961629535915484,0.0008156443691103186,69,4,0.6788489813064482,1.8960946845220736,Streamer Cau noi (Bridge)
2450,0.0023859649122807015,0.00022018129799445668,0.00022693513099842903,17,3,0.6920415224913494,0.46489223488034265,Streamer Cau noi (Bridge)
3250,0.00014035087719298245,0.0,3.172328197713814e-05,1,9,0.0,-0.2584446315564888,Khac (Peripheral)
3838,0.004210526315789474,0.0007785291663306668,0.00032282682013997635,30,1,0.5622222222222222,1.3673964485726409,Khac (Peripheral)
1798,0.00014035087719298245,0.0,3.3193449332733915e-05,1,9,0.0,-0.2584446315564888,Khac (Peripheral)
983,0.0002807017543859649,1.0196021262460443e-05,4.293561812054778e-05,2,16,0.5,-0.23233892186291363,Khac (Peripheral)
2279,0.0011228070175438596,0.0009840571577633373,0.00012422885858539843,8,13,0.75,-0.4139796025984502,Streamer Cau noi (Bridge)
2890,0.00014035087719298245,0.0,3.5142903328433305e-05,1,4,0.0,-0.45047486221988475,Khac (Peripheral)
4185,0.0009824561403508772,1.444333508379835e-05,0.00010390704844847914,7,2,0.6122448979591837,0.34519012525093823,Khac (Peripheral)
6913,0.00042105263157894734,4.890476328815229e-06,5.232751433065966e-05,3,5,0.4444444444444444,-0.5316210498898012,Khac (Peripheral)
4611,0.007017543859649122,0.0023850566229349345,0.0005866178010395954,50,14,0.3752,4.37552467170641,Khac (Peripheral)
3585,0.0032280701754385964,0.0004164674849221204,0.00028052710423230365,23,4,0.3062381852551985,0.756332333247408,Khac (Peripheral)
6225,0.0014035087719298245,0.00020317906189045576,0.00016052157116776944,10,3,0.6599999999999999,-0.04694724539432026,Streamer Cau noi (Bridge)
5988,0.0007017543859649122,0.00010221329440806862,8.08621334134882e-05,5,4,0.31999999999999984,-0.45047486221988475,Khac (Peripheral)
7096,0.0007017543859649122,1.1583589078340443e-05,7.502239374902977e-05,5,1,0.56,-0.4829715953209526,Khac (Peripheral)
6031,0.00042105263157894734,1.2490919785375672e-05,5.790673053137512e-05,3,1,0.4444444444444444,-0.7142676008076517,Khac (Peripheral)
1589,0.0002807017543859649,2.7797251700450955e-06,4.385372817939001e-05,2,14,0.5,-0.5111872250074323,Khac (Peripheral)
4193,0.0011228070175438596,4.4003456560682746e-05,0.0001140936850756904,8,4,0.21875,-0.04820579706412048,Khac (Peripheral)
1808,0.003508771929824561,0.0009703934282938252,0.0003298101605585182,25,1,0.6976,0.5578604293691938,Streamer Cau noi (Bridge)
2581,0.0002807017543859649,0.00028074115665356543,8.886613753136665e-05,2,4,0.0,-0.38343001802725735,Khac (Peripheral)
2526,0.002807017543859649,0.00010128220603399452,0.00021470130974412196,20,5,0.18499999999999994,0.660799996591996,Khac (Peripheral)
2059,0.0008421052631578947,1.3055932174947781e-05,8.500403356789411e-05,6,14,0.5,-0.12539418053002366,Khac (Peripheral)
2346,0.0002807017543859649,0.0,4.7778711534576764e-05,2,5,0.0,-0.5316210498898012,Khac (Peripheral)
606,0.001543859649122807,0.00011550518097627844,0.00015678774392366185,11,14,0.743801652892562,-0.12539418053002366,Streamer Cau noi (Bridge)
4139,0.0008421052631578947,1.288785970166387e-05,7.853655024439505e-05,6,5,0.4444444444444444,-0.38256841907957656,Khac (Peripheral)
4944,0.00042105263157894734,1.1331277156152453e-05,5.512204316890471e-05,3,1,0.6666666666666667,-0.7142676008076517,Streamer Cau noi (Bridge)
6906,0.00014035087719298245,0.0,3.256935594374649e-05,1,9,0.0,-0.2584446315564888,Khac (Peripheral)
6305,0.0008421052631578947,0.0003764739271263289,0.00011257292797666035,6,13,0.7222222222222222,-0.7589626047638253,Streamer Cau noi (Bridge)
6438,0.002807017543859649,0.0014111421622662239,0.00028492717720107204,20,1,0.5700000000000001,0.5578604293691938,Khac (Peripheral)
2234,0.0008421052631578947,7.843448118372246e-07,8.182069715072327e-05,6,4,0.0,-0.11525064125674786,Khac (Peripheral)
4510,0.002105263157894737,0.0004209277126645599,0.00018859397470065862,15,15,0.6844444444444444,0.5791998523723334,Streamer Cau noi (Bridge)
4813,0.00014035087719298245,0.0,3.503491139770459e-05,1,5,0.0,-0.6061473652949135,Khac (Peripheral)
3871,0.0005614035087719298,8.89595736417015e-06,7.719819364004901e-05,4,15,0.625,-0.3322541788802534,Streamer Cau noi (Bridge)
6920,0.00014035087719298245,0.0,3.099687170004914e-05,1,6,0.0,-0.3626457370892153,Khac (Peripheral)
6364,0.0005614035087719298,5.426776511097108e-05,7.304194044400804e-05,4,16,0.375,-0.05391366080023693,Khac (Peripheral)
6754,0.00014035087719298245,0.0,3.246534344653232e-05,1,14,0.0,-0.5111872250074323,Khac (Peripheral)
5043,0.005192982456140351,0.0008199158791850378,0.0004774175123850368,37,15,0.7246165084002922,4.52883398780021,Khac (Peripheral)
6017,0.00014035087719298245,0.0,3.3197294513176624e-05,1,16,0.0,-0.23233892186291363,Khac (Peripheral)
5357,0.00042105263157894734,0.0,5.130510772868803e-05,3,9,0.4444444444444444,-0.1780241547109686,Khac (Peripheral)
6934,0.0008421052631578947,0.00014260975637971293,9.904556429148768e-05,6,4,0.7222222222222222,-0.38343001802725735,Streamer Cau noi (Bridge)
5300,0.0005614035087719298,1.7812358830763817e-05,6.187208859518493e-05,4,9,0.625,-0.2584446315564888,Streamer Cau noi (Bridge)
6557,0.00014035087719298245,0.0,3.569269433828593e-05,1,9,0.0,-0.2584446315564888,Khac (Peripheral)
1852,0.00042105263157894734,3.4950570255276804e-06,6.144018746332329e-05,3,9,0.4444444444444444,-0.1780241547109686,Khac (Peripheral)
1737,0.0008421052631578947,3.008742899474565e-05,9.555485119538314e-05,6,14,0.2777777777777777,0.003203500962445893,Khac (Peripheral)
3780,0.00042105263157894734,4.335284139499193e-06,6.0701791781591125e-05,3,9,0.6666666666666667,-0.2584446315564888,Streamer Cau noi (Bridge)
1679,0.0023859649122807015,0.00020636514943468256,0.0002146117291049651,17,6,0.71280276816609,0.13395419693210384,Streamer Cau noi (Bridge)
5992,0.0009824561403508772,2.493534492592929e-05,0.00010000409304571259,7,0,0.6938775510204083,-0.2570494701082677,Streamer Cau noi (Bridge)
1892,0.0005614035087719298,6.7223457310787274e-06,6.828345880733224e-05,4,16,0.375,-0.05391366080023693,Khac (Peripheral)
1573,0.0002807017543859649,2.564453606012526e-07,4.2614674764470246e-05,2,6,0.0,-0.29170288937188404,Khac (Peripheral)
4212,0.001263157894736842,0.00016226547266254092,0.00014377336209255682,9,1,0.49382716049382713,-0.1360275870909038,Khac (Peripheral)
7021,0.004771929824561403,0.0002146906479166358,0.00035350730558423953,34,5,0.5588235294117647,0.8098526274022206,Khac (Peripheral)
356,0.001263157894736842,5.78758285529436e-05,0.00011815520193702755,9,5,0.6172839506172839,-0.3080421036744642,Khac (Peripheral)
2550,0.0007017543859649122,4.516940292453133e-06,8.591592446406515e-05,5,1,0.56,-0.4829715953209526,Khac (Peripheral)
4529,0.0008421052631578947,2.263087137356886e-05,8.887210375259561e-05,6,0,0.7777777777777778,-0.2570494701082677,Streamer Cau noi (Bridge)
6848,0.0009824561403508772,1.807326278352555e-05,9.871563473722061e-05,7,5,0.44897959183673464,-0.3080421036744642,Khac (Peripheral)
4739,0.00014035087719298245,0.0,3.38572039146533e-05,1,6,0.0,-0.3626457370892153,Khac (Peripheral)
4412,0.00014035087719298245,0.0,3.1400420338649146e-05,1,5,0.0,-0.6061473652949135,Khac (Peripheral)
1353,0.00042105263157894734,1.479727320933377e-06,6.67489673113104e-05,3,1,0.4444444444444444,-0.5986195980643021,Khac (Peripheral)
5236,0.0009824561403508772,3.633521263966993e-05,9.702048327950057e-05,7,1,0.44897959183673464,-0.25167558983425337,Khac (Peripheral)
795,0.0018245614035087717,0.00020375608063911984,0.0001661489360817804,13,16,0.485207100591716,0.48136212238779325,Khac (Peripheral)
2405,0.0002807017543859649,3.821035827739117e-06,5.185858145078347e-05,2,2,0.5,-0.6448606735457089,Khac (Peripheral)
57,0.0018245614035087717,9.51948775392769e-05,0.0001737210097768214,13,1,0.7337278106508875,-0.25167558983425337,Streamer Cau noi (Bridge)
671,0.00014035087719298245,0.0,3.787232723701568e-05,1,4,0.0,-0.45047486221988475,Khac (Peripheral)
7026,0.00014035087719298245,0.0,3.2695148349424987e-05,1,9,0.0,-0.2584446315564888,Khac (Peripheral)
2822,0.0029473684210526313,0.00045373897503050775,0.00026301158963259525,21,4,0.1768707482993197,0.756332333247408,Khac (Peripheral)
788,0.002526315789473684,0.000215630893111174,0.00021745361007972328,18,6,0.6851851851851851,0.20489704464943517,Streamer Cau noi (Bridge)
2960,0.003789473684210526,0.001995187808457109,0.0003402675021406588,27,14,0.8367626886145405,0.13180118245491543,Streamer Cau noi (Bridge)
6497,0.0005614035087719298,7.436150739513973e-05,7.643755595579074e-05,4,9,0.625,-0.1780241547109686,Streamer Cau noi (Bridge)
6891,0.0005614035087719298,6.095556954638106e-06,7.45951564362896e-05,4,9,0.375,-0.09760367786544846,Khac (Peripheral)
4773,0.00014035087719298245,0.0,3.70273016102991e-05,1,9,0.0,-0.2584446315564888,Khac (Peripheral)
6408,0.00042105263157894734,4.1994364888501214e-05,6.540659846113143e-05,3,4,0.4444444444444444,-0.38343001802725735,Khac (Peripheral)
438,0.0002807017543859649,0.0,4.538648062736164e-05,2,16,0.5,-0.23233892186291363,Khac (Peripheral)
514,0.00014035087719298245,0.0,3.3745437107403925e-05,1,6,0.0,-0.3626457370892153,Khac (Peripheral)
1002,0.004070175438596491,0.0003806367352423975,0.0002981637994052025,29,5,0.5493460166468489,0.660799996591996,Khac (Peripheral)
3967,0.002526315789473684,0.00012893982787963906,0.0002128409635403035,18,14,0.6419753086419753,0.3889965454398545,Streamer Cau noi (Bridge)
1556,0.00042105263157894734,0.00014146209671881744,7.864053481705007e-05,3,9,0.4444444444444444,-0.1780241547109686,Khac (Peripheral)
5088,0.0002807017543859649,5.789504945326565e-07,4.1269834898424614e-05,2,1,0.0,-0.5986195980643021,Khac (Peripheral)
3562,0.00014035087719298245,0.0,3.263458656038808e-05,1,9,0.0,-0.2584446315564888,Khac (Peripheral)
6812,0.005614035087719298,0.0009032273602301564,0.0004278871615618938,40,5,0.5549999999999999,1.2570105198328945,Khac (Peripheral)
4366,0.0033684210526315787,0.0005434927327089004,0.00026929961649479496,24,1,0.45486111111111105,1.1361004430859416,Khac (Peripheral)
2602,0.0016842105263157893,0.00017613332353274877,0.00017197201532382088,12,5,0.611111111111111,-0.1589894728642396,Khac (Peripheral)
1660,0.00042105263157894734,9.320747754041082e-06,5.4221442181591196e-05,3,9,0.6666666666666667,-0.2584446315564888,Streamer Cau noi (Bridge)
891,0.00042105263157894734,3.2287452628210224e-06,6.260593506029734e-05,3,16,0.0,-0.05391366080023693,Khac (Peripheral)
2942,0.0002807017543859649,2.1343641384080717e-06,5.987379453292159e-05,2,13,0.0,-0.4139796025984502,Khac (Peripheral)
2674,0.0008421052631578947,0.00022324987583630064,9.556410736795922e-05,6,13,0.6666666666666667,-0.7589626047638253,Streamer Cau noi (Bridge)
5058,0.0002807017543859649,2.364780939319774e-06,4.817693790549187e-05,2,8,0.5,-0.7985918306870473,Khac (Peripheral)
2326,0.002245614035087719,0.00023690582887404097,0.00021243795748998161,16,5,0.578125,0.06458947335109738,Khac (Peripheral)
182,0.0054736842105263155,0.0034084199041723826,0.0005219095417411898,39,13,0.7679158448389217,3.7258164233860516,Khac (Peripheral)
2577,0.0023859649122807015,0.00035206532576110406,0.00020762841712455008,17,6,0.6782006920415224,0.20489704464943517,Streamer Cau noi (Bridge)
6193,0.0023859649122807015,0.0005462524598535489,0.0002757443358873269,17,8,0.6920415224913494,1.6639469655472885,Streamer Cau noi (Bridge)
1350,0.001543859649122807,0.0003380700787285113,0.00014760519776158972,11,9,0.7272727272727273,0.06323727582559185,Streamer Cau noi (Bridge)
4982,0.00014035087719298245,0.0,3.247150462194367e-05,1,9,0.0,-0.2584446315564888,Khac (Peripheral)
1934,0.0019649122807017545,0.0017770331273675947,0.00018939032996102823,14,9,0.826530612244898,-0.0171832010199283,Streamer Cau noi (Bridge)
6326,0.002245614035087719,0.00028834882883577417,0.00021287902084568606,16,1,0.421875,0.5578604293691938,Khac (Peripheral)
497,0.00042105263157894734,4.896895389795267e-05,7.679024540400586e-05,3,0,0.4444444444444444,-0.2570494701082677,Khac (Peripheral)
3750,0.0009824561403508772,0.00016328034211382584,0.00011103102739133074,7,9,0.44897959183673464,0.06323727582559185,Khac (Peripheral)
1280,0.0007017543859649122,1.6315818849719437e-05,7.333644511519342e-05,5,5,0.56,-0.4570947344846889,Khac (Peripheral)
5694,0.00014035087719298245,0.0,3.338628045939249e-05,1,9,0.0,-0.2584446315564888,Khac (Peripheral)
4249,0.0016842105263157893,0.0005455764357102545,0.0001561752774652802,12,15,0.6527777777777778,-0.6360721892977823,Streamer Cau noi (Bridge)
4998,0.0002807017543859649,1.8446245437587953e-06,4.97580653565402e-05,2,16,0.5,-0.23233892186291363,Khac (Peripheral)
2325,0.0009824561403508772,1.2486187342245726e-05,0.00010247367944507155,7,14,0.6122448979591837,-0.12539418053002366,Khac (Peripheral)
202,0.0008421052631578947,0.0001318273602132596,0.00010840621293982459,6,9,0.6666666666666667,-0.09760367786544846,Streamer Cau noi (Bridge)
3365,0.0002807017543859649,1.7415754227319863e-05,5.011921551213261e-05,2,2,0.5,-0.6448606735457089,Khac (Peripheral)
3243,0.0054736842105263155,0.00037732833956088203,0.0004082247025493347,39,5,0.31689677843524,1.7041684122635685,Khac (Peripheral)
4256,0.0029473684210526313,0.0005066528880942655,0.00023977931455432372,21,5,0.743764172335601,-0.009936842054014941,Streamer Cau noi (Bridge)
3208,0.00014035087719298245,0.0,3.1981631518341884e-05,1,5,0.0,-0.6061473652949135,Khac (Peripheral)
5627,0.001543859649122807,0.00016078359454645792,0.00014770602195850354,11,5,0.6611570247933884,-0.2335157882693519,Streamer Cau noi (Bridge)
3286,0.0002807017543859649,7.2984589631458e-07,4.990051558472652e-05,2,0,0.5,-0.5433669491892589,Khac (Peripheral)
1829,0.0008421052631578947,1.3703795191427746e-05,8.753758701410184e-05,6,6,0.6666666666666667,-0.29170288937188404,Streamer Cau noi (Bridge)
6845,0.0007017543859649122,5.866080483168637e-06,9.086110344685068e-05,5,4,0.0,-0.18229548544937524,Khac (Peripheral)
3744,0.002105263157894737,0.0001820600170519413,0.0001774890712035001,15,5,0.6666666666666666,-0.1589894728642396,Streamer Cau noi (Bridge)
4601,0.0011228070175438596,5.079917634023216e-05,0.00011917729302399652,8,10,0.21875,1.0319552220709667,Khac (Peripheral)
764,0.001543859649122807,0.0003499975398237239,0.0001769859718167447,11,4,0.7272727272727273,-0.18229548544937524,Streamer Cau noi (Bridge)
6219,0.00014035087719298245,0.0,3.4874079637920395e-05,1,6,0.0,-0.3626457370892153,Khac (Peripheral)
1572,0.00014035087719298245,0.0,3.275396801258392e-05,1,3,0.0,-0.5587867256689831,Khac (Peripheral)
5607,0.00042105263157894734,1.565650620732491e-07,5.5744203367360414e-05,3,10,0.0,-0.18018265782191487,Khac (Peripheral)
2978,0.0009824561403508772,1.5593209788186973e-05,0.0001022248063972098,7,0,0.5714285714285714,0.3155854880537148,Khac (Peripheral)
5518,0.00014035087719298245,0.0,3.3979349358448964e-05,1,5,0.0,-0.6061473652949135,Khac (Peripheral)
2825,0.013894736842105262,0.0035517533195306146,0.0011213886607628126,99,4,0.27262524232221197,5.114247205768187,Streamer Trung tam (Hub)
6283,0.00014035087719298245,0.0,3.108740568140634e-05,1,5,0.0,-0.6061473652949135,Khac (Peripheral)
6484,0.002105263157894737,0.00033739751303602574,0.00019591837595500528,15,8,0.72,1.3121557089423832,Streamer Cau noi (Bridge)
23,0.008140350877192983,0.0012639749976226914,0.0005743544733062833,58,5,0.5493460166468489,2.0022736738840177,Khac (Peripheral)
2254,0.003789473684210526,0.0002513206290365332,0.00027839202018292876,27,4,0.20301783264746232,1.091556554210545,Khac (Peripheral)
6036,0.00042105263157894734,8.39860643235269e-06,5.827340469563097e-05,3,4,0.4444444444444444,-0.38343001802725735,Khac (Peripheral)
2134,0.0005614035087719298,6.050775520787024e-06,6.448538928584025e-05,4,1,0.375,-0.4829715953209526,Khac (Peripheral)
6300,0.0008421052631578947,0.00018995718091610465,9.523856390559053e-05,6,9,0.6111111111111112,-0.09760367786544846,Khac (Peripheral)
1657,0.0002807017543859649,2.4814632280516126e-07,5.6021896837470334e-05,2,16,0.5,-0.23233892186291363,Khac (Peripheral)
3900,0.0026666666666666666,0.000625450861709171,0.00024383620311644463,19,1,0.3601108033240997,0.9048044375992426,Khac (Peripheral)
1690,0.0002807017543859649,0.0,4.663729203112767e-05,2,2,0.0,-0.31484374061349313,Khac (Peripheral)
2499,0.00014035087719298245,0.0,4.195747928125962e-05,1,9,0.0,-0.2584446315564888,Khac (Peripheral)
6494,0.0016842105263157893,0.0012646760201901902,0.00017905998942420844,12,3,0.6666666666666667,0.29427907478878834,Streamer Cau noi (Bridge)
5239,0.0005614035087719298,1.2508426297691884e-05,6.259029381920445e-05,4,1,0.625,-0.5986195980643021,Streamer Cau noi (Bridge)
1606,0.00014035087719298245,0.0,3.2484633243274565e-05,1,6,0.0,-0.3626457370892153,Khac (Peripheral)
4853,0.0032280701754385964,0.0003869435831601096,0.00025914425286064843,23,5,0.5368620037807184,0.437221050376659,Khac (Peripheral)
3541,0.0002807017543859649,1.737696237918021e-06,4.412582825815126e-05,2,4,0.5,-0.45047486221988475,Khac (Peripheral)
5466,0.004350877192982456,0.001635743776784831,0.0003718999010546511,31,1,0.6659729448491155,1.020452440342592,Streamer Cau noi (Bridge)
2980,0.00014035087719298245,0.0,3.343800466125634e-05,1,13,0.0,-0.7589626047638253,Khac (Peripheral)
2426,0.004070175438596491,0.0008776395438955774,0.00033598041413825564,29,5,0.35909631391200947,1.0334315736175577,Khac (Peripheral)
5336,0.00014035087719298245,0.0,3.413139254102529e-05,1,1,0.0,-0.7142676008076517,Khac (Peripheral)
3231,0.0011228070175438596,8.537895110299684e-05,0.00011623575332710306,8,1,0.21875,-0.020379584347554196,Khac (Peripheral)
3788,0.002245614035087719,0.0020156784176211234,0.000248476591899789,16,4,0.484375,0.21997357970638903,Khac (Peripheral)
3598,0.0007017543859649122,9.279836104340302e-06,7.927797009714394e-05,5,6,0.48,-0.2207600416545527,Khac (Peripheral)
6499,0.00014035087719298245,0.0,3.2574193306752214e-05,1,3,0.0,-0.5587867256689831,Khac (Peripheral)
2548,0.0023859649122807015,0.00025630241623699705,0.00020564608328160395,17,4,0.11072664359861584,0.555197800669526,Khac (Peripheral)
6954,0.00042105263157894734,0.00014107231817786148,8.29232231703316e-05,3,6,0.0,-0.2207600416545527,Khac (Peripheral)
1713,0.0009824561403508772,2.8596715662054993e-05,0.00010021695950515928,7,3,0.7346938775510204,-0.21756040548587458,Streamer Cau noi (Bridge)
7032,0.0011228070175438596,0.0001071591634537345,0.00011060555309227093,8,5,0.40625,-0.2335157882693519,Khac (Peripheral)
5798,0.00042105263157894734,0.00018532556404498996,9.555504001304037e-05,3,3,0.0,-0.21756040548587458,Khac (Peripheral)
2889,0.0007017543859649122,7.74775046879452e-05,7.449402277207072e-05,5,4,0.56,-0.31638517383463,Khac (Peripheral)
6570,0.00014035087719298245,0.0,3.5586108857642153e-05,1,16,0.0,-0.23233892186291363,Khac (Peripheral)
2764,0.0005614035087719298,8.8592215600486e-05,8.390409273067385e-05,4,1,0.375,-0.4829715953209526,Khac (Peripheral)
536,0.00014035087719298245,0.0,3.0889974168349655e-05,1,5,0.0,-0.6061473652949135,Khac (Peripheral)
5562,0.0002807017543859649,1.06165857966539e-06,4.340724531408713e-05,2,15,0.5,-0.6360721892977823,Khac (Peripheral)
6159,0.00014035087719298245,0.0,3.396332338911656e-05,1,6,0.0,-0.3626457370892153,Khac (Peripheral)
2470,0.00014035087719298245,0.0,3.2695148349424987e-05,1,9,0.0,-0.2584446315564888,Khac (Peripheral)
2319,0.00042105263157894734,1.2284476783613644e-05,5.5333632373307236e-05,3,2,0.6666666666666667,-0.6448606735457089,Streamer Cau noi (Bridge)
2765,0.00014035087719298245,0.0,3.222619357551623e-05,1,13,0.0,-0.7589626047638253,Khac (Peripheral)
3851,0.0005614035087719298,2.681120648146058e-05,6.874045904468395e-05,4,2,0.375,-0.6448606735457089,Khac (Peripheral)
662,0.00014035087719298245,0.0,3.546645797517103e-05,1,5,0.0,-0.6061473652949135,Khac (Peripheral)
6428,0.0009824561403508772,5.6359530237264916e-05,0.00010038571959679907,7,9,0.24489795918367352,0.14365775267111203,Khac (Peripheral)
1116,0.001543859649122807,0.000251346600609992,0.000153014224300534,11,1,0.7603305785123967,-0.4829715953209526,Streamer Cau noi (Bridge)
24,0.01712280701754386,0.00789832245897996,0.0014448536534223,122,5,0.5659768879333511,5.206905236303848,Khac (Peripheral)
2355,0.0005614035087719298,5.6732347388141614e-05,6.6323219378978e-05,4,6,0.625,-0.29170288937188404,Streamer Cau noi (Bridge)
3311,0.00014035087719298245,0.0,3.383642272704703e-05,1,15,0.0,-0.6360721892977823,Khac (Peripheral)
4319,0.001543859649122807,0.0002679834436703837,0.0001619481311990163,11,2,0.4297520661157025,1.665257856979801,Khac (Peripheral)
5558,0.0002807017543859649,3.3812866114387202e-06,4.415331363093773e-05,2,6,0.5,-0.3626457370892153,Khac (Peripheral)
1853,0.00014035087719298245,0.0,3.3193449332733915e-05,1,9,0.0,-0.2584446315564888,Khac (Peripheral)
6172,0.0002807017543859649,1.0722752511073678e-07,4.8447262258859546e-05,2,9,0.5,-0.2584446315564888,Khac (Peripheral)
3943,0.00042105263157894734,1.3567921047636984e-05,5.339964393073574e-05,3,0,0.6666666666666667,-0.5433669491892589,Streamer Cau noi (Bridge)
4143,0.0033684210526315787,0.0005437041179905297,0.0002888977089218503,24,6,0.35416666666666674,0.9143255218227483,Khac (Peripheral)
7009,0.00042105263157894734,1.8987465464606066e-06,6.352023872189628e-05,3,13,0.0,-0.06899660043307508,Khac (Peripheral)
5717,0.00042105263157894734,2.8340887467342824e-06,5.014133810217749e-05,3,4,0.4444444444444444,-0.38343001802725735,Khac (Peripheral)
3378,0.00014035087719298245,0.0,3.2385891955629855e-05,1,6,0.0,-0.3626457370892153,Khac (Peripheral)
2695,0.0005614035087719298,5.107096318915391e-05,7.521681591803122e-05,4,5,0.625,-0.5316210498898012,Streamer Cau noi (Bridge)
4657,0.0002807017543859649,0.0,4.2336323842517536e-05,2,6,0.0,-0.29170288937188404,Khac (Peripheral)
5004,0.001543859649122807,0.0005235760296584776,0.00017383407335014648,11,1,0.6776859504132231,-0.25167558983425337,Streamer Cau noi (Bridge)
5001,0.0005614035087719298,1.392148467863191e-05,6.588062754552439e-05,4,5,0.375,-0.4570947344846889,Khac (Peripheral)
4722,0.00014035087719298245,0.0,3.113947176294357e-05,1,1,0.0,-0.7142676008076517,Khac (Peripheral)
5640,0.0002807017543859649,5.639667547420397e-06,4.6032765294170316e-05,2,9,0.5,-0.2584446315564888,Khac (Peripheral)
6322,0.001263157894736842,7.426908513198617e-05,0.00011868161226539543,9,14,0.691358024691358,-0.12539418053002366,Streamer Cau noi (Bridge)
3457,0.0009824561403508772,4.373366653960954e-05,0.00011868220075329733,7,13,0.6122448979591837,0.27598640173230005,Khac (Peripheral)
3852,0.0007017543859649122,1.9684674689458504e-05,7.148960787142601e-05,5,6,0.6399999999999999,-0.29170288937188404,Streamer Cau noi (Bridge)
6246,0.001543859649122807,0.00022110541036489997,0.00014793395277880374,11,6,0.5454545454545454,0.06301134921477253,Khac (Peripheral)
5794,0.00014035087719298245,0.0,4.3795026016798914e-05,1,6,0.0,-0.3626457370892153,Khac (Peripheral)
4841,0.002526315789473684,0.0003545688130722153,0.00021540886668068435,18,14,0.7716049382716049,0.260398863947385,Streamer Cau noi (Bridge)
4022,0.00042105263157894734,4.00529364988045e-07,7.012547357481639e-05,3,15,0.0,-0.02843616846272445,Khac (Peripheral)
5420,0.0008421052631578947,8.549193117101196e-06,8.88701470538691e-05,6,4,0.0,-0.11525064125674786,Khac (Peripheral)
2855,0.0002807017543859649,2.8479597517545813e-07,3.917309730785771e-05,2,5,0.0,-0.5316210498898012,Khac (Peripheral)
720,0.00042105263157894734,2.9427253784628927e-05,5.7028292702803344e-05,3,16,0.4444444444444444,-0.14312629133157528,Khac (Peripheral)
1565,0.0009824561403508772,3.310447223479284e-05,0.00011368615128527717,7,1,0.6122448979591837,-0.36732359257760294,Khac (Peripheral)
3297,0.0014035087719298245,0.00018220512985396114,0.0001412314945886588,10,6,0.78,-0.1498171939372214,Streamer Cau noi (Bridge)
5791,0.0002807017543859649,0.00014037057832678272,7.795775220566028e-05,2,5,0.0,-0.5316210498898012,Khac (Peripheral)
1396,0.001263157894736842,5.1757680955074615e-05,0.00011799642665245783,9,16,0.691358024691358,0.03529896973110142,Streamer Cau noi (Bridge)
2610,0.00014035087719298245,0.0,3.111387163670185e-05,1,5,0.0,-0.6061473652949135,Khac (Peripheral)
3154,0.0007017543859649122,7.933874619646825e-06,8.325211173920595e-05,5,14,0.56,-0.2539918620224932,Khac (Peripheral)
7027,0.0007017543859649122,7.354368626260398e-05,7.353103523213252e-05,5,9,0.7999999999999999,-0.2584446315564888,Streamer Cau noi (Bridge)
4517,0.00014035087719298245,0.0,3.337991520894061e-05,1,3,0.0,-0.5587867256689831,Khac (Peripheral)
1050,0.0007017543859649122,0.00011095180581356316,8.167802886803954e-05,5,6,0.72,-0.29170288937188404,Streamer Cau noi (Bridge)
288,0.00042105263157894734,6.042169952566947e-06,5.441351628693158e-05,3,9,0.6666666666666667,-0.2584446315564888,Streamer Cau noi (Bridge)
1730,0.0002807017543859649,0.0,4.636017100686294e-05,2,14,0.0,-0.3825895435149627,Khac (Peripheral)
4877,0.0009824561403508772,0.00019540697993038656,0.00012265601677971644,7,16,0.6938775510204083,-0.05391366080023693,Streamer Cau noi (Bridge)
4308,0.0008421052631578947,1.7984516553099834e-05,8.590937287564145e-05,6,1,0.2777777777777777,-0.25167558983425337,Khac (Peripheral)
4431,0.00042105263157894734,1.5133154154852473e-05,5.722508542924076e-05,3,0,0.4444444444444444,-0.2570494701082677,Khac (Peripheral)
425,0.0005614035087719298,1.1798924619206858e-05,7.34110956284892e-05,4,6,0.375,-0.2207600416545527,Khac (Peripheral)
5221,0.0002807017543859649,5.521655208234707e-06,4.5382214167008645e-05,2,9,0.0,-0.1780241547109686,Khac (Peripheral)
565,0.00014035087719298245,0.0,3.383631921838509e-05,1,4,0.0,-0.45047486221988475,Khac (Peripheral)
6779,0.00014035087719298245,0.0,3.2385891955629855e-05,1,6,0.0,-0.3626457370892153,Khac (Peripheral)
5376,0.0005614035087719298,2.2911007639497055e-06,6.31008622604258e-05,4,9,0.75,-0.2584446315564888,Streamer Cau noi (Bridge)
1155,0.0002807017543859649,9.418197075480005e-07,3.998493711752226e-05,2,5,0.0,-0.5316210498898012,Khac (Peripheral)
1586,0.00014035087719298245,0.0,3.974325359544807e-05,1,1,0.0,-0.7142676008076517,Khac (Peripheral)
4864,0.0018245614035087717,4.898295705626381e-05,0.00016550473616256024,13,1,0.0,0.6735084321125433,Khac (Peripheral)
6634,0.00042105263157894734,0.00016760236316347267,9.333295127316924e-05,3,2,0.4444444444444444,-0.31484374061349313,Khac (Peripheral)
848,0.0002807017543859649,0.0,6.0746349945383954e-05,2,16,0.0,-0.14312629133157528,Khac (Peripheral)
5508,0.0002807017543859649,0.0,4.513256170856397e-05,2,0,0.0,-0.2570494701082677,Khac (Peripheral)
4480,0.0026666666666666666,0.0031313026177996976,0.00029929824240979583,19,1,0.5706371191135735,0.5578604293691938,Khac (Peripheral)
834,0.0008421052631578947,0.00014707805593597268,9.22491088339021e-05,6,4,0.6111111111111112,-0.38343001802725735,Khac (Peripheral)
4872,0.001543859649122807,0.00028512685560240275,0.00016098305772593583,11,1,0.16528925619834722,0.32656442388249457,Khac (Peripheral)
4705,0.00042105263157894734,7.694851255030491e-06,5.655725639404374e-05,3,9,0.4444444444444444,-0.1780241547109686,Khac (Peripheral)
5048,0.0002807017543859649,2.6574954254748188e-05,4.977393705022628e-05,2,14,0.0,-0.3825895435149627,Khac (Peripheral)
5638,0.0002807017543859649,1.750034994351411e-05,4.689010775842086e-05,2,2,0.5,-0.6448606735457089,Khac (Peripheral)
3126,0.00014035087719298245,0.0,4.537422961994673e-05,1,9,0.0,-0.2584446315564888,Khac (Peripheral)
6023,0.0019649122807017545,0.00041004749450633125,0.00018629293815795238,14,16,0.6224489795918368,0.3029368613251165,Streamer Cau noi (Bridge)
4725,0.0008421052631578947,5.864032667599612e-05,0.00010125987179904977,6,13,0.5,0.27598640173230005,Khac (Peripheral)
6751,0.0008421052631578947,3.2518324077846586e-05,8.850499959949728e-05,6,4,0.6111111111111112,-0.31638517383463,Khac (Peripheral)
2718,0.0002807017543859649,0.0,4.4142569984793886e-05,2,1,0.5,-0.7142676008076517,Khac (Peripheral)
4680,0.0008421052631578947,0.00016897743269297285,0.00010576421467801427,6,5,0.5,-0.38256841907957656,Khac (Peripheral)
6110,0.00042105263157894734,4.251625459557282e-06,5.41308220272395e-05,3,14,0.4444444444444444,-0.3825895435149627,Khac (Peripheral)
3204,0.00042105263157894734,6.785740773166723e-06,5.5919089248250233e-05,3,9,0.4444444444444444,-0.1780241547109686,Khac (Peripheral)
1306,0.0009824561403508772,0.00010482465289951344,0.00010380764392260514,7,8,0.6938775510204083,-0.09500931747723713,Streamer Cau noi (Bridge)
6733,0.0016842105263157893,2.4316894589805275e-05,0.00013121650586137172,12,5,0.2777777777777777,0.06458947335109738,Khac (Peripheral)
1930,0.0005614035087719298,4.797209737345119e-05,6.638766364805909e-05,4,6,0.375,-0.2207600416545527,Khac (Peripheral)
573,0.0018245614035087717,8.076301426705196e-05,0.00016626571019370552,13,14,0.2721893491124261,0.7747895899172631,Khac (Peripheral)
3279,0.0009824561403508772,2.3085894780887188e-05,0.00010717884936060032,7,13,0.7346938775510204,-0.7589626047638253,Streamer Cau noi (Bridge)
2797,0.00042105263157894734,1.510787063763132e-05,5.533906351109496e-05,3,16,0.4444444444444444,-0.14312629133157528,Khac (Peripheral)
2420,0.0008421052631578947,5.667859540442745e-05,8.889422082901612e-05,6,6,0.7222222222222222,-0.29170288937188404,Streamer Cau noi (Bridge)
691,0.00014035087719298245,0.0,3.156459102178747e-05,1,5,0.0,-0.6061473652949135,Khac (Peripheral)
5897,0.00042105263157894734,7.620112597654157e-05,6.977016822130489e-05,3,3,0.4444444444444444,-0.3881735655774289,Khac (Peripheral)
6293,0.0002807017543859649,2.330118414283067e-06,4.896718733150457e-05,2,4,0.0,-0.38343001802725735,Khac (Peripheral)
5083,0.00014035087719298245,0.0,3.214364973904356e-05,1,9,0.0,-0.2584446315564888,Khac (Peripheral)
4331,0.00014035087719298245,0.0,4.703354838090508e-05,1,1,0.0,-0.7142676008076517,Khac (Peripheral)
3933,0.0002807017543859649,1.2025147296505757e-07,4.07248364696067e-05,2,6,0.0,-0.29170288937188404,Khac (Peripheral)
6575,0.0007017543859649122,2.757271938202944e-05,8.672232774407118e-05,5,6,0.31999999999999984,-0.1498171939372214,Khac (Peripheral)
4433,0.00042105263157894734,4.397585851473205e-06,5.807337918513506e-05,3,16,0.4444444444444444,-0.14312629133157528,Khac (Peripheral)
6885,0.0007017543859649122,1.8705569754898e-05,8.153279261027816e-05,5,9,0.31999999999999984,-0.0171832010199283,Khac (Peripheral)
3835,0.001543859649122807,0.00015242095996306502,0.00015016209747555418,11,3,0.8264462809917356,-0.3881735655774289,Streamer Cau noi (Bridge)
3637,0.00014035087719298245,0.0,3.211486823569884e-05,1,9,0.0,-0.2584446315564888,Khac (Peripheral)
1445,0.0005614035087719298,1.76490185992885e-05,7.411742513161572e-05,4,14,0.625,-0.3825895435149627,Streamer Cau noi (Bridge)
866,0.0002807017543859649,6.247424596982771e-06,5.7552632669867186e-05,2,1,0.0,-0.5986195980643021,Khac (Peripheral)
3075,0.005614035087719298,0.004415151749597585,0.000502760175351641,40,14,0.55125,2.703754812304306,Khac (Peripheral)
3476,0.00042105263157894734,0.00014238655382502096,8.266701246728377e-05,3,0,0.4444444444444444,-0.2570494701082677,Khac (Peripheral)
3567,0.00014035087719298245,0.0,5.403653306417201e-05,1,8,0.0,-0.7985918306870473,Khac (Peripheral)
4088,0.0002807017543859649,2.179859166435888e-06,4.1639196611194745e-05,2,3,0.5,-0.5587867256689831,Khac (Peripheral)
3079,0.0008421052631578947,8.83397128432334e-05,9.419929029068496e-05,6,1,0.0,-0.1360275870909038,Khac (Peripheral)
3253,0.0011228070175438596,5.6034117400744554e-05,0.00010599720522081997,8,14,0.6875,-0.2539918620224932,Streamer Cau noi (Bridge)
6594,0.0005614035087719298,0.0002821283139634827,9.39689560297383e-05,4,3,0.0,-0.04694724539432026,Khac (Peripheral)
1888,0.0002807017543859649,2.025072476173114e-06,4.772041684044817e-05,2,14,0.5,-0.5111872250074323,Khac (Peripheral)
320,0.001543859649122807,5.536022742412213e-05,0.0001366344667568539,11,5,0.6942148760330579,-0.3080421036744642,Streamer Cau noi (Bridge)
5371,0.00042105263157894734,1.3236370317333774e-05,5.300330461529892e-05,3,4,0.4444444444444444,-0.38343001802725735,Khac (Peripheral)
273,0.0007017543859649122,9.285151583838063e-05,9.129106858363659e-05,5,8,0.56,-0.09500931747723713,Khac (Peripheral)
2011,0.0019649122807017545,0.0005006405190688289,0.0001987629276954594,14,5,0.4693877551020408,0.06458947335109738,Khac (Peripheral)
417,0.00014035087719298245,0.0,3.3071528339696424e-05,1,6,0.0,-0.3626457370892153,Khac (Peripheral)
2684,0.0002807017543859649,0.0,4.428259273889304e-05,2,14,0.0,-0.3825895435149627,Khac (Peripheral)
6922,0.006035087719298245,0.002320701270918769,0.0005027169646591384,43,5,0.7160627366143861,0.884378942807333,Streamer Cau noi (Bridge)
2076,0.00014035087719298245,0.0,4.3822586398882856e-05,1,4,0.0,-0.45047486221988475,Khac (Peripheral)
6567,0.0009824561403508772,0.0015524880427411469,0.00014266911282208986,7,5,0.0,-0.1589894728642396,Khac (Peripheral)
3630,0.0008421052631578947,1.9420909226400157e-05,9.439116920688357e-05,6,9,0.5,-0.0171832010199283,Khac (Peripheral)
2252,0.0005614035087719298,0.00015408034313099832,9.688021022372758e-05,4,0,0.375,0.029268008972723546,Khac (Peripheral)
760,0.0009824561403508772,0.0002343398706472526,9.997974573875311e-05,7,4,0.6122448979591837,-0.24934032964200262,Khac (Peripheral)
736,0.002526315789473684,0.000713604219720239,0.00020700413978093905,18,5,0.7345679012345678,-0.1589894728642396,Streamer Cau noi (Bridge)
5062,0.0007017543859649122,1.244723259061213e-06,7.674207772099147e-05,5,4,0.0,-0.18229548544937524,Khac (Peripheral)
5094,0.0007017543859649122,7.851698514642878e-06,7.579311148837772e-05,5,1,0.0,-0.25167558983425337,Khac (Peripheral)
4323,0.00042105263157894734,1.3191911993354638e-06,5.36707854652973e-05,3,0,0.6666666666666667,-0.5433669491892589,Streamer Cau noi (Bridge)
6871,0.0005614035087719298,8.473359310989436e-06,6.513139006105008e-05,4,5,0.625,-0.5316210498898012,Streamer Cau noi (Bridge)
2009,0.007859649122807018,0.004016589653674003,0.000620555068244555,56,4,0.6383928571428572,1.1586013984031724,Streamer Cau noi (Bridge)
5007,0.00687719298245614,0.0025886771992276432,0.0005862996154761322,49,14,0.40566430653894214,4.118329308721471,Khac (Peripheral)
3517,0.0008421052631578947,6.273904645022534e-05,8.97117027643104e-05,6,4,0.7777777777777778,-0.38343001802725735,Streamer Cau noi (Bridge)
2870,0.00042105263157894734,8.176315024785517e-06,5.318239545364007e-05,3,1,0.4444444444444444,-0.5986195980643021,Khac (Peripheral)
18,0.0002807017543859649,4.124095604257715e-06,4.454833223099427e-05,2,9,0.5,-0.2584446315564888,Khac (Peripheral)
768,0.0007017543859649122,0.00013459685248591558,8.805136057968306e-05,5,16,0.31999999999999984,0.03529896973110142,Khac (Peripheral)
595,0.0008421052631578947,0.0001159362584259638,0.00010717190543859085,6,9,0.5,-0.0171832010199283,Khac (Peripheral)
1211,0.0002807017543859649,4.377061585379817e-07,4.197244158154799e-05,2,14,0.5,-0.5111872250074323,Khac (Peripheral)
132,0.0014035087719298245,0.00010197023504554542,0.00014008397511034405,10,14,0.72,-0.12539418053002366,Streamer Cau noi (Bridge)
6837,0.0007017543859649122,8.139444644226274e-06,7.352053010344917e-05,5,5,0.48,-0.4570947344846889,Khac (Peripheral)
5191,0.004070175438596491,0.0002702244655434523,0.00032045823035163466,29,5,0.746730083234245,0.28816841956643435,Streamer Cau noi (Bridge)
828,0.0007017543859649122,9.243661446663245e-05,9.077165989578971e-05,5,14,0.56,-0.2539918620224932,Khac (Peripheral)
2559,0.00042105263157894734,5.3677658270402446e-06,8.687530442185891e-05,3,6,0.0,-0.2207600416545527,Khac (Peripheral)
2988,0.0002807017543859649,0.0,4.908518165105565e-05,2,9,0.0,-0.1780241547109686,Khac (Peripheral)
6138,0.002245614035087719,0.000242395449521179,0.00019392603900161986,16,5,0.6328125,-0.08446315745912726,Streamer Cau noi (Bridge)
6638,0.0009824561403508772,0.00015601295194528865,0.00011458284916152343,7,9,0.6122448979591837,-0.0171832010199283,Khac (Peripheral)
6127,0.001263157894736842,0.0015205423442299906,0.00014617164731948193,9,9,0.6172839506172839,0.06323727582559185,Khac (Peripheral)
245,0.0011228070175438596,0.00033260509164254206,0.00010911703365972738,8,9,0.5625,0.06323727582559185,Khac (Peripheral)
4771,0.0005614035087719298,2.2019171824522926e-06,6.514260502112368e-05,4,9,0.625,-0.1780241547109686,Streamer Cau noi (Bridge)
2024,0.00014035087719298245,0.0,4.329844576365559e-05,1,9,0.0,-0.2584446315564888,Khac (Peripheral)
5859,0.001543859649122807,0.00034330268526323426,0.00015923050018838572,11,4,0.7768595041322314,-0.24934032964200262,Streamer Cau noi (Bridge)
3268,0.009403508771929824,0.003569502925822593,0.0008760217416963675,67,13,0.8527511695255068,4.070799425551427,Khac (Peripheral)
6358,0.006456140350877193,0.0015293149968616483,0.0005027908724275316,46,1,0.5434782608695652,2.639524478749486,Khac (Peripheral)
3595,0.0036491228070175434,0.0005672701241730197,0.0002932818313437752,26,1,0.2603550295857988,1.7143404568026896,Khac (Peripheral)
1919,0.0011228070175438596,0.00021318035888172947,0.00011761340296310954,8,14,0.75,-0.3825895435149627,Streamer Cau noi (Bridge)
4676,0.0009824561403508772,9.19626798781051e-05,9.498498623577443e-05,7,9,0.7755102040816326,-0.1780241547109686,Streamer Cau noi (Bridge)
5551,0.00042105263157894734,5.589302708692311e-06,5.400896083394149e-05,3,14,0.6666666666666667,-0.5111872250074323,Streamer Cau noi (Bridge)
5480,0.0008421052631578947,4.736594820724824e-05,8.623633288618423e-05,6,14,0.5,-0.12539418053002366,Khac (Peripheral)
5613,0.0002807017543859649,5.5436657973324396e-06,5.856425283624328e-05,2,10,0.0,-0.48321712779513526,Khac (Peripheral)
3395,0.00042105263157894734,2.633587174337213e-05,6.70711388779162e-05,3,5,0.0,-0.4570947344846889,Khac (Peripheral)
2908,0.0002807017543859649,2.5825522083158763e-06,4.399228305797281e-05,2,9,0.0,-0.1780241547109686,Khac (Peripheral)
5444,0.0005614035087719298,2.475377127434503e-05,6.966294548462512e-05,4,9,0.0,-0.0171832010199283,Khac (Peripheral)
907,0.0008421052631578947,6.88772051377314e-05,0.00011092922313889553,6,14,0.6666666666666667,-0.2539918620224932,Streamer Cau noi (Bridge)
6587,0.00042105263157894734,1.7497750589444632e-06,5.463183280471541e-05,3,16,0.0,-0.05391366080023693,Khac (Peripheral)
2251,0.0014035087719298245,0.0001535401786084994,0.0001299927586458875,10,1,0.33999999999999986,0.09526841839579539,Khac (Peripheral)
6441,0.0005614035087719298,2.6008525727065166e-05,8.969644050641503e-05,4,16,0.625,-0.14312629133157528,Streamer Cau noi (Bridge)
4653,0.00014035087719298245,0.0,3.181783171300938e-05,1,5,0.0,-0.6061473652949135,Khac (Peripheral)
4794,0.0005614035087719298,7.55676911485542e-06,6.881332243841576e-05,4,6,0.625,-0.29170288937188404,Streamer Cau noi (Bridge)
5171,0.0005614035087719298,1.619789495100392e-05,7.344009716354941e-05,4,2,0.625,-0.31484374061349313,Streamer Cau noi (Bridge)
1754,0.00014035087719298245,0.0,3.415382832410754e-05,1,14,0.0,-0.5111872250074323,Khac (Peripheral)
2633,0.0002807017543859649,0.00014037057832678272,0.00012123859687155327,2,8,0.0,-0.4468005740821422,Khac (Peripheral)
2483,0.00042105263157894734,2.8536489131927986e-06,5.9194944526143675e-05,3,9,0.6666666666666667,-0.2584446315564888,Streamer Cau noi (Bridge)
2378,0.0005614035087719298,4.6734233768806284e-05,7.206850264036976e-05,4,9,0.625,-0.1780241547109686,Streamer Cau noi (Bridge)
363,0.001543859649122807,0.000664822561415698,0.00018635461675430955,11,14,0.31404958677685935,0.517594226932324,Khac (Peripheral)
1582,0.001263157894736842,0.00025379025354170846,0.00012463793914709658,9,4,0.7407407407407407,-0.31638517383463,Streamer Cau noi (Bridge)
5814,0.002105263157894737,0.00015077587160376794,0.00020230109023130092,15,8,0.12444444444444436,3.774694505176719,Streamer Trung tam (Hub)
4505,0.00014035087719298245,0.0,3.5586108857642153e-05,1,16,0.0,-0.23233892186291363,Khac (Peripheral)
2539,0.00014035087719298245,0.0,3.63992064846035e-05,1,9,0.0,-0.2584446315564888,Khac (Peripheral)
2468,0.00014035087719298245,0.0,3.668073746510419e-05,1,10,0.0,-0.7862515977683556,Khac (Peripheral)
159,0.00042105263157894734,2.178734011063052e-05,5.4190774839995505e-05,3,9,0.6666666666666667,-0.2584446315564888,Streamer Cau noi (Bridge)
3728,0.004210526315789474,0.0008697376859647689,0.00036631537949940974,30,6,0.48888888888888893,1.056211217257411,Khac (Peripheral)
6032,0.0005614035087719298,2.6623928416423614e-05,6.525506963569085e-05,4,1,0.75,-0.7142676008076517,Streamer Cau noi (Bridge)
6804,0.0008421052631578947,0.00010586926705418397,9.696402872642186e-05,6,4,0.7777777777777778,-0.38343001802725735,Streamer Cau noi (Bridge)
6254,0.0029473684210526313,0.0007964024192940657,0.0002793813692413048,21,8,0.5215419501133787,3.774694505176719,Khac (Peripheral)
1850,0.002807017543859649,0.00020931629525698122,0.00025645630167575383,20,0,0.865,0.601902967134706,Streamer Cau noi (Bridge)
3372,0.0007017543859649122,0.00014834964676748344,0.00010028726189109404,5,4,0.48,-0.31638517383463,Khac (Peripheral)
4806,0.0002807017543859649,1.4136698236125544e-05,4.46751047250818e-05,2,3,0.5,-0.5587867256689831,Khac (Peripheral)
6895,0.0018245614035087717,0.0001403410587860975,0.00017721974104301476,13,8,0.6982248520710059,0.9603644523374781,Streamer Cau noi (Bridge)
1814,0.00042105263157894734,0.0001405138733722977,8.109626934373315e-05,3,14,0.4444444444444444,-0.3825895435149627,Khac (Peripheral)
2753,0.00014035087719298245,0.0,3.3193449332733915e-05,1,9,0.0,-0.2584446315564888,Khac (Peripheral)
3932,0.0002807017543859649,5.354923040245371e-06,4.314526612030432e-05,2,3,0.5,-0.5587867256689831,Khac (Peripheral)
5591,0.001543859649122807,0.0015439547237816064,0.00017512222711906308,11,1,0.44628099173553715,0.09526841839579539,Khac (Peripheral)
3289,0.00014035087719298245,0.0,3.587898070899605e-05,1,16,0.0,-0.23233892186291363,Khac (Peripheral)
342,0.0014035087719298245,0.0001358172245749749,0.0001478086238000518,10,4,0.5800000000000001,-0.11525064125674786,Khac (Peripheral)
1591,0.004350877192982456,0.0008346124594058665,0.00047103277201671463,31,16,0.3413111342351718,1.9087642108892067,Khac (Peripheral)
492,0.0009824561403508772,0.00017605101821209049,0.00010960230015756537,7,5,0.6122448979591837,-0.38256841907957656,Khac (Peripheral)
2821,0.0008421052631578947,6.035454785336009e-05,9.233154273136048e-05,6,3,0.6111111111111112,-0.21756040548587458,Khac (Peripheral)
1346,0.0014035087719298245,0.00021862517334070687,0.0001458512931728281,10,15,0.86,-0.3322541788802534,Streamer Cau noi (Bridge)
5728,0.0002807017543859649,2.5166618640746542e-06,4.063540086818856e-05,2,4,0.5,-0.45047486221988475,Khac (Peripheral)
5186,0.001543859649122807,0.00011028825598275569,0.00013903234993894122,11,6,0.743801652892562,-0.1498171939372214,Streamer Cau noi (Bridge)
3188,0.00042105263157894734,4.832384975949826e-05,5.6465633448745506e-05,3,3,0.6666666666666667,-0.5587867256689831,Streamer Cau noi (Bridge)
3959,0.0005614035087719298,1.5793398517284506e-05,7.245567328402239e-05,4,16,0.0,0.03529896973110142,Khac (Peripheral)
4992,0.00042105263157894734,0.0001455801105372472,9.167223036528861e-05,3,0,0.4444444444444444,-0.2570494701082677,Khac (Peripheral)
3492,0.0002807017543859649,0.0006571114996206598,5.9587368483557425e-05,2,9,0.5,-0.2584446315564888,Khac (Peripheral)
5032,0.002526315789473684,0.0006151060886963285,0.00021674729449998643,18,6,0.7839506172839507,-0.1498171939372214,Streamer Cau noi (Bridge)
1390,0.001543859649122807,0.00017262688366986726,0.00015319202934325376,11,0,0.5619834710743802,0.3155854880537148,Khac (Peripheral)
2563,0.0002807017543859649,0.0,5.217422439092326e-05,2,4,0.0,-0.38343001802725735,Khac (Peripheral)
1094,0.0016842105263157893,3.3949164636298636e-05,0.00013889956820842242,12,5,0.4027777777777778,-0.009936842054014941,Khac (Peripheral)
2631,0.00014035087719298245,0.0,3.4351043145087584e-05,1,1,0.0,-0.7142676008076517,Khac (Peripheral)
735,0.00042105263157894734,5.848774096949279e-09,5.722370549603215e-05,3,14,0.0,-0.2539918620224932,Khac (Peripheral)
2311,0.00014035087719298245,0.0,3.1886592249642875e-05,1,14,0.0,-0.5111872250074323,Khac (Peripheral)
6387,0.002105263157894737,0.0001463093623769209,0.00018923308176887387,15,14,0.7288888888888889,0.003203500962445893,Streamer Cau noi (Bridge)
370,0.008842105263157894,0.003493010755374302,0.0007150031578285591,63,5,0.6848072562358276,1.7786947276686809,Streamer Cau noi (Bridge)
611,0.00042105263157894734,2.2589444022534818e-05,6.156253873999518e-05,3,14,0.4444444444444444,-0.3825895435149627,Khac (Peripheral)
6244,0.00575438596491228,0.001332358982827916,0.0005437509131053453,41,3,0.826888756692445,1.4885711954296685,Streamer Cau noi (Bridge)
4802,0.00014035087719298245,0.0,5.211707358689964e-05,1,13,0.0,-0.7589626047638253,Khac (Peripheral)
3281,0.0002807017543859649,7.804540054383592e-07,4.277646537065774e-05,2,16,0.5,-0.23233892186291363,Khac (Peripheral)
1580,0.0014035087719298245,5.7746194310630275e-05,0.00012914324221390336,10,1,0.4800000000000001,-0.020379584347554196,Khac (Peripheral)
2375,0.0019649122807017545,0.00012063080006486069,0.00017457770863593046,14,6,0.5612244897959183,0.20489704464943517,Khac (Peripheral)
5365,0.0018245614035087717,8.770201571436025e-05,0.00016647312397418182,13,5,0.37869822485207094,0.06458947335109738,Khac (Peripheral)
1028,0.00014035087719298245,0.0,3.1483097093591085e-05,1,14,0.0,-0.5111872250074323,Khac (Peripheral)
5353,0.0023859649122807015,6.706322950888894e-05,0.00019237082411627948,17,1,0.47058823529411753,0.5578604293691938,Khac (Peripheral)
5919,0.0005614035087719298,0.00024568369185934657,9.440286637757794e-05,4,13,0.625,-0.4139796025984502,Streamer Cau noi (Bridge)
6970,0.0002807017543859649,3.3251116113581915e-05,4.533528968073667e-05,2,6,0.5,-0.3626457370892153,Khac (Peripheral)
3233,0.00014035087719298245,0.0,3.8311563104509994e-05,1,15,0.0,-0.6360721892977823,Khac (Peripheral)
4792,0.0005614035087719298,3.7538895486544473e-05,6.986961782190223e-05,4,10,0.625,-0.7862515977683556,Streamer Cau noi (Bridge)
1609,0.0002807017543859649,0.0,5.374526604143406e-05,2,16,0.0,-0.14312629133157528,Khac (Peripheral)
5346,0.00014035087719298245,0.0,3.22181767676484e-05,1,5,0.0,-0.6061473652949135,Khac (Peripheral)
5090,0.0018245614035087717,0.00018206881231753384,0.00016580673862503844,13,1,0.2721893491124261,0.44221242662584415,Khac (Peripheral)
3688,0.00631578947368421,0.0035445238164329685,0.0005254587688098313,45,14,0.6251851851851852,2.446559449319367,Streamer Cau noi (Bridge)
1029,0.00014035087719298245,0.0,3.464699854060517e-05,1,6,0.0,-0.3626457370892153,Khac (Peripheral)
5002,0.003508771929824561,0.00045593319034523035,0.00026889141408443037,25,4,0.07679999999999998,1.091556554210545,Khac (Peripheral)
6697,0.0009824561403508772,2.64507692078244e-05,9.54822882256914e-05,7,6,0.5714285714285714,-0.1498171939372214,Khac (Peripheral)
5271,0.0008421052631578947,1.1005374339428831e-05,8.444821384071583e-05,6,5,0.4444444444444444,-0.38256841907957656,Khac (Peripheral)
3431,0.0002807017543859649,8.436289727385355e-06,4.5212127062391194e-05,2,5,0.5,-0.6061473652949135,Khac (Peripheral)
5824,0.001543859649122807,0.0005117110335058807,0.00017419111640376727,11,3,0.7933884297520661,-0.04694724539432026,Streamer Cau noi (Bridge)
1405,0.00014035087719298245,0.0,3.1629454664287696e-05,1,4,0.0,-0.45047486221988475,Khac (Peripheral)
6373,0.0005614035087719298,6.759233176552148e-06,8.515642247707654e-05,4,16,0.0,0.03529896973110142,Khac (Peripheral)
1360,0.0008421052631578947,3.652147138334627e-05,9.284408079310744e-05,6,9,0.0,0.14365775267111203,Khac (Peripheral)
3198,0.004350877192982456,0.000981984884477884,0.0003209033795545927,31,5,0.28511966701352753,1.2570105198328945,Khac (Peripheral)
5529,0.0005614035087719298,2.921150778597158e-05,7.111097580282232e-05,4,9,0.625,-0.1780241547109686,Streamer Cau noi (Bridge)
6195,0.00014035087719298245,0.0,3.338628045939249e-05,1,9,0.0,-0.2584446315564888,Khac (Peripheral)
1841,0.00014035087719298245,0.0,3.182252187239577e-05,1,14,0.0,-0.5111872250074323,Khac (Peripheral)
3472,0.00042105263157894734,2.979366867727794e-06,6.66450845550873e-05,3,5,0.4444444444444444,-0.5316210498898012,Khac (Peripheral)
313,0.00014035087719298245,0.0,3.337991520894061e-05,1,3,0.0,-0.5587867256689831,Khac (Peripheral)
7086,0.00014035087719298245,0.0,3.3191517586285105e-05,1,6,0.0,-0.3626457370892153,Khac (Peripheral)
6338,0.0008421052631578947,0.00021852261273607885,0.00011349445896542125,6,1,0.6666666666666667,-0.4829715953209526,Streamer Cau noi (Bridge)
3024,0.0002807017543859649,7.05377739134171e-06,4.373183973025171e-05,2,6,0.5,-0.3626457370892153,Khac (Peripheral)
2788,0.0018245614035087717,0.0004409743651822799,0.0001637246081827628,13,13,0.7810650887573964,-0.4139796025984502,Streamer Cau noi (Bridge)
5338,0.013052631578947368,0.004482304319806808,0.0009443563483803392,93,1,0.6264308012486993,4.952484533616478,Khac (Peripheral)
6346,0.0008421052631578947,0.0001916184115903769,0.00011073571419819038,6,9,0.6666666666666667,-0.09760367786544846,Streamer Cau noi (Bridge)
6114,0.003508771929824561,0.0003384641000416617,0.00030459673662493273,25,5,0.4640000000000001,0.660799996591996,Khac (Peripheral)
254,0.0002807017543859649,1.1154548703095664e-05,4.5771645104732185e-05,2,14,0.5,-0.5111872250074323,Khac (Peripheral)
3480,0.00014035087719298245,0.0,3.106008137515323e-05,1,6,0.0,-0.3626457370892153,Khac (Peripheral)
6645,0.0033684210526315787,0.0010122018624101586,0.00030172273956271357,24,1,0.53125,1.020452440342592,Khac (Peripheral)
5056,0.0002807017543859649,2.5006856004143698e-05,5.371387830799123e-05,2,6,0.5,-0.3626457370892153,Khac (Peripheral)
2247,0.0036491228070175434,0.00023082232996530513,0.00027258424624075975,26,5,0.21301775147929003,1.0334315736175577,Khac (Peripheral)
3453,0.002807017543859649,0.00022095308838116122,0.00025543116628927925,20,5,0.74,-0.08446315745912726,Streamer Cau noi (Bridge)
6076,0.0007017543859649122,3.1484430088230165e-05,7.858880332692828e-05,5,4,0.56,-0.31638517383463,Khac (Peripheral)
2154,0.00042105263157894734,3.0636386419397497e-06,5.302752683500186e-05,3,5,0.4444444444444444,-0.5316210498898012,Khac (Peripheral)
2275,0.005333333333333333,0.0008570683720075548,0.00038984666795381347,38,1,0.6177285318559558,1.020452440342592,Khac (Peripheral)
969,0.0002807017543859649,8.613447952259081e-07,4.986380753119268e-05,2,5,0.0,-0.5316210498898012,Khac (Peripheral)
268,0.001543859649122807,2.1792356033280556e-05,0.00015791464163213427,11,1,0.2975206611570247,0.210916421139145,Khac (Peripheral)
3162,0.0011228070175438596,9.609650599671237e-05,0.00011363770105249188,8,1,0.5625,-0.25167558983425337,Khac (Peripheral)
6516,0.0007017543859649122,1.5320490528549263e-05,7.75263233784381e-05,5,4,0.31999999999999984,-0.24934032964200262,Khac (Peripheral)
3610,0.0002807017543859649,1.5665165579168966e-06,4.0800648481466404e-05,2,9,0.5,-0.2584446315564888,Khac (Peripheral)
322,0.0014035087719298245,7.97995619436849e-05,0.0001366588444243776,10,8,0.58,0.25678193912766795,Khac (Peripheral)
4745,0.0008421052631578947,9.781872068150137e-06,8.186910278697371e-05,6,6,0.6666666666666667,-0.2207600416545527,Streamer Cau noi (Bridge)
3656,0.0014035087719298245,2.3032716078956638e-05,0.00013161049361164905,10,1,0.54,-0.1360275870909038,Khac (Peripheral)
5520,0.0011228070175438596,0.00023010820397025648,0.00013886578942137276,8,6,0.40625,-0.00793149850255878,Khac (Peripheral)
1411,0.0014035087719298245,0.00032294316523755185,0.00013304806812536215,10,16,0.8,-0.05391366080023693,Streamer Cau noi (Bridge)
4475,0.00042105263157894734,0.00016869441381513767,8.417946362919735e-05,3,9,0.4444444444444444,-0.1780241547109686,Khac (Peripheral)
1356,0.001263157894736842,0.00024197195788640104,0.00011549602556803907,9,1,0.49382716049382713,-0.1360275870909038,Khac (Peripheral)
5361,0.001263157894736842,8.802950101513772e-05,0.0001564065601660531,9,1,0.5185185185185186,-0.1360275870909038,Khac (Peripheral)
3034,0.002245614035087719,0.00034538410542955063,0.00022178977846040913,16,4,0.4140625,0.2870184238990164,Khac (Peripheral)
1391,0.0014035087719298245,0.00027777432544678676,0.00014903275320963895,10,1,0.31999999999999984,0.09526841839579539,Khac (Peripheral)
3602,0.0002807017543859649,7.988990564197979e-06,4.793755735744687e-05,2,9,0.0,-0.1780241547109686,Khac (Peripheral)
5078,0.00042105263157894734,8.289826191880218e-05,6.138624219315855e-05,3,15,0.6666666666666667,-0.6360721892977823,Streamer Cau noi (Bridge)
2570,0.0002807017543859649,9.259069330240763e-07,4.529192445247797e-05,2,1,0.5,-0.7142676008076517,Khac (Peripheral)
4374,0.014315789473684209,0.011058241990457048,0.001219418873718026,102,14,0.6620530565167242,6.561685257078392,Khac (Peripheral)
6984,0.0002807017543859649,1.1812657246993775e-06,5.7388231530287184e-05,2,9,0.0,-0.1780241547109686,Khac (Peripheral)
3439,0.0008421052631578947,9.811477979928422e-06,9.095979401373597e-05,6,1,0.2777777777777777,-0.25167558983425337,Khac (Peripheral)
4018,0.0014035087719298245,0.00024046312364467442,0.00013435681214330058,10,9,0.6799999999999999,0.06323727582559185,Streamer Cau noi (Bridge)
4985,0.0009824561403508772,9.813200085684708e-05,0.00010845682574817137,7,16,0.44897959183673464,0.12451160026243978,Khac (Peripheral)
4083,0.0002807017543859649,9.006113969102737e-06,6.192477362338553e-05,2,3,0.5,-0.5587867256689831,Khac (Peripheral)
5398,0.0002807017543859649,4.1839291127548023e-05,5.758621721207183e-05,2,9,0.0,-0.1780241547109686,Khac (Peripheral)
5020,0.00042105263157894734,2.367198134670627e-05,5.532012620352383e-05,3,14,0.6666666666666667,-0.5111872250074323,Streamer Cau noi (Bridge)
1183,0.0005614035087719298,1.1799124179627208e-05,7.019266179335038e-05,4,5,0.375,-0.4570947344846889,Khac (Peripheral)
5840,0.0009824561403508772,0.0014147637493928723,0.00013732142983914728,7,10,0.5714285714285714,0.12285181215130553,Khac (Peripheral)
982,0.00014035087719298245,0.0,3.4703953978141555e-05,1,4,0.0,-0.45047486221988475,Khac (Peripheral)
5120,0.0016842105263157893,2.5821481120545526e-05,0.00013759492706324453,12,5,0.5416666666666666,-0.1589894728642396,Khac (Peripheral)
85,0.0016842105263157893,0.00025574031245073414,0.00016965117924411667,12,6,0.5972222222222221,0.06301134921477253,Khac (Peripheral)
703,0.00014035087719298245,0.0,3.337991520894061e-05,1,3,0.0,-0.5587867256689831,Khac (Peripheral)
1348,0.0005614035087719298,8.728352253787772e-06,9.205481081605824e-05,4,9,0.625,-0.1780241547109686,Streamer Cau noi (Bridge)
95,0.0007017543859649122,0.0001509911529065596,9.670825377913426e-05,5,6,0.31999999999999984,-0.1498171939372214,Khac (Peripheral)
5705,0.0002807017543859649,0.0,5.738259394735583e-05,2,9,0.0,-0.1780241547109686,Khac (Peripheral)
979,0.00014035087719298245,0.0,3.092150380625152e-05,1,6,0.0,-0.3626457370892153,Khac (Peripheral)
1416,0.00014035087719298245,0.0,4.61295476264592e-05,1,1,0.0,-0.7142676008076517,Khac (Peripheral)
5349,0.0033684210526315787,0.0006028997232826338,0.0002656554636688406,24,5,0.5208333333333333,0.437221050376659,Khac (Peripheral)
297,0.00014035087719298245,0.0,3.638748784665404e-05,1,10,0.0,-0.7862515977683556,Khac (Peripheral)
4225,0.0005614035087719298,0.0013950782419684922,9.306175181141981e-05,4,3,0.375,-0.21756040548587458,Khac (Peripheral)
4604,0.00014035087719298245,0.0,3.8853978072357706e-05,1,14,0.0,-0.5111872250074323,Khac (Peripheral)
5692,0.00014035087719298245,0.0,3.291058322274492e-05,1,0,0.0,-0.5433669491892589,Khac (Peripheral)
1570,0.00042105263157894734,1.386258353292628e-08,5.245654421694588e-05,3,6,0.0,-0.2207600416545527,Khac (Peripheral)
4902,0.0014035087719298245,8.754363470263375e-05,0.00013067934221782903,10,6,0.74,-0.1498171939372214,Streamer Cau noi (Bridge)
223,0.0002807017543859649,1.0602933854205085e-06,5.0025000323572464e-05,2,8,0.5,-0.7985918306870473,Khac (Peripheral)
3920,0.00042105263157894734,2.3754083580393457e-06,5.338326924401273e-05,3,13,0.6666666666666667,-0.7589626047638253,Streamer Cau noi (Bridge)
2143,0.002245614035087719,0.0005919278713437015,0.0001994372179079353,16,6,0.796875,-0.07887434621989009,Streamer Cau noi (Bridge)
3828,0.0019649122807017545,0.0001656231164598068,0.00017730456459168334,14,6,0.6734693877551021,-0.00793149850255878,Streamer Cau noi (Bridge)
6227,0.00042105263157894734,7.411073398496592e-06,5.08503643214199e-05,3,5,0.4444444444444444,-0.5316210498898012,Khac (Peripheral)
1621,0.001263157894736842,0.0003097767974879032,0.00013184332405255067,9,4,0.5185185185185186,-0.11525064125674786,Khac (Peripheral)
3861,0.0002807017543859649,0.00014037057832678272,8.113229451662087e-05,2,13,0.0,-0.4139796025984502,Khac (Peripheral)
5730,0.00575438596491228,0.0012548157094566645,0.00047086487816690756,41,14,0.4509220701963117,3.2181455382741846,Khac (Peripheral)
5041,0.0009824561403508772,1.3413374995054226e-05,9.776082979173657e-05,7,14,0.5714285714285714,-0.3825895435149627,Khac (Peripheral)
1519,0.0005614035087719298,1.3892617029487297e-05,6.484128669717006e-05,4,5,0.375,-0.4570947344846889,Khac (Peripheral)
6041,0.0008421052631578947,0.00015503726513660274,9.971426636040324e-05,6,1,0.4444444444444444,-0.36732359257760294,Khac (Peripheral)
3130,0.00014035087719298245,0.0,3.2108642096357785e-05,1,1,0.0,-0.7142676008076517,Khac (Peripheral)
4828,0.00014035087719298245,0.0,3.968755757406158e-05,1,4,0.0,-0.45047486221988475,Khac (Peripheral)
5209,0.0007017543859649122,4.360344966264092e-05,7.741199009163035e-05,5,0,0.56,-0.5433669491892589,Khac (Peripheral)
2384,0.0005614035087719298,2.5681158101549786e-05,6.943490438878351e-05,4,15,0.625,-0.6360721892977823,Streamer Cau noi (Bridge)
2248,0.002526315789473684,0.000239134218340356,0.00022720736680721537,18,16,0.6234567901234568,0.5705747529191316,Streamer Cau noi (Bridge)
4569,0.002526315789473684,0.00044236694467529505,0.00021455373541144637,18,6,0.6049382716049383,0.34678274008409776,Khac (Peripheral)
4040,0.00042105263157894734,4.70603513440868e-06,5.704239897647683e-05,3,9,0.6666666666666667,-0.2584446315564888,Streamer Cau noi (Bridge)
5385,0.0018245614035087717,0.0002799871205967208,0.0001695074410629477,13,9,0.7692307692307692,-0.0171832010199283,Streamer Cau noi (Bridge)
1669,0.00042105263157894734,1.7114868449325703e-06,5.3646933598042835e-05,3,16,0.4444444444444444,-0.14312629133157528,Khac (Peripheral)
2903,0.001263157894736842,1.8033892425285836e-05,0.0001199339172307569,9,1,0.19753086419753085,0.09526841839579539,Khac (Peripheral)
4969,0.00042105263157894734,6.174687599739383e-05,6.307662902773047e-05,3,14,0.4444444444444444,-0.3825895435149627,Khac (Peripheral)
5770,0.00014035087719298245,0.0,3.2210200754785935e-05,1,14,0.0,-0.5111872250074323,Khac (Peripheral)
2257,0.0033684210526315787,0.0009934955492398839,0.0002843869055677293,24,4,0.78125,0.08588389132113426,Streamer Cau noi (Bridge)
6310,0.0007017543859649122,3.541115693076412e-05,7.412511693143117e-05,5,1,0.56,-0.4829715953209526,Khac (Peripheral)
1440,0.00014035087719298245,0.0,3.337991520894061e-05,1,3,0.0,-0.5587867256689831,Khac (Peripheral)
5910,0.001263157894736842,8.814494004412799e-05,0.00011716915410955467,9,6,0.5925925925925926,-0.1498171939372214,Khac (Peripheral)
4721,0.0011228070175438596,0.00014912199301443508,0.00010850386321504064,8,6,0.5625,-0.07887434621989009,Khac (Peripheral)
5932,0.00042105263157894734,3.814553308982215e-06,5.958797911295645e-05,3,15,0.6666666666666667,-0.6360721892977823,Streamer Cau noi (Bridge)
876,0.00014035087719298245,0.0,3.156459102178747e-05,1,5,0.0,-0.6061473652949135,Khac (Peripheral)
6609,0.0023859649122807015,0.00012994777853130222,0.00019847235467788222,17,5,0.6228373702422145,-0.009936842054014941,Streamer Cau noi (Bridge)
4042,0.00014035087719298245,0.0,3.5905573684282516e-05,1,16,0.0,-0.23233892186291363,Khac (Peripheral)
3266,0.0016842105263157893,0.00010534535495804434,0.0001423237857255278,12,5,0.6527777777777778,-0.2335157882693519,Streamer Cau noi (Bridge)
4231,0.0002807017543859649,3.144554726907624e-05,4.459140351405512e-05,2,1,0.5,-0.7142676008076517,Khac (Peripheral)
681,0.0026666666666666666,7.751702109009466e-05,0.00024464177939616873,19,4,0.6149584487534626,0.21997357970638903,Khac (Peripheral)
628,0.00042105263157894734,9.980249670865887e-06,5.8192529037229485e-05,3,1,0.4444444444444444,-0.5986195980643021,Khac (Peripheral)
6611,0.006035087719298245,0.0017093567726610712,0.0005344042014890573,43,1,0.43266630611141166,2.8708204842361855,Khac (Peripheral)
6719,0.0005614035087719298,9.008014447768895e-06,7.22313613419902e-05,4,14,0.375,-0.2539918620224932,Khac (Peripheral)
5701,0.00014035087719298245,0.0,3.2902861119851645e-05,1,4,0.0,-0.45047486221988475,Khac (Peripheral)
2645,0.0008421052631578947,0.00025792900660484585,0.0001166616346842941,6,6,0.6111111111111112,-0.2207600416545527,Khac (Peripheral)
3325,0.001263157894736842,7.529959034334581e-05,0.00014493628864359852,9,13,0.37037037037037035,1.3109354082284255,Khac (Peripheral)
4915,0.0007017543859649122,4.950804802542047e-06,8.321190486352596e-05,5,1,0.0,-0.25167558983425337,Khac (Peripheral)
4271,0.0002807017543859649,0.00014037057832678272,9.900972435524769e-05,2,0,0.0,-0.2570494701082677,Khac (Peripheral)
1454,0.0007017543859649122,4.72953918748324e-05,8.177371536044595e-05,5,9,0.56,-0.09760367786544846,Khac (Peripheral)
3735,0.0014035087719298245,8.190992045019864e-05,0.00019384960308839992,10,1,0.33999999999999986,0.09526841839579539,Khac (Peripheral)
1847,0.0005614035087719298,2.9458941308327504e-06,7.272863722856672e-05,4,4,0.0,-0.24934032964200262,Khac (Peripheral)
1746,0.0002807017543859649,0.0,4.2097709926997004e-05,2,3,0.0,-0.3881735655774289,Khac (Peripheral)
1785,0.00042105263157894734,1.3378014197499571e-06,5.017480790780306e-05,3,3,0.6666666666666667,-0.5587867256689831,Streamer Cau noi (Bridge)
327,0.0005614035087719298,3.3205420978142155e-05,6.51341855373381e-05,4,9,0.75,-0.2584446315564888,Streamer Cau noi (Bridge)
2397,0.00014035087719298245,0.0,4.5088945124047424e-05,1,9,0.0,-0.2584446315564888,Khac (Peripheral)
1314,0.0016842105263157893,0.00018940422685404743,0.00016777990954611522,12,13,0.5138888888888888,1.6559184103938005,Khac (Peripheral)
2589,0.0011228070175438596,0.0001026544000340532,0.00010942794403470792,8,6,0.78125,-0.29170288937188404,Streamer Cau noi (Bridge)
4738,0.0023859649122807015,0.00043599090901106236,0.00023273583385190276,17,15,0.7750865051903114,0.5791998523723334,Streamer Cau noi (Bridge)
4947,0.0007017543859649122,7.61887878898361e-06,8.461910057721051e-05,5,5,0.0,-0.3080421036744642,Khac (Peripheral)
6596,0.001543859649122807,9.044863100544771e-05,0.0001425599346234851,11,1,0.2975206611570247,0.210916421139145,Khac (Peripheral)
1522,0.00014035087719298245,0.0,4.468669383102291e-05,1,9,0.0,-0.2584446315564888,Khac (Peripheral)
3105,0.00014035087719298245,0.0,3.349093727425573e-05,1,16,0.0,-0.23233892186291363,Khac (Peripheral)
2001,0.001543859649122807,0.00018377221600030826,0.00014286825462980884,11,5,0.5619834710743802,-0.1589894728642396,Khac (Peripheral)
577,0.0014035087719298245,0.00018468986937342439,0.00016127426731621022,10,3,0.4600000000000001,0.46489223488034265,Khac (Peripheral)
69,0.0007017543859649122,7.444373930745075e-05,8.353162287046741e-05,5,9,0.6399999999999999,-0.1780241547109686,Streamer Cau noi (Bridge)
2356,0.001263157894736842,0.00014141300727563258,0.0001223155132052555,9,9,0.37037037037037035,0.22407822951663217,Khac (Peripheral)
6562,0.0011228070175438596,1.160604197060185e-05,0.00011362535552961597,8,6,0.5625,-0.07887434621989009,Khac (Peripheral)
4618,0.00042105263157894734,1.6201569293680386e-05,5.7427049315142726e-05,3,9,0.0,-0.09760367786544846,Khac (Peripheral)
1313,0.0005614035087719298,1.290061762122549e-05,6.113809024147935e-05,4,1,0.625,-0.5986195980643021,Streamer Cau noi (Bridge)
1417,0.0005614035087719298,6.488755683926596e-08,6.561227553881817e-05,4,1,0.0,-0.36732359257760294,Khac (Peripheral)
6314,0.0008421052631578947,7.820324679615577e-05,8.561940564106742e-05,6,5,0.6111111111111112,-0.4570947344846889,Khac (Peripheral)
4885,0.00042105263157894734,8.695096936142131e-07,5.348701769737866e-05,3,5,0.0,-0.4570947344846889,Khac (Peripheral)
1371,0.0002807017543859649,0.0,5.801116051956751e-05,2,9,0.0,-0.1780241547109686,Khac (Peripheral)
6496,0.00014035087719298245,0.0,3.6223203340605186e-05,1,14,0.0,-0.5111872250074323,Khac (Peripheral)
1960,0.0009824561403508772,2.5669316968258563e-05,0.00010531664974383341,7,13,0.6122448979591837,-0.06899660043307508,Khac (Peripheral)
708,0.0008421052631578947,2.615439176002979e-05,8.65112436934575e-05,6,15,0.7777777777777778,-0.3322541788802534,Streamer Cau noi (Bridge)
5189,0.0005614035087719298,0.0001142582379382884,7.949257069406186e-05,4,5,0.625,-0.5316210498898012,Streamer Cau noi (Bridge)
6908,0.0009824561403508772,6.782182094364203e-06,9.566009078822087e-05,7,14,0.0,0.260398863947385,Khac (Peripheral)
1439,0.002245614035087719,0.000500669991808462,0.0001995212900896896,16,9,0.6328125,0.3849191832076725,Streamer Cau noi (Bridge)
3705,0.00014035087719298245,0.0,3.526157814789551e-05,1,5,0.0,-0.6061473652949135,Khac (Peripheral)
5654,0.001263157894736842,0.00010889355826831691,0.00012052494165479824,9,4,0.49382716049382713,-0.11525064125674786,Khac (Peripheral)
6079,0.001543859649122807,0.00014765198931001916,0.00015029388786413746,11,0,0.7768595041322314,0.3155854880537148,Streamer Cau noi (Bridge)
3187,0.0026666666666666666,0.0003129295488696278,0.00022106578278582493,19,1,0.43767313019390586,0.7891564348558929,Khac (Peripheral)
2555,0.0023859649122807015,0.0003557228828827739,0.00025386144246582583,17,9,0.560553633217993,0.46533966005319266,Khac (Peripheral)
21,0.0009824561403508772,3.453619649513408e-05,0.00010304935209763906,7,14,0.5714285714285714,-0.12539418053002366,Khac (Peripheral)
2064,0.004912280701754385,0.0019748134307893423,0.00047660634951961266,35,4,0.7461224489795919,0.555197800669526,Streamer Cau noi (Bridge)
4983,0.0002807017543859649,0.0013901951151038742,7.848542210706532e-05,2,6,0.0,-0.29170288937188404,Khac (Peripheral)
2296,0.00014035087719298245,0.0,4.984905322774483e-05,1,3,0.0,-0.5587867256689831,Khac (Peripheral)
3648,0.00014035087719298245,0.0,3.158999938224895e-05,1,5,0.0,-0.6061473652949135,Khac (Peripheral)
1742,0.0007017543859649122,8.115026610276812e-06,7.902560078112657e-05,5,1,0.0,-0.25167558983425337,Khac (Peripheral)
463,0.00014035087719298245,0.0,3.21618116298342e-05,1,1,0.0,-0.7142676008076517,Khac (Peripheral)
5210,0.002526315789473684,0.00013493365070434474,0.00019419051934555043,18,1,0.6358024691358024,0.09526841839579539,Streamer Cau noi (Bridge)
2063,0.00042105263157894734,7.75395509797387e-06,5.9934887771252276e-05,3,3,0.6666666666666667,-0.5587867256689831,Streamer Cau noi (Bridge)
2484,0.0019649122807017545,0.00032336085293569405,0.00018724088093861622,14,9,0.6326530612244898,0.3044987063621523,Streamer Cau noi (Bridge)
1137,0.0007017543859649122,5.268889953467321e-05,8.80705485926552e-05,5,10,0.6399999999999999,-0.48321712779513526,Streamer Cau noi (Bridge)
4953,0.00042105263157894734,2.725765859948459e-05,5.8187945532075925e-05,3,14,0.6666666666666667,-0.5111872250074323,Streamer Cau noi (Bridge)
4034,0.00014035087719298245,0.0,3.338628045939249e-05,1,9,0.0,-0.2584446315564888,Khac (Peripheral)
2629,0.00042105263157894734,1.6455675404748528e-05,5.7942878147523226e-05,3,9,0.0,-0.09760367786544846,Khac (Peripheral)
6652,0.00014035087719298245,0.0,3.349093727425573e-05,1,16,0.0,-0.23233892186291363,Khac (Peripheral)
3755,0.00014035087719298245,0.0,3.349093727425573e-05,1,16,0.0,-0.23233892186291363,Khac (Peripheral)
117,0.00014035087719298245,0.0,3.322349811738558e-05,1,9,0.0,-0.2584446315564888,Khac (Peripheral)
5190,0.0005614035087719298,0.0,6.176756472992284e-05,4,5,0.0,-0.38256841907957656,Khac (Peripheral)
6686,0.0005614035087719298,1.1972734298399696e-05,6.586340675199851e-05,4,9,0.625,-0.2584446315564888,Streamer Cau noi (Bridge)
4632,0.0032280701754385964,0.00015021447636776253,0.00025750733553040346,23,1,0.446124763705104,1.020452440342592,Khac (Peripheral)
2681,0.0009824561403508772,5.479626588430036e-05,9.618833926537948e-05,7,5,0.6122448979591837,-0.38256841907957656,Khac (Peripheral)
6701,0.0005614035087719298,2.4604006541964917e-05,7.531405103146481e-05,4,16,0.625,-0.14312629133157528,Streamer Cau noi (Bridge)
5489,0.002105263157894737,0.00037704184500144934,0.00018169753376515795,15,5,0.6488888888888888,-0.08446315745912726,Streamer Cau noi (Bridge)
3110,0.0036491228070175434,0.0002615243842331108,0.00027862782337883255,26,5,0.3224852071005917,0.884378942807333,Khac (Peripheral)
3804,0.00042105263157894734,3.6925623860762962e-06,5.623741980935714e-05,3,9,0.4444444444444444,-0.1780241547109686,Khac (Peripheral)
2015,0.001263157894736842,1.7319794089041208e-05,0.00011481253918278895,9,1,0.37037037037037035,-0.020379584347554196,Khac (Peripheral)
2439,0.011368421052631578,0.0029294649576722784,0.0009094927841340032,81,6,0.8129858253315043,1.4818683035613986,Streamer Cau noi (Bridge)
6942,0.001543859649122807,0.0001077602939251258,0.00014921574105039085,11,6,0.7107438016528926,-0.07887434621989009,Streamer Cau noi (Bridge)
7062,0.0007017543859649122,5.1030017542687766e-05,8.648425662202076e-05,5,14,0.31999999999999984,-0.12539418053002366,Khac (Peripheral)
4312,0.0011228070175438596,0.0003916530140140351,0.0001424486002279552,8,16,0.78125,-0.05391366080023693,Streamer Cau noi (Bridge)
2391,0.0016842105263157893,0.0004117430002661022,0.00018899014709670905,12,9,0.29166666666666663,0.46533966005319266,Khac (Peripheral)
1498,0.00042105263157894734,2.0508590838508374e-06,6.160011881103011e-05,3,5,0.4444444444444444,-0.5316210498898012,Khac (Peripheral)
3686,0.0002807017543859649,1.7590283775703532e-06,5.223224241612131e-05,2,16,0.5,-0.23233892186291363,Khac (Peripheral)
1192,0.0005614035087719298,3.3663977903645108e-06,7.487930471441758e-05,4,1,0.375,-0.4829715953209526,Khac (Peripheral)
3137,0.0002807017543859649,0.0,4.268381044591329e-05,2,4,0.0,-0.38343001802725735,Khac (Peripheral)
3305,0.0014035087719298245,0.0010202930336285238,0.00014524752856663514,10,1,0.76,-0.4829715953209526,Streamer Cau noi (Bridge)
395,0.0005614035087719298,0.00013110943128925246,8.541253740186586e-05,4,9,0.375,-0.09760367786544846,Khac (Peripheral)
6529,0.0018245614035087717,3.923236010614819e-05,0.0001619187227599839,13,1,0.14201183431952646,0.5578604293691938,Khac (Peripheral)
4265,0.0026666666666666666,0.0006935201274923819,0.00023898672972006482,19,1,0.6094182825484764,0.44221242662584415,Khac (Peripheral)
3080,0.00014035087719298245,0.0,3.569269433828593e-05,1,9,0.0,-0.2584446315564888,Khac (Peripheral)
5953,0.0008421052631578947,6.32684493832102e-05,8.397876193822111e-05,6,6,0.2777777777777777,-0.07887434621989009,Khac (Peripheral)
4356,0.0019649122807017545,0.0008054963954673384,0.00018659436618887533,14,4,0.7346938775510204,-0.11525064125674786,Streamer Cau noi (Bridge)
4151,0.002105263157894737,0.0002679886315072615,0.00020012899720109063,15,5,0.5955555555555556,-0.009936842054014941,Khac (Peripheral)
3927,0.0014035087719298245,0.0007714443434136201,0.0001553173462464366,10,9,0.78,-0.0171832010199283,Streamer Cau noi (Bridge)
3826,0.0011228070175438596,9.333661076997003e-05,0.00012500217930312425,8,5,0.40625,-0.2335157882693519,Khac (Peripheral)
2283,0.00014035087719298245,0.0,3.656147315092891e-05,1,10,0.0,-0.7862515977683556,Khac (Peripheral)
145,0.0008421052631578947,6.58229567762584e-05,9.03583660148086e-05,6,13,0.6111111111111112,-0.06899660043307508,Khac (Peripheral)
6910,0.002245614035087719,0.000222993746187015,0.00020454821352484785,16,14,0.484375,0.7747895899172631,Khac (Peripheral)
5901,0.0002807017543859649,2.5551414333000336e-06,4.882299936891351e-05,2,9,0.0,-0.1780241547109686,Khac (Peripheral)
4897,0.0002807017543859649,7.516087077781772e-06,9.40273005561755e-05,2,1,0.0,-0.5986195980643021,Khac (Peripheral)
5821,0.0002807017543859649,0.0,4.4971189781498215e-05,2,9,0.0,-0.1780241547109686,Khac (Peripheral)
6742,0.002245614035087719,0.00010948283264908184,0.0001932921131853806,16,1,0.6953125,-0.1360275870909038,Streamer Cau noi (Bridge)
705,0.0007017543859649122,1.2582558133937387e-05,8.6557601631239e-05,5,3,0.0,0.12366591469723404,Khac (Peripheral)
2182,0.0007017543859649122,1.0600077563613223e-05,8.167649808745466e-05,5,9,0.72,-0.1780241547109686,Streamer Cau noi (Bridge)
6389,0.00042105263157894734,9.906964265448039e-06,6.471245094717276e-05,3,4,0.0,-0.31638517383463,Khac (Peripheral)
2268,0.0002807017543859649,0.0,4.4971189781498215e-05,2,9,0.0,-0.1780241547109686,Khac (Peripheral)
4597,0.0054736842105263155,0.0012951623984530883,0.0004396605618927195,39,5,0.62853385930309,1.0334315736175577,Streamer Cau noi (Bridge)
1646,0.00042105263157894734,0.00021670723417486029,6.689821680239857e-05,3,1,0.4444444444444444,-0.5986195980643021,Khac (Peripheral)
5601,0.0002807017543859649,3.1094466319137437e-06,4.337078820259065e-05,2,1,0.0,-0.5986195980643021,Khac (Peripheral)
7103,0.00042105263157894734,1.1905942400695608e-06,5.6345642190649674e-05,3,1,0.0,-0.4829715953209526,Khac (Peripheral)
4141,0.003789473684210526,0.0002423928247694756,0.00028867863589870425,27,1,0.4910836762688614,1.1361004430859416,Khac (Peripheral)
5589,0.0011228070175438596,0.00016318653588109526,0.00013461240995373816,8,0,0.65625,-0.2570494701082677,Streamer Cau noi (Bridge)
3646,0.0029473684210526313,0.0010427136071538853,0.00025795146471122927,21,9,0.7210884353741497,0.46533966005319266,Streamer Cau noi (Bridge)
1860,0.0008421052631578947,0.00030601821551755435,9.686463092541054e-05,6,9,0.5,-0.0171832010199283,Khac (Peripheral)
5629,0.0008421052631578947,1.2364909903838655e-05,8.689305590258341e-05,6,1,0.0,-0.1360275870909038,Khac (Peripheral)
3477,0.0005614035087719298,2.7843860391451133e-05,6.660644984759447e-05,4,6,0.0,-0.1498171939372214,Khac (Peripheral)
230,0.0005614035087719298,2.484318184134473e-05,8.552814335130725e-05,4,14,0.75,-0.5111872250074323,Streamer Cau noi (Bridge)
2209,0.0009824561403508772,2.0185855947290053e-06,9.362473035208123e-05,7,4,0.24489795918367352,-0.11525064125674786,Khac (Peripheral)
7098,0.0005614035087719298,1.7430303403028098e-05,6.706935349101968e-05,4,6,0.0,-0.1498171939372214,Khac (Peripheral)
724,0.002105263157894737,0.00042404979973357355,0.00019829095356937957,15,9,0.5866666666666667,0.3849191832076725,Khac (Peripheral)
2390,0.00014035087719298245,0.0,3.348283595746985e-05,1,4,0.0,-0.45047486221988475,Khac (Peripheral)
4783,0.00042105263157894734,2.034104705394173e-05,5.724301207581609e-05,3,6,0.4444444444444444,-0.29170288937188404,Khac (Peripheral)
4295,0.0007017543859649122,0.00015838012395051336,0.00011187798989380595,5,9,0.56,-0.09760367786544846,Khac (Peripheral)
232,0.0002807017543859649,2.1629060273936386e-07,4.965143490225818e-05,2,14,0.0,-0.3825895435149627,Khac (Peripheral)
4839,0.001543859649122807,0.0002578231870096845,0.00016104127947440359,11,16,0.4297520661157025,0.39214949185645487,Khac (Peripheral)
1767,0.00014035087719298245,0.0,3.2287136427845e-05,1,9,0.0,-0.2584446315564888,Khac (Peripheral)
1673,0.006736842105263157,0.003712278913975008,0.0005999367922171261,48,1,0.7135416666666666,1.8299884595460392,Streamer Cau noi (Bridge)
3599,0.0011228070175438596,0.000295018755763121,0.0001364146796306338,8,9,0.65625,-0.0171832010199283,Streamer Cau noi (Bridge)
5678,0.0002807017543859649,1.8364800641155115e-05,5.660248820419632e-05,2,15,0.5,-0.6360721892977823,Khac (Peripheral)
4907,0.00014035087719298245,0.0,3.348283595746985e-05,1,4,0.0,-0.45047486221988475,Khac (Peripheral)
852,0.0009824561403508772,1.6340403873428224e-05,0.00010522152134095748,7,1,0.5714285714285714,-0.36732359257760294,Khac (Peripheral)
6928,0.0002807017543859649,0.00014037057832678272,7.773391570500611e-05,2,4,0.0,-0.38343001802725735,Khac (Peripheral)
858,0.002245614035087719,0.0007714626450838787,0.0002458436514544563,16,9,0.71875,0.22407822951663217,Streamer Cau noi (Bridge)
1004,0.0011228070175438596,4.184874867430649e-05,0.00010098812884847202,8,4,0.21875,-0.04820579706412048,Khac (Peripheral)
1983,0.0023859649122807015,0.0004102495808658222,0.00020683158444699803,17,3,0.671280276816609,0.8061185550634512,Streamer Cau noi (Bridge)
1645,0.0008421052631578947,1.8947095150718898e-05,8.710282032362974e-05,6,3,0.6111111111111112,-0.21756040548587458,Khac (Peripheral)
5115,0.0008421052631578947,0.00013953345076572524,8.83789658188783e-05,6,5,0.6111111111111112,-0.4570947344846889,Khac (Peripheral)
3639,0.00014035087719298245,0.0,3.349093727425573e-05,1,16,0.0,-0.23233892186291363,Khac (Peripheral)
1749,0.0008421052631578947,2.7320737649335856e-05,8.928301950569192e-05,6,5,0.5,-0.38256841907957656,Khac (Peripheral)
4727,0.0014035087719298245,0.00025493667429307937,0.00013960272693567407,10,1,0.0,0.32656442388249457,Khac (Peripheral)
4098,0.0033684210526315787,0.000694847246311773,0.0002854548978577972,24,5,0.5868055555555555,0.3626947349715467,Khac (Peripheral)
816,0.00014035087719298245,0.0,3.338628045939249e-05,1,9,0.0,-0.2584446315564888,Khac (Peripheral)
504,0.0005614035087719298,3.969933538088173e-05,6.407287807064048e-05,4,9,0.5,-0.1780241547109686,Khac (Peripheral)
5408,0.0005614035087719298,7.054217573855315e-05,6.958172699093872e-05,4,6,0.625,-0.29170288937188404,Streamer Cau noi (Bridge)
2789,0.00014035087719298245,0.0,3.5423325418736455e-05,1,0,0.0,-0.5433669491892589,Khac (Peripheral)
4012,0.0008421052631578947,0.0001853976791492711,0.00010551840964430412,6,5,0.2777777777777777,-0.3080421036744642,Khac (Peripheral)
7031,0.0007017543859649122,7.388992384783041e-05,7.762006033634786e-05,5,0,0.72,-0.5433669491892589,Streamer Cau noi (Bridge)
6154,0.0019649122807017545,0.0003278740122682143,0.00020313386420921467,14,4,0.653061224489796,-0.04820579706412048,Streamer Cau noi (Bridge)
745,0.0033684210526315787,0.0011241365772767548,0.0003068102235984488,24,6,0.8472222222222222,-0.1498171939372214,Streamer Cau noi (Bridge)
894,0.0008421052631578947,7.919251910405728e-05,9.123451409750766e-05,6,6,0.2777777777777777,-0.07887434621989009,Khac (Peripheral)
6820,0.0023859649122807015,0.00032088805583424046,0.000210473280542164,17,5,0.740484429065744,-0.1589894728642396,Streamer Cau noi (Bridge)
3246,0.0002807017543859649,1.0522808153323166e-05,4.54606059329904e-05,2,0,0.0,-0.2570494701082677,Khac (Peripheral)
2293,0.00042105263157894734,1.0849973734000153e-05,5.8856594798163177e-05,3,9,0.6666666666666667,-0.2584446315564888,Streamer Cau noi (Bridge)
5809,0.0002807017543859649,9.194368039805974e-05,5.9018996903360585e-05,2,16,0.0,-0.14312629133157528,Khac (Peripheral)
732,0.0002807017543859649,0.0,5.469352776019515e-05,2,8,0.0,-0.4468005740821422,Khac (Peripheral)
5395,0.0002807017543859649,3.798896974460176e-06,6.647948127897595e-05,2,15,0.5,-0.6360721892977823,Khac (Peripheral)
1880,0.0005614035087719298,7.777193584721021e-06,7.592990110966923e-05,4,4,0.375,-0.31638517383463,Khac (Peripheral)
3296,0.00042105263157894734,9.43427732409529e-06,5.9279958278264763e-05,3,14,0.4444444444444444,-0.3825895435149627,Khac (Peripheral)
305,0.00014035087719298245,0.0,3.986518703589771e-05,1,3,0.0,-0.5587867256689831,Khac (Peripheral)
6819,0.0005614035087719298,5.418317741492979e-06,8.651057211757395e-05,4,4,0.0,-0.24934032964200262,Khac (Peripheral)
6001,0.006035087719298245,0.0013230431969223485,0.0004772467655173005,43,6,0.7842076798269335,0.7014969786707543,Streamer Cau noi (Bridge)
3020,0.0011228070175438596,4.1303229063676556e-05,0.00011987211328610042,8,13,0.40625,0.9659524060630502,Khac (Peripheral)
4978,0.00042105263157894734,9.306745498625777e-06,5.392894049284272e-05,3,14,0.6666666666666667,-0.5111872250074323,Streamer Cau noi (Bridge)
2422,0.002807017543859649,0.0006412897209047596,0.0002379482874324904,20,6,0.8,-0.00793149850255878,Streamer Cau noi (Bridge)
5164,0.0011228070175438596,6.786990470757753e-06,0.00010981243119602601,8,16,0.6875,-0.05391366080023693,Streamer Cau noi (Bridge)
1671,0.00042105263157894734,4.671742923929583e-06,6.293006012559417e-05,3,9,0.4444444444444444,-0.1780241547109686,Khac (Peripheral)
559,0.002105263157894737,0.0005046947099164269,0.00022645435582756274,15,4,0.23111111111111104,0.3540632680916438,Khac (Peripheral)
723,0.0005614035087719298,0.00012819260381568068,7.37422309935132e-05,4,4,0.375,-0.31638517383463,Khac (Peripheral)
7071,0.00014035087719298245,0.0,3.448782123217168e-05,1,14,0.0,-0.5111872250074323,Khac (Peripheral)
2816,0.0005614035087719298,8.123403779253182e-06,8.901674719566652e-05,4,3,0.375,-0.21756040548587458,Khac (Peripheral)
1100,0.0007017543859649122,1.315262855449552e-05,7.931520242314138e-05,5,4,0.72,-0.38343001802725735,Streamer Cau noi (Bridge)
6069,0.00014035087719298245,0.0,3.7479290738360204e-05,1,6,0.0,-0.3626457370892153,Khac (Peripheral)
986,0.0036491228070175434,0.0012412973658342341,0.0003274621994914961,26,3,0.7662721893491125,1.1473448752465598,Streamer Cau noi (Bridge)
3397,0.001543859649122807,0.0008414073653885907,0.0001534860682759817,11,3,0.8760330578512396,-0.3881735655774289,Streamer Cau noi (Bridge)
1235,0.00042105263157894734,3.8632661872642765e-05,5.3213393469050155e-05,3,6,0.4444444444444444,-0.29170288937188404,Khac (Peripheral)
3892,0.001543859649122807,0.0005721083333944042,0.00014764114984082302,11,1,0.16528925619834722,0.32656442388249457,Khac (Peripheral)
4447,0.00014035087719298245,0.0,3.2385891955629855e-05,1,6,0.0,-0.3626457370892153,Khac (Peripheral)
1626,0.00014035087719298245,0.0,3.3278431368848724e-05,1,9,0.0,-0.2584446315564888,Khac (Peripheral)
3236,0.00042105263157894734,3.3776591501180096e-06,5.5519012944951746e-05,3,6,0.6666666666666667,-0.3626457370892153,Streamer Cau noi (Bridge)
2335,0.0002807017543859649,0.0,4.192793980855438e-05,2,9,0.5,-0.2584446315564888,Khac (Peripheral)
4168,0.001543859649122807,0.0005767753771795718,0.00016417156399228054,11,16,0.7107438016528926,0.12451160026243978,Streamer Cau noi (Bridge)
5050,0.0005614035087719298,0.0006020068434168039,0.00010650180276574013,4,6,0.625,-0.29170288937188404,Streamer Cau noi (Bridge)
6243,0.0008421052631578947,1.6856808014844157e-05,9.407381994730708e-05,6,1,0.0,-0.1360275870909038,Khac (Peripheral)
5513,0.0005614035087719298,7.175228762085157e-06,7.972057386226426e-05,4,15,0.375,-0.02843616846272445,Khac (Peripheral)
1254,0.0014035087719298245,0.0016203636718306186,0.00018525376724721536,10,8,0.6799999999999999,0.608573195732573,Streamer Cau noi (Bridge)
3689,0.00042105263157894734,7.862431640356313e-07,6.523974634697081e-05,3,16,0.6666666666666667,-0.23233892186291363,Streamer Cau noi (Bridge)
3505,0.00014035087719298245,0.0,3.158661217793305e-05,1,4,0.0,-0.45047486221988475,Khac (Peripheral)
5260,0.00042105263157894734,3.602717063861911e-07,5.4753764208197736e-05,3,9,0.6666666666666667,-0.2584446315564888,Streamer Cau noi (Bridge)
6684,0.00014035087719298245,0.0,3.338628045939249e-05,1,9,0.0,-0.2584446315564888,Khac (Peripheral)
2460,0.0009824561403508772,1.5879780037277387e-05,0.00011064689411524946,7,16,0.24489795918367352,0.2137242307937781,Khac (Peripheral)
2949,0.0008421052631578947,2.1700338498401373e-05,8.529358047287991e-05,6,6,0.4444444444444444,-0.1498171939372214,Khac (Peripheral)
1025,0.00042105263157894734,1.693066317666506e-05,5.503945321678494e-05,3,15,0.6666666666666667,-0.6360721892977823,Streamer Cau noi (Bridge)
2800,0.001263157894736842,0.00041950774184502693,0.00011986084828153056,9,16,0.8395061728395061,-0.14312629133157528,Streamer Cau noi (Bridge)
5179,0.002807017543859649,0.00042617098311435747,0.00022986902346928744,20,1,0.27000000000000013,1.1361004430859416,Khac (Peripheral)
5184,0.002526315789473684,0.0005026566914989187,0.00020930369069736908,18,4,0.2777777777777777,0.48815295647689855,Khac (Peripheral)
1102,0.0005614035087719298,4.9863650747291536e-05,7.633582769424777e-05,4,9,0.375,-0.09760367786544846,Khac (Peripheral)
1168,0.002807017543859649,0.00023555108149386645,0.000237489226715311,20,14,0.6599999999999999,0.7747895899172631,Streamer Cau noi (Bridge)
5954,0.00014035087719298245,0.0,3.122657777371944e-05,1,5,0.0,-0.6061473652949135,Khac (Peripheral)
1976,0.0008421052631578947,2.6021564008917007e-05,8.621304708120582e-05,6,4,0.7222222222222222,-0.38343001802725735,Streamer Cau noi (Bridge)
921,0.001263157894736842,8.441685468999207e-05,0.00012170032619239147,9,4,0.37037037037037035,-0.04820579706412048,Khac (Peripheral)
4533,0.0009824561403508772,5.523283525862384e-05,0.00011126144576417311,7,5,0.7346938775510204,-0.4570947344846889,Streamer Cau noi (Bridge)
6247,0.0002807017543859649,3.86996791184901e-06,5.088310109803261e-05,2,1,0.5,-0.7142676008076517,Khac (Peripheral)
6474,0.006035087719298245,0.004188559733908203,0.0005592836379756741,43,4,0.46944294213088167,1.5608704635589365,Khac (Peripheral)
1546,0.0009824561403508772,0.00026357781471626675,0.00011956978846940159,7,15,0.7755102040816326,-0.3322541788802534,Streamer Cau noi (Bridge)
2687,0.0007017543859649122,5.628169078848763e-05,8.645411578445738e-05,5,9,0.56,-0.09760367786544846,Khac (Peripheral)
2623,0.0009824561403508772,9.529711754033011e-05,0.00011131438708332129,7,6,0.5714285714285714,-0.1498171939372214,Khac (Peripheral)
5948,0.00042105263157894734,1.252306911570424e-05,6.067009097316139e-05,3,9,0.0,-0.09760367786544846,Khac (Peripheral)
5592,0.0005614035087719298,1.9768526405198126e-05,6.739111075993877e-05,4,9,0.375,-0.09760367786544846,Khac (Peripheral)
5000,0.00014035087719298245,0.0,3.0975885410297096e-05,1,5,0.0,-0.6061473652949135,Khac (Peripheral)
6592,0.0008421052631578947,5.419339822402149e-05,8.817686607550831e-05,6,4,0.5,-0.24934032964200262,Khac (Peripheral)
4019,0.0002807017543859649,1.99861071722855e-06,4.555963430178742e-05,2,2,0.5,-0.6448606735457089,Khac (Peripheral)
5963,0.0002807017543859649,3.917838992111179e-05,6.399189411242545e-05,2,13,0.5,-0.7589626047638253,Khac (Peripheral)
4239,0.0007017543859649122,0.0001764175463229153,7.76899429563176e-05,5,5,0.56,-0.4570947344846889,Khac (Peripheral)
6073,0.0023859649122807015,0.0002317035214831839,0.00020627399395598483,17,1,0.5536332179930796,0.44221242662584415,Khac (Peripheral)
908,0.00014035087719298245,0.0,3.0016593992786366e-05,1,5,0.0,-0.6061473652949135,Khac (Peripheral)
5892,0.0011228070175438596,3.586348839179153e-05,0.00012421709425771923,8,0,0.65625,0.3155854880537148,Streamer Cau noi (Bridge)
5857,0.004912280701754385,0.0015647755175457595,0.0005889941916636508,35,6,0.6351020408163266,0.9852683695400796,Streamer Cau noi (Bridge)
5144,0.00014035087719298245,0.0,4.0749416291843254e-05,1,4,0.0,-0.45047486221988475,Khac (Peripheral)
5804,0.00042105263157894734,2.800252747834663e-07,5.375962624415035e-05,3,5,0.4444444444444444,-0.5316210498898012,Khac (Peripheral)
604,0.0002807017543859649,0.0,4.876749816370449e-05,2,4,0.0,-0.38343001802725735,Khac (Peripheral)
4054,0.0011228070175438596,3.7308192566872336e-05,0.00010569447774171005,8,14,0.78125,-0.3825895435149627,Streamer Cau noi (Bridge)
1553,0.002526315789473684,0.0006809573042722636,0.00022141577746002922,18,6,0.7222222222222222,-0.07887434621989009,Streamer Cau noi (Bridge)
4372,0.0002807017543859649,4.332223233334075e-06,4.5591748899741894e-05,2,6,0.5,-0.3626457370892153,Khac (Peripheral)
6044,0.001263157894736842,0.0001340243658539056,0.00012460189306309728,9,9,0.49382716049382713,0.06323727582559185,Khac (Peripheral)
1765,0.0014035087719298245,6.492109417475877e-05,0.000126891571883231,10,15,0.76,0.27538184195480453,Streamer Cau noi (Bridge)
1700,0.0002807017543859649,3.541149402148884e-05,5.924216788176525e-05,2,16,0.0,-0.14312629133157528,Khac (Peripheral)
227,0.00042105263157894734,1.80651454806981e-05,5.4609315187589575e-05,3,6,0.6666666666666667,-0.3626457370892153,Streamer Cau noi (Bridge)
2934,0.006175438596491228,0.003012549040132549,0.0004902151818654556,44,1,0.6466942148760331,1.9456364622893887,Streamer Cau noi (Bridge)
2506,0.0026666666666666666,0.0002723275578333888,0.00023255122903217132,19,13,0.7977839335180056,-0.06899660043307508,Streamer Cau noi (Bridge)
6569,0.0029473684210526313,0.0016410773840696805,0.0002614673814964355,21,1,0.8072562358276645,-0.25167558983425337,Streamer Cau noi (Bridge)
197,0.0029473684210526313,0.0016961263345982608,0.0003158172940394437,21,13,0.6712018140589568,2.690867416889926,Khac (Peripheral)
4980,0.00042105263157894734,7.645651032165747e-06,6.335851616931372e-05,3,15,0.4444444444444444,-0.3322541788802534,Khac (Peripheral)
2005,0.0007017543859649122,1.8274536408742922e-05,8.386998882047585e-05,5,1,0.72,-0.5986195980643021,Streamer Cau noi (Bridge)
778,0.0018245614035087717,0.00013742494775651975,0.00015528212570277658,13,5,0.485207100591716,-0.009936842054014941,Khac (Peripheral)
5147,0.0007017543859649122,0.0006616647564690759,9.1523962247826e-05,5,9,0.31999999999999984,-0.0171832010199283,Khac (Peripheral)
4706,0.0002807017543859649,8.427550107586835e-08,4.976943570330367e-05,2,16,0.0,-0.14312629133157528,Khac (Peripheral)
3666,0.0011228070175438596,0.00027842037654871965,0.00011797681869398222,8,4,0.6875,-0.31638517383463,Streamer Cau noi (Bridge)
5598,0.00014035087719298245,0.0,6.067454540532612e-05,1,2,0.0,-0.6448606735457089,Khac (Peripheral)
7099,0.0007017543859649122,0.00014597050209010082,9.896002383885766e-05,5,6,0.56,-0.2207600416545527,Khac (Peripheral)
6854,0.00042105263157894734,7.020342624022125e-05,6.916038783552125e-05,3,9,0.4444444444444444,-0.1780241547109686,Khac (Peripheral)
6555,0.0005614035087719298,1.7082442496505647e-05,6.899990040733878e-05,4,6,0.625,-0.29170288937188404,Streamer Cau noi (Bridge)
4326,0.00014035087719298245,0.0,3.211486823569884e-05,1,9,0.0,-0.2584446315564888,Khac (Peripheral)
617,0.0009824561403508772,0.00015782740578636448,0.00010070808439557069,7,16,0.7346938775510204,-0.05391366080023693,Streamer Cau noi (Bridge)
2731,0.003508771929824561,0.00017203855424024474,0.0002559774508006614,25,4,0.0,1.1586013984031724,Khac (Peripheral)
793,0.006175438596491228,0.0017987786114956226,0.0004927316738574931,44,1,0.7262396694214877,1.3673964485726409,Streamer Cau noi (Bridge)
1935,0.00014035087719298245,0.0,3.0917431499767255e-05,1,5,0.0,-0.6061473652949135,Khac (Peripheral)
1133,0.0014035087719298245,7.33690457975951e-05,0.0001295819914989126,10,4,0.33999999999999986,0.018839047128506894,Khac (Peripheral)
716,0.0002807017543859649,4.882010599442666e-06,4.442127836688125e-05,2,9,0.5,-0.2584446315564888,Khac (Peripheral)
6417,0.0005614035087719298,4.536609478494135e-05,6.711372178955589e-05,4,9,0.375,-0.09760367786544846,Khac (Peripheral)
4674,0.0002807017543859649,8.70264246039046e-06,4.921045177520778e-05,2,9,0.5,-0.2584446315564888,Khac (Peripheral)
1987,0.0009824561403508772,3.967297351383368e-05,9.49161018149401e-05,7,6,0.6122448979591837,-0.2207600416545527,Khac (Peripheral)
3206,0.00042105263157894734,1.2165281774698255e-05,5.584570957135311e-05,3,9,0.4444444444444444,-0.1780241547109686,Khac (Peripheral)
2507,0.003087719298245614,0.0007658501143968812,0.0002734991861498337,22,4,0.8099173553719008,-0.04820579706412048,Streamer Cau noi (Bridge)
5844,0.00014035087719298245,0.0,3.518206906744242e-05,1,9,0.0,-0.2584446315564888,Khac (Peripheral)
3946,0.00042105263157894734,1.8037723475591434e-05,5.580804351919986e-05,3,3,0.6666666666666667,-0.5587867256689831,Streamer Cau noi (Bridge)
5774,0.0002807017543859649,0.0,4.079592303551585e-05,2,5,0.0,-0.5316210498898012,Khac (Peripheral)
1631,0.0005614035087719298,1.6083237523908463e-06,6.975025543712111e-05,4,9,0.625,-0.1780241547109686,Streamer Cau noi (Bridge)
7066,0.0009824561403508772,6.04114731331547e-05,9.928817525534836e-05,7,5,0.5714285714285714,-0.38256841907957656,Khac (Peripheral)
6236,0.004210526315789474,0.00065211077039057,0.0003453339434820535,30,15,0.8022222222222222,1.1868358732073914,Streamer Cau noi (Bridge)
4407,0.00042105263157894734,5.244307013107266e-06,6.28058796866113e-05,3,9,0.6666666666666667,-0.2584446315564888,Streamer Cau noi (Bridge)
4829,0.00014035087719298245,0.0,3.0830918702719315e-05,1,5,0.0,-0.6061473652949135,Khac (Peripheral)
1614,0.00042105263157894734,6.206075665011516e-06,6.495029201789663e-05,3,14,0.4444444444444444,-0.3825895435149627,Khac (Peripheral)
4742,0.0007017543859649122,0.0003356477705284318,8.398658519149584e-05,5,9,0.72,-0.1780241547109686,Streamer Cau noi (Bridge)
5816,0.00014035087719298245,0.0,3.0855415558365613e-05,1,5,0.0,-0.6061473652949135,Khac (Peripheral)
2587,0.00014035087719298245,0.0,3.19672047198056e-05,1,4,0.0,-0.45047486221988475,Khac (Peripheral)
3256,0.00014035087719298245,0.0,3.253510821333682e-05,1,6,0.0,-0.3626457370892153,Khac (Peripheral)
2907,0.0009824561403508772,7.710943868069985e-05,0.00012178184139360879,7,14,0.7346938775510204,-0.2539918620224932,Streamer Cau noi (Bridge)
3467,0.0007017543859649122,1.301187795914345e-05,8.040401716224665e-05,5,16,0.72,-0.14312629133157528,Streamer Cau noi (Bridge)
6065,0.0002807017543859649,1.2649812101876386e-05,5.7757225633695534e-05,2,9,0.0,-0.1780241547109686,Khac (Peripheral)
2302,0.00042105263157894734,2.0207787371828167e-07,5.1444661153570094e-05,3,6,0.4444444444444444,-0.29170288937188404,Khac (Peripheral)
4602,0.004491228070175438,0.001668271757358433,0.00035360181948443684,32,1,0.453125,1.8299884595460392,Khac (Peripheral)
4111,0.001543859649122807,0.0005956758013478758,0.00014299391211161888,11,1,0.7933884297520661,-0.4829715953209526,Streamer Cau noi (Bridge)
4867,0.0007017543859649122,3.720698861843075e-05,8.00802700507786e-05,5,9,0.56,-0.09760367786544846,Khac (Peripheral)
5885,0.0002807017543859649,1.008198703635773e-05,4.729876272728491e-05,2,16,0.0,-0.14312629133157528,Khac (Peripheral)
4009,0.00042105263157894734,3.2156158478168547e-07,5.024557110261052e-05,3,5,0.0,-0.4570947344846889,Khac (Peripheral)
6336,0.0007017543859649122,2.2671052782646387e-05,8.806725032570222e-05,5,13,0.72,-0.4139796025984502,Streamer Cau noi (Bridge)
3254,0.00042105263157894734,3.080851214778266e-06,7.359033843979684e-05,3,14,0.4444444444444444,-0.3825895435149627,Khac (Peripheral)
410,0.004631578947368421,0.00026790919242237674,0.00035111998779209155,33,4,0.1707988980716254,1.4938256193663093,Khac (Peripheral)
3422,0.00014035087719298245,0.0,3.764668477971806e-05,1,14,0.0,-0.5111872250074323,Khac (Peripheral)
5292,0.005614035087719298,0.0010379759593696495,0.0005404117084231224,40,3,0.59375,3.3653159564367656,Khac (Peripheral)
2998,0.00042105263157894734,2.8677762084857195e-05,8.247886737479293e-05,3,13,0.4444444444444444,-0.4139796025984502,Khac (Peripheral)
131,0.0005614035087719298,1.2841584359432777e-05,6.691509123311188e-05,4,5,0.625,-0.5316210498898012,Streamer Cau noi (Bridge)
1365,0.0005614035087719298,2.3567075300556216e-05,7.481062644740633e-05,4,10,0.625,-0.48321712779513526,Streamer Cau noi (Bridge)
5891,0.00014035087719298245,0.0,3.291825750445087e-05,1,1,0.0,-0.7142676008076517,Khac (Peripheral)
4555,0.0058947368421052625,0.0012570770432979235,0.0005105068571263296,42,6,0.5623582766439909,1.4818683035613986,Khac (Peripheral)
2882,0.003087719298245614,0.0005014258803738814,0.00026988445322790575,22,14,0.8099173553719008,0.260398863947385,Streamer Cau noi (Bridge)
1780,0.00014035087719298245,0.0,3.495299151248449e-05,1,16,0.0,-0.23233892186291363,Khac (Peripheral)
3245,0.0018245614035087717,0.00043609904361313395,0.00016984249746353593,13,9,0.6982248520710059,0.14365775267111203,Streamer Cau noi (Bridge)
1166,0.0007017543859649122,0.00015191623049189785,9.861037901723353e-05,5,1,0.56,-0.4829715953209526,Khac (Peripheral)
1548,0.0005614035087719298,4.197915948180888e-06,6.95793032349654e-05,4,16,0.75,-0.23233892186291363,Streamer Cau noi (Bridge)
6553,0.0023859649122807015,0.0009189637527976118,0.00020169621821311122,17,5,0.698961937716263,-0.08446315745912726,Streamer Cau noi (Bridge)
5618,0.00042105263157894734,2.1109854481515432e-05,5.3920740782581705e-05,3,4,0.6666666666666667,-0.45047486221988475,Streamer Cau noi (Bridge)
3329,0.0005614035087719298,1.4838440036469411e-05,6.74847075487077e-05,4,5,0.625,-0.5316210498898012,Streamer Cau noi (Bridge)
6409,0.0002807017543859649,1.5453289894235972e-06,6.347441151570408e-05,2,6,0.0,-0.29170288937188404,Khac (Peripheral)
2273,0.0011228070175438596,3.8447492385857476e-05,0.00011456377672538135,8,8,0.75,-0.09500931747723713,Streamer Cau noi (Bridge)
4133,0.002526315789473684,0.00026235777026378863,0.0002261832942043794,18,13,0.7716049382716049,0.9659524060630502,Streamer Cau noi (Bridge)
3548,0.0007017543859649122,0.00015978928534983198,0.00010945254184623144,5,8,0.31999999999999984,0.25678193912766795,Khac (Peripheral)
2706,0.00014035087719298245,0.0,3.425104547816391e-05,1,9,0.0,-0.2584446315564888,Khac (Peripheral)
7051,0.0019649122807017545,0.00024634575755843306,0.00022077193907687703,14,9,0.6326530612244898,0.3044987063621523,Streamer Cau noi (Bridge)
2853,0.0008421052631578947,7.508856585948376e-05,9.04299683380635e-05,6,2,0.6111111111111112,-0.6448606735457089,Khac (Peripheral)
5006,0.002526315789473684,0.0006278590537147205,0.0002749745675560446,18,6,0.6296296296296295,0.2758398923667665,Streamer Cau noi (Bridge)
4008,0.0018245614035087717,0.00016351792234310956,0.00018237811583589545,13,14,0.7810650887573964,-0.2539918620224932,Streamer Cau noi (Bridge)
1857,0.001543859649122807,0.00023330701271120338,0.00017205736312396182,11,14,0.5619834710743802,0.260398863947385,Khac (Peripheral)
4327,0.00014035087719298245,0.0,3.294966673922045e-05,1,1,0.0,-0.7142676008076517,Khac (Peripheral)
4207,0.0002807017543859649,0.0,4.7684763153473026e-05,2,0,0.0,-0.2570494701082677,Khac (Peripheral)
3141,0.0007017543859649122,6.395310720893513e-05,9.168808539107752e-05,5,1,0.56,-0.4829715953209526,Khac (Peripheral)
1991,0.0011228070175438596,5.178811887921084e-05,0.00010510645879803128,8,4,0.53125,-0.18229548544937524,Khac (Peripheral)
3661,0.001263157894736842,0.00021360604656403987,0.00016410074586565955,9,9,0.691358024691358,-0.0171832010199283,Streamer Cau noi (Bridge)
2856,0.0002807017543859649,7.2192251167259525e-06,4.679383552263962e-05,2,15,0.5,-0.6360721892977823,Khac (Peripheral)
5504,0.00014035087719298245,0.0,3.495299151248449e-05,1,16,0.0,-0.23233892186291363,Khac (Peripheral)
1957,0.00014035087719298245,0.0,5.392451937609192e-05,1,14,0.0,-0.5111872250074323,Khac (Peripheral)
4508,0.001263157894736842,0.000184517647078817,0.00012416060757654062,9,4,0.7654320987654322,-0.31638517383463,Streamer Cau noi (Bridge)
1229,0.008,0.0017605459140031963,0.0007283684802482022,57,16,0.7670052323791936,1.8195515803578683,Streamer Cau noi (Bridge)
4332,0.00014035087719298245,0.0,3.158661217793305e-05,1,4,0.0,-0.45047486221988475,Khac (Peripheral)
5238,0.0009824561403508772,3.633714281288298e-05,9.822517046464862e-05,7,9,0.24489795918367352,0.14365775267111203,Khac (Peripheral)
1833,0.0007017543859649122,0.0003382318031120633,9.122421546084106e-05,5,9,0.0,0.06323727582559185,Khac (Peripheral)
2796,0.0005614035087719298,0.0008653193859431211,0.00010162820039485002,4,15,0.625,-0.3322541788802534,Streamer Cau noi (Bridge)
5990,0.00014035087719298245,0.0,3.2245819703718273e-05,1,1,0.0,-0.7142676008076517,Khac (Peripheral)
5033,0.0036491228070175434,0.001606118211553469,0.00036228051756281523,26,16,0.8284023668639053,0.3029368613251165,Streamer Cau noi (Bridge)
2560,0.00014035087719298245,0.0,3.260041552670413e-05,1,5,0.0,-0.6061473652949135,Khac (Peripheral)
3676,0.0007017543859649122,6.815285961642616e-05,8.301693388249174e-05,5,6,0.31999999999999984,-0.1498171939372214,Khac (Peripheral)
2421,0.0005614035087719298,0.0007400134544910536,8.03611443405429e-05,4,9,0.625,-0.1780241547109686,Streamer Cau noi (Bridge)
3371,0.004912280701754385,0.0010846363018275622,0.0004054817303465893,35,1,0.34448979591836726,2.408228473262787,Khac (Peripheral)
4091,0.0011228070175438596,4.12619116333373e-05,0.0001136365312725022,8,6,0.5,-0.1498171939372214,Khac (Peripheral)
264,0.00042105263157894734,6.1726865495475115e-06,5.615987549657231e-05,3,16,0.4444444444444444,-0.14312629133157528,Khac (Peripheral)
4370,0.002105263157894737,6.999188686743533e-05,0.00017872393803222464,15,1,0.3377777777777776,0.5578604293691938,Khac (Peripheral)
4599,0.0007017543859649122,2.2010593255210664e-05,8.045759358617676e-05,5,1,0.31999999999999984,-0.36732359257760294,Khac (Peripheral)
5124,0.00042105263157894734,0.0001428850453999227,8.72235840832665e-05,3,13,0.4444444444444444,-0.4139796025984502,Khac (Peripheral)
6693,0.0007017543859649122,9.919781774684747e-05,9.439401850682257e-05,5,4,0.31999999999999984,-0.24934032964200262,Khac (Peripheral)
5492,0.0005614035087719298,0.00017407097727479423,8.536104282359688e-05,4,15,0.375,-0.02843616846272445,Khac (Peripheral)
3855,0.0033684210526315787,0.0006247627592631197,0.00029530996868423276,24,16,0.7291666666666666,0.5705747529191316,Streamer Cau noi (Bridge)
2536,0.0007017543859649122,9.482925149321545e-06,0.00010014775828844869,5,1,0.31999999999999984,-0.36732359257760294,Khac (Peripheral)
633,0.0002807017543859649,6.06549847188269e-06,4.775505326399732e-05,2,16,0.5,-0.23233892186291363,Khac (Peripheral)
4416,0.0002807017543859649,5.600916827666068e-06,4.519485297611922e-05,2,0,0.5,-0.5433669491892589,Khac (Peripheral)
1438,0.0002807017543859649,2.2714600674869684e-06,4.175722821863004e-05,2,1,0.5,-0.7142676008076517,Khac (Peripheral)
2842,0.0002807017543859649,1.0971653047592264e-05,4.445147145680898e-05,2,9,0.0,-0.1780241547109686,Khac (Peripheral)
1870,0.0007017543859649122,1.1763721835836679e-05,7.69447305494358e-05,5,4,0.31999999999999984,-0.24934032964200262,Khac (Peripheral)
3396,0.0014035087719298245,0.00013781994679417555,0.00014234002129658873,10,9,0.5800000000000001,0.14365775267111203,Khac (Peripheral)
5941,0.001543859649122807,0.0004064692681690342,0.00016672794328629072,11,6,0.628099173553719,-0.00793149850255878,Streamer Cau noi (Bridge)
3574,0.0018245614035087717,1.1756592776802613e-05,0.0001693347205069496,13,6,0.5562130177514792,0.13395419693210384,Khac (Peripheral)
6324,0.0002807017543859649,0.0,4.231498023761874e-05,2,1,0.0,-0.5986195980643021,Khac (Peripheral)
3337,0.00042105263157894734,1.1500800500735672e-05,6.215087053261742e-05,3,5,0.0,-0.4570947344846889,Khac (Peripheral)
106,0.0011228070175438596,0.0001071312897999529,0.00012649188639922573,8,0,0.75,0.029268008972723546,Streamer Cau noi (Bridge)
1074,0.0002807017543859649,2.0936112021505174e-07,4.7624630930373054e-05,2,9,0.5,-0.2584446315564888,Khac (Peripheral)
6764,0.00042105263157894734,3.387913707860016e-05,5.8998461321518414e-05,3,9,0.6666666666666667,-0.2584446315564888,Streamer Cau noi (Bridge)
1475,0.002245614035087719,0.0007800370702501804,0.00020701791933026807,16,4,0.734375,-0.11525064125674786,Streamer Cau noi (Bridge)
3384,0.0014035087719298245,9.667111461575146e-06,0.00012003693476403927,10,1,0.17999999999999994,0.210916421139145,Khac (Peripheral)
7037,0.00014035087719298245,0.0,4.433978275011239e-05,1,16,0.0,-0.23233892186291363,Khac (Peripheral)
3144,0.00014035087719298245,0.0,3.158661217793305e-05,1,4,0.0,-0.45047486221988475,Khac (Peripheral)
3644,0.0002807017543859649,2.623195392636639e-05,5.0752910252543734e-05,2,14,0.5,-0.5111872250074323,Khac (Peripheral)
1653,0.00014035087719298245,0.0,3.2385891955629855e-05,1,6,0.0,-0.3626457370892153,Khac (Peripheral)
269,0.00042105263157894734,5.375586493186047e-06,5.578699016431962e-05,3,6,0.4444444444444444,-0.29170288937188404,Khac (Peripheral)
3512,0.0005614035087719298,0.00014714389498929778,9.259714582745682e-05,4,5,0.0,-0.38256841907957656,Khac (Peripheral)
3741,0.0005614035087719298,9.44526285183743e-06,6.602333802014425e-05,4,0,0.625,-0.2570494701082677,Streamer Cau noi (Bridge)
2197,0.0008421052631578947,9.640759985903044e-06,0.0001026523686752641,6,2,0.6111111111111112,0.015173192318722542,Khac (Peripheral)
843,0.0002807017543859649,1.9488401560814627e-05,5.041102832075232e-05,2,5,0.5,-0.6061473652949135,Khac (Peripheral)
2913,0.004491228070175438,0.00071943869280604,0.00036459214496422634,32,1,0.21875,2.408228473262787,Khac (Peripheral)
2713,0.0007017543859649122,3.2727732775309995e-05,8.662300625212072e-05,5,16,0.48,-0.05391366080023693,Khac (Peripheral)
3753,0.0002807017543859649,8.072661453237865e-07,5.853499206092812e-05,2,8,0.0,-0.4468005740821422,Khac (Peripheral)
6040,0.0002807017543859649,7.821428896421506e-08,3.904207725599131e-05,2,1,0.0,-0.5986195980643021,Khac (Peripheral)
2823,0.0008421052631578947,0.00012129921868422617,8.6424517778165e-05,6,9,0.7777777777777778,-0.1780241547109686,Streamer Cau noi (Bridge)
4683,0.001263157894736842,7.614027031820475e-05,0.00013426281429270757,9,14,0.37037037037037035,0.260398863947385,Khac (Peripheral)
3854,0.00014035087719298245,0.0,3.5875303375054913e-05,1,4,0.0,-0.45047486221988475,Khac (Peripheral)
5748,0.002105263157894737,8.642597454732068e-05,0.0001757028991063269,15,5,0.5155555555555555,0.06458947335109738,Khac (Peripheral)
1977,0.0016842105263157893,0.00011159467612956042,0.0001521134014296256,12,5,0.625,-0.1589894728642396,Streamer Cau noi (Bridge)
3436,0.0058947368421052625,0.0009855920536261508,0.00045614030052723185,42,1,0.5895691609977325,2.176932467776088,Khac (Peripheral)
1611,0.0014035087719298245,0.0002745334538635538,0.00015018770322105122,10,14,0.7,0.003203500962445893,Streamer Cau noi (Bridge)
2671,0.0005614035087719298,1.2606319449375412e-05,0.00010055795275179215,4,10,0.0,0.12285181215130553,Khac (Peripheral)
2476,0.002105263157894737,0.0004685682928912894,0.00021392746812524504,15,9,0.6044444444444445,0.3849191832076725,Khac (Peripheral)
3668,0.0019649122807017545,8.291395992604814e-05,0.00017357579851839619,14,5,0.7346938775510203,-0.3080421036744642,Streamer Cau noi (Bridge)
2271,0.0007017543859649122,0.0002445653584830349,7.907682518518509e-05,5,6,0.31999999999999984,-0.1498171939372214,Khac (Peripheral)
906,0.0002807017543859649,1.3763098946655097e-06,4.293743506499054e-05,2,14,0.5,-0.5111872250074323,Khac (Peripheral)
4217,0.001263157894736842,1.67885817043918e-05,0.00011007391615779614,9,5,0.345679012345679,-0.1589894728642396,Khac (Peripheral)
5153,0.0009824561403508772,9.457666352723336e-05,0.00010288063726684229,7,14,0.5714285714285714,-0.12539418053002366,Khac (Peripheral)
1186,0.0019649122807017545,0.00027512040905741273,0.0001762262531077086,14,14,0.7448979591836735,-0.12539418053002366,Streamer Cau noi (Bridge)
5605,0.0005614035087719298,6.070846600378179e-06,6.020530519148139e-05,4,5,0.375,-0.4570947344846889,Khac (Peripheral)
4615,0.0007017543859649122,0.00021946024188115485,8.200561903652076e-05,5,4,0.6399999999999999,-0.38343001802725735,Streamer Cau noi (Bridge)
1319,0.0008421052631578947,1.9868795220414146e-05,8.914930130465973e-05,6,1,0.6666666666666667,-0.4829715953209526,Streamer Cau noi (Bridge)
4996,0.0005614035087719298,6.783762550319671e-06,6.719842379992891e-05,4,15,0.5,-0.3322541788802534,Khac (Peripheral)
6126,0.0002807017543859649,2.488869532193636e-06,4.712421154137249e-05,2,4,0.0,-0.38343001802725735,Khac (Peripheral)
1130,0.00014035087719298245,0.0,3.0470256570607877e-05,1,5,0.0,-0.6061473652949135,Khac (Peripheral)
1084,0.0011228070175438596,9.664971179889546e-05,0.00011048219058383925,8,6,0.75,-0.2207600416545527,Streamer Cau noi (Bridge)
6189,0.00014035087719298245,0.0,3.585925832591326e-05,1,5,0.0,-0.6061473652949135,Khac (Peripheral)
5669,0.0002807017543859649,7.063767442776575e-07,4.335882167967253e-05,2,4,0.0,-0.38343001802725735,Khac (Peripheral)
3169,0.0011228070175438596,8.347648416749937e-05,0.00011273860546132096,8,9,0.75,-0.09760367786544846,Streamer Cau noi (Bridge)
4928,0.0005614035087719298,1.2019473588770472e-05,6.56539440799237e-05,4,4,0.625,-0.38343001802725735,Streamer Cau noi (Bridge)
4808,0.0019649122807017545,0.00024637580830857205,0.00018477193601689298,14,3,0.5510204081632653,0.8061185550634512,Khac (Peripheral)
2010,0.0007017543859649122,0.0004183365423922694,8.927067014812516e-05,5,9,0.56,-0.09760367786544846,Khac (Peripheral)
5040,0.0011228070175438596,0.00010885033560059909,0.00013031099899780244,8,4,0.40625,-0.11525064125674786,Khac (Peripheral)
375,0.0009824561403508772,0.00023730502676984317,0.00011132688497878066,7,14,0.6122448979591837,-0.12539418053002366,Khac (Peripheral)
6125,0.00042105263157894734,0.0,5.535041908194946e-05,3,14,0.0,-0.2539918620224932,Khac (Peripheral)
1444,0.0002807017543859649,0.0,4.6434459001099766e-05,2,13,0.0,-0.4139796025984502,Khac (Peripheral)
3153,0.0002807017543859649,1.2856375999893467e-05,4.652464545251128e-05,2,16,0.5,-0.23233892186291363,Khac (Peripheral)
4424,0.00014035087719298245,0.0,3.495299151248449e-05,1,16,0.0,-0.23233892186291363,Khac (Peripheral)
5181,0.0005614035087719298,3.816109759162402e-05,6.970668821801956e-05,4,8,0.75,-0.7985918306870473,Streamer Cau noi (Bridge)
790,0.0032280701754385964,0.00042493072391714705,0.0002853538212981094,23,1,0.3705103969754252,1.2517484458292911,Khac (Peripheral)
1514,0.0007017543859649122,0.00018986896082141583,0.00010991936764618697,5,9,0.0,0.06323727582559185,Khac (Peripheral)
4640,0.001263157894736842,0.00014982455682497118,0.00011983140067906227,9,1,0.7654320987654322,-0.5986195980643021,Streamer Cau noi (Bridge)
1157,0.0009824561403508772,2.7951623935721798e-05,0.00011813850524531337,7,14,0.44897959183673464,0.003203500962445893,Khac (Peripheral)
4654,0.0008421052631578947,8.066194804428832e-05,9.009738700085981e-05,6,6,0.6111111111111112,-0.2207600416545527,Khac (Peripheral)
929,0.00042105263157894734,2.189004270570606e-06,5.826475445035413e-05,3,9,0.4444444444444444,-0.2584446315564888,Khac (Peripheral)
3295,0.002245614035087719,8.079381810075745e-05,0.00017282117667569616,16,1,0.4609375,0.44221242662584415,Khac (Peripheral)
3975,0.0002807017543859649,0.0,5.3272620390416666e-05,2,0,0.0,-0.2570494701082677,Khac (Peripheral)
3048,0.0002807017543859649,0.0,5.086040099706582e-05,2,6,0.0,-0.29170288937188404,Khac (Peripheral)
7115,0.0007017543859649122,2.7776824390761114e-05,7.628275212325921e-05,5,5,0.0,-0.3080421036744642,Khac (Peripheral)
2596,0.00014035087719298245,0.0,4.4062719301812265e-05,1,4,0.0,-0.45047486221988475,Khac (Peripheral)
5689,0.0005614035087719298,5.3302770522280934e-05,7.654762977031631e-05,4,9,0.625,-0.1780241547109686,Streamer Cau noi (Bridge)
2202,0.0016842105263157893,0.00048424486302643633,0.00017325347625745364,12,5,0.7777777777777778,-0.38256841907957656,Streamer Cau noi (Bridge)
4023,0.002807017543859649,0.000780090857651576,0.000245717995796296,20,9,0.5249999999999999,0.7066010905897532,Khac (Peripheral)
3203,0.0007017543859649122,6.643642465565146e-05,9.078384736682299e-05,5,16,0.31999999999999984,0.03529896973110142,Khac (Peripheral)
2077,0.0008421052631578947,3.1380876436752e-05,9.970211150975255e-05,6,1,0.6111111111111112,-0.4829715953209526,Khac (Peripheral)
5800,0.00042105263157894734,3.383445903323106e-06,5.616380712542388e-05,3,16,0.6666666666666667,-0.23233892186291363,Streamer Cau noi (Bridge)
5053,0.00014035087719298245,0.0,4.7348112384561165e-05,1,2,0.0,-0.6448606735457089,Khac (Peripheral)
1120,0.002105263157894737,0.0001350784779118152,0.00018394034433109218,15,6,0.6133333333333333,0.06301134921477253,Khac (Peripheral)
1466,0.0002807017543859649,0.00034582768439398305,5.956440508733438e-05,2,3,0.5,-0.5587867256689831,Khac (Peripheral)
2632,0.0029473684210526313,0.001185544409340079,0.0002864217410839636,21,5,0.7482993197278912,-0.08446315745912726,Streamer Cau noi (Bridge)
6986,0.0033684210526315787,0.0009182941629763976,0.0003528876215080402,24,6,0.7083333333333333,0.4177255878014291,Streamer Cau noi (Bridge)
472,0.00014035087719298245,0.0,5.469191006309339e-05,1,13,0.0,-0.7589626047638253,Khac (Peripheral)
590,0.00014035087719298245,0.0,3.526286907487825e-05,1,4,0.0,-0.45047486221988475,Khac (Peripheral)
5451,0.007719298245614035,0.0005579196945770973,0.0005381654573395847,55,5,0.4813223140495868,2.07679998928913,Khac (Peripheral)
3377,0.003087719298245614,0.00034146895462933206,0.000299152230223334,22,6,0.7479338842975207,0.2758398923667665,Streamer Cau noi (Bridge)
1049,0.0014035087719298245,0.00021458363918661514,0.00014720794509616184,10,6,0.6799999999999999,-0.07887434621989009,Streamer Cau noi (Bridge)
3050,0.0032280701754385964,0.0009344377341888654,0.0002700507635309252,23,5,0.6351606805293006,0.28816841956643435,Streamer Cau noi (Bridge)
4628,0.003508771929824561,0.0007192180425996314,0.00028292740536522157,25,5,0.4640000000000001,0.660799996591996,Khac (Peripheral)
2437,0.0009824561403508772,6.957756596790145e-05,0.00010338137955278257,7,13,0.8163265306122449,-0.7589626047638253,Streamer Cau noi (Bridge)
2862,0.0008421052631578947,0.0001665833158832259,0.00010467576744411565,6,5,0.5,-0.4570947344846889,Khac (Peripheral)
1604,0.004210526315789474,0.0005751248851915948,0.00034666180792813407,30,1,0.4866666666666667,1.59869245405934,Khac (Peripheral)
4066,0.00014035087719298245,0.0,3.181783171300938e-05,1,5,0.0,-0.6061473652949135,Khac (Peripheral)
2714,0.00014035087719298245,0.0,3.1871091061899144e-05,1,6,0.0,-0.3626457370892153,Khac (Peripheral)
6698,0.0007017543859649122,9.734004039859499e-05,8.354129049064658e-05,5,5,0.31999999999999984,-0.38256841907957656,Khac (Peripheral)
207,0.0007017543859649122,0.0014019235933377613,9.361422999451222e-05,5,4,0.56,-0.31638517383463,Khac (Peripheral)
6810,0.003508771929824561,0.0006651277306661085,0.0003192234756674945,25,1,0.7808,0.210916421139145,Streamer Cau noi (Bridge)
4191,0.010385964912280702,0.0016412052107235395,0.0008711972947063548,74,16,0.7618699780861943,1.8195515803578683,Streamer Cau noi (Bridge)
5415,0.001543859649122807,0.0005293146944763069,0.00017434809882696257,11,4,0.6942148760330579,-0.24934032964200262,Streamer Cau noi (Bridge)
2032,0.0008421052631578947,7.410385406681328e-05,9.535651520441524e-05,6,16,0.7777777777777778,-0.23233892186291363,Streamer Cau noi (Bridge)
650,0.005333333333333333,0.0008250311286766835,0.00041675004410614123,38,4,0.35595567867036004,1.4938256193663093,Khac (Peripheral)
5167,0.00014035087719298245,0.0,3.2385891955629855e-05,1,6,0.0,-0.3626457370892153,Khac (Peripheral)
3016,0.00014035087719298245,0.0,4.5530677105931646e-05,1,9,0.0,-0.2584446315564888,Khac (Peripheral)
7069,0.01024561403508772,0.002093902781858121,0.0009638380429127208,73,9,0.6774254081441171,2.7975334885732774,Khac (Peripheral)
3633,0.004491228070175438,0.000601332053368604,0.0003688449164021884,32,4,0.375,1.1586013984031724,Khac (Peripheral)
6237,0.002807017543859649,0.00027391142399650994,0.00024886080222568844,20,5,0.5499999999999999,0.28816841956643435,Khac (Peripheral)
6475,0.004491228070175438,0.001644415157651234,0.000404727318098802,32,14,0.7109375,1.0319849529022023,Streamer Cau noi (Bridge)
5319,0.00042105263157894734,1.780931895168016e-05,5.9339357076180075e-05,3,16,0.4444444444444444,-0.14312629133157528,Khac (Peripheral)
3685,0.0029473684210526313,0.00017582436068365893,0.00023804287467149967,21,14,0.2585034013605443,1.6749733603645498,Khac (Peripheral)
819,0.00042105263157894734,7.972065936082841e-06,5.900799773534309e-05,3,9,0.4444444444444444,-0.1780241547109686,Khac (Peripheral)
6539,0.00014035087719298245,0.0,3.1856527581862245e-05,1,5,0.0,-0.6061473652949135,Khac (Peripheral)
5329,0.0007017543859649122,0.00015060372827504148,9.952785801041705e-05,5,16,0.31999999999999984,0.03529896973110142,Khac (Peripheral)
2919,0.0036491228070175434,0.0004589653965345059,0.0003030038982449564,26,5,0.7692307692307693,-0.009936842054014941,Streamer Cau noi (Bridge)
551,0.0005614035087719298,0.0006794376248231605,9.447989100967235e-05,4,5,0.375,-0.4570947344846889,Khac (Peripheral)
5457,0.0005614035087719298,9.3785290307339e-06,7.615218028821034e-05,4,2,0.625,-0.31484374061349313,Streamer Cau noi (Bridge)
6759,0.0007017543859649122,1.5330360063609867e-06,7.251478002606006e-05,5,5,0.0,-0.3080421036744642,Khac (Peripheral)
2748,0.0014035087719298245,0.00010101486305195886,0.00015400023788080238,10,9,0.72,-0.0171832010199283,Streamer Cau noi (Bridge)
1447,0.0002807017543859649,3.514498060946834e-06,5.0339381359215535e-05,2,3,0.5,-0.5587867256689831,Khac (Peripheral)
2646,0.00014035087719298245,0.0,3.507245184554898e-05,1,3,0.0,-0.5587867256689831,Khac (Peripheral)
3507,0.0005614035087719298,1.5224544740997682e-05,6.71929541448372e-05,4,6,0.375,-0.2207600416545527,Khac (Peripheral)
1560,0.002245614035087719,0.0004916709368093181,0.00022256692170645774,16,1,0.328125,0.6735084321125433,Khac (Peripheral)
6887,0.00042105263157894734,3.7043770046481554e-05,5.7786266176474435e-05,3,5,0.4444444444444444,-0.5316210498898012,Khac (Peripheral)
5535,0.00042105263157894734,9.289709696886723e-06,6.502440536126893e-05,3,5,0.4444444444444444,-0.5316210498898012,Khac (Peripheral)
5350,0.002105263157894737,0.0003672125339643812,0.0001963690201293794,15,1,0.7555555555555555,-0.1360275870909038,Streamer Cau noi (Bridge)
3064,0.00042105263157894734,5.700651854509339e-06,5.3409099507464256e-05,3,5,0.4444444444444444,-0.5316210498898012,Khac (Peripheral)
3701,0.00014035087719298245,0.0,3.894085838442382e-05,1,14,0.0,-0.5111872250074323,Khac (Peripheral)
3798,0.00014035087719298245,0.0,3.958488300542794e-05,1,16,0.0,-0.23233892186291363,Khac (Peripheral)
6147,0.0036491228070175434,0.0008511702777531982,0.00031107374239222385,26,5,0.5917159763313609,0.5117473657817714,Khac (Peripheral)
1448,0.0016842105263157893,0.0001648854384215654,0.00018007824466267358,12,16,0.8194444444444444,-0.05391366080023693,Streamer Cau noi (Bridge)
5664,0.00014035087719298245,0.0,3.337991520894061e-05,1,3,0.0,-0.5587867256689831,Khac (Peripheral)
7030,0.001543859649122807,0.00024549960326642075,0.0001713273310405987,11,9,0.743801652892562,-0.0171832010199283,Streamer Cau noi (Bridge)
1652,0.00014035087719298245,0.0,4.2387077998938863e-05,1,0,0.0,-0.5433669491892589,Khac (Peripheral)
2626,0.0011228070175438596,6.132285377565085e-05,0.00011379008586336037,8,6,0.21875,0.06301134921477253,Khac (Peripheral)
1418,0.00014035087719298245,0.0,3.452363496381755e-05,1,4,0.0,-0.45047486221988475,Khac (Peripheral)
3240,0.0029473684210526313,0.0004905767518444444,0.0002647529983383909,21,6,0.5578231292517006,0.48866843551876044,Khac (Peripheral)
5939,0.00042105263157894734,1.3775325773159709e-06,6.783796853398081e-05,3,0,0.4444444444444444,-0.2570494701082677,Khac (Peripheral)
1771,0.0002807017543859649,6.561129865950149e-07,5.0382298406809435e-05,2,15,0.5,-0.6360721892977823,Khac (Peripheral)
520,0.0007017543859649122,1.571436638383183e-05,7.803705835854734e-05,5,1,0.31999999999999984,-0.36732359257760294,Khac (Peripheral)
7092,0.00014035087719298245,0.0,3.263458656038808e-05,1,9,0.0,-0.2584446315564888,Khac (Peripheral)
1815,0.0002807017543859649,2.9768285263074073e-06,5.0671675578151665e-05,2,14,0.5,-0.5111872250074323,Khac (Peripheral)
5911,0.0019649122807017545,0.0008427780515392639,0.00019889370801748276,14,5,0.6734693877551021,-0.1589894728642396,Streamer Cau noi (Bridge)
415,0.00042105263157894734,3.93810729218498e-07,6.048243520816693e-05,3,16,0.4444444444444444,-0.14312629133157528,Khac (Peripheral)
5868,0.0008421052631578947,0.0014654020818019864,0.0001299972408888013,6,3,0.5,-0.04694724539432026,Khac (Peripheral)
777,0.001543859649122807,4.733052069531894e-05,0.00015778689328833136,11,2,0.5454545454545454,1.3352409240475855,Khac (Peripheral)
6675,0.00042105263157894734,5.372545648267536e-06,5.508095785457896e-05,3,0,0.4444444444444444,-0.2570494701082677,Khac (Peripheral)
808,0.0002807017543859649,1.8918526196186252e-06,4.362172150464076e-05,2,9,0.5,-0.2584446315564888,Khac (Peripheral)
149,0.0011228070175438596,0.0001399517109691519,0.00012179258796770824,8,9,0.65625,-0.0171832010199283,Streamer Cau noi (Bridge)
5636,0.0002807017543859649,9.555950474899352e-07,4.378912085018619e-05,2,9,0.0,-0.1780241547109686,Khac (Peripheral)
2761,0.0002807017543859649,1.5587773101503427e-06,4.310908792578029e-05,2,14,0.5,-0.5111872250074323,Khac (Peripheral)
675,0.014035087719298244,0.0032380995787223317,0.0010197626371161476,100,1,0.36139999999999994,8.190628610430267,Khac (Peripheral)
1227,0.002526315789473684,0.00015668151059475903,0.00021945652431273855,18,9,0.6975308641975309,0.14365775267111203,Streamer Cau noi (Bridge)
4620,0.006175438596491228,0.002503894265145631,0.0004565984659735658,44,1,0.47417355371900827,2.755172481492836,Khac (Peripheral)
2128,0.0005614035087719298,8.077278602900079e-05,7.071359308059959e-05,4,5,0.5,-0.5316210498898012,Khac (Peripheral)
2111,0.001543859649122807,0.00010988456723166459,0.00014548499604762034,11,9,0.6115702479338844,0.14365775267111203,Khac (Peripheral)
1217,0.00014035087719298245,0.0,3.4397489022788304e-05,1,3,0.0,-0.5587867256689831,Khac (Peripheral)
485,0.013614035087719297,0.004949068647092005,0.0011780387578566014,97,4,0.21149962801572975,5.248336894153442,Streamer Trung tam (Hub)
849,0.00042105263157894734,6.927677076773703e-06,5.3028448555301146e-05,3,14,0.4444444444444444,-0.3825895435149627,Khac (Peripheral)
200,0.0026666666666666666,0.0004888032164369028,0.00022980641620682968,19,5,0.6814404432132964,-0.009936842054014941,Streamer Cau noi (Bridge)
6116,0.0023859649122807015,0.0007075336861699712,0.00020457892084146053,17,1,0.685121107266436,-0.1360275870909038,Streamer Cau noi (Bridge)
1058,0.001543859649122807,5.619907980894053e-05,0.00013812660783477432,11,1,0.7107438016528926,-0.25167558983425337,Streamer Cau noi (Bridge)
4494,0.0014035087719298245,8.738073893957394e-05,0.00015703474240956618,10,16,0.6799999999999999,0.12451160026243978,Streamer Cau noi (Bridge)
436,0.00042105263157894734,1.0133562457430118e-05,7.166725956398443e-05,3,1,0.0,-0.4829715953209526,Khac (Peripheral)
2409,0.0016842105263157893,3.5512089090415067e-05,0.00015299053105462552,12,4,0.1527777777777779,0.21997357970638903,Khac (Peripheral)
4566,0.00042105263157894734,2.1390318303836507e-06,5.545522542270264e-05,3,9,0.6666666666666667,-0.2584446315564888,Streamer Cau noi (Bridge)
2608,0.00014035087719298245,0.0,7.433252637063307e-05,1,4,0.0,-0.45047486221988475,Khac (Peripheral)
2534,0.0007017543859649122,1.4249132845476056e-05,7.828234647104584e-05,5,9,0.31999999999999984,-0.0171832010199283,Khac (Peripheral)
6187,0.0008421052631578947,7.806168003725299e-05,8.96627319019845e-05,6,5,0.6111111111111112,-0.4570947344846889,Khac (Peripheral)
6559,0.0007017543859649122,2.8744391432157186e-05,8.159412806206126e-05,5,5,0.72,-0.5316210498898012,Streamer Cau noi (Bridge)
2,0.00014035087719298245,0.0,3.156459102178747e-05,1,5,0.0,-0.6061473652949135,Khac (Peripheral)
3247,0.00014035087719298245,0.0,3.098111486099433e-05,1,14,0.0,-0.5111872250074323,Khac (Peripheral)
1906,0.0005614035087719298,0.00015940434143342546,9.396786490030723e-05,4,4,0.375,-0.31638517383463,Khac (Peripheral)
3306,0.00014035087719298245,0.0,3.1105351111996216e-05,1,4,0.0,-0.45047486221988475,Khac (Peripheral)
7011,0.00042105263157894734,2.7449264777547877e-05,5.503770556730087e-05,3,9,0.4444444444444444,-0.1780241547109686,Khac (Peripheral)
2222,0.0002807017543859649,4.4964743477855546e-05,5.079489296609247e-05,2,9,0.0,-0.1780241547109686,Khac (Peripheral)
4112,0.0016842105263157893,0.0001279119001543319,0.00015990406006750828,12,1,0.7361111111111112,-0.25167558983425337,Streamer Cau noi (Bridge)
67,0.0002807017543859649,1.9983008829090913e-05,6.908116025227674e-05,2,2,0.5,-0.6448606735457089,Khac (Peripheral)
3274,0.0007017543859649122,2.854009256181207e-05,7.76393595127417e-05,5,5,0.56,-0.4570947344846889,Khac (Peripheral)
4581,0.0002807017543859649,0.00014037057832678272,7.769672361485307e-05,2,5,0.0,-0.5316210498898012,Khac (Peripheral)
5326,0.00014035087719298245,0.0,5.426399277964672e-05,1,5,0.0,-0.6061473652949135,Khac (Peripheral)
2050,0.0002807017543859649,5.9732747974510925e-06,4.397080127773558e-05,2,9,0.5,-0.2584446315564888,Khac (Peripheral)
1531,0.00014035087719298245,0.0,3.349093727425573e-05,1,16,0.0,-0.23233892186291363,Khac (Peripheral)
570,0.005192982456140351,0.0005981125032520723,0.0003898517940804194,37,5,0.41051862673484296,1.4060631506431192,Khac (Peripheral)
3493,0.0019649122807017545,0.00019743233457321542,0.0001869852898159483,14,3,0.6020408163265307,0.635505394971897,Khac (Peripheral)
1949,0.0009824561403508772,0.000151805668360965,9.886524993590395e-05,7,6,0.7755102040816326,-0.29170288937188404,Streamer Cau noi (Bridge)
2742,0.00014035087719298245,0.0,3.634506298391119e-05,1,3,0.0,-0.5587867256689831,Khac (Peripheral)
6493,0.0005614035087719298,2.3414779273389856e-05,6.572931146935302e-05,4,3,0.75,-0.5587867256689831,Streamer Cau noi (Bridge)
1188,0.00014035087719298245,0.0,3.349093727425573e-05,1,16,0.0,-0.23233892186291363,Khac (Peripheral)
1619,0.00042105263157894734,1.710367231520172e-05,5.412771876356243e-05,3,9,0.4444444444444444,-0.1780241547109686,Khac (Peripheral)
6018,0.0002807017543859649,0.0,4.463918645600167e-05,2,3,0.5,-0.5587867256689831,Khac (Peripheral)
6892,0.0014035087719298245,0.0003133850939878455,0.00016276990801165772,10,1,0.54,-0.1360275870909038,Khac (Peripheral)
1283,0.008140350877192983,0.0031666235169837964,0.0006709220229610734,58,5,0.7282996432818074,1.4060631506431192,Streamer Cau noi (Bridge)
6050,0.0018245614035087717,0.00011235764245827708,0.00016140909471411668,13,5,0.6035502958579881,-0.1589894728642396,Khac (Peripheral)
2030,0.001543859649122807,7.210034750445118e-05,0.00014514258694416104,11,4,0.31404958677685935,0.08588389132113426,Khac (Peripheral)
3042,0.006596491228070175,0.002614001665829684,0.0005128863522453325,47,3,0.6600271616115889,2.6828633160705486,Khac (Peripheral)
1406,0.0002807017543859649,4.4258324948004964e-07,4.9823902958051815e-05,2,3,0.5,-0.5587867256689831,Khac (Peripheral)
6836,0.00042105263157894734,1.3555151107037158e-05,5.920398171227501e-05,3,6,0.4444444444444444,-0.29170288937188404,Khac (Peripheral)
1167,0.00042105263157894734,0.0002457283074363381,9.69604980622663e-05,3,16,0.4444444444444444,-0.14312629133157528,Khac (Peripheral)
3312,0.0005614035087719298,3.228953328998329e-05,6.62661569200873e-05,4,16,0.625,-0.14312629133157528,Streamer Cau noi (Bridge)
2874,0.0009824561403508772,9.729082874876297e-05,0.00010745991091849091,7,4,0.5714285714285714,-0.24934032964200262,Khac (Peripheral)
1115,0.001263157894736842,0.0005379018151641348,0.00014354343847269388,9,9,0.6172839506172839,0.06323727582559185,Khac (Peripheral)
6657,0.0008421052631578947,0.00015904803304362094,0.00010518713465841192,6,14,0.6666666666666667,-0.2539918620224932,Streamer Cau noi (Bridge)
4595,0.002105263157894737,0.000650928009101655,0.0001979749006637187,15,0,0.72,0.029268008972723546,Streamer Cau noi (Bridge)
6185,0.00042105263157894734,0.00014037057832678272,8.295874513184025e-05,3,16,0.0,-0.05391366080023693,Khac (Peripheral)
3070,0.0007017543859649122,0.000150839573599384,9.256555013708144e-05,5,5,0.56,-0.4570947344846889,Khac (Peripheral)
1433,0.001263157894736842,6.787485726846899e-05,0.00012595097795333824,9,4,0.5185185185185186,-0.11525064125674786,Khac (Peripheral)
1720,0.00042105263157894734,1.6836171490808722e-05,5.440967996758658e-05,3,1,0.6666666666666667,-0.7142676008076517,Streamer Cau noi (Bridge)
1305,0.00014035087719298245,0.0,3.159081757380934e-05,1,1,0.0,-0.7142676008076517,Khac (Peripheral)
32,0.001263157894736842,7.349164616285705e-06,0.00011316682781915186,9,6,0.37037037037037035,0.06301134921477253,Khac (Peripheral)
6222,0.001263157894736842,0.00018706317935337445,0.0001463512358617998,9,4,0.6172839506172839,-0.18229548544937524,Khac (Peripheral)
5441,0.00042105263157894734,4.1453440289965115e-05,5.7235575439586474e-05,3,8,0.6666666666666667,-0.7985918306870473,Streamer Cau noi (Bridge)
3695,0.0005614035087719298,5.011320208825576e-05,7.779807500019815e-05,4,14,0.75,-0.5111872250074323,Streamer Cau noi (Bridge)
1470,0.0007017543859649122,7.195463566742179e-05,7.863399923623544e-05,5,4,0.6399999999999999,-0.38343001802725735,Streamer Cau noi (Bridge)
656,0.0008421052631578947,1.528032339137334e-05,8.89769315505499e-05,6,5,0.6666666666666667,-0.4570947344846889,Streamer Cau noi (Bridge)
7121,0.0007017543859649122,4.977115898817129e-06,7.110359567467674e-05,5,5,0.31999999999999984,-0.38256841907957656,Khac (Peripheral)
1395,0.0005614035087719298,0.000308784630937839,7.07062423285581e-05,4,9,0.0,-0.0171832010199283,Khac (Peripheral)
3443,0.0011228070175438596,8.156583545184292e-05,0.00011197199204437841,8,4,0.53125,-0.38343001802725735,Khac (Peripheral)
5287,0.0005614035087719298,1.5023410286919922e-05,6.95356421733986e-05,4,16,0.375,-0.05391366080023693,Khac (Peripheral)
3491,0.0018245614035087717,0.00034335076642027053,0.0001810335489432405,13,4,0.4970414201183433,0.08588389132113426,Khac (Peripheral)
3498,0.002807017543859649,0.0009125527164286577,0.0002681424179562365,20,15,0.85,0.5791998523723334,Streamer Cau noi (Bridge)
1978,0.0016842105263157893,0.000856249253101395,0.00018166290211537526,12,14,0.7777777777777778,-0.12539418053002366,Streamer Cau noi (Bridge)
3318,0.00014035087719298245,0.0,3.214364973904356e-05,1,9,0.0,-0.2584446315564888,Khac (Peripheral)
4515,0.0009824561403508772,0.00020975194976948503,0.00010463698913528174,7,5,0.8163265306122449,-0.5316210498898012,Streamer Cau noi (Bridge)
6612,0.00042105263157894734,8.447697535517615e-06,5.91811426898409e-05,3,16,0.0,-0.05391366080023693,Khac (Peripheral)
2894,0.002807017543859649,0.0005683289689697279,0.0002563487130308533,20,5,0.685,0.06458947335109738,Streamer Cau noi (Bridge)
2682,0.00042105263157894734,8.561597468586248e-06,6.418040370997663e-05,3,6,0.4444444444444444,-0.3626457370892153,Khac (Peripheral)
4513,0.002105263157894737,0.000519818818399248,0.00021157625307122207,15,16,0.5244444444444445,0.5705747529191316,Khac (Peripheral)
5195,0.0002807017543859649,6.028199483072836e-07,5.982320255131604e-05,2,3,0.0,-0.3881735655774289,Khac (Peripheral)
6823,0.0002807017543859649,5.204523472228767e-07,4.6244838565861796e-05,2,2,0.5,-0.6448606735457089,Khac (Peripheral)
3886,0.00687719298245614,0.0037841782184136453,0.000576003710790855,49,5,0.6630570595585173,1.3315368352380068,Streamer Cau noi (Bridge)
2924,0.003929824561403509,0.001612702225864556,0.00031391925318274746,28,5,0.5918367346938775,0.5862736811868836,Khac (Peripheral)
3899,0.00014035087719298245,0.0,6.475897055669852e-05,1,1,0.0,-0.7142676008076517,Khac (Peripheral)
5726,0.0011228070175438596,3.8722879680824284e-05,0.00010782469895939671,8,5,0.53125,-0.3080421036744642,Khac (Peripheral)
6760,0.00014035087719298245,0.0,3.1992374573487124e-05,1,14,0.0,-0.5111872250074323,Khac (Peripheral)
3663,0.0023859649122807015,0.00013498518787303344,0.0001949246481996623,17,4,0.11072664359861584,0.555197800669526,Khac (Peripheral)
3989,0.0008421052631578947,3.8477870249851474e-05,9.178628515979869e-05,6,6,0.6666666666666667,-0.2207600416545527,Streamer Cau noi (Bridge)
2424,0.001543859649122807,2.948392012983327e-05,0.0001381105949538035,11,5,0.4297520661157025,-0.08446315745912726,Khac (Peripheral)
692,0.0007017543859649122,0.0001464371400694531,9.929142663921256e-05,5,14,0.56,-0.2539918620224932,Khac (Peripheral)
6648,0.001543859649122807,9.609056732208315e-05,0.0001609253764183739,11,14,0.7603305785123967,-0.12539418053002366,Streamer Cau noi (Bridge)
3747,0.0054736842105263155,0.0006545354614446522,0.00041227150599619836,39,5,0.38790269559500323,1.5551157814533438,Khac (Peripheral)
5452,0.0008421052631578947,1.0276469261147572e-05,9.274084056916422e-05,6,16,0.6111111111111112,-0.05391366080023693,Khac (Peripheral)
3523,0.00042105263157894734,9.117004207952728e-06,5.353247353404215e-05,3,4,0.4444444444444444,-0.38343001802725735,Khac (Peripheral)
4336,0.0002807017543859649,1.4121287946611224e-05,4.8540710110581874e-05,2,9,0.5,-0.2584446315564888,Khac (Peripheral)
863,0.003508771929824561,0.0008033142275976285,0.0002859368044137229,25,4,0.5151999999999999,0.6222426448621533,Khac (Peripheral)
6964,0.0005614035087719298,7.773658605572872e-05,6.837145119884703e-05,4,6,0.625,-0.29170288937188404,Streamer Cau noi (Bridge)
6381,0.00014035087719298245,0.0,3.2877011426655057e-05,1,1,0.0,-0.7142676008076517,Khac (Peripheral)
6168,0.007578947368421052,0.0035908679971215877,0.0006051981763762224,54,5,0.6440329218106996,1.3315368352380068,Streamer Cau noi (Bridge)
5299,0.00042105263157894734,0.00015779259496861547,8.289511995203215e-05,3,16,0.0,-0.05391366080023693,Khac (Peripheral)
7053,0.004631578947368421,0.0026970239336775973,0.00036939464935721155,33,5,0.6078971533516988,0.8098526274022206,Khac (Peripheral)
4104,0.0002807017543859649,8.682371950595284e-05,5.929176514901625e-05,2,3,0.5,-0.5587867256689831,Khac (Peripheral)
1932,0.0002807017543859649,2.2139136014244243e-05,4.441218241203644e-05,2,3,0.5,-0.5587867256689831,Khac (Peripheral)
5317,0.0005614035087719298,1.4314896188708376e-05,6.596057511270166e-05,4,6,0.625,-0.29170288937188404,Streamer Cau noi (Bridge)
5576,0.0029473684210526313,0.00032466859989869237,0.00024728815447977334,21,1,0.09070294784580502,1.4830444513159904,Khac (Peripheral)
2129,0.00575438596491228,0.0015820280545216661,0.000466199938788567,41,5,0.5901249256395004,1.10795788902267,Khac (Peripheral)
1476,0.0005614035087719298,5.5781992826454574e-05,6.908846908223295e-05,4,4,0.375,-0.31638517383463,Khac (Peripheral)
1916,0.0008421052631578947,1.3237774123337112e-05,9.542287290194925e-05,6,13,0.6111111111111112,-0.06899660043307508,Khac (Peripheral)
6846,0.00014035087719298245,0.0,3.235196977178893e-05,1,1,0.0,-0.7142676008076517,Khac (Peripheral)
3897,0.0019649122807017545,0.0003773491383275737,0.00018199861228617383,14,14,0.6122448979591837,0.3889965454398545,Khac (Peripheral)
2686,0.00014035087719298245,0.0,3.3193449332733915e-05,1,9,0.0,-0.2584446315564888,Khac (Peripheral)
2159,0.00014035087719298245,0.0,5.53852392834191e-05,1,4,0.0,-0.45047486221988475,Khac (Peripheral)
3970,0.0026666666666666666,0.00031717203796564826,0.00023139208635595775,19,5,0.6038781163434903,0.1391157887562097,Khac (Peripheral)
2047,0.0018245614035087717,0.00011663541463080701,0.00016125245602169574,13,9,0.6390532544378698,0.22407822951663217,Streamer Cau noi (Bridge)
3460,0.0002807017543859649,0.0,4.3820847960622065e-05,2,6,0.0,-0.29170288937188404,Khac (Peripheral)
5927,0.0036491228070175434,0.00022507103245772165,0.000298409742185712,26,4,0.0,1.2256462425957997,Khac (Peripheral)
4643,0.0005614035087719298,2.6660892804399403e-06,7.357963748392013e-05,4,13,0.375,-0.06899660043307508,Khac (Peripheral)
5180,0.0005614035087719298,3.6170901354075456e-06,6.285476120224744e-05,4,5,0.0,-0.38256841907957656,Khac (Peripheral)
1675,0.002245614035087719,0.0006798039022286156,0.00020257100956317856,16,6,0.7265625,-0.07887434621989009,Streamer Cau noi (Bridge)
1189,0.0014035087719298245,5.879541966677428e-05,0.0001446346346985053,10,1,0.33999999999999986,0.09526841839579539,Khac (Peripheral)
4704,0.0008421052631578947,1.2026876565819995e-05,0.00010508510467595194,6,4,0.2777777777777777,-0.18229548544937524,Khac (Peripheral)
5614,0.0009824561403508772,1.6715633798880608e-05,9.666249972477377e-05,7,1,0.40816326530612246,-0.25167558983425337,Khac (Peripheral)
5536,0.00014035087719298245,0.0,3.2385891955629855e-05,1,6,0.0,-0.3626457370892153,Khac (Peripheral)
138,0.0009824561403508772,0.00027861876347173777,0.0001346986827661287,7,16,0.6938775510204083,-0.05391366080023693,Streamer Cau noi (Bridge)
5283,0.0033684210526315787,0.0007334366606335042,0.0002693280242905551,24,1,0.7222222222222223,0.44221242662584415,Streamer Cau noi (Bridge)
3982,0.002105263157894737,0.00011166423526942855,0.00017267077691865553,15,5,0.34666666666666657,0.21364210416132204,Khac (Peripheral)
823,0.0008421052631578947,0.00012557503445005035,9.611775902293047e-05,6,14,0.6111111111111112,-0.2539918620224932,Khac (Peripheral)
1741,0.0008421052631578947,2.7043213997189444e-05,8.97371826095207e-05,6,1,0.0,-0.1360275870909038,Khac (Peripheral)
5858,0.00042105263157894734,2.1534415283372935e-06,5.9252270129678765e-05,3,5,0.0,-0.4570947344846889,Khac (Peripheral)
5284,0.00014035087719298245,0.0,3.3134374588811594e-05,1,1,0.0,-0.7142676008076517,Khac (Peripheral)
6691,0.0007017543859649122,2.950052069009481e-05,7.526335586974252e-05,5,6,0.6399999999999999,-0.29170288937188404,Streamer Cau noi (Bridge)
885,0.0023859649122807015,0.0002966275085390705,0.00021883129999227408,17,14,0.31141868512110726,1.1605826343946717,Khac (Peripheral)
7002,0.0008421052631578947,2.738054757372453e-05,9.636428029706632e-05,6,1,0.2777777777777777,-0.25167558983425337,Khac (Peripheral)
1781,0.0054736842105263155,0.001293637147843095,0.0004127662724931923,39,4,0.09730440499671267,1.9631395287147009,Khac (Peripheral)
4912,0.00042105263157894734,5.6623584488846824e-05,5.706177490817742e-05,3,1,0.6666666666666667,-0.7142676008076517,Streamer Cau noi (Bridge)
2638,0.001543859649122807,0.0003337788521573914,0.00018457264175549532,11,15,0.6942148760330579,0.5791998523723334,Streamer Cau noi (Bridge)
3452,0.001543859649122807,4.286279325462916e-05,0.00013935876764738437,11,14,0.5454545454545454,0.260398863947385,Khac (Peripheral)
6411,0.0005614035087719298,5.0416372316708435e-05,6.75018949750011e-05,4,6,0.625,-0.29170288937188404,Streamer Cau noi (Bridge)
1080,0.0007017543859649122,8.470158268619851e-05,7.923684889725034e-05,5,14,0.7999999999999999,-0.5111872250074323,Streamer Cau noi (Bridge)
5375,0.0009824561403508772,0.00013336913931431406,9.93333535092236e-05,7,14,0.7346938775510204,-0.3825895435149627,Streamer Cau noi (Bridge)
4959,0.0005614035087719298,0.0001442343657148635,7.978598547001323e-05,4,1,0.625,-0.5986195980643021,Streamer Cau noi (Bridge)
835,0.00042105263157894734,1.3262587517865116e-05,5.965620025228524e-05,3,1,0.4444444444444444,-0.5986195980643021,Khac (Peripheral)
6078,0.0016842105263157893,0.00018553712004772943,0.00015773529758289774,12,6,0.4444444444444444,0.13395419693210384,Khac (Peripheral)
6528,0.0002807017543859649,9.555950474899352e-07,4.378912085018619e-05,2,9,0.0,-0.1780241547109686,Khac (Peripheral)
4719,0.00042105263157894734,1.534393240516122e-05,5.7805585458396545e-05,3,9,0.4444444444444444,-0.2584446315564888,Khac (Peripheral)
4629,0.0009824561403508772,4.500957398623966e-05,0.00010513994806265309,7,6,0.40816326530612246,-0.07887434621989009,Khac (Peripheral)
6621,0.003508771929824561,0.0010186433542567755,0.00031677101532850835,25,8,0.8032,2.0157382221521933,Streamer Cau noi (Bridge)
4656,0.0016842105263157893,0.00021241623538030972,0.0001495039853449562,12,1,0.375,0.210916421139145,Khac (Peripheral)
6527,0.00042105263157894734,1.2245764834533604e-05,5.46576904080312e-05,3,6,0.4444444444444444,-0.29170288937188404,Khac (Peripheral)
5266,0.00042105263157894734,0.0012295595273478632,9.369034858720644e-05,3,3,0.4444444444444444,-0.3881735655774289,Khac (Peripheral)
312,0.00042105263157894734,1.2317472747831664e-05,5.564009031504104e-05,3,6,0.6666666666666667,-0.3626457370892153,Streamer Cau noi (Bridge)
4144,0.0016842105263157893,0.0006278243570898927,0.00016562573138870145,12,2,0.7638888888888888,0.015173192318722542,Streamer Cau noi (Bridge)
6072,0.0014035087719298245,0.000499650156689208,0.00014560558959141818,10,0,0.82,0.029268008972723546,Streamer Cau noi (Bridge)
1193,0.001543859649122807,0.00038562447109110557,0.00014034697253261286,11,8,0.7933884297520661,-0.09500931747723713,Streamer Cau noi (Bridge)
5325,0.0014035087719298245,0.0004611114008100871,0.00014445720292116467,10,8,0.54,0.9603644523374781,Khac (Peripheral)
1003,0.001543859649122807,0.00012044358444452802,0.00013548888935568972,11,5,0.7107438016528926,-0.3080421036744642,Streamer Cau noi (Bridge)
5178,0.0011228070175438596,4.3263716490163825e-05,0.0001037185806835086,8,15,0.75,-0.02843616846272445,Streamer Cau noi (Bridge)
1879,0.0007017543859649122,1.6523021132694242e-05,7.817398513296477e-05,5,4,0.56,-0.31638517383463,Khac (Peripheral)
5128,0.001263157894736842,0.0001205343624311683,0.0001424397810503225,9,9,0.49382716049382713,0.14365775267111203,Khac (Peripheral)
6673,0.00014035087719298245,0.0,3.2484633243274565e-05,1,6,0.0,-0.3626457370892153,Khac (Peripheral)
2216,0.0002807017543859649,7.436198995401936e-07,4.561860929306592e-05,2,6,0.0,-0.29170288937188404,Khac (Peripheral)
1641,0.001263157894736842,0.00023301157545517042,0.0001393922538547884,9,5,0.37037037037037035,-0.1589894728642396,Khac (Peripheral)
5672,0.0014035087719298245,4.1051934283549204e-05,0.00012629608886494744,10,5,0.72,-0.38256841907957656,Streamer Cau noi (Bridge)
4117,0.0002807017543859649,1.0239387369578185e-06,4.283413630733566e-05,2,3,0.5,-0.5587867256689831,Khac (Peripheral)
3358,0.0005614035087719298,1.2055223845056897e-06,7.266757431767618e-05,4,9,0.0,-0.0171832010199283,Khac (Peripheral)
817,0.0018245614035087717,0.0002367281694124758,0.0001628229982956945,13,5,0.5798816568047337,-0.08446315745912726,Khac (Peripheral)
6604,0.0005614035087719298,7.452911648016612e-05,6.495948931175131e-05,4,5,0.625,-0.5316210498898012,Streamer Cau noi (Bridge)
2977,0.001543859649122807,0.0001949530901909446,0.00014710002963538702,11,1,0.5454545454545454,-0.020379584347554196,Khac (Peripheral)
4995,0.0002807017543859649,6.868778102575729e-07,4.8974812847469945e-05,2,1,0.5,-0.7142676008076517,Khac (Peripheral)
6055,0.0026666666666666666,6.717587596717414e-05,0.00024865956643720663,19,16,0.3656509695290858,1.0166379055758232,Khac (Peripheral)
5649,0.002245614035087719,0.0001280102858170463,0.00019025308616210554,16,5,0.1171875,0.437221050376659,Khac (Peripheral)
357,0.00042105263157894734,9.284142294200041e-06,5.456129228360443e-05,3,9,0.4444444444444444,-0.1780241547109686,Khac (Peripheral)
4753,0.0008421052631578947,3.6677240406377265e-06,9.156420278926499e-05,6,1,0.6111111111111112,-0.4829715953209526,Khac (Peripheral)
2567,0.0007017543859649122,9.861098957036612e-07,8.094991617002542e-05,5,4,0.31999999999999984,-0.24934032964200262,Khac (Peripheral)
1491,0.00042105263157894734,0.00014037057832678272,7.950724060962962e-05,3,1,0.0,-0.4829715953209526,Khac (Peripheral)
6112,0.00042105263157894734,5.124707184863734e-05,6.015104550622158e-05,3,1,0.4444444444444444,-0.7142676008076517,Khac (Peripheral)
5035,0.00042105263157894734,5.3604814026677246e-05,8.835199010008277e-05,3,7,0.4444444444444444,-0.392232270276368,Khac (Peripheral)
5174,0.001263157894736842,7.196946312780908e-05,0.00013262231727563127,9,16,0.6666666666666667,-0.05391366080023693,Streamer Cau noi (Bridge)
2750,0.0014035087719298245,9.379742354552864e-05,0.0001306882388558872,10,5,0.76,-0.38256841907957656,Streamer Cau noi (Bridge)
1828,0.00042105263157894734,2.5573951058372478e-05,5.5227283739036246e-05,3,16,0.4444444444444444,-0.14312629133157528,Khac (Peripheral)
5010,0.004210526315789474,0.0006497307072962334,0.00035638069842115327,30,6,0.48888888888888893,1.056211217257411,Khac (Peripheral)
206,0.0011228070175438596,0.001490152430969691,0.0001420340775948907,8,2,0.84375,-0.31484374061349313,Streamer Cau noi (Bridge)
5423,0.002105263157894737,0.00015348136407068404,0.00018632352792281748,15,14,0.42666666666666675,0.7747895899172631,Khac (Peripheral)
5848,0.004912280701754385,0.0022506063977033057,0.0004010468449631013,35,4,0.34285714285714275,1.3597359309810546,Khac (Peripheral)
6573,0.0005614035087719298,4.230188589446769e-05,7.190568173898629e-05,4,9,0.375,-0.09760367786544846,Khac (Peripheral)
6256,0.00014035087719298245,0.0,3.237600585943195e-05,1,16,0.0,-0.23233892186291363,Khac (Peripheral)
2655,0.00014035087719298245,0.0,4.738013258744816e-05,1,13,0.0,-0.7589626047638253,Khac (Peripheral)
255,0.0008421052631578947,1.1099607069461715e-05,0.0001024284093320637,6,4,0.2777777777777777,-0.18229548544937524,Khac (Peripheral)
1866,0.0002807017543859649,9.928807094898521e-07,4.31859612046217e-05,2,1,0.5,-0.7142676008076517,Khac (Peripheral)
2042,0.00042105263157894734,0.00016449197101501336,8.52280907612511e-05,3,16,0.4444444444444444,-0.14312629133157528,Khac (Peripheral)
2443,0.0005614035087719298,0.00010918028149022037,7.968939087588404e-05,4,5,0.375,-0.4570947344846889,Khac (Peripheral)
6321,0.0016842105263157893,0.000575414852519674,0.00016466251876130354,12,14,0.29166666666666663,0.6461919084247936,Khac (Peripheral)
2991,0.00042105263157894734,4.326943720184585e-05,5.242904830051994e-05,3,1,0.6666666666666667,-0.7142676008076517,Streamer Cau noi (Bridge)
6391,0.0002807017543859649,0.0,4.183788897388502e-05,2,1,0.0,-0.5986195980643021,Khac (Peripheral)
1731,0.0005614035087719298,6.402093160457114e-05,7.110865272738111e-05,4,9,0.375,-0.09760367786544846,Khac (Peripheral)
798,0.0002807017543859649,1.251576198087563e-05,4.82992863082301e-05,2,16,0.0,-0.14312629133157528,Khac (Peripheral)
6584,0.0019649122807017545,0.0003378993246596896,0.00016651197333923237,14,5,0.6020408163265307,-0.08446315745912726,Khac (Peripheral)
6060,0.0002807017543859649,0.00014037057832678272,7.795775220566028e-05,2,5,0.0,-0.5316210498898012,Khac (Peripheral)
7112,0.004350877192982456,0.0008054309399770783,0.00039136795030411344,31,14,0.6867845993756503,0.7747895899172631,Streamer Cau noi (Bridge)
989,0.0007017543859649122,0.00020751865481085372,0.00010358756456482211,5,3,0.48,-0.21756040548587458,Khac (Peripheral)
4103,0.00014035087719298245,0.0,3.3335397761149625e-05,1,1,0.0,-0.7142676008076517,Khac (Peripheral)
5328,0.004631578947368421,0.0015870989335417802,0.0004234369460346477,33,3,0.7860422405876951,1.3179580353381142,Streamer Cau noi (Bridge)
3674,0.0008421052631578947,0.00024242642818651802,9.215190760861858e-05,6,8,0.7777777777777778,-0.4468005740821422,Streamer Cau noi (Bridge)
1773,0.10105263157894737,0.11441027154229355,0.01038804838182217,720,16,0.8260648148148149,21.80318081937766,Khac (Peripheral)
935,0.0014035087719298245,7.111054569061115e-05,0.0001331026526938883,10,4,0.17999999999999994,0.08588389132113426,Khac (Peripheral)
4973,0.0036491228070175434,0.00028074806572641757,0.0002980129253215185,26,1,0.14497041420118328,1.9456364622893887,Khac (Peripheral)
1345,0.0019649122807017545,0.0002492410101319803,0.00020594765475037523,14,1,0.7142857142857143,-0.25167558983425337,Streamer Cau noi (Bridge)
2440,0.0036491228070175434,6.646241841942651e-05,0.00028368028284538814,26,6,0.2100591715976332,1.1980969126920735,Khac (Peripheral)
2566,0.002807017543859649,0.0002124294579244001,0.0002322296187163082,20,5,0.27000000000000013,0.5862736811868836,Khac (Peripheral)
1628,0.004631578947368421,0.0009107186374929674,0.0004079940763592648,33,1,0.3654729109274564,2.176932467776088,Khac (Peripheral)
1576,0.0019649122807017545,0.00010376066376021163,0.00016516262296856318,14,5,0.48979591836734704,-0.08446315745912726,Khac (Peripheral)
1276,0.00042105263157894734,0.0,6.605185920085366e-05,3,15,0.0,-0.02843616846272445,Khac (Peripheral)
1185,0.00042105263157894734,3.1961424854950946e-06,5.7240199104862034e-05,3,4,0.4444444444444444,-0.38343001802725735,Khac (Peripheral)
3304,0.00014035087719298245,0.0,4.9400675399667734e-05,1,1,0.0,-0.7142676008076517,Khac (Peripheral)
3333,0.00014035087719298245,0.0,3.5572208837081415e-05,1,0,0.0,-0.5433669491892589,Khac (Peripheral)
4893,0.0005614035087719298,0.00037299447613668414,8.47415337348665e-05,4,1,0.625,-0.5986195980643021,Streamer Cau noi (Bridge)
655,0.00014035087719298245,0.0,3.160444941605643e-05,1,1,0.0,-0.7142676008076517,Khac (Peripheral)
2928,0.013052631578947368,0.002926900634742103,0.0010861144957410324,93,6,0.6687478321193201,3.1844966487773503,Khac (Peripheral)
2442,0.0014035087719298245,0.00012601908528091048,0.00013317953717188876,10,6,0.6599999999999999,-0.07887434621989009,Streamer Cau noi (Bridge)
2818,0.00014035087719298245,0.0,3.1351581934144216e-05,1,6,0.0,-0.3626457370892153,Khac (Peripheral)
3125,0.00042105263157894734,3.842042955055152e-06,5.4444151649043606e-05,3,3,0.6666666666666667,-0.5587867256689831,Streamer Cau noi (Bridge)
3723,0.0007017543859649122,1.4515371829394161e-05,7.788713333973858e-05,5,9,0.72,-0.2584446315564888,Streamer Cau noi (Bridge)
1369,0.0007017543859649122,0.00036833919650241045,9.09960185301723e-05,5,9,0.56,-0.09760367786544846,Khac (Peripheral)
90,0.0002807017543859649,1.418682589359168e-06,4.306164904298917e-05,2,9,0.5,-0.2584446315564888,Khac (Peripheral)
2198,0.0007017543859649122,1.0031154243166482e-05,7.572143484644917e-05,5,15,0.72,-0.3322541788802534,Streamer Cau noi (Bridge)
6802,0.0019649122807017545,9.881584203817174e-05,0.00017873795369395968,14,1,0.6734693877551021,-0.1360275870909038,Streamer Cau noi (Bridge)
3516,0.0007017543859649122,4.3262564601991896e-05,8.093894426867401e-05,5,4,0.56,-0.31638517383463,Khac (Peripheral)
4038,0.0016842105263157893,0.00034003855244040183,0.00020279440341317546,12,9,0.5,0.3044987063621523,Khac (Peripheral)
4173,0.00687719298245614,0.0010194137541381788,0.0005403569412653667,49,6,0.29321116201582664,2.475068171604037,Khac (Peripheral)
4221,0.0008421052631578947,7.806412337690559e-05,8.99178091598404e-05,6,4,0.7777777777777778,-0.38343001802725735,Streamer Cau noi (Bridge)
4752,0.00042105263157894734,2.798965058555303e-06,5.956840166146172e-05,3,9,0.0,-0.09760367786544846,Khac (Peripheral)
3874,0.0008421052631578947,7.898093715866441e-05,9.222316949147117e-05,6,9,0.6111111111111112,-0.09760367786544846,Khac (Peripheral)
4762,0.0011228070175438596,2.8403908616108845e-05,0.00011616782591050042,8,9,0.40625,0.14365775267111203,Khac (Peripheral)
2417,0.00014035087719298245,0.0,3.7955171492906896e-05,1,1,0.0,-0.7142676008076517,Khac (Peripheral)
2616,0.00014035087719298245,0.0,3.550511934443767e-05,1,1,0.0,-0.7142676008076517,Khac (Peripheral)
900,0.002245614035087719,0.00011569803259085519,0.00018039739891243786,16,5,0.3203125,0.28816841956643435,Khac (Peripheral)
4346,0.0005614035087719298,4.241186203535267e-05,6.841965627652295e-05,4,15,0.75,-0.6360721892977823,Streamer Cau noi (Bridge)
3509,0.0009824561403508772,0.00034278475930532587,0.00010682340305027976,7,4,0.24489795918367352,-0.11525064125674786,Khac (Peripheral)
6532,0.0008421052631578947,8.239094203964054e-05,8.97047613209833e-05,6,9,0.6111111111111112,-0.09760367786544846,Khac (Peripheral)
6826,0.00014035087719298245,0.0,3.658753835729064e-05,1,9,0.0,-0.2584446315564888,Khac (Peripheral)
6977,0.00042105263157894734,2.854065865819266e-06,5.544155917627146e-05,3,13,0.4444444444444444,-0.4139796025984502,Khac (Peripheral)
5044,0.0007017543859649122,0.00014706338623625255,9.283065342887683e-05,5,10,0.31999999999999984,0.12285181215130553,Khac (Peripheral)
2691,0.0011228070175438596,2.561733781623877e-05,0.00012047290484171914,8,1,0.5625,-0.25167558983425337,Khac (Peripheral)
4489,0.00042105263157894734,1.3118359415792393e-05,5.633343684172298e-05,3,9,0.4444444444444444,-0.1780241547109686,Khac (Peripheral)
369,0.00014035087719298245,0.0,3.114623965223451e-05,1,6,0.0,-0.3626457370892153,Khac (Peripheral)
3212,0.001263157894736842,9.166666282639059e-05,0.00012669349606953947,9,6,0.37037037037037035,0.06301134921477253,Khac (Peripheral)
833,0.0002807017543859649,6.993215250068988e-06,4.411370716001054e-05,2,2,0.5,-0.6448606735457089,Khac (Peripheral)
591,0.0009824561403508772,1.9345077944120903e-05,0.00010002446909915842,7,5,0.48979591836734704,-0.38256841907957656,Khac (Peripheral)
3618,0.001263157894736842,0.0001646988309700528,0.00012772160947279693,9,0,0.7901234567901234,0.029268008972723546,Streamer Cau noi (Bridge)
1178,0.0014035087719298245,0.00032842762941941904,0.00013595675706092,10,6,0.74,-0.1498171939372214,Streamer Cau noi (Bridge)
3241,0.0016842105263157893,0.00031014747222787517,0.00016228223764800927,12,6,0.5416666666666666,-0.1498171939372214,Khac (Peripheral)
4668,0.0014035087719298245,4.440450545068998e-05,0.00013541725313605805,10,1,0.5800000000000001,-0.1360275870909038,Khac (Peripheral)
6160,0.001263157894736842,2.552592174369752e-05,0.00013120462331587645,9,16,0.5679012345679012,0.12451160026243978,Khac (Peripheral)
3612,0.0005614035087719298,5.5102010922376905e-06,6.090323480333617e-05,4,6,0.625,-0.29170288937188404,Streamer Cau noi (Bridge)
362,0.001543859649122807,0.0008942227828264318,0.00018610200329900126,11,4,0.7107438016528926,-0.18229548544937524,Streamer Cau noi (Bridge)
4183,0.0002807017543859649,0.001391759351069803,7.799438275311845e-05,2,14,0.0,-0.3825895435149627,Khac (Peripheral)
321,0.0018245614035087717,0.0001012635075009613,0.00016133901235751202,13,3,0.485207100591716,0.8061185550634512,Khac (Peripheral)
4354,0.00014035087719298245,0.0,3.5901505005399214e-05,1,5,0.0,-0.6061473652949135,Khac (Peripheral)
2211,0.0005614035087719298,0.0,6.317361685292829e-05,4,4,0.0,-0.24934032964200262,Khac (Peripheral)
5882,0.003929824561403509,0.0004885487183476379,0.00035283654906392403,28,14,0.778061224489796,0.517594226932324,Streamer Cau noi (Bridge)
5648,0.001263157894736842,0.00010386363262440191,0.0001223288986749956,9,14,0.5679012345679012,0.003203500962445893,Khac (Peripheral)
5155,0.001263157894736842,0.0001832606643206281,0.00014128700701272244,9,16,0.6172839506172839,0.12451160026243978,Khac (Peripheral)
343,0.003087719298245614,0.0005385181494952951,0.0002853017429870793,22,4,0.8471074380165289,-0.18229548544937524,Streamer Cau noi (Bridge)
6610,0.00014035087719298245,0.0,3.2979698798709657e-05,1,6,0.0,-0.3626457370892153,Khac (Peripheral)
2270,0.0032280701754385964,0.0007540484674842439,0.00029681002533392154,23,16,0.8090737240075614,0.2137242307937781,Streamer Cau noi (Bridge)
2207,0.0007017543859649122,7.640049251558792e-06,7.924212447362955e-05,5,9,0.31999999999999984,-0.0171832010199283,Khac (Peripheral)
2446,0.0007017543859649122,2.0595852500021925e-05,7.404519690501485e-05,5,4,0.31999999999999984,-0.24934032964200262,Khac (Peripheral)
6212,0.00042105263157894734,5.31957872198942e-06,5.327526448606145e-05,3,9,0.4444444444444444,-0.2584446315564888,Khac (Peripheral)
4247,0.0007017543859649122,2.8130248945827806e-05,8.801433529495276e-05,5,9,0.56,-0.09760367786544846,Khac (Peripheral)
3986,0.0008421052631578947,8.341703286695e-05,9.743959030295616e-05,6,9,0.2777777777777777,0.06323727582559185,Khac (Peripheral)
426,0.00042105263157894734,4.65993621873583e-06,5.437483413717737e-05,3,4,0.0,-0.31638517383463,Khac (Peripheral)
6953,0.00014035087719298245,0.0,5.378913860204116e-05,1,5,0.0,-0.6061473652949135,Khac (Peripheral)
2478,0.00014035087719298245,0.0,3.488328814572697e-05,1,16,0.0,-0.23233892186291363,Khac (Peripheral)
669,0.00014035087719298245,0.0,4.401338274892955e-05,1,14,0.0,-0.5111872250074323,Khac (Peripheral)
5097,0.00014035087719298245,0.0,3.408837874618252e-05,1,16,0.0,-0.23233892186291363,Khac (Peripheral)
5437,0.00042105263157894734,8.349730436886463e-06,5.682337549832905e-05,3,8,0.4444444444444444,-0.4468005740821422,Khac (Peripheral)
3074,0.00014035087719298245,0.0,4.2811680474267436e-05,1,15,0.0,-0.6360721892977823,Khac (Peripheral)
3490,0.0008421052631578947,3.721472840703034e-05,9.463254145185544e-05,6,8,0.6666666666666667,-0.4468005740821422,Streamer Cau noi (Bridge)
4062,0.0002807017543859649,7.606967486771956e-06,4.739987340345607e-05,2,13,0.5,-0.7589626047638253,Khac (Peripheral)
1812,0.01263157894736842,0.0030667912154102622,0.0009159565599406508,90,5,0.4007407407407406,4.461642082252724,Khac (Peripheral)
707,0.00014035087719298245,0.0,3.128453364667498e-05,1,5,0.0,-0.6061473652949135,Khac (Peripheral)
4730,0.0002807017543859649,2.728804148817888e-05,4.931976464802983e-05,2,16,0.5,-0.23233892186291363,Khac (Peripheral)
743,0.0005614035087719298,2.883605524995818e-06,6.853380682223655e-05,4,5,0.625,-0.5316210498898012,Streamer Cau noi (Bridge)
2084,0.00014035087719298245,0.0,3.2484633243274565e-05,1,6,0.0,-0.3626457370892153,Khac (Peripheral)
1256,0.0002807017543859649,5.127109440043504e-06,4.4469986720485535e-05,2,9,0.0,-0.1780241547109686,Khac (Peripheral)
2863,0.00014035087719298245,0.0,3.229170541627104e-05,1,14,0.0,-0.5111872250074323,Khac (Peripheral)
3037,0.0007017543859649122,2.4467451864400194e-05,9.393424921435531e-05,5,4,0.31999999999999984,-0.24934032964200262,Khac (Peripheral)
3025,0.0009824561403508772,6.398370892131426e-05,0.00012103638178788575,7,9,0.6122448979591837,-0.0171832010199283,Khac (Peripheral)
2130,0.0014035087719298245,0.00014596136036644424,0.00014346856356126209,10,3,0.6,0.29427907478878834,Khac (Peripheral)
2314,0.002526315789473684,0.0016953488774131412,0.0002700704450459056,18,3,0.7407407407407407,0.46489223488034265,Streamer Cau noi (Bridge)
3392,0.0009824561403508772,8.309669709341676e-05,9.392430413151402e-05,7,1,0.6938775510204083,-0.4829715953209526,Streamer Cau noi (Bridge)
5049,0.0009824561403508772,2.378914409644953e-05,9.580288241421613e-05,7,9,0.8163265306122449,-0.2584446315564888,Streamer Cau noi (Bridge)
2459,0.00042105263157894734,6.693274408105927e-06,5.7024134566876103e-05,3,9,0.4444444444444444,-0.1780241547109686,Khac (Peripheral)
995,0.0018245614035087717,0.000528298842382689,0.00016722755914421836,13,5,0.7218934911242603,-0.3080421036744642,Streamer Cau noi (Bridge)
3696,0.0014035087719298245,0.00026522315257579724,0.00013995833655428076,10,9,0.74,-0.0171832010199283,Streamer Cau noi (Bridge)
2171,0.00042105263157894734,1.2631384573972247e-06,5.2160116412130954e-05,3,14,0.6666666666666667,-0.5111872250074323,Streamer Cau noi (Bridge)
3687,0.0007017543859649122,9.196880740252554e-06,9.69939638838371e-05,5,4,0.31999999999999984,-0.24934032964200262,Khac (Peripheral)
5912,0.0032280701754385964,0.002210133039280529,0.000323673741392419,23,0,0.8090737240075614,0.8882204462156972,Streamer Cau noi (Bridge)
2464,0.0029473684210526313,0.0010798921245593987,0.0002519855104974847,21,6,0.5306122448979591,0.48866843551876044,Khac (Peripheral)
359,0.0002807017543859649,8.798162938264374e-08,4.279965134405845e-05,2,9,0.5,-0.2584446315564888,Khac (Peripheral)
2070,0.00014035087719298245,0.0,3.585784221244115e-05,1,4,0.0,-0.45047486221988475,Khac (Peripheral)
6758,0.0005614035087719298,2.1796553515707264e-05,9.190919001316451e-05,4,8,0.375,-0.09500931747723713,Khac (Peripheral)
5903,0.0005614035087719298,1.1470251594534582e-05,9.822973534414724e-05,4,9,0.0,-0.0171832010199283,Khac (Peripheral)
6436,0.0026666666666666666,0.00045502464883896454,0.0002415620697281054,19,14,0.6814404432132964,0.517594226932324,Streamer Cau noi (Bridge)
2618,0.0023859649122807015,0.000719380548553597,0.00021973071643814165,17,6,0.698961937716263,0.13395419693210384,Streamer Cau noi (Bridge)
2848,0.0005614035087719298,0.00014865637032993614,8.566986980888465e-05,4,5,0.375,-0.4570947344846889,Khac (Peripheral)
3962,0.0005614035087719298,2.4122212166021396e-05,6.956517526516631e-05,4,9,0.375,-0.09760367786544846,Khac (Peripheral)
543,0.00014035087719298245,0.0,3.526549865025975e-05,1,2,0.0,-0.6448606735457089,Khac (Peripheral)
3341,0.00014035087719298245,0.0,3.383642272704703e-05,1,15,0.0,-0.6360721892977823,Khac (Peripheral)
6605,0.003508771929824561,0.00205021907771482,0.0002954380735358156,25,5,0.6496,0.3626947349715467,Streamer Cau noi (Bridge)
1994,0.0005614035087719298,5.76400927295586e-06,7.202781200916254e-05,4,9,0.375,-0.09760367786544846,Khac (Peripheral)
3746,0.0018245614035087717,0.0001992565469289903,0.00017741125073529671,13,16,0.5798816568047337,0.39214949185645487,Khac (Peripheral)
3224,0.00014035087719298245,0.0,3.255916167167437e-05,1,9,0.0,-0.2584446315564888,Khac (Peripheral)
141,0.0009824561403508772,1.7754482154729387e-05,8.893465617982068e-05,7,5,0.24489795918367352,-0.2335157882693519,Khac (Peripheral)
1975,0.00042105263157894734,3.0790635169014256e-05,5.245706580748575e-05,3,9,0.6666666666666667,-0.2584446315564888,Streamer Cau noi (Bridge)
1578,0.0002807017543859649,7.978816506954389e-06,4.54877750265747e-05,2,16,0.5,-0.23233892186291363,Khac (Peripheral)
2593,0.00014035087719298245,0.0,4.1901384466117136e-05,1,14,0.0,-0.5111872250074323,Khac (Peripheral)
4110,0.0008421052631578947,7.697025105010039e-05,0.00010193476502808167,6,4,0.7222222222222222,-0.38343001802725735,Streamer Cau noi (Bridge)
4764,0.0014035087719298245,0.00013561119778151393,0.00013301361443612293,10,4,0.17999999999999994,0.08588389132113426,Khac (Peripheral)
4350,0.0002807017543859649,7.70819536658242e-07,4.543010256659822e-05,2,5,0.0,-0.5316210498898012,Khac (Peripheral)
3496,0.00042105263157894734,2.4899129146614606e-05,5.9131565602975656e-05,3,16,0.0,-0.05391366080023693,Khac (Peripheral)
3552,0.0002807017543859649,4.888120750380642e-06,4.442127836688125e-05,2,9,0.5,-0.2584446315564888,Khac (Peripheral)
386,0.0011228070175438596,0.00011677988331474271,0.00011051514048962061,8,1,0.71875,-0.4829715953209526,Streamer Cau noi (Bridge)
3752,0.0008421052631578947,1.0865353616665152e-05,8.363077427881539e-05,6,6,0.6111111111111112,-0.2207600416545527,Khac (Peripheral)
4129,0.0011228070175438596,0.00012772757808171632,0.00010868591876689219,8,5,0.78125,-0.4570947344846889,Streamer Cau noi (Bridge)
6061,0.002245614035087719,0.0006897894113625869,0.0002178643514040869,16,5,0.5,0.1391157887562097,Khac (Peripheral)
3255,0.00014035087719298245,0.0,3.992443154603872e-05,1,4,0.0,-0.45047486221988475,Khac (Peripheral)
6476,0.00014035087719298245,0.0,3.783975005579857e-05,1,5,0.0,-0.6061473652949135,Khac (Peripheral)
6400,0.00042105263157894734,1.8504764301972126e-05,5.587287081222162e-05,3,6,0.4444444444444444,-0.29170288937188404,Khac (Peripheral)
7036,0.0026666666666666666,0.0003951842717679215,0.00023501498583720605,19,4,0.6481994459833795,0.15292873551376165,Streamer Cau noi (Bridge)
2709,0.0005614035087719298,3.237137529596315e-05,7.007432042780956e-05,4,2,0.75,-0.6448606735457089,Streamer Cau noi (Bridge)
3394,0.001263157894736842,3.270586364403477e-05,0.00011631803526652254,9,14,0.6172839506172839,0.003203500962445893,Khac (Peripheral)
316,0.0005614035087719298,2.6686561846340523e-06,7.684747050049848e-05,4,1,0.375,-0.4829715953209526,Khac (Peripheral)
5003,0.0002807017543859649,1.1561044953714611e-05,4.573139880229943e-05,2,1,0.5,-0.7142676008076517,Khac (Peripheral)
5674,0.0036491228070175434,0.0010158719182529659,0.0003301463872166504,26,3,0.39644970414201186,2.6828633160705486,Khac (Peripheral)
888,0.001543859649122807,0.0001685653168151033,0.0001438790536587773,11,16,0.7768595041322315,-0.05391366080023693,Streamer Cau noi (Bridge)
1088,0.002245614035087719,0.00021118306534378929,0.00020513603734608575,16,9,0.484375,0.5457601368987128,Khac (Peripheral)
1714,0.002807017543859649,0.0002530017942463153,0.0002462690874701872,20,1,0.4600000000000001,0.7891564348558929,Khac (Peripheral)
2689,0.0002807017543859649,6.789231254402206e-06,4.821846534484938e-05,2,6,0.0,-0.29170288937188404,Khac (Peripheral)
1323,0.0011228070175438596,5.8299185924422e-05,0.00011390839532551231,8,1,0.46875,-0.25167558983425337,Khac (Peripheral)
3603,0.0002807017543859649,1.2785256016455001e-05,4.279872653180986e-05,2,4,0.5,-0.45047486221988475,Khac (Peripheral)
2398,0.002526315789473684,0.0005444740524663422,0.00023347737173315546,18,9,0.6790123456790124,0.3849191832076725,Streamer Cau noi (Bridge)
2512,0.00042105263157894734,2.4400743753849134e-06,5.677562772691339e-05,3,16,0.0,-0.05391366080023693,Khac (Peripheral)
1330,0.0002807017543859649,3.750329363687115e-06,5.077231423384975e-05,2,14,0.5,-0.5111872250074323,Khac (Peripheral)
2946,0.00014035087719298245,0.0,3.0486106261918477e-05,1,5,0.0,-0.6061473652949135,Khac (Peripheral)
4106,0.00014035087719298245,0.0,3.373393736055491e-05,1,4,0.0,-0.45047486221988475,Khac (Peripheral)
156,0.00014035087719298245,0.0,3.6690726164723055e-05,1,9,0.0,-0.2584446315564888,Khac (Peripheral)
1917,0.0002807017543859649,4.6698735866767375e-06,6.808689781300535e-05,2,9,0.0,-0.1780241547109686,Khac (Peripheral)
6194,0.0008421052631578947,1.3035373356015947e-05,9.464601624177061e-05,6,3,0.7222222222222222,-0.3881735655774289,Streamer Cau noi (Bridge)
2968,0.00014035087719298245,0.0,3.211486823569884e-05,1,9,0.0,-0.2584446315564888,Khac (Peripheral)
6971,0.00014035087719298245,0.0,3.2695148349424987e-05,1,9,0.0,-0.2584446315564888,Khac (Peripheral)
5666,0.0009824561403508772,0.00016917434053303576,9.826152105106303e-05,7,1,0.6122448979591837,-0.36732359257760294,Khac (Peripheral)
299,0.0005614035087719298,5.934573257465056e-05,7.384123038266816e-05,4,4,0.0,-0.24934032964200262,Khac (Peripheral)
1264,0.00014035087719298245,0.0,3.191364230176496e-05,1,1,0.0,-0.7142676008076517,Khac (Peripheral)
3713,0.002105263157894737,0.0008866043175658389,0.00020137239635237362,15,6,0.8,-0.1498171939372214,Streamer Cau noi (Bridge)
4278,0.001263157894736842,8.881392129980273e-05,0.00012497890750579348,9,4,0.7160493827160495,-0.24934032964200262,Streamer Cau noi (Bridge)
951,0.00014035087719298245,0.0,3.128453364667498e-05,1,5,0.0,-0.6061473652949135,Khac (Peripheral)
5059,0.0011228070175438596,7.329087383225614e-06,9.855035896681206e-05,8,5,0.0,-0.08446315745912726,Khac (Peripheral)
6281,0.0014035087719298245,0.0009012517945091224,0.0001515254520237907,10,9,0.64,0.06323727582559185,Streamer Cau noi (Bridge)
5344,0.00014035087719298245,0.0,3.169413544211386e-05,1,5,0.0,-0.6061473652949135,Khac (Peripheral)
2156,0.0008421052631578947,2.2577214181747656e-05,8.477454486651508e-05,6,4,0.2777777777777777,-0.18229548544937524,Khac (Peripheral)
2958,0.0002807017543859649,2.7853616945549483e-05,6.125930020019577e-05,2,15,0.0,-0.3322541788802534,Khac (Peripheral)
2145,0.00042105263157894734,2.054800578747752e-05,5.567438185623551e-05,3,15,0.6666666666666667,-0.6360721892977823,Streamer Cau noi (Bridge)
3078,0.00014035087719298245,0.0,5.0404653600679385e-05,1,16,0.0,-0.23233892186291363,Khac (Peripheral)
108,0.00014035087719298245,0.0,3.237600585943195e-05,1,16,0.0,-0.23233892186291363,Khac (Peripheral)
6672,0.0009824561403508772,0.00010778774487142813,0.00010543071399827813,7,9,0.6938775510204083,-0.09760367786544846,Streamer Cau noi (Bridge)
4456,0.002526315789473684,0.0002810508384469002,0.00021382873303514387,18,2,0.6790123456790124,1.0052239911153695,Streamer Cau noi (Bridge)
978,0.00014035087719298245,0.0,3.214364973904356e-05,1,9,0.0,-0.2584446315564888,Khac (Peripheral)
1914,0.0008421052631578947,2.848394032656476e-05,9.924505987461104e-05,6,6,0.7777777777777778,-0.29170288937188404,Streamer Cau noi (Bridge)
3622,0.0005614035087719298,1.1136609463239782e-05,8.080718363540333e-05,4,1,0.375,-0.4829715953209526,Khac (Peripheral)
1708,0.00042105263157894734,1.4368519413553864e-06,5.6116751929188296e-05,3,9,0.0,-0.09760367786544846,Khac (Peripheral)
4434,0.0014035087719298245,0.0005986980865798673,0.0001364041088305952,10,4,0.17999999999999994,0.08588389132113426,Khac (Peripheral)
4768,0.0016842105263157893,3.407750941541689e-05,0.00015209053693448132,12,5,0.5138888888888888,-0.08446315745912726,Khac (Peripheral)
3300,0.0011228070175438596,0.0004359792592584849,0.00013456650553126716,8,4,0.40625,-0.11525064125674786,Khac (Peripheral)
4880,0.0002807017543859649,3.162368237115708e-06,5.5328638145629515e-05,2,8,0.5,-0.7985918306870473,Khac (Peripheral)
3611,0.00014035087719298245,0.0,5.785493009416971e-05,1,13,0.0,-0.7589626047638253,Khac (Peripheral)
4280,0.0007017543859649122,0.0003186686108126459,9.262147870193906e-05,5,3,0.72,-0.3881735655774289,Streamer Cau noi (Bridge)
29,0.00042105263157894734,1.0906278846532887e-05,5.14624699443128e-05,3,5,0.4444444444444444,-0.5316210498898012,Khac (Peripheral)
5081,0.0002807017543859649,2.9100094124543433e-06,4.268204344746397e-05,2,9,0.5,-0.2584446315564888,Khac (Peripheral)
5146,0.0036491228070175434,0.0008618896101869467,0.0003600078908141526,26,5,0.5473372781065089,0.5862736811868836,Khac (Peripheral)
435,0.0011228070175438596,0.00016025151151844404,0.00011179517863068905,8,9,0.5625,0.06323727582559185,Khac (Peripheral)
6995,0.00014035087719298245,0.0,3.674931822761215e-05,1,1,0.0,-0.7142676008076517,Khac (Peripheral)
1734,0.0005614035087719298,6.72216936748926e-05,6.62568543552185e-05,4,4,0.0,-0.24934032964200262,Khac (Peripheral)
4803,0.0002807017543859649,1.2031763856581374e-07,4.511010560045278e-05,2,3,0.0,-0.3881735655774289,Khac (Peripheral)
6738,0.00014035087719298245,0.0,3.4090258493719275e-05,1,5,0.0,-0.6061473652949135,Khac (Peripheral)
3383,0.0011228070175438596,0.0001004279406046092,0.00011255059858065397,8,1,0.6875,-0.36732359257760294,Streamer Cau noi (Bridge)
1383,0.0002807017543859649,1.8734135993483957e-06,4.773459006735457e-05,2,6,0.0,-0.29170288937188404,Khac (Peripheral)
6465,0.004631578947368421,0.0005175919500166287,0.00036131140302694473,33,1,0.5748393021120293,1.4830444513159904,Khac (Peripheral)
6241,0.0005614035087719298,6.394200594330622e-06,6.656758981009246e-05,4,9,0.625,-0.2584446315564888,Streamer Cau noi (Bridge)
2401,0.00014035087719298245,0.0,3.128453364667498e-05,1,5,0.0,-0.6061473652949135,Khac (Peripheral)
1175,0.006456140350877193,0.0013995539391710313,0.00048270183848607147,46,5,0.47353497164461256,1.7786947276686809,Khac (Peripheral)
453,0.0002807017543859649,0.0,4.0215064868517005e-05,2,5,0.0,-0.5316210498898012,Khac (Peripheral)
3066,0.00014035087719298245,0.0,3.312206922238946e-05,1,14,0.0,-0.5111872250074323,Khac (Peripheral)
2982,0.0011228070175438596,9.148682882453767e-05,0.00011441104446697281,8,14,0.78125,-0.3825895435149627,Streamer Cau noi (Bridge)
5949,0.002807017543859649,0.00044612085063772404,0.000244528505456314,20,15,0.81,0.8830178627898624,Streamer Cau noi (Bridge)
6374,0.0014035087719298245,0.00016875193003397336,0.0001516836311946926,10,13,0.76,-0.06899660043307508,Streamer Cau noi (Bridge)
4174,0.002807017543859649,0.0003287475951465971,0.00023129059876142994,20,4,0.09500000000000008,0.756332333247408,Khac (Peripheral)
6801,0.0019649122807017545,0.00031808480589306924,0.00017871084338279928,14,5,0.8163265306122449,-0.38256841907957656,Streamer Cau noi (Bridge)
2091,0.0002807017543859649,1.931040379534536e-07,5.505060779764591e-05,2,9,0.0,-0.1780241547109686,Khac (Peripheral)
2781,0.016982456140350877,0.008272299806999138,0.0015042171949921682,121,9,0.7682535345946315,3.8429996875650394,Khac (Peripheral)
4879,0.00014035087719298245,0.0,3.1705841820477254e-05,1,1,0.0,-0.7142676008076517,Khac (Peripheral)
1805,0.0008421052631578947,7.717995788700945e-05,9.199038483473882e-05,6,1,0.6111111111111112,-0.4829715953209526,Khac (Peripheral)
3945,0.00042105263157894734,1.9283163388920467e-05,5.25883700912388e-05,3,5,0.4444444444444444,-0.5316210498898012,Khac (Peripheral)
2369,0.0008421052631578947,0.00021899807284652385,0.00012965826114591373,6,0,0.5,0.3155854880537148,Khac (Peripheral)
5756,0.0002807017543859649,2.861354165950618e-07,4.346799529051398e-05,2,6,0.5,-0.3626457370892153,Khac (Peripheral)
5698,0.0007017543859649122,2.8294896779862572e-05,7.983959130839153e-05,5,5,0.6399999999999999,-0.5316210498898012,Streamer Cau noi (Bridge)
3350,0.00014035087719298245,0.0,5.376668580368489e-05,1,14,0.0,-0.5111872250074323,Khac (Peripheral)
3971,0.00014035087719298245,0.0,3.238368495184738e-05,1,1,0.0,-0.7142676008076517,Khac (Peripheral)
6793,0.001543859649122807,0.00015124260402276442,0.00017052235423048364,11,3,0.7107438016528926,0.12366591469723404,Streamer Cau noi (Bridge)
4121,0.0058947368421052625,0.0009647755425722626,0.00047965496469199966,42,1,0.4659863945578231,2.639524478749486,Khac (Peripheral)
3117,0.002245614035087719,0.0008254704749940948,0.00019726890195425104,16,6,0.6953125,0.13395419693210384,Streamer Cau noi (Bridge)
3638,0.002105263157894737,0.0008380605613448116,0.00017356235636944244,15,5,0.24,0.28816841956643435,Khac (Peripheral)
4789,0.0008421052631578947,8.706265666542843e-06,8.948100197858305e-05,6,1,0.0,-0.1360275870909038,Khac (Peripheral)
4512,0.0005614035087719298,4.1554239719107834e-05,6.941596483706912e-05,4,0,0.625,-0.2570494701082677,Streamer Cau noi (Bridge)
2538,0.001543859649122807,0.00019405927166231803,0.0001452441014616904,11,8,0.5123966942148761,1.3121557089423832,Khac (Peripheral)
3503,0.00014035087719298245,0.0,3.1939903911062516e-05,1,6,0.0,-0.3626457370892153,Khac (Peripheral)
1832,0.00014035087719298245,0.0,3.1490982503660716e-05,1,5,0.0,-0.6061473652949135,Khac (Peripheral)
3108,0.0026666666666666666,0.0002885412383628073,0.00020690466643188347,19,1,0.6759002770083102,0.210916421139145,Streamer Cau noi (Bridge)
7091,0.0009824561403508772,0.00012323525535804888,0.00010055622586395931,7,0,0.7346938775510204,0.029268008972723546,Streamer Cau noi (Bridge)
6092,0.0008421052631578947,1.8003264311690184e-05,9.354594146588226e-05,6,13,0.2777777777777777,0.6209694038976752,Khac (Peripheral)
584,0.0002807017543859649,1.3451535720673605e-06,4.336829522008042e-05,2,2,0.5,-0.6448606735457089,Khac (Peripheral)
5823,0.0032280701754385964,0.00022449119031447374,0.0002480931262170193,23,1,0.5330812854442344,0.9048044375992426,Khac (Peripheral)
5133,0.001543859649122807,6.857666071966807e-05,0.0001346436225254416,11,5,0.31404958677685935,-0.009936842054014941,Khac (Peripheral)
1703,0.0002807017543859649,9.082553805720126e-07,4.34811975583053e-05,2,1,0.0,-0.5986195980643021,Khac (Peripheral)
585,0.0011228070175438596,0.00012616556759338461,0.00011527655474807752,8,9,0.71875,-0.09760367786544846,Streamer Cau noi (Bridge)
5603,0.00042105263157894734,4.351692131065578e-06,5.4306232428394326e-05,3,3,0.6666666666666667,-0.5587867256689831,Streamer Cau noi (Bridge)
2574,0.0005614035087719298,0.0008563872652078322,9.37372200863537e-05,4,5,0.0,-0.38256841907957656,Khac (Peripheral)
6943,0.003789473684210526,0.0004450330617951354,0.00036021893747724653,27,1,0.37860082304526743,1.59869245405934,Khac (Peripheral)
3481,0.00042105263157894734,1.5256171614297895e-06,5.493760956362053e-05,3,8,0.4444444444444444,-0.4468005740821422,Khac (Peripheral)
1955,0.0008421052631578947,0.0001005277929826498,0.00011350159277655589,6,15,0.7222222222222222,-0.3322541788802534,Streamer Cau noi (Bridge)
3167,0.0007017543859649122,6.339087985106557e-06,6.916861329649288e-05,5,1,0.48,-0.4829715953209526,Khac (Peripheral)
6094,0.0009824561403508772,6.773314244987634e-05,0.00010217415300215753,7,5,0.6122448979591837,-0.38256841907957656,Khac (Peripheral)
2625,0.00042105263157894734,1.568577874423486e-05,6.241080078402829e-05,3,6,0.4444444444444444,-0.29170288937188404,Khac (Peripheral)
2775,0.0002807017543859649,0.0,4.4369919740666286e-05,2,9,0.5,-0.2584446315564888,Khac (Peripheral)
1512,0.0009824561403508772,3.821598853474201e-05,9.963410402130939e-05,7,16,0.44897959183673464,0.12451160026243978,Khac (Peripheral)
5509,0.0018245614035087717,0.00033344177823920216,0.0001715900799885125,13,5,0.5680473372781065,-0.08446315745912726,Khac (Peripheral)
2888,0.0032280701754385964,0.0003101714009649582,0.0002689017522515796,23,6,0.7485822306238186,0.20489704464943517,Streamer Cau noi (Bridge)
303,0.0002807017543859649,5.803172704213695e-06,4.083613441337107e-05,2,14,0.5,-0.5111872250074323,Khac (Peripheral)
5501,0.001263157894736842,0.00037584798661321686,0.00014087239965876586,9,9,0.6419753086419753,0.06323727582559185,Streamer Cau noi (Bridge)
5747,0.002526315789473684,0.0007215152849799301,0.00025685321877458214,18,13,0.654320987654321,2.3458844147245506,Streamer Cau noi (Bridge)
445,0.00014035087719298245,0.0,3.138269190088571e-05,1,4,0.0,-0.45047486221988475,Khac (Peripheral)
3164,0.0005614035087719298,2.5552271160228635e-05,6.441960540087867e-05,4,9,0.75,-0.2584446315564888,Streamer Cau noi (Bridge)
5060,0.0002807017543859649,1.6341735426492313e-07,4.833771883967094e-05,2,1,0.5,-0.7142676008076517,Khac (Peripheral)
6421,0.0007017543859649122,1.9427419471719972e-05,7.791489019609201e-05,5,14,0.31999999999999984,-0.12539418053002366,Khac (Peripheral)
1503,0.0011228070175438596,0.00010375845430082574,0.00011313630160475698,8,2,0.75,0.015173192318722542,Streamer Cau noi (Bridge)
1683,0.0011228070175438596,2.838866499969538e-05,0.00011794547899945541,8,5,0.40625,-0.2335157882693519,Khac (Peripheral)
4155,0.003087719298245614,0.00023129590484751784,0.00024923591808533345,22,5,0.6694214876033058,0.21364210416132204,Streamer Cau noi (Bridge)
3398,0.00014035087719298245,0.0,3.174119789152677e-05,1,3,0.0,-0.5587867256689831,Khac (Peripheral)
5084,0.00014035087719298245,0.0,3.2493190496877864e-05,1,0,0.0,-0.5433669491892589,Khac (Peripheral)
6288,0.0002807017543859649,2.215821089479066e-06,5.5122939602685254e-05,2,2,0.5,-0.6448606735457089,Khac (Peripheral)
6776,0.009403508771929824,0.003564348777249553,0.0008264952874781971,67,9,0.7039429717086211,2.3954311043456764,Streamer Cau noi (Bridge)
2808,0.004771929824561403,0.001616544090234925,0.0004292955619051515,34,1,0.5155709342560553,1.8299884595460392,Khac (Peripheral)
1073,0.0002807017543859649,0.0,4.1583088840963826e-05,2,9,0.5,-0.2584446315564888,Khac (Peripheral)
6817,0.00014035087719298245,0.0,3.3193449332733915e-05,1,9,0.0,-0.2584446315564888,Khac (Peripheral)
6231,0.0016842105263157893,0.0002914469030384108,0.00015934593411730922,12,6,0.5416666666666666,-0.1498171939372214,Khac (Peripheral)
4726,0.0002807017543859649,2.646357035489059e-06,4.622399985965165e-05,2,5,0.0,-0.5316210498898012,Khac (Peripheral)
5202,0.001543859649122807,1.89826265866641e-05,0.00013474157989404805,11,4,0.0,0.21997357970638903,Khac (Peripheral)
2597,0.00042105263157894734,5.732944733805175e-06,5.521845988380272e-05,3,5,0.0,-0.4570947344846889,Khac (Peripheral)
1290,0.0026666666666666666,0.00020539390367096556,0.0002091412052474237,19,6,0.5872576177285319,0.20489704464943517,Khac (Peripheral)
4403,0.0005614035087719298,3.606144286903777e-05,7.126251093560173e-05,4,9,0.625,-0.1780241547109686,Streamer Cau noi (Bridge)
1504,0.0002807017543859649,5.283898612307022e-07,4.335457988128534e-05,2,6,0.5,-0.3626457370892153,Khac (Peripheral)
6833,0.0002807017543859649,8.559181605291629e-09,4.0564436232878284e-05,2,5,0.0,-0.5316210498898012,Khac (Peripheral)
2710,0.0005614035087719298,4.343660562053973e-06,6.768807703966849e-05,4,5,0.625,-0.5316210498898012,Streamer Cau noi (Bridge)
1997,0.0007017543859649122,0.00016673515401920995,0.0001017378962739589,5,16,0.0,0.12451160026243978,Khac (Peripheral)
6353,0.0002807017543859649,5.085668377019206e-08,4.5197620143679906e-05,2,5,0.5,-0.6061473652949135,Khac (Peripheral)
2777,0.0005614035087719298,4.413937787660267e-06,6.69102944212065e-05,4,13,0.625,-0.4139796025984502,Streamer Cau noi (Bridge)
4544,0.0008421052631578947,1.4796609868217112e-05,8.690810788858777e-05,6,5,0.2777777777777777,-0.3080421036744642,Khac (Peripheral)
4711,0.003789473684210526,0.0006592921073715156,0.00031434294066501697,27,1,0.5761316872427983,1.1361004430859416,Khac (Peripheral)
3802,0.00014035087719298245,0.0,3.612797367795956e-05,1,13,0.0,-0.7589626047638253,Khac (Peripheral)
6834,0.00014035087719298245,0.0,3.482380929360141e-05,1,6,0.0,-0.3626457370892153,Khac (Peripheral)
47,0.00014035087719298245,0.0,3.0961509146193255e-05,1,5,0.0,-0.6061473652949135,Khac (Peripheral)
3069,0.0011228070175438596,0.00015611763348216941,0.0001313142189111883,8,1,0.75,-0.4829715953209526,Streamer Cau noi (Bridge)
6104,0.001543859649122807,0.00014271337648992147,0.00014033533080949108,11,5,0.743801652892562,-0.38256841907957656,Streamer Cau noi (Bridge)
4206,0.0005614035087719298,5.2729985278872165e-05,7.016007742409215e-05,4,9,0.375,-0.09760367786544846,Khac (Peripheral)
5600,0.0009824561403508772,4.359514053305361e-05,0.0001094593545926519,7,5,0.24489795918367352,-0.2335157882693519,Khac (Peripheral)
5296,0.0033684210526315787,0.00042995198619766984,0.000327843127013994,24,9,0.6805555555555556,0.626180613744233,Streamer Cau noi (Bridge)
3019,0.00014035087719298245,0.0,3.614444885148594e-05,1,9,0.0,-0.2584446315564888,Khac (Peripheral)
2835,0.0009824561403508772,4.897459338741066e-05,0.00010311868679722617,7,9,0.24489795918367352,0.14365775267111203,Khac (Peripheral)
3094,0.00014035087719298245,0.0,3.3941144933914804e-05,1,1,0.0,-0.7142676008076517,Khac (Peripheral)
5793,0.001263157894736842,5.717440330160951e-05,0.00013235516393091256,9,1,0.37037037037037035,-0.020379584347554196,Khac (Peripheral)
5560,0.00014035087719298245,0.0,3.1629454664287696e-05,1,4,0.0,-0.45047486221988475,Khac (Peripheral)
5557,0.0019649122807017545,0.0003333488792323542,0.00020020471478847458,14,5,0.826530612244898,-0.38256841907957656,Streamer Cau noi (Bridge)
115,0.00014035087719298245,0.0,3.43537117889554e-05,1,0,0.0,-0.5433669491892589,Khac (Peripheral)
2571,0.0007017543859649122,6.472980387638454e-05,7.67693584916841e-05,5,4,0.72,-0.38343001802725735,Streamer Cau noi (Bridge)
373,0.002245614035087719,2.101060328340737e-05,0.00018434939650377132,16,4,0.0,0.555197800669526,Khac (Peripheral)
2317,0.0002807017543859649,4.255384153901021e-06,4.2553904095149844e-05,2,9,0.5,-0.2584446315564888,Khac (Peripheral)
1905,0.00014035087719298245,0.0,3.410022426877764e-05,1,15,0.0,-0.6360721892977823,Khac (Peripheral)
6249,0.00014035087719298245,0.0,3.072533467321265e-05,1,5,0.0,-0.6061473652949135,Khac (Peripheral)
6681,0.0011228070175438596,0.00010918730608542449,0.00012521307029963064,8,3,0.53125,0.12366591469723404,Khac (Peripheral)
6182,0.0007017543859649122,4.7234121583823395e-05,7.969829949711294e-05,5,6,0.6399999999999999,-0.29170288937188404,Streamer Cau noi (Bridge)
2213,0.007578947368421052,0.0012882894407376026,0.0006316428611594699,54,4,0.35871056241426613,2.365408593870465,Khac (Peripheral)
1067,0.00014035087719298245,0.0,3.256475268063685e-05,1,16,0.0,-0.23233892186291363,Khac (Peripheral)
5431,0.0002807017543859649,2.854380911198368e-06,4.284458531181178e-05,2,16,0.5,-0.23233892186291363,Khac (Peripheral)
6066,0.00014035087719298245,0.0,3.349093727425573e-05,1,16,0.0,-0.23233892186291363,Khac (Peripheral)
3918,0.0002807017543859649,1.7784086287350405e-06,4.7998329289501906e-05,2,9,0.5,-0.2584446315564888,Khac (Peripheral)
2774,0.0002807017543859649,5.769668197098383e-06,4.2482454369582016e-05,2,6,0.0,-0.29170288937188404,Khac (Peripheral)
2757,0.0005614035087719298,1.461629163083145e-05,6.884666395621095e-05,4,5,0.375,-0.4570947344846889,Khac (Peripheral)
3083,0.0008421052631578947,8.371481610534669e-05,9.373171158835279e-05,6,16,0.6666666666666667,-0.05391366080023693,Streamer Cau noi (Bridge)
5847,0.0005614035087719298,2.1773327251094095e-05,6.795287560998835e-05,4,9,0.375,-0.09760367786544846,Khac (Peripheral)
1218,0.0005614035087719298,1.2670513964205418e-05,6.555775830239802e-05,4,0,0.625,-0.5433669491892589,Streamer Cau noi (Bridge)
6511,0.0002807017543859649,6.183311190422117e-06,4.3207305779246645e-05,2,6,0.0,-0.29170288937188404,Khac (Peripheral)
1595,0.0008421052631578947,3.598286371186342e-05,8.697139592110721e-05,6,4,0.6666666666666667,-0.31638517383463,Streamer Cau noi (Bridge)
3103,0.0009824561403508772,1.4082569407776047e-05,9.376822294188007e-05,7,4,0.0,-0.04820579706412048,Khac (Peripheral)
556,0.00014035087719298245,0.0,3.1629454664287696e-05,1,4,0.0,-0.45047486221988475,Khac (Peripheral)
4688,0.00014035087719298245,0.0,3.338628045939249e-05,1,9,0.0,-0.2584446315564888,Khac (Peripheral)
1103,0.03564912280701754,0.021054438831978776,0.0034134751992312765,254,9,0.7336164672329345,9.39201258990593,Khac (Peripheral)
2327,0.00042105263157894734,0.00014082736883108769,0.0001058796458370629,3,0,0.4444444444444444,-0.2570494701082677,Khac (Peripheral)
2408,0.001543859649122807,1.3072939752742154e-05,0.00015469496893862644,11,16,0.0,0.6597873834504699,Khac (Peripheral)
5106,0.0011228070175438596,0.0002245738768845645,0.00012324685429960808,8,9,0.625,-0.0171832010199283,Streamer Cau noi (Bridge)
6328,0.00042105263157894734,0.0,5.5906325280804384e-05,3,16,0.0,-0.05391366080023693,Khac (Peripheral)
3265,0.00014035087719298245,0.0,3.148382512981153e-05,1,9,0.0,-0.2584446315564888,Khac (Peripheral)
1039,0.0018245614035087717,0.00010259896542512607,0.00015939400005447597,13,1,0.6272189349112426,-0.020379584347554196,Streamer Cau noi (Bridge)
3047,0.004631578947368421,0.0017326551744728835,0.0004115052349483481,33,6,0.8154269972451791,0.2758398923667665,Streamer Cau noi (Bridge)
6013,0.00042105263157894734,1.3359284430121066e-05,5.505697853690637e-05,3,4,0.4444444444444444,-0.38343001802725735,Khac (Peripheral)
6866,0.0002807017543859649,4.1697130848347787e-07,4.2559981135870936e-05,2,1,0.5,-0.7142676008076517,Khac (Peripheral)
3869,0.0002807017543859649,1.9636001554772e-06,5.435198328753704e-05,2,0,0.0,-0.2570494701082677,Khac (Peripheral)
3792,0.0002807017543859649,2.91444657446524e-05,6.354988885516788e-05,2,14,0.5,-0.5111872250074323,Khac (Peripheral)
3100,0.00014035087719298245,0.0,3.338628045939249e-05,1,9,0.0,-0.2584446315564888,Khac (Peripheral)
2497,0.0016842105263157893,0.00039905173718309813,0.00016793070536309093,12,14,0.8055555555555556,-0.12539418053002366,Streamer Cau noi (Bridge)
6492,0.00042105263157894734,1.4673280182724007e-05,5.384761231503277e-05,3,6,0.6666666666666667,-0.3626457370892153,Streamer Cau noi (Bridge)
6352,0.003508771929824561,0.0009685736348838456,0.0002944832713720107,25,13,0.7263999999999999,1.3109354082284255,Streamer Cau noi (Bridge)
6674,0.00014035087719298245,0.0,3.0731345737044125e-05,1,5,0.0,-0.6061473652949135,Khac (Peripheral)
2564,0.0008421052631578947,0.0001252231490312355,9.106085502065832e-05,6,3,0.6111111111111112,-0.21756040548587458,Khac (Peripheral)
5278,0.0005614035087719298,7.211970632919838e-05,6.570337202460728e-05,4,4,0.375,-0.31638517383463,Khac (Peripheral)
811,0.0016842105263157893,0.00048341848044037384,0.00015954750703460054,12,10,0.75,-0.7862515977683556,Streamer Cau noi (Bridge)
178,0.011087719298245613,0.0069997288296080665,0.001115020043165943,79,14,0.6537413875981414,5.018513079168758,Khac (Peripheral)
2727,0.00042105263157894734,4.730524411836877e-06,5.662975459069576e-05,3,14,0.6666666666666667,-0.5111872250074323,Streamer Cau noi (Bridge)
1826,0.0008421052631578947,0.0002195722376200652,0.0001087373707913089,6,9,0.6111111111111112,-0.09760367786544846,Khac (Peripheral)
3357,0.00042105263157894734,6.113241040398422e-05,6.874982808496204e-05,3,9,0.4444444444444444,-0.1780241547109686,Khac (Peripheral)
1366,0.0002807017543859649,3.3141670615842094e-06,4.2631567280704e-05,2,9,0.0,-0.1780241547109686,Khac (Peripheral)
1469,0.00042105263157894734,4.5034502795544874e-07,5.737011486678087e-05,3,1,0.0,-0.4829715953209526,Khac (Peripheral)
6074,0.010526315789473684,0.002943527064751397,0.0008070532213907597,75,1,0.3164444444444444,6.224612563793324,Khac (Peripheral)
2102,0.0008421052631578947,2.912473784130357e-05,8.106210614770429e-05,6,1,0.6666666666666667,-0.4829715953209526,Streamer Cau noi (Bridge)
4466,0.0011228070175438596,0.00011423123213419754,0.00012285212359817546,8,15,0.78125,-0.02843616846272445,Streamer Cau noi (Bridge)
5630,0.001263157894736842,0.0002616831539491895,0.00014400333603874668,9,16,0.5925925925925926,0.12451160026243978,Khac (Peripheral)
3216,0.00014035087719298245,0.0,3.152885085145188e-05,1,5,0.0,-0.6061473652949135,Khac (Peripheral)
6124,0.0009824561403508772,2.185430575317591e-05,9.65384263104751e-05,7,14,0.653061224489796,-0.2539918620224932,Streamer Cau noi (Bridge)
695,0.0009824561403508772,6.045472436366356e-05,9.610394634343593e-05,7,16,0.48979591836734704,-0.05391366080023693,Khac (Peripheral)
1667,0.0018245614035087717,4.05037423225144e-05,0.0001532192656985273,13,6,0.3550295857988165,0.2758398923667665,Khac (Peripheral)
896,0.00014035087719298245,0.0,3.7623440024796346e-05,1,4,0.0,-0.45047486221988475,Khac (Peripheral)
5841,0.002245614035087719,9.67710388389034e-05,0.0001817073141408569,16,1,0.4921875,0.210916421139145,Khac (Peripheral)
4390,0.0032280701754385964,0.0004339559040323099,0.000315038182895367,23,13,0.7863894139886578,2.0009014125591755,Streamer Cau noi (Bridge)
6271,0.0002807017543859649,0.00014037057832678272,9.136914095958794e-05,2,3,0.0,-0.3881735655774289,Khac (Peripheral)
3609,0.00014035087719298245,0.0,3.158661217793305e-05,1,4,0.0,-0.45047486221988475,Khac (Peripheral)
5962,0.00014035087719298245,0.0,3.3193449332733915e-05,1,9,0.0,-0.2584446315564888,Khac (Peripheral)
2488,0.0002807017543859649,1.2861316714948331e-06,4.719885195519349e-05,2,6,0.5,-0.3626457370892153,Khac (Peripheral)
2127,0.00014035087719298245,0.0,3.2484633243274565e-05,1,6,0.0,-0.3626457370892153,Khac (Peripheral)
5890,0.0011228070175438596,0.00014227707367683862,0.00013160946800737418,8,1,0.21875,-0.020379584347554196,Khac (Peripheral)
4652,0.00042105263157894734,4.326102584335133e-06,7.78910270455855e-05,3,14,0.4444444444444444,-0.3825895435149627,Khac (Peripheral)
840,0.0002807017543859649,6.439285724716264e-07,5.641297628850231e-05,2,15,0.0,-0.3322541788802534,Khac (Peripheral)
6746,0.0002807017543859649,0.00011635413405467492,6.385550128918713e-05,2,16,0.0,-0.14312629133157528,Khac (Peripheral)
1296,0.0002807017543859649,0.0,5.150954690059028e-05,2,9,0.0,-0.1780241547109686,Khac (Peripheral)
2606,0.001543859649122807,5.97793323973713e-05,0.00013850230039811717,11,5,0.6942148760330579,-0.38256841907957656,Streamer Cau noi (Bridge)
2035,0.0011228070175438596,0.00024357654869919222,0.00013113693372035485,8,9,0.5625,0.06323727582559185,Khac (Peripheral)
4093,0.00042105263157894734,1.44452366076333e-06,7.724013324420617e-05,3,8,0.4444444444444444,-0.4468005740821422,Khac (Peripheral)
1437,0.0008421052631578947,5.546501973023221e-05,0.00010081672645427996,6,5,0.6666666666666667,-0.4570947344846889,Streamer Cau noi (Bridge)
998,0.00014035087719298245,0.0,3.2639286133062614e-05,1,4,0.0,-0.45047486221988475,Khac (Peripheral)
904,0.00042105263157894734,0.0,5.5906325280804384e-05,3,16,0.0,-0.05391366080023693,Khac (Peripheral)
4759,0.0011228070175438596,2.6812924240048593e-05,0.00010081414979077928,8,3,0.59375,-0.04694724539432026,Khac (Peripheral)
5521,0.001543859649122807,2.8274819194133325e-05,0.00014770601508295048,11,4,0.31404958677685935,0.08588389132113426,Khac (Peripheral)
6718,0.0007017543859649122,1.5298121204085517e-05,7.542262258637907e-05,5,9,0.56,-0.09760367786544846,Khac (Peripheral)
261,0.006456140350877193,0.0005432463121746943,0.00047663778894565525,46,4,0.12381852551984873,2.365408593870465,Khac (Peripheral)
4002,0.001263157894736842,0.00017441790513054124,0.0001311843105505728,9,14,0.7654320987654322,-0.2539918620224932,Streamer Cau noi (Bridge)
5935,0.0009824561403508772,6.560407242080949e-06,9.007228529202788e-05,7,4,0.0,-0.04820579706412048,Khac (Peripheral)
6552,0.00014035087719298245,0.0,3.338628045939249e-05,1,9,0.0,-0.2584446315564888,Khac (Peripheral)
4050,0.00014035087719298245,0.0,3.419843175729226e-05,1,4,0.0,-0.45047486221988475,Khac (Peripheral)
6671,0.00014035087719298245,0.0,3.557049666579021e-05,1,6,0.0,-0.3626457370892153,Khac (Peripheral)
1788,0.0005614035087719298,7.076352796643504e-06,7.074433240699418e-05,4,0,0.625,-0.2570494701082677,Streamer Cau noi (Bridge)
4030,0.0009824561403508772,3.743417929344897e-05,9.97478394583581e-05,7,6,0.6122448979591837,-0.2207600416545527,Khac (Peripheral)
2604,0.0005614035087719298,1.886827317408093e-05,7.510819078692273e-05,4,1,0.375,-0.4829715953209526,Khac (Peripheral)
5426,0.0007017543859649122,5.960559289409944e-06,7.622234622305411e-05,5,5,0.31999999999999984,-0.38256841907957656,Khac (Peripheral)
5580,0.006596491228070175,0.0016846337917693747,0.000700735380155408,47,2,0.8057944771389769,4.635410253369742,Khac (Peripheral)
3140,0.00042105263157894734,1.838284929766764e-05,5.477852623709205e-05,3,16,0.4444444444444444,-0.14312629133157528,Khac (Peripheral)
4521,0.00042105263157894734,3.1054758220059076e-05,5.33783306712986e-05,3,4,0.4444444444444444,-0.38343001802725735,Khac (Peripheral)
6590,0.001543859649122807,0.00047002649518901985,0.00015151551146718725,11,5,0.31404958677685935,-0.009936842054014941,Khac (Peripheral)
1599,0.0023859649122807015,0.00011396186223066241,0.00021436047589760054,17,1,0.6782006920415224,0.210916421139145,Streamer Cau noi (Bridge)
785,0.0011228070175438596,7.101413317004394e-05,0.00010957238888716349,8,5,0.625,-0.38256841907957656,Streamer Cau noi (Bridge)
3319,0.002526315789473684,0.00014891401708151986,0.0002208338862470216,18,14,0.8271604938271605,-0.12539418053002366,Streamer Cau noi (Bridge)
3779,0.00014035087719298245,0.0,3.111387163670185e-05,1,5,0.0,-0.6061473652949135,Khac (Peripheral)
2303,0.0032280701754385964,0.00017886779697603858,0.0002613807738202885,23,1,0.5708884688090737,0.210916421139145,Khac (Peripheral)
1400,0.0018245614035087717,3.903935453862291e-05,0.00015396181970743372,13,6,0.3905325443786982,0.2758398923667665,Khac (Peripheral)
553,0.0029473684210526313,0.0001700784133599544,0.00024747604692317536,21,1,0.399092970521542,1.020452440342592,Khac (Peripheral)
4506,0.0016842105263157893,8.519703095635996e-05,0.00016117736781710471,12,1,0.7222222222222222,-0.25167558983425337,Streamer Cau noi (Bridge)
6869,0.0011228070175438596,3.890458999571699e-05,0.00010981598763347707,8,5,0.46875,-0.3080421036744642,Khac (Peripheral)
1566,0.0014035087719298245,0.00013828104850416268,0.00013210829270043063,10,4,0.7,-0.31638517383463,Streamer Cau noi (Bridge)
5289,0.0005614035087719298,0.0014010119137089717,0.00011094627064732378,4,8,0.375,-0.09500931747723713,Khac (Peripheral)
5621,0.0009824561403508772,6.324702807035369e-05,0.00010861205224004429,7,5,0.5714285714285714,-0.38256841907957656,Khac (Peripheral)
2992,0.0005614035087719298,3.0825014239736984e-05,6.827381428631759e-05,4,3,0.625,-0.3881735655774289,Streamer Cau noi (Bridge)
6375,0.0002807017543859649,0.0,4.227074473498665e-05,2,8,0.5,-0.7985918306870473,Khac (Peripheral)
4199,0.0018245614035087717,4.752176817138572e-05,0.00017596749015712427,13,14,0.4970414201183433,0.517594226932324,Khac (Peripheral)
4576,0.0002807017543859649,1.4898298457407698e-06,4.699497409479032e-05,2,6,0.5,-0.3626457370892153,Khac (Peripheral)
3335,0.0002807017543859649,7.129480013615504e-07,4.512210212008427e-05,2,6,0.5,-0.3626457370892153,Khac (Peripheral)
4780,0.0018245614035087717,0.0007828818302660514,0.00020833948723831207,13,0,0.7692307692307692,0.3155854880537148,Streamer Cau noi (Bridge)
3545,0.0005614035087719298,4.723577118638515e-05,7.262330284340446e-05,4,4,0.375,-0.31638517383463,Khac (Peripheral)
6658,0.0002807017543859649,1.754962009656242e-05,5.675505625257562e-05,2,9,0.0,-0.1780241547109686,Khac (Peripheral)
6136,0.053052631578947365,0.04006502336260272,0.0051064835363295496,378,9,0.7123400800649478,14.69976406171026,Khac (Peripheral)
2500,0.00042105263157894734,2.457523499739242e-05,5.546311267733485e-05,3,6,0.4444444444444444,-0.29170288937188404,Khac (Peripheral)
3001,0.0008421052631578947,9.378391386323823e-06,8.906103213557277e-05,6,16,0.2777777777777777,0.12451160026243978,Khac (Peripheral)
5851,0.001263157894736842,8.864643572668676e-05,0.00011888629968710181,9,14,0.7407407407407407,-0.2539918620224932,Streamer Cau noi (Bridge)
470,0.0002807017543859649,0.0,4.2883022710425875e-05,2,9,0.5,-0.2584446315564888,Khac (Peripheral)
4548,0.0002807017543859649,9.37241108284432e-06,4.72157766466228e-05,2,1,0.5,-0.7142676008076517,Khac (Peripheral)
1574,0.00014035087719298245,0.0,3.2385891955629855e-05,1,6,0.0,-0.3626457370892153,Khac (Peripheral)
3833,0.0014035087719298245,0.00010158884235661094,0.00012832220290206998,10,0,0.64,0.601902967134706,Streamer Cau noi (Bridge)
4938,0.0008421052631578947,3.727370424111369e-05,8.517731978049005e-05,6,5,0.4444444444444444,-0.38256841907957656,Khac (Peripheral)
4048,0.00042105263157894734,4.849080134207274e-06,5.209238465803263e-05,3,0,0.4444444444444444,-0.2570494701082677,Khac (Peripheral)
4395,0.0005614035087719298,8.983480970968334e-05,6.925890154301757e-05,4,1,0.625,-0.5986195980643021,Streamer Cau noi (Bridge)
2779,0.011929824561403507,0.009749105763824853,0.001109417058324547,85,4,0.7435294117647059,2.1642740612925833,Streamer Cau noi (Bridge)
5162,0.0026666666666666666,0.0008608166439158342,0.00022901420630469158,19,4,0.42659279778393355,0.42110811228427114,Khac (Peripheral)
5077,0.0002807017543859649,0.00014037057832678272,8.440630437824004e-05,2,16,0.0,-0.14312629133157528,Khac (Peripheral)
4669,0.0009824561403508772,0.00011369028286926037,0.00010463299827280444,7,9,0.44897959183673464,0.06323727582559185,Khac (Peripheral)
541,0.0007017543859649122,0.0003544663304015458,8.102164970964345e-05,5,5,0.72,-0.5316210498898012,Streamer Cau noi (Bridge)
4254,0.0008421052631578947,5.3984784484125274e-05,8.792341080768211e-05,6,2,0.8333333333333334,-0.6448606735457089,Streamer Cau noi (Bridge)
2096,0.0023859649122807015,0.00038256947182183846,0.00021628148566267622,17,5,0.5190311418685121,0.1391157887562097,Khac (Peripheral)
6183,0.0002807017543859649,3.142344481695329e-07,4.364995548777899e-05,2,4,0.5,-0.45047486221988475,Khac (Peripheral)
5788,0.0011228070175438596,8.090950505469889e-05,0.00011005233423007009,8,5,0.71875,-0.4570947344846889,Streamer Cau noi (Bridge)
7003,0.0014035087719298245,0.00017917715755694873,0.00016092130160720046,10,9,0.64,0.06323727582559185,Streamer Cau noi (Bridge)
1972,0.0007017543859649122,8.346245270726664e-07,7.037043119538297e-05,5,4,0.0,-0.18229548544937524,Khac (Peripheral)
1061,0.0002807017543859649,8.820845435115598e-07,4.6800172070712916e-05,2,1,0.0,-0.5986195980643021,Khac (Peripheral)
1909,0.00014035087719298245,0.0,5.623220768739312e-05,1,0,0.0,-0.5433669491892589,Khac (Peripheral)
2815,0.0026666666666666666,0.00017702012303851198,0.00022235021753851767,19,5,0.664819944598338,0.06458947335109738,Streamer Cau noi (Bridge)
3276,0.0002807017543859649,2.4263018889530857e-06,4.647182655085846e-05,2,9,0.5,-0.2584446315564888,Khac (Peripheral)
3762,0.003789473684210526,0.0010270712982419989,0.0003129996669505936,27,1,0.8093278463648834,-0.020379584347554196,Streamer Cau noi (Bridge)
4259,0.00042105263157894734,1.3857560259580446e-06,5.216991869648745e-05,3,5,0.4444444444444444,-0.5316210498898012,Khac (Peripheral)
3045,0.00014035087719298245,0.0,3.193339101453301e-05,1,1,0.0,-0.7142676008076517,Khac (Peripheral)
298,0.00042105263157894734,2.3614387124549903e-06,6.35824512181062e-05,3,4,0.0,-0.31638517383463,Khac (Peripheral)
2834,0.0005614035087719298,5.1145485268427215e-06,7.169608982521964e-05,4,9,0.75,-0.2584446315564888,Streamer Cau noi (Bridge)
2760,0.0007017543859649122,4.931783549554136e-05,8.103188154503626e-05,5,3,0.6399999999999999,-0.3881735655774289,Streamer Cau noi (Bridge)
4863,0.00982456140350877,0.004132511802372289,0.0007933693927570228,70,9,0.8220408163265306,1.1891239516628742,Streamer Cau noi (Bridge)
4120,0.0002807017543859649,1.5577024526832036e-06,4.183241415440245e-05,2,4,0.5,-0.45047486221988475,Khac (Peripheral)
6279,0.0008421052631578947,4.840717641110207e-05,8.729201058990245e-05,6,6,0.5,-0.1498171939372214,Khac (Peripheral)
1197,0.00014035087719298245,0.0,4.8203584351951e-05,1,10,0.0,-0.7862515977683556,Khac (Peripheral)
3763,0.01024561403508772,0.0026975681841995133,0.0009010160654582212,73,5,0.6061174704447363,2.523957881719804,Khac (Peripheral)
2082,0.0008421052631578947,4.774410010666737e-06,8.065698816140968e-05,6,5,0.4444444444444444,-0.38256841907957656,Khac (Peripheral)
6561,0.00014035087719298245,0.0,3.383642272704703e-05,1,15,0.0,-0.6360721892977823,Khac (Peripheral)
7035,0.00014035087719298245,0.0,3.2484633243274565e-05,1,6,0.0,-0.3626457370892153,Khac (Peripheral)
5323,0.0005614035087719298,0.00019976506496012373,6.942636168119344e-05,4,9,0.75,-0.2584446315564888,Streamer Cau noi (Bridge)
1716,0.00042105263157894734,7.157313506342191e-05,5.623694066831835e-05,3,16,0.0,-0.05391366080023693,Khac (Peripheral)
3194,0.00042105263157894734,2.17677139735581e-05,6.071354927271608e-05,3,9,0.0,-0.09760367786544846,Khac (Peripheral)
5806,0.00014035087719298245,0.0,4.0174153264261713e-05,1,16,0.0,-0.23233892186291363,Khac (Peripheral)
2772,0.0002807017543859649,5.326582584156615e-06,4.2615505438562326e-05,2,0,0.5,-0.5433669491892589,Khac (Peripheral)
1913,0.0007017543859649122,0.00018040054655034217,7.706167765929496e-05,5,4,0.56,-0.31638517383463,Khac (Peripheral)
6564,0.003789473684210526,0.00027042139072069215,0.00029709948904874686,27,1,0.20301783264746232,1.9456364622893887,Khac (Peripheral)
1775,0.003789473684210526,0.0006963797834574067,0.0003681095415729764,27,14,0.48559670781893005,1.8035710418570194,Khac (Peripheral)
3614,0.00042105263157894734,1.3781454323823089e-05,6.794395652034052e-05,3,1,0.4444444444444444,-0.5986195980643021,Khac (Peripheral)
902,0.00014035087719298245,0.0,3.443499623130223e-05,1,13,0.0,-0.7589626047638253,Khac (Peripheral)
3589,0.0007017543859649122,0.00010360727989122211,0.00011153612505769354,5,5,0.31999999999999984,-0.38256841907957656,Khac (Peripheral)
5679,0.00014035087719298245,0.0,3.337991520894061e-05,1,3,0.0,-0.5587867256689831,Khac (Peripheral)
5670,0.00042105263157894734,0.00028097050940931975,8.562676691062998e-05,3,0,0.4444444444444444,-0.2570494701082677,Khac (Peripheral)
3071,0.0002807017543859649,1.1029707425282638e-06,4.2306610263106736e-05,2,8,0.5,-0.7985918306870473,Khac (Peripheral)
3902,0.02049122807017544,0.006314984600233306,0.0020469670852386445,146,16,0.7864514918371177,4.9419936489547105,Khac (Peripheral)
4204,0.0011228070175438596,2.5838026692818378e-05,0.00011748020061366229,8,16,0.71875,-0.05391366080023693,Streamer Cau noi (Bridge)
626,0.0002807017543859649,5.776566251584199e-06,4.8525395994429054e-05,2,13,0.5,-0.7589626047638253,Khac (Peripheral)
5421,0.00014035087719298245,0.0,4.507172340069357e-05,1,16,0.0,-0.23233892186291363,Khac (Peripheral)
6998,0.0007017543859649122,3.099373580037716e-05,0.00010097976010774141,5,5,0.31999999999999984,-0.38256841907957656,Khac (Peripheral)
5549,0.0007017543859649122,7.254390968525933e-05,8.721074899108779e-05,5,9,0.0,0.06323727582559185,Khac (Peripheral)
1187,0.0002807017543859649,1.8230326751893117e-06,4.721251095448617e-05,2,14,0.0,-0.3825895435149627,Khac (Peripheral)
6398,0.0002807017543859649,2.303308193627018e-06,4.364896060106924e-05,2,9,0.5,-0.2584446315564888,Khac (Peripheral)
5403,0.00042105263157894734,9.245060951703327e-06,5.4642261784238855e-05,3,6,0.0,-0.2207600416545527,Khac (Peripheral)
6447,0.0007017543859649122,2.4139220809667372e-05,8.447210377532709e-05,5,1,0.56,-0.4829715953209526,Khac (Peripheral)
2458,0.0011228070175438596,0.00010570628584310021,0.00010915115790838533,8,6,0.71875,-0.2207600416545527,Streamer Cau noi (Bridge)
4004,0.008421052631578947,0.0031687377113121763,0.00073976077693289,60,16,0.7877777777777778,1.73033894982653,Streamer Cau noi (Bridge)
4659,0.0007017543859649122,7.196034044526045e-05,7.429957102982304e-05,5,9,0.6399999999999999,-0.1780241547109686,Streamer Cau noi (Bridge)
4761,0.0005614035087719298,3.167008933149009e-05,7.510847366634496e-05,4,15,0.375,-0.02843616846272445,Khac (Peripheral)
3935,0.0016842105263157893,0.00025389186052118096,0.0001661036423755292,12,5,0.7361111111111112,-0.38256841907957656,Streamer Cau noi (Bridge)
427,0.0002807017543859649,1.8557547681583688e-06,6.117504308819298e-05,2,1,0.0,-0.5986195980643021,Khac (Peripheral)
3338,0.0023859649122807015,0.001079940481710758,0.0002271086089063192,17,9,0.6920415224913494,0.3044987063621523,Streamer Cau noi (Bridge)
4380,0.0016842105263157893,0.0002716439594042597,0.0001565222686696805,12,4,0.5694444444444444,-0.04820579706412048,Khac (Peripheral)
2927,0.0002807017543859649,0.0,4.472249517673999e-05,2,9,0.5,-0.2584446315564888,Khac (Peripheral)
2080,0.0002807017543859649,1.4243560112178601e-06,4.56449588983432e-05,2,1,0.0,-0.5986195980643021,Khac (Peripheral)
678,0.0005614035087719298,4.675191991000463e-07,6.447126537081883e-05,4,4,0.0,-0.24934032964200262,Khac (Peripheral)
5719,0.0011228070175438596,0.0001563373378262897,0.000126990988203533,8,1,0.40625,-0.1360275870909038,Khac (Peripheral)
5407,0.002105263157894737,0.00017771036057192622,0.00016743208942142997,15,1,0.48,0.32656442388249457,Khac (Peripheral)
25,0.00014035087719298245,0.0,3.169413544211386e-05,1,5,0.0,-0.6061473652949135,Khac (Peripheral)
5151,0.0002807017543859649,1.2319598174667971e-05,6.545509006936243e-05,2,9,0.5,-0.2584446315564888,Khac (Peripheral)
6744,0.00014035087719298245,0.0,4.417886165958513e-05,1,14,0.0,-0.5111872250074323,Khac (Peripheral)
4339,0.0009824561403508772,5.4104218056460884e-05,9.971957392206813e-05,7,6,0.7346938775510204,-0.2207600416545527,Streamer Cau noi (Bridge)
5796,0.00042105263157894734,2.6557583136118664e-05,8.974273525226387e-05,3,13,0.4444444444444444,-0.4139796025984502,Khac (Peripheral)
630,0.0002807017543859649,2.631877212800944e-06,4.543275903352884e-05,2,6,0.5,-0.3626457370892153,Khac (Peripheral)
2670,0.0008421052631578947,1.8091780176174122e-06,8.033439056601863e-05,6,5,0.0,-0.2335157882693519,Khac (Peripheral)
201,0.004912280701754385,0.0005748990642030273,0.00037818689732148055,35,1,0.4636734693877551,2.061284465032738,Khac (Peripheral)
1047,0.0009824561403508772,0.00016029801781143428,0.00010993095053028226,7,6,0.6122448979591837,-0.1498171939372214,Khac (Peripheral)
244,0.0007017543859649122,7.349285707009674e-05,7.602263475213236e-05,5,6,0.72,-0.29170288937188404,Streamer Cau noi (Bridge)
6632,0.002526315789473684,0.0002797022017720848,0.0002351725508885386,18,8,0.8518518518518519,0.608573195732573,Streamer Cau noi (Bridge)
3785,0.00014035087719298245,0.0,3.1483097093591085e-05,1,14,0.0,-0.5111872250074323,Khac (Peripheral)
1300,0.00014035087719298245,0.0,3.9792019342549075e-05,1,14,0.0,-0.5111872250074323,Khac (Peripheral)
5776,0.0016842105263157893,0.0003077201890874023,0.00016676651458803987,12,2,0.6805555555555556,0.34519012525093823,Streamer Cau noi (Bridge)
6571,0.0007017543859649122,0.0009589407082941691,8.758721819788444e-05,5,6,0.72,-0.29170288937188404,Streamer Cau noi (Bridge)
2703,0.0005614035087719298,5.7619430040726084e-05,8.207190151897733e-05,4,15,0.5,-0.3322541788802534,Khac (Peripheral)
2972,0.0008421052631578947,5.577763912339663e-06,8.387070638284592e-05,6,5,0.0,-0.2335157882693519,Khac (Peripheral)
990,0.0002807017543859649,2.263440077614047e-06,4.5782446872983445e-05,2,4,0.0,-0.38343001802725735,Khac (Peripheral)
6667,0.0002807017543859649,1.3782992667318497e-06,4.838381959330784e-05,2,6,0.5,-0.3626457370892153,Khac (Peripheral)
1121,0.0002807017543859649,6.96953156659266e-05,4.856610495918565e-05,2,6,0.5,-0.3626457370892153,Khac (Peripheral)
364,0.0008421052631578947,0.00019836913383561606,0.0001184677135290732,6,16,0.5,0.03529896973110142,Khac (Peripheral)
1132,0.0011228070175438596,0.0005542753171112179,0.00011902950442855385,8,6,0.59375,-0.1498171939372214,Khac (Peripheral)
2838,0.002105263157894737,0.00041972626582515,0.00018600935604451608,15,6,0.7911111111111111,-0.1498171939372214,Streamer Cau noi (Bridge)
6505,0.0005614035087719298,2.4262191505191173e-05,6.739230856324996e-05,4,13,0.625,-0.4139796025984502,Streamer Cau noi (Bridge)
5817,0.002105263157894737,0.0009117547351895179,0.00018899525878519267,15,5,0.5244444444444445,0.06458947335109738,Khac (Peripheral)
2333,0.001543859649122807,0.00033319891387843716,0.0001383067196850863,11,1,0.6446280991735538,-0.36732359257760294,Streamer Cau noi (Bridge)
4409,0.0005614035087719298,2.1352304997996776e-06,6.891381873708707e-05,4,9,0.0,-0.0171832010199283,Khac (Peripheral)
4299,0.002807017543859649,0.00048385947090444565,0.00024159217227038402,20,5,0.6599999999999999,0.06458947335109738,Streamer Cau noi (Bridge)
4799,0.002526315789473684,0.0008708490840689102,0.00025307901232087617,18,1,0.7037037037037037,-0.020379584347554196,Streamer Cau noi (Bridge)
775,0.0005614035087719298,2.0114400349305704e-06,6.05115096249271e-05,4,6,0.375,-0.2207600416545527,Khac (Peripheral)
5436,0.00042105263157894734,3.574899514859992e-06,6.73961047996027e-05,3,15,0.4444444444444444,-0.3322541788802534,Khac (Peripheral)
2116,0.0007017543859649122,4.957100774985241e-05,8.987758559188155e-05,5,0,0.72,-0.2570494701082677,Streamer Cau noi (Bridge)
6434,0.001263157894736842,7.53865596982247e-05,0.00011915461571592092,9,8,0.7901234567901234,-0.09500931747723713,Streamer Cau noi (Bridge)
66,0.0002807017543859649,0.0,4.4971189781498215e-05,2,9,0.0,-0.1780241547109686,Khac (Peripheral)
3139,0.0002807017543859649,0.0,4.4802128571444265e-05,2,16,0.0,-0.14312629133157528,Khac (Peripheral)
1931,0.00014035087719298245,0.0,4.366606327248767e-05,1,15,0.0,-0.6360721892977823,Khac (Peripheral)
3418,0.0032280701754385964,0.000937655800667502,0.0002980405087076934,23,1,0.5973534971644612,0.7891564348558929,Khac (Peripheral)
2711,0.0005614035087719298,8.783293962861954e-08,6.307152890909974e-05,4,9,0.625,-0.1780241547109686,Streamer Cau noi (Bridge)
3684,0.0005614035087719298,5.726568350085384e-06,8.540190337258745e-05,4,4,0.625,-0.38343001802725735,Streamer Cau noi (Bridge)
1382,0.0058947368421052625,0.0017714740414227176,0.0006418949189138026,42,15,0.780045351473923,3.617379956547623,Khac (Peripheral)
4156,0.00014035087719298245,0.0,3.162913751938775e-05,1,1,0.0,-0.7142676008076517,Khac (Peripheral)
262,0.0002807017543859649,1.0076566951004261e-05,4.483892044387655e-05,2,9,0.0,-0.1780241547109686,Khac (Peripheral)
2280,0.00014035087719298245,0.0,3.1705841820477254e-05,1,1,0.0,-0.7142676008076517,Khac (Peripheral)
2253,0.0002807017543859649,2.1460193926073407e-08,4.226568562086126e-05,2,14,0.5,-0.5111872250074323,Khac (Peripheral)
1428,0.0019649122807017545,0.0001903574989680052,0.00018031503578962475,14,5,0.2551020408163266,0.21364210416132204,Khac (Peripheral)
3576,0.0011228070175438596,8.35294674612229e-05,0.00013367069274509343,8,1,0.6875,-0.36732359257760294,Streamer Cau noi (Bridge)
2493,0.001543859649122807,0.0001660066594747823,0.0001418239379081285,11,3,0.743801652892562,-0.21756040548587458,Streamer Cau noi (Bridge)
3522,0.0007017543859649122,0.00021392443643584406,8.662538522090512e-05,5,9,0.7999999999999999,-0.2584446315564888,Streamer Cau noi (Bridge)
2701,0.0007017543859649122,1.7914971676380106e-05,8.384299475073647e-05,5,9,0.56,-0.09760367786544846,Khac (Peripheral)
6641,0.00014035087719298245,0.0,3.507416087533936e-05,1,3,0.0,-0.5587867256689831,Khac (Peripheral)
113,0.003508771929824561,2.9303229404490698e-05,0.00025668498219423526,25,4,0.07679999999999998,1.091556554210545,Khac (Peripheral)
1501,0.0023859649122807015,0.0002280255712460669,0.00023741878381127607,17,14,0.8235294117647058,0.003203500962445893,Streamer Cau noi (Bridge)
640,0.0032280701754385964,0.0006029739122127989,0.00031796300490116654,23,4,0.6843100189035918,0.2870184238990164,Streamer Cau noi (Bridge)
6359,0.00687719298245614,0.0027193157726415236,0.0005416941492669479,49,6,0.443981674302374,2.1203539330173804,Khac (Peripheral)
1273,0.00014035087719298245,0.0,3.256721479553326e-05,1,14,0.0,-0.5111872250074323,Khac (Peripheral)
3292,0.0007017543859649122,2.7446863399378246e-06,8.179560636075749e-05,5,3,0.31999999999999984,-0.04694724539432026,Khac (Peripheral)
4394,0.00014035087719298245,0.0,3.349093727425573e-05,1,16,0.0,-0.23233892186291363,Khac (Peripheral)
1588,0.001263157894736842,0.00017562741383998494,0.0001502362056769282,9,4,0.19753086419753085,0.018839047128506894,Khac (Peripheral)
2527,0.00042105263157894734,7.925941018332314e-06,5.598315328538263e-05,3,9,0.4444444444444444,-0.1780241547109686,Khac (Peripheral)
6054,0.0023859649122807015,0.0001131656823874072,0.00018498575300794322,17,1,0.20761245674740492,0.9048044375992426,Khac (Peripheral)
2607,0.0002807017543859649,0.0,4.1922034536600186e-05,2,14,0.5,-0.5111872250074323,Khac (Peripheral)
2146,0.001263157894736842,0.0002569654956544315,0.00016475448561893802,9,10,0.6172839506172839,0.42588628212452595,Khac (Peripheral)
1613,0.0016842105263157893,0.00013266036722885704,0.00014815557496015674,12,5,0.6805555555555556,-0.2335157882693519,Streamer Cau noi (Bridge)
6997,0.00014035087719298245,0.0,4.440551477142097e-05,1,0,0.0,-0.5433669491892589,Khac (Peripheral)
909,0.0007017543859649122,4.1346618806772554e-05,7.693603153017648e-05,5,1,0.56,-0.4829715953209526,Khac (Peripheral)
3915,0.0016842105263157893,0.00024969947065580565,0.00015573965004910825,12,6,0.6527777777777778,-0.00793149850255878,Streamer Cau noi (Bridge)
6262,0.001263157894736842,0.0002511089667553971,0.00011741122072679375,9,1,0.5185185185185186,-0.1360275870909038,Khac (Peripheral)
5907,0.001263157894736842,3.398445974535909e-05,0.0001089211459141574,9,1,0.5185185185185186,-0.1360275870909038,Khac (Peripheral)
938,0.0032280701754385964,0.0004732832710704315,0.0002594589317715904,23,5,0.4914933837429112,0.5117473657817714,Khac (Peripheral)
6285,0.0002807017543859649,0.0,4.96135673400033e-05,2,10,0.0,-0.48321712779513526,Khac (Peripheral)
1629,0.00042105263157894734,2.8409486283296076e-06,5.96586095608807e-05,3,1,0.0,-0.4829715953209526,Khac (Peripheral)
440,0.00042105263157894734,0.0001404673812158732,0.0001026152184068298,3,9,0.4444444444444444,-0.1780241547109686,Khac (Peripheral)
6454,0.0002807017543859649,2.7736656642631124e-07,4.4581306073820455e-05,2,6,0.5,-0.3626457370892153,Khac (Peripheral)
6905,0.0002807017543859649,4.4452337539905096e-07,4.105963778833701e-05,2,1,0.0,-0.5986195980643021,Khac (Peripheral)
5455,0.00014035087719298245,0.0,3.349093727425573e-05,1,16,0.0,-0.23233892186291363,Khac (Peripheral)
5714,0.0016842105263157893,0.00012066569407666413,0.00015710681911515622,12,1,0.8333333333333334,-0.36732359257760294,Streamer Cau noi (Bridge)
841,0.0007017543859649122,1.3230387523101106e-05,9.180418051497678e-05,5,9,0.6399999999999999,-0.1780241547109686,Streamer Cau noi (Bridge)
1451,0.002105263157894737,0.000295148896710868,0.00017524153069688092,15,5,0.3377777777777776,0.21364210416132204,Khac (Peripheral)
620,0.0014035087719298245,5.8369193969276564e-05,0.00014206911958091406,10,14,0.17999999999999994,0.517594226932324,Khac (Peripheral)
1127,0.00042105263157894734,2.2772974122051875e-06,6.264116470524227e-05,3,16,0.6666666666666667,-0.23233892186291363,Streamer Cau noi (Bridge)
1354,0.0002807017543859649,5.465500757335199e-06,5.63117805146963e-05,2,9,0.5,-0.2584446315564888,Khac (Peripheral)
5918,0.001543859649122807,0.00010934504731660608,0.00014111391531188228,11,6,0.49586776859504145,-0.00793149850255878,Khac (Peripheral)
625,0.00014035087719298245,0.0,3.378183197489744e-05,1,5,0.0,-0.6061473652949135,Khac (Peripheral)
1581,0.0002807017543859649,3.6976310019715435e-07,4.562958540549769e-05,2,14,0.0,-0.3825895435149627,Khac (Peripheral)
3423,0.0005614035087719298,2.6547151694592832e-05,6.70043256366325e-05,4,9,0.375,-0.09760367786544846,Khac (Peripheral)
7020,0.0007017543859649122,4.589707082229404e-05,9.603071212600015e-05,5,16,0.31999999999999984,0.03529896973110142,Khac (Peripheral)
2175,0.0016842105263157893,0.0002748079375472287,0.00015919857339047604,12,9,0.48611111111111116,0.3044987063621523,Khac (Peripheral)
6978,0.00014035087719298245,0.0,3.1146245931535366e-05,1,5,0.0,-0.6061473652949135,Khac (Peripheral)
5152,0.00042105263157894734,7.685092936469354e-06,6.96084882636628e-05,3,10,0.4444444444444444,-0.48321712779513526,Khac (Peripheral)
1569,0.00042105263157894734,2.1790361295537805e-05,6.111858804050172e-05,3,9,0.4444444444444444,-0.1780241547109686,Khac (Peripheral)
6253,0.00042105263157894734,2.0453076205680557e-06,5.2325900670801854e-05,3,5,0.4444444444444444,-0.5316210498898012,Khac (Peripheral)
7107,0.002245614035087719,0.0017091483277195502,0.0002902406875141962,16,1,0.6953125,0.09526841839579539,Streamer Cau noi (Bridge)
6274,0.0002807017543859649,5.366313874127946e-07,4.4035767044658564e-05,2,6,0.5,-0.3626457370892153,Khac (Peripheral)
3220,0.00014035087719298245,0.0,3.1629454664287696e-05,1,4,0.0,-0.45047486221988475,Khac (Peripheral)
507,0.00743859649122807,0.00140045184427532,0.000675618124627339,53,4,0.14382342470630116,2.7676776590262295,Streamer Trung tam (Hub)
7077,0.0008421052631578947,0.00011295332149983037,9.531856854825471e-05,6,6,0.6111111111111112,-0.2207600416545527,Khac (Peripheral)
4268,0.00042105263157894734,3.7283875843735545e-05,7.33026397575189e-05,3,0,0.4444444444444444,-0.2570494701082677,Khac (Peripheral)
2445,0.0002807017543859649,7.347082535710985e-07,4.494273048188346e-05,2,5,0.0,-0.5316210498898012,Khac (Peripheral)
4811,0.0002807017543859649,9.449635841946621e-07,4.2164587242516494e-05,2,9,0.5,-0.2584446315564888,Khac (Peripheral)
4534,0.0002807017543859649,5.550782729673583e-07,4.376276367198468e-05,2,4,0.5,-0.45047486221988475,Khac (Peripheral)
4609,0.00014035087719298245,0.0,3.123904654016177e-05,1,0,0.0,-0.5433669491892589,Khac (Peripheral)
3956,0.0018245614035087717,0.00011953412913834971,0.00016363729571473325,13,3,0.5680473372781065,0.635505394971897,Khac (Peripheral)
4059,0.00014035087719298245,0.0,3.3875247472385734e-05,1,3,0.0,-0.5587867256689831,Khac (Peripheral)
4781,0.0008421052631578947,0.00020205629824961114,9.530460679318832e-05,6,4,0.7777777777777778,-0.38343001802725735,Streamer Cau noi (Bridge)
3588,0.00014035087719298245,0.0,3.3875247472385734e-05,1,3,0.0,-0.5587867256689831,Khac (Peripheral)
4282,0.004491228070175438,0.0009922891599092039,0.0003917860116685153,32,5,0.693359375,0.5117473657817714,Streamer Cau noi (Bridge)
1282,0.00014035087719298245,0.0,3.2385891955629855e-05,1,6,0.0,-0.3626457370892153,Khac (Peripheral)
6654,0.0005614035087719298,0.00018383808094935374,7.668499348366435e-05,4,4,0.625,-0.38343001802725735,Streamer Cau noi (Bridge)
2745,0.00014035087719298245,0.0,5.470678846652616e-05,1,6,0.0,-0.3626457370892153,Khac (Peripheral)
4990,0.0002807017543859649,4.1178170273323807e-07,6.474891229111767e-05,2,0,0.0,-0.2570494701082677,Khac (Peripheral)
6034,0.0011228070175438596,0.0001038865105054581,0.00011005937058623631,8,6,0.21875,0.06301134921477253,Khac (Peripheral)
5952,0.0014035087719298245,0.00028783008394789826,0.00016757366578946896,10,5,0.6799999999999999,-0.3080421036744642,Streamer Cau noi (Bridge)
6736,0.00042105263157894734,1.6948000774266106e-05,6.593669811671179e-05,3,15,0.0,-0.02843616846272445,Khac (Peripheral)
3449,0.00042105263157894734,0.000141233382659334,8.435401635521909e-05,3,16,0.4444444444444444,-0.14312629133157528,Khac (Peripheral)
869,0.0011228070175438596,0.0001412259497205747,0.00010846567427025684,8,8,0.53125,0.608573195732573,Khac (Peripheral)
4836,0.00014035087719298245,0.0,3.338628045939249e-05,1,9,0.0,-0.2584446315564888,Khac (Peripheral)
3497,0.0005614035087719298,9.314081189838707e-06,8.089371158222768e-05,4,16,0.625,-0.14312629133157528,Streamer Cau noi (Bridge)
1248,0.00014035087719298245,0.0,3.315117180546457e-05,1,16,0.0,-0.23233892186291363,Khac (Peripheral)
1670,0.00042105263157894734,1.5162005410841736e-06,5.605481814072092e-05,3,6,0.4444444444444444,-0.29170288937188404,Khac (Peripheral)
2891,0.0007017543859649122,7.794347320662301e-05,7.474011379513355e-05,5,4,0.48,-0.31638517383463,Khac (Peripheral)
6917,0.007578947368421052,0.005207323121967725,0.0006135453933963656,54,5,0.6131687242798354,1.4805894660482315,Khac (Peripheral)
6924,0.0008421052631578947,0.00010093576665477648,9.141338051685719e-05,6,6,0.7222222222222222,-0.29170288937188404,Streamer Cau noi (Bridge)
3135,0.00014035087719298245,0.0,3.5694262557415236e-05,1,6,0.0,-0.3626457370892153,Khac (Peripheral)
2487,0.0005614035087719298,4.6455891814723864e-05,8.240668910115688e-05,4,6,0.375,-0.2207600416545527,Khac (Peripheral)
3218,0.0007017543859649122,5.278414314440611e-05,9.012200654007622e-05,5,1,0.56,-0.4829715953209526,Khac (Peripheral)
2767,0.00014035087719298245,0.0,3.838692784148641e-05,1,5,0.0,-0.6061473652949135,Khac (Peripheral)
3091,0.001543859649122807,0.00017120524802984822,0.0001675737836290109,11,5,0.5454545454545454,-0.1589894728642396,Khac (Peripheral)
3214,0.00014035087719298245,0.0,3.294522059138826e-05,1,6,0.0,-0.3626457370892153,Khac (Peripheral)
3742,0.0018245614035087717,0.00036864702181338025,0.00017275433406116,13,5,0.5562130177514792,-0.08446315745912726,Khac (Peripheral)
2513,0.0014035087719298245,7.40159364332213e-05,0.00012913845924846068,10,6,0.33999999999999986,0.13395419693210384,Khac (Peripheral)
2451,0.006175438596491228,0.001914896512028455,0.00047325595950061927,44,14,0.7572314049586777,1.1605826343946717,Streamer Cau noi (Bridge)
4940,0.0019649122807017545,0.00026831623330635107,0.00021952207488974102,14,1,0.3673469387755103,0.44221242662584415,Khac (Peripheral)
5983,0.0005614035087719298,6.363755839316424e-05,7.296771017594334e-05,4,4,0.5,-0.38343001802725735,Khac (Peripheral)
6099,0.0002807017543859649,4.828094886611964e-06,4.233194821729849e-05,2,9,0.5,-0.2584446315564888,Khac (Peripheral)
4917,0.0002807017543859649,0.00011067049358180663,6.297339444215588e-05,2,0,0.5,-0.5433669491892589,Khac (Peripheral)
7105,0.002105263157894737,0.000516707353976584,0.0002153037885232733,15,9,0.72,0.22407822951663217,Streamer Cau noi (Bridge)
820,0.0016842105263157893,0.00024829170079762803,0.00016090313440451535,12,4,0.7638888888888888,-0.18229548544937524,Streamer Cau noi (Bridge)
5306,0.0002807017543859649,1.7602841840783999e-07,4.5946346287472896e-05,2,5,0.5,-0.6061473652949135,Khac (Peripheral)
4219,0.001543859649122807,0.0002276880129859913,0.00014223764825035162,11,6,0.743801652892562,-0.2207600416545527,Streamer Cau noi (Bridge)
1598,0.023438596491228068,0.015889179045824806,0.002396408842021607,167,3,0.8229050880275377,8.824937079366503,Khac (Peripheral)
5803,0.0014035087719298245,0.0003586811616834506,0.0001318474084382684,10,1,0.6799999999999999,-0.25167558983425337,Streamer Cau noi (Bridge)
2353,0.00014035087719298245,0.0,3.559262661229919e-05,1,9,0.0,-0.2584446315564888,Khac (Peripheral)
6177,0.0005614035087719298,1.0437872416153923e-05,6.193389153973756e-05,4,5,0.375,-0.4570947344846889,Khac (Peripheral)
5906,0.0018245614035087717,0.0014477097800442392,0.00017640594269646354,13,5,0.7100591715976331,-0.2335157882693519,Streamer Cau noi (Bridge)
353,0.0016842105263157893,0.0004352407012751173,0.00016099705790952913,12,5,0.4027777777777778,-0.009936842054014941,Khac (Peripheral)
4169,0.0002807017543859649,4.822241240389137e-06,5.5596281712428166e-05,2,16,0.5,-0.23233892186291363,Khac (Peripheral)
1721,0.0036491228070175434,0.000367362639702634,0.00031600908503822274,26,9,0.7100591715976331,0.5457601368987128,Streamer Cau noi (Bridge)
4317,0.0011228070175438596,0.00020262528722543073,0.00011001143955850547,8,14,0.78125,-0.3825895435149627,Streamer Cau noi (Bridge)
4955,0.00014035087719298245,0.0,3.639846364446548e-05,1,16,0.0,-0.23233892186291363,Khac (Peripheral)
1041,0.003929824561403509,0.0026742688806081997,0.0003490439449679911,28,5,0.7525510204081632,0.1391157887562097,Streamer Cau noi (Bridge)
2151,0.0009824561403508772,2.2695967054756842e-05,0.00011243875277360785,7,6,0.6122448979591837,-0.1498171939372214,Khac (Peripheral)
4587,0.0002807017543859649,2.0012724939563615e-06,4.274257170154162e-05,2,5,0.5,-0.6061473652949135,Khac (Peripheral)
4147,0.00014035087719298245,0.0,3.0999040784018265e-05,1,6,0.0,-0.3626457370892153,Khac (Peripheral)
1904,0.008982456140350877,0.002041236420451559,0.0006933778044272146,64,1,0.5517578125,3.911652508926332,Khac (Peripheral)
5250,0.00014035087719298245,0.0,3.724797246504974e-05,1,9,0.0,-0.2584446315564888,Khac (Peripheral)
1751,0.0005614035087719298,9.73416657139e-05,6.567896247762363e-05,4,6,0.625,-0.29170288937188404,Streamer Cau noi (Bridge)
738,0.002105263157894737,0.00025733164100712907,0.00017189431478477788,15,4,0.23111111111111104,0.3540632680916438,Khac (Peripheral)
1738,0.00042105263157894734,1.488897660208464e-06,6.090080669789279e-05,3,9,0.0,-0.09760367786544846,Khac (Peripheral)
2541,0.00042105263157894734,1.1109403299206512e-06,5.165451333287838e-05,3,5,0.0,-0.4570947344846889,Khac (Peripheral)
2100,0.00014035087719298245,0.0,3.3193449332733915e-05,1,9,0.0,-0.2584446315564888,Khac (Peripheral)
2108,0.0002807017543859649,0.0,4.422319547075301e-05,2,9,0.5,-0.2584446315564888,Khac (Peripheral)
571,0.0002807017543859649,5.904773129593397e-06,4.884633043730362e-05,2,16,0.5,-0.23233892186291363,Khac (Peripheral)
39,0.0005614035087719298,6.8303018129671234e-06,8.184492056354993e-05,4,16,0.625,-0.14312629133157528,Streamer Cau noi (Bridge)
586,0.00014035087719298245,0.0,4.364526801772546e-05,1,1,0.0,-0.7142676008076517,Khac (Peripheral)
3257,0.0009824561403508772,5.768549280186206e-05,0.0001116089962107519,7,1,0.24489795918367352,-0.1360275870909038,Khac (Peripheral)
380,0.0016842105263157893,0.0004157880200313754,0.00017215865178809594,12,4,0.7777777777777778,-0.24934032964200262,Streamer Cau noi (Bridge)
4592,0.0009824561403508772,0.0001357215132710852,9.950286645490111e-05,7,14,0.6122448979591837,-0.12539418053002366,Khac (Peripheral)
1988,0.0002807017543859649,1.5517707138638636e-06,4.4000933272736584e-05,2,0,0.5,-0.5433669491892589,Khac (Peripheral)
4579,0.00042105263157894734,0.00014037057832678272,8.268346145832216e-05,3,14,0.4444444444444444,-0.3825895435149627,Khac (Peripheral)
1453,0.0005614035087719298,1.6502513343058283e-05,7.896255590615659e-05,4,9,0.375,-0.09760367786544846,Khac (Peripheral)
3860,0.00042105263157894734,6.879735985014182e-05,7.471679333511133e-05,3,1,0.4444444444444444,-0.5986195980643021,Khac (Peripheral)
7065,0.00575438596491228,0.002125178236147276,0.00044519645161197457,41,1,0.6674598453301606,1.3673964485726409,Streamer Cau noi (Bridge)
5801,0.00042105263157894734,2.2978140026458425e-05,5.7617059824698554e-05,3,1,0.6666666666666667,-0.7142676008076517,Streamer Cau noi (Bridge)
4677,0.00042105263157894734,5.312611099990202e-06,6.084833296462458e-05,3,3,0.4444444444444444,-0.3881735655774289,Khac (Peripheral)
5863,0.0023859649122807015,0.0004770569375204637,0.00023563231789556474,17,8,0.8027681660899654,0.608573195732573,Streamer Cau noi (Bridge)
1502,0.001263157894736842,3.972678044833196e-05,0.00011493839791972705,9,5,0.5679012345679012,-0.3080421036744642,Khac (Peripheral)
3939,0.0014035087719298245,4.392953388644785e-05,0.00012371296294299712,10,1,0.74,-0.36732359257760294,Streamer Cau noi (Bridge)
5628,0.0032280701754385964,0.00018481207394534203,0.0002465392472979433,23,5,0.3742911153119092,0.660799996591996,Khac (Peripheral)
5141,0.0009824561403508772,5.1602292392129976e-05,9.766150941174656e-05,7,14,0.44897959183673464,0.003203500962445893,Khac (Peripheral)
5067,0.0007017543859649122,2.9251910511926457e-05,8.03561398212312e-05,5,14,0.6399999999999999,-0.3825895435149627,Streamer Cau noi (Bridge)
3787,0.0007017543859649122,6.640268996296005e-05,7.381201234481207e-05,5,6,0.6399999999999999,-0.29170288937188404,Streamer Cau noi (Bridge)
1790,0.00014035087719298245,0.0,4.1058919928218276e-05,1,4,0.0,-0.45047486221988475,Khac (Peripheral)
805,0.0005614035087719298,1.8678018510887816e-05,7.450330279545458e-05,4,13,0.375,-0.06899660043307508,Khac (Peripheral)
5660,0.0007017543859649122,0.00010561786007025646,8.072515803888907e-05,5,9,0.6399999999999999,-0.1780241547109686,Streamer Cau noi (Bridge)
1982,0.0011228070175438596,8.170045662070936e-06,0.00011218078555587419,8,3,0.59375,-0.04694724539432026,Khac (Peripheral)
2228,0.001263157894736842,0.00010644937503115706,0.0001315209803512958,9,14,0.7160493827160495,-0.12539418053002366,Streamer Cau noi (Bridge)
1335,0.0032280701754385964,0.00022812251197125744,0.00026643383597913526,23,14,0.77882797731569,0.3889965454398545,Streamer Cau noi (Bridge)
2528,0.0014035087719298245,0.00014488441647178405,0.00012162051372047914,10,4,0.6599999999999999,-0.18229548544937524,Streamer Cau noi (Bridge)
1752,0.0007017543859649122,9.447168822061316e-06,9.369645746574637e-05,5,0,0.0,0.601902967134706,Khac (Peripheral)
4818,0.0008421052631578947,0.00015096682754970725,0.00010156906310770624,6,16,0.2777777777777777,0.12451160026243978,Khac (Peripheral)
6721,0.0002807017543859649,1.7109662316761477e-06,4.476117482621994e-05,2,9,0.0,-0.1780241547109686,Khac (Peripheral)
598,0.0002807017543859649,1.4983798644395834e-07,4.461779886626405e-05,2,3,0.0,-0.3881735655774289,Khac (Peripheral)
882,0.0005614035087719298,5.752223006100923e-06,7.027526259415866e-05,4,9,0.375,-0.09760367786544846,Khac (Peripheral)
3983,0.0005614035087719298,5.670318249080516e-05,7.434035637044202e-05,4,0,0.625,-0.2570494701082677,Streamer Cau noi (Bridge)
548,0.0002807017543859649,4.521956776161335e-06,4.429661215399793e-05,2,6,0.5,-0.3626457370892153,Khac (Peripheral)
5548,0.00042105263157894734,1.5911857973599712e-06,5.241345494005747e-05,3,5,0.0,-0.4570947344846889,Khac (Peripheral)
2482,0.0014035087719298245,9.233660631575097e-05,0.0001388843772417557,10,1,0.4800000000000001,-0.020379584347554196,Khac (Peripheral)
2038,0.0007017543859649122,1.2481671132092262e-05,7.382853133716193e-05,5,4,0.56,-0.31638517383463,Khac (Peripheral)
3004,0.002245614035087719,0.00046270490973566823,0.00022481043235981894,16,10,0.4140625,2.5471275719370685,Khac (Peripheral)
609,0.0005614035087719298,8.320204804237507e-05,8.545441036665907e-05,4,4,0.375,-0.31638517383463,Khac (Peripheral)
2095,0.0005614035087719298,0.0003941951840326649,7.539764182188963e-05,4,9,0.625,-0.1780241547109686,Streamer Cau noi (Bridge)
5108,0.0002807017543859649,2.775647978942868e-06,4.307608083458017e-05,2,9,0.5,-0.2584446315564888,Khac (Peripheral)
2843,0.00014035087719298245,0.0,5.349094595776438e-05,1,1,0.0,-0.7142676008076517,Khac (Peripheral)
4840,0.0005614035087719298,1.9944029082081098e-05,6.822218799302003e-05,4,16,0.625,-0.14312629133157528,Streamer Cau noi (Bridge)
6850,0.00042105263157894734,5.262938009925844e-06,6.209450757948007e-05,3,1,0.0,-0.4829715953209526,Khac (Peripheral)
1851,0.0002807017543859649,1.0638540095937997e-05,5.8696613210324676e-05,2,16,0.0,-0.14312629133157528,Khac (Peripheral)
3128,0.00042105263157894734,0.00014086361144818258,7.998669324158537e-05,3,4,0.0,-0.31638517383463,Khac (Peripheral)
6466,0.0007017543859649122,5.7849669521777e-05,8.236123144471918e-05,5,0,0.72,-0.5433669491892589,Streamer Cau noi (Bridge)
3822,0.0014035087719298245,0.0002395262066865607,0.00013661764750997756,10,9,0.6,0.14365775267111203,Khac (Peripheral)
3513,0.00014035087719298245,0.0,3.495299151248449e-05,1,16,0.0,-0.23233892186291363,Khac (Peripheral)
1505,0.00014035087719298245,0.0,3.330594954119458e-05,1,5,0.0,-0.6061473652949135,Khac (Peripheral)
1096,0.00042105263157894734,3.3057881483588696e-06,6.75973193128139e-05,3,10,0.6666666666666667,-0.7862515977683556,Streamer Cau noi (Bridge)
994,0.0002807017543859649,0.0,7.515070795913507e-05,2,3,0.0,-0.3881735655774289,Khac (Peripheral)
1689,0.0005614035087719298,3.4365672765920025e-06,6.479258121107989e-05,4,9,0.375,-0.09760367786544846,Khac (Peripheral)
1968,0.00042105263157894734,2.1048359026670416e-05,5.9392438018004954e-05,3,14,0.4444444444444444,-0.3825895435149627,Khac (Peripheral)
7109,0.002526315789473684,0.00046755463701349487,0.00023309245716565867,18,1,0.6481481481481481,0.210916421139145,Streamer Cau noi (Bridge)
3003,0.00014035087719298245,0.0,3.445614716504074e-05,1,5,0.0,-0.6061473652949135,Khac (Peripheral)
2666,0.00014035087719298245,0.0,3.9120408870071065e-05,1,5,0.0,-0.6061473652949135,Khac (Peripheral)
1480,0.0002807017543859649,0.0,4.270768230232183e-05,2,14,0.0,-0.3825895435149627,Khac (Peripheral)
6313,0.0014035087719298245,0.00043698376375639374,0.00012938731258908747,10,5,0.8,-0.4570947344846889,Streamer Cau noi (Bridge)
1146,0.0018245614035087717,0.00043669263775980154,0.00015584532221918186,13,4,0.2721893491124261,0.21997357970638903,Khac (Peripheral)
5107,0.00014035087719298245,0.0,4.738013258744816e-05,1,13,0.0,-0.7589626047638253,Khac (Peripheral)
5886,0.0019649122807017545,0.0003412490156975785,0.00017353701092153327,14,14,0.7142857142857143,0.003203500962445893,Streamer Cau noi (Bridge)
1078,0.00014035087719298245,0.0,3.621057485943756e-05,1,6,0.0,-0.3626457370892153,Khac (Peripheral)
6728,0.0008421052631578947,3.8912863977198604e-05,8.620241008833337e-05,6,9,0.6666666666666667,-0.09760367786544846,Streamer Cau noi (Bridge)
6750,0.008701754385964912,0.0037532812363453003,0.0006948206121204297,62,5,0.6592091571279917,1.4805894660482315,Streamer Cau noi (Bridge)
3363,0.002526315789473684,0.00022130000226225469,0.0002492729714420824,18,3,0.7654320987654322,0.46489223488034265,Streamer Cau noi (Bridge)
4187,0.0023859649122807015,0.0002784520789492588,0.00020408577052680537,17,5,0.6020761245674741,-0.08446315745912726,Khac (Peripheral)
1342,0.0008421052631578947,0.0001857259885908705,0.00011633505152411515,6,16,0.7222222222222222,-0.14312629133157528,Streamer Cau noi (Bridge)
1942,0.0011228070175438596,0.00024146149313723528,0.0001322251052598669,8,0,0.6875,0.3155854880537148,Streamer Cau noi (Bridge)
6425,0.00014035087719298245,0.0,3.6077688549336295e-05,1,4,0.0,-0.45047486221988475,Khac (Peripheral)
5222,0.00014035087719298245,0.0,3.2695148349424987e-05,1,9,0.0,-0.2584446315564888,Khac (Peripheral)
686,0.00042105263157894734,0.00013288054406024378,7.608225797570432e-05,3,2,0.4444444444444444,-0.31484374061349313,Khac (Peripheral)
6307,0.00014035087719298245,0.0,3.317720081402534e-05,1,6,0.0,-0.3626457370892153,Khac (Peripheral)
5741,0.0005614035087719298,3.441493154816167e-06,6.541097662679034e-05,4,4,0.625,-0.38343001802725735,Streamer Cau noi (Bridge)
6813,0.00014035087719298245,0.0,3.063194051824443e-05,1,4,0.0,-0.45047486221988475,Khac (Peripheral)
5972,0.0005614035087719298,0.0002025549865266852,7.702538238141455e-05,4,4,0.375,-0.31638517383463,Khac (Peripheral)
6542,0.00014035087719298245,0.0,4.4296168838410034e-05,1,9,0.0,-0.2584446315564888,Khac (Peripheral)
6330,0.0002807017543859649,1.9719222373065156e-06,4.2314297253144586e-05,2,16,0.5,-0.23233892186291363,Khac (Peripheral)
6117,0.0009824561403508772,7.643520744345551e-06,9.870932395846328e-05,7,6,0.24489795918367352,-0.00793149850255878,Khac (Peripheral)
2579,0.0002807017543859649,4.124095604257715e-06,4.454833223099427e-05,2,9,0.5,-0.2584446315564888,Khac (Peripheral)
5615,0.0008421052631578947,1.8828499308339287e-05,8.867660155152283e-05,6,9,0.6111111111111112,-0.09760367786544846,Khac (Peripheral)
2330,0.003508771929824561,0.0006829803577654814,0.0003043901887002932,25,5,0.6592,0.28816841956643435,Streamer Cau noi (Bridge)
1868,0.0005614035087719298,5.6128312505822745e-06,6.099584325238129e-05,4,1,0.625,-0.5986195980643021,Streamer Cau noi (Bridge)
5853,0.001263157894736842,0.0002108626991395359,0.00015641748113958998,9,4,0.37037037037037035,-0.04820579706412048,Khac (Peripheral)
6370,0.00014035087719298245,0.0,4.843321052870275e-05,1,16,0.0,-0.23233892186291363,Khac (Peripheral)
4766,0.0009824561403508772,0.00034255953864819835,0.0001246827011313065,7,16,0.6938775510204083,-0.05391366080023693,Streamer Cau noi (Bridge)
4678,0.0002807017543859649,1.5389667578753536e-05,4.657963517509435e-05,2,14,0.5,-0.5111872250074323,Khac (Peripheral)
2366,0.0005614035087719298,9.885216183914267e-06,8.627199532392811e-05,4,2,0.625,-0.31484374061349313,Streamer Cau noi (Bridge)
2636,0.0011228070175438596,0.0001509670001627265,0.00011964174026283443,8,9,0.40625,0.14365775267111203,Khac (Peripheral)
3486,0.0026666666666666666,0.000956067826026242,0.0002278826539318568,19,1,0.775623268698061,-0.020379584347554196,Streamer Cau noi (Bridge)
1719,0.0002807017543859649,0.00028074115665356543,9.202906462245647e-05,2,8,0.0,-0.4468005740821422,Khac (Peripheral)
4723,0.001263157894736842,2.844337622180603e-05,0.00011934216910141742,9,1,0.6666666666666667,-0.36732359257760294,Streamer Cau noi (Bridge)
2755,0.0011228070175438596,4.761277905662147e-06,9.691017789252597e-05,8,1,0.21875,-0.020379584347554196,Khac (Peripheral)
4962,0.001263157894736842,0.000510438498923755,0.0001755135138589107,9,0,0.5185185185185186,0.8882204462156972,Khac (Peripheral)
5481,0.0005614035087719298,0.00028232915630905365,0.00017124735930297485,4,14,0.0,-0.12539418053002366,Khac (Peripheral)
3749,0.0016842105263157893,0.00030629371350845877,0.00015526426861299674,12,1,0.7361111111111112,-0.25167558983425337,Streamer Cau noi (Bridge)
6938,0.0007017543859649122,4.254736683022309e-05,7.556175368754921e-05,5,4,0.31999999999999984,-0.24934032964200262,Khac (Peripheral)
168,0.00042105263157894734,2.0476905130945218e-06,5.6986653532719396e-05,3,16,0.0,-0.05391366080023693,Khac (Peripheral)
5391,0.00042105263157894734,4.536195990800118e-05,5.86718551634168e-05,3,9,0.4444444444444444,-0.1780241547109686,Khac (Peripheral)
5232,0.00014035087719298245,0.0,3.279640472562458e-05,1,8,0.0,-0.7985918306870473,Khac (Peripheral)
3471,0.001263157894736842,0.0009944574370458028,0.00013922103922146408,9,6,0.6172839506172839,-0.07887434621989009,Khac (Peripheral)
3654,0.0002807017543859649,0.0,4.077839141348715e-05,2,16,0.5,-0.23233892186291363,Khac (Peripheral)
6363,0.0002807017543859649,0.00014037057832678272,7.977130628806597e-05,2,4,0.0,-0.38343001802725735,Khac (Peripheral)
4516,0.00014035087719298245,0.0,3.9637925626873205e-05,1,8,0.0,-0.7985918306870473,Khac (Peripheral)
7097,0.0005614035087719298,4.534262581037251e-05,6.848631986803714e-05,4,14,0.75,-0.5111872250074323,Streamer Cau noi (Bridge)
5825,0.008,0.0019809312732289013,0.0006221161279500383,57,3,0.7651585103108649,2.5122501559789945,Khac (Peripheral)
3464,0.00014035087719298245,0.0,4.1901384466117136e-05,1,14,0.0,-0.5111872250074323,Khac (Peripheral)
4756,0.002105263157894737,0.00016793863780604305,0.00018579409810446274,15,4,0.12444444444444436,0.42110811228427114,Khac (Peripheral)
136,0.0002807017543859649,2.130306543538613e-07,5.997649072327306e-05,2,3,0.0,-0.3881735655774289,Khac (Peripheral)
5334,0.0002807017543859649,7.636960785578795e-07,4.1427759453614405e-05,2,1,0.5,-0.7142676008076517,Khac (Peripheral)
1967,0.002807017543859649,0.00046681589300240584,0.00024171665346533545,20,4,0.2550000000000001,0.6222426448621533,Khac (Peripheral)
1527,0.003508771929824561,0.0005609031555959211,0.0002886866178932927,25,5,0.8128,-0.08446315745912726,Streamer Cau noi (Bridge)
175,0.0002807017543859649,1.0213182123821824e-06,5.645469196778662e-05,2,16,0.0,-0.14312629133157528,Khac (Peripheral)
5204,0.0032280701754385964,0.0007662535493791256,0.00031982323214227313,23,9,0.5255198487712666,0.8674420442807935,Khac (Peripheral)
4379,0.00014035087719298245,0.0,3.156459102178747e-05,1,5,0.0,-0.6061473652949135,Khac (Peripheral)
2712,0.0007017543859649122,2.4074036929079003e-05,9.092390706366272e-05,5,8,0.72,-0.4468005740821422,Streamer Cau noi (Bridge)
4421,0.0002807017543859649,0.0,4.901207837361001e-05,2,4,0.0,-0.38343001802725735,Khac (Peripheral)
1297,0.00042105263157894734,7.458927580064094e-06,5.679301758910831e-05,3,4,0.6666666666666667,-0.45047486221988475,Streamer Cau noi (Bridge)
5429,0.0011228070175438596,3.10017646076891e-05,0.00011486641470884274,8,3,0.71875,-0.21756040548587458,Streamer Cau noi (Bridge)
1929,0.00014035087719298245,0.0,3.258367699078809e-05,1,5,0.0,-0.6061473652949135,Khac (Peripheral)
6713,0.00042105263157894734,1.0971653047592264e-05,5.5288386468169495e-05,3,9,0.4444444444444444,-0.1780241547109686,Khac (Peripheral)
4072,0.00042105263157894734,2.3452181057756907e-05,6.810894480234177e-05,3,8,0.4444444444444444,-0.4468005740821422,Khac (Peripheral)
6171,0.00014035087719298245,0.0,3.3193449332733915e-05,1,9,0.0,-0.2584446315564888,Khac (Peripheral)
2872,0.008701754385964912,0.0013629607764125056,0.0006242985155407923,62,5,0.33714880332986485,3.0456420895555905,Khac (Peripheral)
1378,0.0007017543859649122,1.2504703518172882e-05,7.558187920659199e-05,5,6,0.6399999999999999,-0.29170288937188404,Streamer Cau noi (Bridge)
4588,0.00014035087719298245,0.0,3.2385891955629855e-05,1,6,0.0,-0.3626457370892153,Khac (Peripheral)
6335,0.0009824561403508772,4.613985990902793e-05,9.46335662190637e-05,7,5,0.40816326530612246,-0.3080421036744642,Khac (Peripheral)
460,0.002245614035087719,0.00010893243825109232,0.0002052680509628237,16,1,0.78125,-0.25167558983425337,Streamer Cau noi (Bridge)
139,0.0002807017543859649,0.0,4.521285124568012e-05,2,0,0.5,-0.5433669491892589,Khac (Peripheral)
3059,0.00042105263157894734,3.7719596193508925e-05,8.409680368586442e-05,3,13,0.0,-0.06899660043307508,Khac (Peripheral)
6000,0.001543859649122807,0.00013391472854114433,0.00015603516922387572,11,6,0.7107438016528926,-0.1498171939372214,Streamer Cau noi (Bridge)
1776,0.0005614035087719298,1.743045136840676e-05,6.674211380257254e-05,4,4,0.375,-0.31638517383463,Khac (Peripheral)
1668,0.0007017543859649122,4.1993326637006365e-05,7.743171240083719e-05,5,4,0.31999999999999984,-0.24934032964200262,Khac (Peripheral)
1874,0.00014035087719298245,0.0,4.402325463580908e-05,1,2,0.0,-0.6448606735457089,Khac (Peripheral)
5390,0.003789473684210526,0.0008261651048070039,0.0003664792662726511,27,5,0.43621399176954745,0.8098526274022206,Khac (Peripheral)
4094,0.0008421052631578947,4.98150998233158e-05,0.00010486035976777328,6,1,0.0,-0.1360275870909038,Khac (Peripheral)
5772,0.0019649122807017545,0.000437538075369452,0.00024176634781192228,14,9,0.4591836734693877,0.46533966005319266,Khac (Peripheral)
5432,0.0007017543859649122,1.3062637058056345e-05,7.718213712886979e-05,5,1,0.6399999999999999,-0.5986195980643021,Streamer Cau noi (Bridge)
5567,0.001543859649122807,0.00016268148960946516,0.0001345631463568527,11,4,0.6115702479338844,-0.11525064125674786,Khac (Peripheral)
1180,0.0008421052631578947,6.566831731039836e-05,8.500248061243274e-05,6,5,0.5,-0.38256841907957656,Khac (Peripheral)
1725,0.001263157894736842,0.00011334052536491175,0.0001295831337780065,9,8,0.7407407407407407,0.25678193912766795,Streamer Cau noi (Bridge)
89,0.0007017543859649122,1.844131418208386e-05,7.640659081998018e-05,5,4,0.6399999999999999,-0.38343001802725735,Streamer Cau noi (Bridge)
4833,0.006175438596491228,0.0014611404198167815,0.00047500605803252576,44,1,0.21074380165289253,3.6803565034396324,Streamer Trung tam (Hub)
3955,0.0002807017543859649,0.00014037057832678272,0.00010045800218987178,2,12,0.0,0.8164965809277259,Khac (Peripheral)
6457,0.0014035087719298245,7.662273574848137e-05,0.0001285728865512091,10,3,0.54,0.29427907478878834,Khac (Peripheral)
6202,0.0029473684210526313,0.0007728845773951364,0.0002645621063824751,21,5,0.5124716553287982,0.3626947349715467,Khac (Peripheral)
822,0.00042105263157894734,1.8821095120954235e-06,5.4381064873641554e-05,3,6,0.4444444444444444,-0.29170288937188404,Khac (Peripheral)
6703,0.00014035087719298245,0.0,3.2484633243274565e-05,1,6,0.0,-0.3626457370892153,Khac (Peripheral)
6704,0.00014035087719298245,0.0,4.261947889646691e-05,1,15,0.0,-0.6360721892977823,Khac (Peripheral)
512,0.0011228070175438596,3.214941003999899e-05,0.0001121378096707597,8,5,0.65625,-0.38256841907957656,Streamer Cau noi (Bridge)
5632,0.0002807017543859649,4.1805970388971804e-05,5.858296362829073e-05,2,8,0.5,-0.7985918306870473,Khac (Peripheral)
2719,0.012771929824561403,0.0058672695774412255,0.0010199691064913517,91,14,0.714647989373264,5.018513079168758,Khac (Peripheral)
4751,0.0002807017543859649,3.903673883750713e-07,4.71399754016778e-05,2,8,0.0,-0.4468005740821422,Khac (Peripheral)
6297,0.00014035087719298245,0.0,3.0371440697401397e-05,1,5,0.0,-0.6061473652949135,Khac (Peripheral)
4301,0.0011228070175438596,6.609377847626886e-05,0.0001116029018131864,8,4,0.75,-0.31638517383463,Streamer Cau noi (Bridge)
3896,0.00014035087719298245,0.0,3.402101510732173e-05,1,9,0.0,-0.2584446315564888,Khac (Peripheral)
5030,0.00042105263157894734,0.00013359132988605813,9.283805654728169e-05,3,1,0.0,-0.4829715953209526,Khac (Peripheral)
3921,0.002245614035087719,6.653940866112074e-05,0.00018764676542775785,16,3,0.6796875,0.635505394971897,Streamer Cau noi (Bridge)
2799,0.0058947368421052625,0.0018147255260120988,0.000509456028356816,42,1,0.6541950113378685,1.8299884595460392,Streamer Cau noi (Bridge)
5148,0.0016842105263157893,0.0005591996133506277,0.00018009912944774769,12,16,0.8055555555555556,0.03529896973110142,Streamer Cau noi (Bridge)
5765,0.0011228070175438596,0.00023284853378853525,0.00011229817521151575,8,4,0.21875,-0.04820579706412048,Khac (Peripheral)
4647,0.0007017543859649122,5.5037144325451026e-05,9.209939893385852e-05,5,1,0.0,-0.25167558983425337,Khac (Peripheral)
5068,0.0009824561403508772,7.307322461804375e-05,0.0001029068332502778,7,13,0.7755102040816326,-0.4139796025984502,Streamer Cau noi (Bridge)
4097,0.0014035087719298245,0.0013719251320709058,0.0001698967733450657,10,1,0.0,0.32656442388249457,Khac (Peripheral)
332,0.00042105263157894734,1.2027502785957308e-05,5.4497258317503825e-05,3,3,0.4444444444444444,-0.3881735655774289,Khac (Peripheral)
4215,0.0007017543859649122,1.8026782069299647e-05,8.103210172334706e-05,5,3,0.72,-0.3881735655774289,Streamer Cau noi (Bridge)
3502,0.0005614035087719298,9.258007198838051e-06,6.851630928409397e-05,4,6,0.625,-0.3626457370892153,Streamer Cau noi (Bridge)
1818,0.0008421052631578947,1.6368677470634028e-05,9.285111541442667e-05,6,4,0.7777777777777778,-0.38343001802725735,Streamer Cau noi (Bridge)
1359,0.0002807017543859649,9.241395026823579e-07,4.282560276787683e-05,2,8,0.5,-0.7985918306870473,Khac (Peripheral)
4567,0.0005614035087719298,8.119478090033626e-06,7.111501842139966e-05,4,9,0.625,-0.1780241547109686,Streamer Cau noi (Bridge)
4524,0.002526315789473684,0.0012079931436927364,0.00023815366302012845,18,13,0.7283950617283951,1.6559184103938005,Streamer Cau noi (Bridge)
5280,0.0002807017543859649,0.0,4.600505521173247e-05,2,9,0.0,-0.1780241547109686,Khac (Peripheral)
2288,0.0005614035087719298,8.411114069873987e-06,6.895501809774222e-05,4,16,0.375,-0.05391366080023693,Khac (Peripheral)
4164,0.0014035087719298245,0.0001329164845326682,0.00012910363742521015,10,6,0.72,-0.2207600416545527,Streamer Cau noi (Bridge)
4787,0.0005614035087719298,8.718399034979808e-06,6.178772110377353e-05,4,4,0.375,-0.31638517383463,Khac (Peripheral)
2951,0.0009824561403508772,9.259031429280815e-05,0.0001037905695380712,7,9,0.44897959183673464,0.06323727582559185,Khac (Peripheral)
6965,0.0002807017543859649,1.9423874837900927e-07,4.617000392055801e-05,2,1,0.5,-0.7142676008076517,Khac (Peripheral)
2820,0.0007017543859649122,1.5531418848698747e-05,7.753080373278863e-05,5,16,0.56,-0.05391366080023693,Khac (Peripheral)
5813,0.0032280701754385964,0.0003193753075155251,0.0002601934433428928,23,1,0.6389413988657845,0.44221242662584415,Streamer Cau noi (Bridge)
283,0.0011228070175438596,5.145024483603635e-05,0.00012434330114037721,8,14,0.53125,0.003203500962445893,Khac (Peripheral)
4248,0.00042105263157894734,3.5080922935723123e-07,5.4991509631128465e-05,3,14,0.0,-0.2539918620224932,Khac (Peripheral)
3380,0.0002807017543859649,2.3275272417192764e-06,4.4060384186061716e-05,2,16,0.0,-0.14312629133157528,Khac (Peripheral)
2961,0.0002807017543859649,6.990692007599126e-07,4.7509094392485455e-05,2,16,0.5,-0.23233892186291363,Khac (Peripheral)
1863,0.0009824561403508772,0.00015633870195810648,0.0001007831779788403,7,4,0.7346938775510204,-0.31638517383463,Streamer Cau noi (Bridge)
6145,0.0016842105263157893,0.00018113605460688174,0.00016088160788069717,12,1,0.5694444444444444,-0.020379584347554196,Khac (Peripheral)
3114,0.00014035087719298245,0.0,3.327280235636955e-05,1,9,0.0,-0.2584446315564888,Khac (Peripheral)
2885,0.0008421052631578947,0.00015953905890617382,0.00010769402148558934,6,4,0.6666666666666667,-0.31638517383463,Streamer Cau noi (Bridge)
5194,0.0002807017543859649,2.3155427442703385e-05,4.499068171473601e-05,2,4,0.5,-0.45047486221988475,Khac (Peripheral)
3215,0.0002807017543859649,6.610222739584644e-07,4.4786072471631995e-05,2,9,0.5,-0.2584446315564888,Khac (Peripheral)
6900,0.0007017543859649122,2.8754755020352926e-05,7.638005141564396e-05,5,5,0.72,-0.5316210498898012,Streamer Cau noi (Bridge)
2547,0.0005614035087719298,1.3962799729663802e-05,6.656563068177031e-05,4,6,0.625,-0.29170288937188404,Streamer Cau noi (Bridge)
3891,0.00014035087719298245,0.0,3.954179319257031e-05,1,3,0.0,-0.5587867256689831,Khac (Peripheral)
2029,0.0005614035087719298,0.00014259588490011995,0.00010303148317537655,4,9,0.625,-0.1780241547109686,Streamer Cau noi (Bridge)
2553,0.0018245614035087717,2.0653068547250806e-05,0.00014558856707280304,13,4,0.0,0.3540632680916438,Khac (Peripheral)
1101,0.0002807017543859649,0.0013901951151038749,7.742931674573158e-05,2,0,0.0,-0.2570494701082677,Khac (Peripheral)
6096,0.00042105263157894734,2.1553323927542673e-06,5.326301105387951e-05,3,6,0.4444444444444444,-0.29170288937188404,Khac (Peripheral)
26,0.012771929824561403,0.00516477179481609,0.0009827315524065263,91,5,0.7221350078492936,2.5984841971249164,Khac (Peripheral)
3400,0.00014035087719298245,0.0,3.415594591585511e-05,1,15,0.0,-0.6360721892977823,Khac (Peripheral)
4852,0.00042105263157894734,8.24619812506009e-06,6.0434538543123803e-05,3,8,0.6666666666666667,-0.7985918306870473,Streamer Cau noi (Bridge)
5542,0.002245614035087719,0.000268538754507235,0.00020799514094286078,16,9,0.71875,0.22407822951663217,Streamer Cau noi (Bridge)
6442,0.001263157894736842,6.631320703057179e-05,0.00011962648956546194,9,4,0.5679012345679012,-0.18229548544937524,Khac (Peripheral)
5380,0.00042105263157894734,7.63510742488859e-05,5.576456858760216e-05,3,9,0.6666666666666667,-0.2584446315564888,Streamer Cau noi (Bridge)
3264,0.0009824561403508772,3.805448316022726e-05,9.263792219796928e-05,7,4,0.6122448979591837,-0.24934032964200262,Khac (Peripheral)
966,0.0011228070175438596,0.0002823060091457828,0.00011199198392963648,8,5,0.6875,-0.38256841907957656,Streamer Cau noi (Bridge)
71,0.00014035087719298245,0.0,5.582507986901471e-05,1,1,0.0,-0.7142676008076517,Khac (Peripheral)
1890,0.001543859649122807,2.9546667003915297e-05,0.00012802824006305367,11,5,0.16528925619834722,0.06458947335109738,Khac (Peripheral)
959,0.00042105263157894734,1.0471786274632104e-05,5.3622117433683596e-05,3,9,0.6666666666666667,-0.2584446315564888,Streamer Cau noi (Bridge)
5573,0.0014035087719298245,0.00015260303700406985,0.00013747079595189155,10,16,0.7,0.12451160026243978,Streamer Cau noi (Bridge)
5470,0.0008421052631578947,3.864130532918837e-05,9.194847542465435e-05,6,10,0.8333333333333334,-0.7862515977683556,Streamer Cau noi (Bridge)
895,0.00014035087719298245,0.0,4.085388109156856e-05,1,8,0.0,-0.7985918306870473,Khac (Peripheral)
5677,0.0002807017543859649,3.7253696875813786e-06,4.4300300335200414e-05,2,9,0.5,-0.2584446315564888,Khac (Peripheral)
2783,0.00042105263157894734,2.4230044846039395e-05,5.7381879472380527e-05,3,15,0.4444444444444444,-0.6360721892977823,Khac (Peripheral)
583,0.0011228070175438596,0.0002503358167011426,0.00015868031722734955,8,15,0.5625,0.5791998523723334,Khac (Peripheral)
3249,0.002526315789473684,0.00022698867738283796,0.00022632442612187457,18,3,0.5987654320987654,0.9767317151550056,Khac (Peripheral)
1277,0.002105263157894737,0.00039811116417890933,0.0001919450675053892,15,5,0.6666666666666666,-0.2335157882693519,Streamer Cau noi (Bridge)
3829,0.0016842105263157893,0.0002410674313946327,0.00017766315925674974,12,14,0.5277777777777778,0.3889965454398545,Khac (Peripheral)
4724,0.0002807017543859649,7.5309775858039595e-06,5.219542500655596e-05,2,3,0.0,-0.3881735655774289,Khac (Peripheral)
3062,0.00042105263157894734,3.109809644067937e-05,6.479722943397202e-05,3,0,0.6666666666666667,-0.5433669491892589,Streamer Cau noi (Bridge)
155,0.0002807017543859649,0.00014037057832678272,8.132618948542389e-05,2,16,0.0,-0.14312629133157528,Khac (Peripheral)
4314,0.004210526315789474,0.00026579579592725096,0.00035793126036009717,30,9,0.7466666666666666,0.7066010905897532,Streamer Cau noi (Bridge)
4497,0.0002807017543859649,6.00971526241795e-06,5.548488899047501e-05,2,8,0.5,-0.7985918306870473,Khac (Peripheral)
1635,0.0014035087719298245,0.00014316524895880586,0.00013165604484346557,10,3,0.5800000000000001,0.29427907478878834,Khac (Peripheral)
5297,0.00014035087719298245,0.0,3.8765235446083554e-05,1,2,0.0,-0.6448606735457089,Khac (Peripheral)
2832,0.003789473684210526,0.0006702810387225485,0.00032830051280222485,27,5,0.6282578875171467,0.437221050376659,Streamer Cau noi (Bridge)
1310,0.0011228070175438596,0.0002137268917394726,0.00012248946009718505,8,5,0.59375,-0.38256841907957656,Khac (Peripheral)
3836,0.0009824561403508772,5.157188708786621e-05,0.00010210926303248076,7,6,0.40816326530612246,-0.07887434621989009,Khac (Peripheral)
4001,0.005192982456140351,0.0009995217459474546,0.0004181472014168532,37,5,0.5887509130752373,0.9589052582124453,Khac (Peripheral)
101,0.0002807017543859649,9.065052926184829e-07,5.845451531282279e-05,2,9,0.5,-0.2584446315564888,Khac (Peripheral)
458,0.0029473684210526313,0.0005414783662976734,0.000260218882915395,21,5,0.47165532879818595,0.437221050376659,Khac (Peripheral)
4496,0.0002807017543859649,0.0,4.4394365300663744e-05,2,14,0.5,-0.5111872250074323,Khac (Peripheral)
1244,0.00042105263157894734,2.501688669672156e-06,6.670745699780815e-05,3,9,0.4444444444444444,-0.1780241547109686,Khac (Peripheral)
4180,0.0002807017543859649,7.347985497035238e-07,4.7579861164870506e-05,2,14,0.0,-0.3825895435149627,Khac (Peripheral)
2123,0.0014035087719298245,0.00010054457450540919,0.00014258771301458228,10,4,0.31999999999999984,0.018839047128506894,Khac (Peripheral)
3434,0.0002807017543859649,9.660763076955739e-08,4.249229891016364e-05,2,5,0.0,-0.5316210498898012,Khac (Peripheral)
2261,0.00014035087719298245,0.0,3.3191517586285105e-05,1,6,0.0,-0.3626457370892153,Khac (Peripheral)
6680,0.00042105263157894734,9.505711789286957e-06,5.859698376025027e-05,3,9,0.4444444444444444,-0.1780241547109686,Khac (Peripheral)
4423,0.0008421052631578947,4.723193140910656e-05,8.951793848113081e-05,6,6,0.5,-0.1498171939372214,Khac (Peripheral)
4195,0.0007017543859649122,7.195288882384881e-05,9.159183815224528e-05,5,16,0.56,-0.05391366080023693,Khac (Peripheral)
2987,0.0019649122807017545,0.0001131864280270016,0.0001730985945337186,14,13,0.7551020408163265,0.27598640173230005,Streamer Cau noi (Bridge)
5909,0.00042105263157894734,2.0768584655641553e-05,5.6943279162402084e-05,3,3,0.4444444444444444,-0.3881735655774289,Khac (Peripheral)
3608,0.0005614035087719298,2.7824811747677482e-05,6.828947014192178e-05,4,2,0.625,-0.6448606735457089,Streamer Cau noi (Bridge)
1648,0.00042105263157894734,0.00014039221631185106,8.851988405115646e-05,3,9,0.4444444444444444,-0.1780241547109686,Khac (Peripheral)
2505,0.002105263157894737,0.0002979245122434336,0.00019268796752187794,15,9,0.8622222222222222,-0.0171832010199283,Streamer Cau noi (Bridge)
1831,0.0002807017543859649,2.421937567063586e-06,4.971897868424273e-05,2,6,0.5,-0.3626457370892153,Khac (Peripheral)
3173,0.00856140350877193,0.002566924264851994,0.000663772620203302,61,1,0.5971513034130611,3.2177644924662343,Khac (Peripheral)
2389,0.001543859649122807,3.5899352006224736e-05,0.00014497939709162862,11,2,0.6446280991735538,1.0052239911153695,Streamer Cau noi (Bridge)
6740,0.002526315789473684,0.0008234771869231115,0.000240767032800021,18,4,0.845679012345679,-0.24934032964200262,Streamer Cau noi (Bridge)
1907,0.0002807017543859649,7.997274648732812e-07,5.635382121768716e-05,2,1,0.0,-0.5986195980643021,Khac (Peripheral)
5449,0.002105263157894737,3.616400144479077e-05,0.00018569063735487373,15,1,0.12444444444444436,0.7891564348558929,Khac (Peripheral)
826,0.00042105263157894734,2.8419948238545843e-07,5.5303664779234586e-05,3,6,0.0,-0.2207600416545527,Khac (Peripheral)
1467,0.0032280701754385964,0.0013858873001941143,0.00033242665425188187,23,8,0.6578449905482042,3.0711119919669088,Khac (Peripheral)
6197,0.0002807017543859649,0.0,4.165500491298233e-05,2,9,0.5,-0.2584446315564888,Khac (Peripheral)
1649,0.0002807017543859649,0.00014037057832678272,8.415493632893441e-05,2,1,0.0,-0.5986195980643021,Khac (Peripheral)
4925,0.001543859649122807,0.00018608355351501952,0.00017214045309651277,11,0,0.8099173553719008,0.029268008972723546,Streamer Cau noi (Bridge)
19,0.001263157894736842,0.0002696090281805298,0.00013909055283550898,9,13,0.37037037037037035,1.3109354082284255,Khac (Peripheral)
44,0.0007017543859649122,3.358867990729176e-05,8.706664862228968e-05,5,16,0.72,-0.14312629133157528,Streamer Cau noi (Bridge)
3884,0.0011228070175438596,1.5574349749603736e-05,0.00010110461422267069,8,4,0.0,0.018839047128506894,Khac (Peripheral)
2196,0.00042105263157894734,4.777819549430379e-06,5.485140551218249e-05,3,15,0.4444444444444444,-0.3322541788802534,Khac (Peripheral)
2210,0.002105263157894737,0.00039564589065117117,0.000186059951999653,15,6,0.711111111111111,0.06301134921477253,Streamer Cau noi (Bridge)
1694,0.0011228070175438596,0.0002025431150666266,0.00011718956197477256,8,16,0.6875,-0.05391366080023693,Streamer Cau noi (Bridge)
2167,0.0002807017543859649,0.0,4.559243184143794e-05,2,16,0.0,-0.14312629133157528,Khac (Peripheral)
1275,0.004070175438596491,0.00044865243603308205,0.0003217013250776035,29,1,0.6111771700356718,1.1361004430859416,Khac (Peripheral)
4218,0.0018245614035087717,0.00010355879677221701,0.00015315918100699996,13,1,0.46153846153846156,0.210916421139145,Khac (Peripheral)
2374,0.00014035087719298245,0.0,3.5586108857642153e-05,1,16,0.0,-0.23233892186291363,Khac (Peripheral)
3953,0.0002807017543859649,9.885290961629235e-06,4.7634046645328406e-05,2,3,0.5,-0.5587867256689831,Khac (Peripheral)
4486,0.0029473684210526313,0.0003665679477664919,0.00024432643885271475,21,4,0.09070294784580502,0.8233771774400354,Khac (Peripheral)
893,0.0016842105263157893,0.0006213632442482378,0.00016717932112204838,12,5,0.7083333333333333,-0.2335157882693519,Streamer Cau noi (Bridge)
2176,0.00014035087719298245,0.0,6.571790887287085e-05,1,16,0.0,-0.23233892186291363,Khac (Peripheral)
6058,0.0029473684210526313,0.0001094349051698537,0.00021984870019145576,21,5,0.49433106575963726,0.3626947349715467,Khac (Peripheral)
3006,0.00042105263157894734,5.081776080558037e-06,5.514802016689103e-05,3,9,0.6666666666666667,-0.2584446315564888,Streamer Cau noi (Bridge)
5052,0.0008421052631578947,9.412863876161836e-05,8.608590908620944e-05,6,6,0.6111111111111112,-0.2207600416545527,Khac (Peripheral)
1110,0.002526315789473684,0.0016685250484959186,0.00024134447305676103,18,9,0.5246913580246914,0.626180613744233,Khac (Peripheral)
3054,0.0002807017543859649,1.3939656054802907e-05,5.0471308784113444e-05,2,9,0.5,-0.2584446315564888,Khac (Peripheral)
1364,0.0026666666666666666,0.0003459727038353325,0.00022128102244705955,19,4,0.3490304709141274,0.48815295647689855,Khac (Peripheral)
506,0.003087719298245614,0.00023261479010676592,0.00024887568757192726,22,5,0.5661157024793388,0.28816841956643435,Khac (Peripheral)
7013,0.001263157894736842,4.4594667177936934e-05,0.00012177639104486151,9,5,0.49382716049382713,-0.2335157882693519,Khac (Peripheral)
151,0.00014035087719298245,0.0,3.638716148702781e-05,1,9,0.0,-0.2584446315564888,Khac (Peripheral)
6393,0.0019649122807017545,0.0002156938171232155,0.0001826003047045242,14,16,0.5510204081632653,0.48136212238779325,Khac (Peripheral)
4304,0.00014035087719298245,0.0,3.2773290880182415e-05,1,3,0.0,-0.5587867256689831,Khac (Peripheral)
4605,0.00042105263157894734,8.23861745080365e-06,5.808650323479811e-05,3,9,0.6666666666666667,-0.2584446315564888,Streamer Cau noi (Bridge)
418,0.0009824561403508772,3.927562552445128e-05,0.00010184322915333146,7,1,0.6938775510204083,-0.4829715953209526,Streamer Cau noi (Bridge)
3529,0.0005614035087719298,6.008812975245778e-05,7.392539249709637e-05,4,9,0.625,-0.1780241547109686,Streamer Cau noi (Bridge)
5310,0.0002807017543859649,0.0,4.540729217953012e-05,2,9,0.5,-0.2584446315564888,Khac (Peripheral)
5959,0.0005614035087719298,3.832601548577757e-05,6.720454455535842e-05,4,3,0.625,-0.5587867256689831,Streamer Cau noi (Bridge)
6628,0.0011228070175438596,0.0001471785420727541,0.00011092873221068913,8,14,0.78125,-0.3825895435149627,Streamer Cau noi (Bridge)
1046,0.002526315789473684,0.00027229930059020034,0.00023049467181222754,18,1,0.5,0.5578604293691938,Khac (Peripheral)
2026,0.014456140350877191,0.0048713058655165216,0.0012048666286884379,103,6,0.6028843434819493,4.035810821385326,Khac (Peripheral)
2561,0.0002807017543859649,1.0819582841202163e-06,4.975191575488461e-05,2,9,0.0,-0.1780241547109686,Khac (Peripheral)
5633,0.001263157894736842,0.00017812105302750656,0.00012188406660980928,9,4,0.6666666666666667,-0.24934032964200262,Streamer Cau noi (Bridge)
4926,0.0005614035087719298,0.000288961626352055,6.860370870178319e-05,4,16,0.5,-0.14312629133157528,Khac (Peripheral)
4386,0.0014035087719298245,4.007028621223775e-05,0.00012056550518943185,10,4,0.0,0.15292873551376165,Khac (Peripheral)
537,0.0002807017543859649,2.6616361969905932e-06,4.3046015567932185e-05,2,14,0.5,-0.5111872250074323,Khac (Peripheral)
403,0.001543859649122807,0.00020648672063793713,0.000141741234627321,11,1,0.4297520661157025,0.09526841839579539,Khac (Peripheral)
5880,0.0007017543859649122,5.939596342924786e-06,7.311848993110082e-05,5,1,0.56,-0.4829715953209526,Khac (Peripheral)
1086,0.002245614035087719,0.00019073324521521145,0.0002555047051564982,16,16,0.65625,0.3029368613251165,Streamer Cau noi (Bridge)
3115,0.00042105263157894734,3.6612490766218064e-06,5.3675732093880964e-05,3,16,0.6666666666666667,-0.23233892186291363,Streamer Cau noi (Bridge)
1066,0.0019649122807017545,0.0004053214468958032,0.00018149169463138338,14,9,0.6938775510204082,0.22407822951663217,Streamer Cau noi (Bridge)
1876,0.002526315789473684,0.00043503287690562447,0.0002149349496671675,18,1,0.0,1.2517484458292911,Khac (Peripheral)
4987,0.001543859649122807,0.000215407157153797,0.0001611396857935474,11,3,0.5454545454545454,0.46489223488034265,Khac (Peripheral)
2048,0.00014035087719298245,0.0,3.490759981484301e-05,1,16,0.0,-0.23233892186291363,Khac (Peripheral)
6795,0.00014035087719298245,0.0,3.3193449332733915e-05,1,9,0.0,-0.2584446315564888,Khac (Peripheral)
1263,0.00014035087719298245,0.0,3.337991520894061e-05,1,3,0.0,-0.5587867256689831,Khac (Peripheral)
6153,0.0002807017543859649,1.4088008609951283e-06,4.172726115997175e-05,2,16,0.5,-0.23233892186291363,Khac (Peripheral)
179,0.0009824561403508772,5.190479414910764e-05,0.00010057653868945643,7,14,0.6938775510204083,-0.3825895435149627,Streamer Cau noi (Bridge)
651,0.00014035087719298245,0.0,3.554414792807066e-05,1,9,0.0,-0.2584446315564888,Khac (Peripheral)
1797,0.0011228070175438596,0.0016079161048684024,0.00013719691412600316,8,16,0.59375,0.03529896973110142,Khac (Peripheral)
5225,0.0026666666666666666,0.0004035239292210651,0.0002422849517379011,19,4,0.19390581717451527,0.6222426448621533,Khac (Peripheral)
4477,0.0016842105263157893,9.221229135770952e-05,0.00015978017706579732,12,4,0.48611111111111116,0.018839047128506894,Khac (Peripheral)
807,0.008701754385964912,0.004382097695019223,0.000686552446366318,62,5,0.706035379812695,1.6296420968584562,Streamer Cau noi (Bridge)
1270,0.0005614035087719298,0.00014612303025307325,0.00010773045579857664,4,2,0.625,-0.31484374061349313,Streamer Cau noi (Bridge)
1388,0.0016842105263157893,0.00016444317523984129,0.00016125114597672453,12,4,0.7222222222222222,-0.18229548544937524,Streamer Cau noi (Bridge)
4049,0.001263157894736842,7.515530821319393e-05,0.0001458775458262731,9,1,0.19753086419753085,0.09526841839579539,Khac (Peripheral)
5009,0.0002807017543859649,4.687654145104381e-06,4.428005767153072e-05,2,9,0.0,-0.1780241547109686,Khac (Peripheral)
6951,0.00014035087719298245,0.0,3.349093727425573e-05,1,16,0.0,-0.23233892186291363,Khac (Peripheral)
20,0.0009824561403508772,1.484810808163953e-05,9.687205877424283e-05,7,4,0.24489795918367352,-0.11525064125674786,Khac (Peripheral)
6488,0.0007017543859649122,0.00016088041671157566,0.00010444186569754904,5,16,0.48,-0.05391366080023693,Khac (Peripheral)
4310,0.005052631578947368,0.001092269850102842,0.00039911741110686225,36,5,0.5015432098765432,1.1824842044277823,Khac (Peripheral)
731,0.0002807017543859649,0.0,6.202563843556215e-05,2,16,0.0,-0.14312629133157528,Khac (Peripheral)
4269,0.0002807017543859649,2.2680151059091033e-06,4.548492768106562e-05,2,6,0.5,-0.3626457370892153,Khac (Peripheral)
2485,0.0018245614035087717,0.00012653108239118045,0.00017230608502478607,13,5,0.6627218934911242,-0.2335157882693519,Streamer Cau noi (Bridge)
3690,0.00014035087719298245,0.0,3.939003127624352e-05,1,1,0.0,-0.7142676008076517,Khac (Peripheral)
2680,0.002245614035087719,0.00018675002056411824,0.00019750624702337242,16,1,0.5625,0.32656442388249457,Khac (Peripheral)
275,0.003789473684210526,0.0010064310744723709,0.00030747711168110865,27,2,0.8257887517146777,1.0052239911153695,Streamer Cau noi (Bridge)
2455,0.0005614035087719298,0.0013997289787367696,9.567395647086206e-05,4,13,0.625,-0.4139796025984502,Streamer Cau noi (Bridge)
1139,0.00014035087719298245,0.0,3.2484633243274565e-05,1,6,0.0,-0.3626457370892153,Khac (Peripheral)
2824,0.0008421052631578947,7.551247690304209e-05,8.879931058205967e-05,6,6,0.5,-0.1498171939372214,Khac (Peripheral)
1496,0.0008421052631578947,3.472850557096411e-05,8.948873203528725e-05,6,9,0.6666666666666667,-0.09760367786544846,Streamer Cau noi (Bridge)
5402,0.005333333333333333,0.0011207991478808064,0.0005460889061481835,38,4,0.6024930747922438,1.0245117100179175,Khac (Peripheral)
4007,0.00042105263157894734,7.119647798862453e-06,5.436118223884472e-05,3,4,0.4444444444444444,-0.38343001802725735,Khac (Peripheral)
2922,0.0032280701754385964,0.002324080056100542,0.00032019451917112454,23,4,0.7107750472589791,0.21997357970638903,Streamer Cau noi (Bridge)
218,0.00042105263157894734,0.00014047011134433318,0.00010153798654474844,3,15,0.0,-0.02843616846272445,Khac (Peripheral)
350,0.00042105263157894734,2.0888722398955024e-05,5.2784023347082705e-05,3,16,0.6666666666666667,-0.23233892186291363,Streamer Cau noi (Bridge)
4398,0.00014035087719298245,0.0,5.6911923865080776e-05,1,2,0.0,-0.6448606735457089,Khac (Peripheral)
1413,0.0011228070175438596,9.560368403884674e-05,0.00011015741700706618,8,14,0.65625,-0.3825895435149627,Streamer Cau noi (Bridge)
6950,0.00014035087719298245,0.0,3.1146245931535366e-05,1,5,0.0,-0.6061473652949135,Khac (Peripheral)
6988,0.0002807017543859649,0.0,5.470283708896197e-05,2,9,0.0,-0.1780241547109686,Khac (Peripheral)
5940,0.00042105263157894734,2.5065159803335866e-06,5.4132892492744927e-05,3,6,0.4444444444444444,-0.29170288937188404,Khac (Peripheral)
1465,0.00014035087719298245,0.0,3.33126527668041e-05,1,6,0.0,-0.3626457370892153,Khac (Peripheral)
6451,0.00042105263157894734,3.0187776858777415e-05,6.19561797908767e-05,3,16,0.4444444444444444,-0.14312629133157528,Khac (Peripheral)
6743,0.0014035087719298245,0.00017651692909014218,0.0001414081611464025,10,1,0.17999999999999994,0.210916421139145,Khac (Peripheral)
3367,0.00014035087719298245,0.0,3.237556246728399e-05,1,3,0.0,-0.5587867256689831,Khac (Peripheral)
984,0.00042105263157894734,3.1797379430115695e-06,5.768559415870879e-05,3,14,0.4444444444444444,-0.3825895435149627,Khac (Peripheral)
6360,0.0007017543859649122,1.4274403377264485e-06,7.926961935563322e-05,5,6,0.0,-0.07887434621989009,Khac (Peripheral)
2798,0.00042105263157894734,2.711120877583149e-05,5.692810885179873e-05,3,1,0.6666666666666667,-0.7142676008076517,Streamer Cau noi (Bridge)
2785,0.0005614035087719298,9.553769436860502e-06,7.764755739413788e-05,4,16,0.625,-0.14312629133157528,Streamer Cau noi (Bridge)
5223,0.0011228070175438596,2.1154589184758407e-05,0.00011111239242187252,8,1,0.46875,-0.25167558983425337,Khac (Peripheral)
1328,0.004491228070175438,0.00028199050403061843,0.00032631063370748347,32,5,0.228515625,1.4060631506431192,Khac (Peripheral)
4557,0.0009824561403508772,0.00015833726926866337,0.00011873182756782213,7,5,0.6122448979591837,-0.38256841907957656,Khac (Peripheral)
668,0.002526315789473684,0.0005052950749791231,0.00022484274932986427,18,14,0.7839506172839505,0.003203500962445893,Streamer Cau noi (Bridge)
1228,0.00014035087719298245,0.0,3.554414792807066e-05,1,9,0.0,-0.2584446315564888,Khac (Peripheral)
3152,0.00014035087719298245,0.0,3.5244636647278234e-05,1,2,0.0,-0.6448606735457089,Khac (Peripheral)
5199,0.00014035087719298245,0.0,3.402101510732173e-05,1,9,0.0,-0.2584446315564888,Khac (Peripheral)
6323,0.0002807017543859649,0.00014037057832678272,7.941382404208214e-05,2,6,0.0,-0.29170288937188404,Khac (Peripheral)
1995,0.003789473684210526,0.00025939560558658543,0.0002937869086904806,27,6,0.32921810699588483,1.1271540649747422,Khac (Peripheral)
5802,0.01150877192982456,0.004305058584581341,0.0009348922020943366,82,5,0.7397382510410471,2.2258526200993547,Streamer Cau noi (Bridge)
5440,0.0016842105263157893,0.00017655925694483207,0.00015443594258804597,12,4,0.2777777777777777,0.15292873551376165,Khac (Peripheral)
3782,0.00042105263157894734,2.491688900335294e-06,6.365991118049098e-05,3,16,0.4444444444444444,-0.14312629133157528,Khac (Peripheral)
4325,0.0007017543859649122,6.406921911368295e-06,8.078567999912554e-05,5,1,0.31999999999999984,-0.36732359257760294,Khac (Peripheral)
5936,0.00014035087719298245,0.0,3.150080602367369e-05,1,9,0.0,-0.2584446315564888,Khac (Peripheral)
3720,0.0002807017543859649,2.770946730845823e-07,4.329349143016737e-05,2,1,0.0,-0.5986195980643021,Khac (Peripheral)
3743,0.005614035087719298,0.00039901925902276685,0.00044578773151008304,40,4,0.0,2.1642740612925833,Khac (Peripheral)
6799,0.0007017543859649122,5.639585726039644e-06,8.347635457970182e-05,5,14,0.56,-0.2539918620224932,Khac (Peripheral)
5126,0.00042105263157894734,3.1703371534731273e-07,5.547363483552435e-05,3,6,0.0,-0.2207600416545527,Khac (Peripheral)
4154,0.0005614035087719298,3.716311424325432e-05,6.335453231705466e-05,4,4,0.375,-0.31638517383463,Khac (Peripheral)
5616,0.0018245614035087717,0.0001542453391280806,0.00017072836021959223,13,6,0.7218934911242603,-0.00793149850255878,Streamer Cau noi (Bridge)
5519,0.0026666666666666666,0.0004232715618278014,0.00024972926166245133,19,5,0.5041551246537396,0.28816841956643435,Khac (Peripheral)
7082,0.0007017543859649122,4.1522593323216624e-07,7.163449480840136e-05,5,4,0.0,-0.18229548544937524,Khac (Peripheral)
4267,0.0023859649122807015,0.00029339605388989723,0.0002515499910374482,17,9,0.6159169550173009,0.46533966005319266,Khac (Peripheral)
3991,0.007017543859649122,0.0019331114896244742,0.0005382455914976772,50,5,0.5576,1.7041684122635685,Khac (Peripheral)
7057,0.002526315789473684,0.0002749546814859425,0.00020974008362252281,18,5,0.654320987654321,0.06458947335109738,Streamer Cau noi (Bridge)
3816,0.00014035087719298245,0.0,3.1890950922091376e-05,1,4,0.0,-0.45047486221988475,Khac (Peripheral)
6918,0.0018245614035087717,0.0002805786637534672,0.00016374909466405335,13,6,0.5798816568047337,0.13395419693210384,Khac (Peripheral)
5760,0.002526315789473684,0.00019974457965671384,0.00019417900747401706,18,1,0.5925925925925926,0.210916421139145,Khac (Peripheral)
905,0.00014035087719298245,0.0,3.234802894024063e-05,1,10,0.0,-0.7862515977683556,Khac (Peripheral)
4617,0.0011228070175438596,6.536476464893534e-05,0.00011024351137676215,8,6,0.65625,-0.1498171939372214,Streamer Cau noi (Bridge)
431,0.0023859649122807015,0.0009185447924125223,0.00022138106040412358,17,1,0.7681660899653979,-0.25167558983425337,Streamer Cau noi (Bridge)
4420,0.0016842105263157893,0.00021599130490407425,0.000158453956142578,12,4,0.6944444444444444,-0.11525064125674786,Streamer Cau noi (Bridge)
2737,0.00042105263157894734,8.884659740286078e-06,5.390283467962343e-05,3,5,0.4444444444444444,-0.5316210498898012,Khac (Peripheral)
5063,0.00014035087719298245,0.0,3.274681619491349e-05,1,4,0.0,-0.45047486221988475,Khac (Peripheral)
4118,0.00042105263157894734,3.81859414565977e-06,5.446272558904198e-05,3,9,0.0,-0.09760367786544846,Khac (Peripheral)
5161,0.0008421052631578947,1.053546712429125e-05,0.0001257827425742085,6,8,0.2777777777777777,0.608573195732573,Khac (Peripheral)
5026,0.0005614035087719298,1.4357982801239506e-05,6.624975963180456e-05,4,4,0.375,-0.31638517383463,Khac (Peripheral)
1463,0.0007017543859649122,0.00011584170307470829,0.00010781675665205639,5,0,0.31999999999999984,0.3155854880537148,Khac (Peripheral)
5406,0.0009824561403508772,3.405953846598337e-05,0.00012440287860706077,7,0,0.6122448979591837,0.3155854880537148,Khac (Peripheral)
521,0.00014035087719298245,0.0,3.348283595746985e-05,1,4,0.0,-0.45047486221988475,Khac (Peripheral)
7004,0.0009824561403508772,0.00010279644794417467,9.80605809364256e-05,7,9,0.7755102040816326,-0.1780241547109686,Streamer Cau noi (Bridge)
334,0.00014035087719298245,0.0,3.587873514786664e-05,1,6,0.0,-0.3626457370892153,Khac (Peripheral)
5119,0.0002807017543859649,1.4707505255283012e-06,4.73694257376656e-05,2,9,0.5,-0.2584446315564888,Khac (Peripheral)
3704,0.0008421052631578947,9.515672069265159e-05,8.949571414835183e-05,6,9,0.6666666666666667,-0.09760367786544846,Streamer Cau noi (Bridge)
374,0.002807017543859649,0.00019999367984374267,0.00022366380852734927,20,1,0.41000000000000003,0.9048044375992426,Khac (Peripheral)
1993,0.001543859649122807,5.251828626844583e-05,0.0001275554999869674,11,4,0.16528925619834722,0.15292873551376165,Khac (Peripheral)
6696,0.0023859649122807015,0.0002357694111223907,0.0002086936115860806,17,1,0.39446366782006925,0.6735084321125433,Khac (Peripheral)
4148,0.00014035087719298245,0.0,3.7783491794353926e-05,1,1,0.0,-0.7142676008076517,Khac (Peripheral)
3237,0.00856140350877193,0.003398577942189656,0.0006789578966200331,61,5,0.5047030368180596,2.4494315663146917,Khac (Peripheral)
2702,0.0002807017543859649,1.3030698576850285e-06,4.989158725976353e-05,2,14,0.0,-0.3825895435149627,Khac (Peripheral)
4934,0.0007017543859649122,1.0597083618606133e-05,8.018428821595704e-05,5,5,0.56,-0.4570947344846889,Khac (Peripheral)
281,0.0008421052631578947,0.0003425297434036433,0.0001270655588899433,6,16,0.2777777777777777,0.12451160026243978,Khac (Peripheral)
2259,0.00014035087719298245,0.0,3.121162956045734e-05,1,14,0.0,-0.5111872250074323,Khac (Peripheral)
6422,0.002526315789473684,0.00017494934639169339,0.00020686276198755737,18,5,0.6419753086419753,0.06458947335109738,Streamer Cau noi (Bridge)
6512,0.0009824561403508772,2.7309723445772153e-05,0.00011664206587726369,7,14,0.24489795918367352,0.13180118245491543,Khac (Peripheral)
4743,0.0014035087719298245,5.668618284384536e-05,0.00011938055625470138,10,1,0.7,-0.36732359257760294,Streamer Cau noi (Bridge)
6807,0.00042105263157894734,4.7332661155641765e-06,5.8708861822463106e-05,3,16,0.0,-0.05391366080023693,Khac (Peripheral)
6586,0.00014035087719298245,0.0,3.205246739111039e-05,1,16,0.0,-0.23233892186291363,Khac (Peripheral)
4178,0.00042105263157894734,1.3816398909286366e-06,6.0424877831115865e-05,3,16,0.4444444444444444,-0.14312629133157528,Khac (Peripheral)
3710,0.0005614035087719298,1.0756437883788374e-05,6.455286596413127e-05,4,6,0.625,-0.29170288937188404,Streamer Cau noi (Bridge)
2085,0.005192982456140351,0.0011499513916897886,0.0004268054872050558,37,4,0.15339663988312624,1.7620049961368187,Khac (Peripheral)
3474,0.0005614035087719298,3.053275759930379e-05,8.184326419371281e-05,4,0,0.375,0.029268008972723546,Khac (Peripheral)
4585,0.001543859649122807,5.106239436550286e-05,0.000138742169037849,11,4,0.31404958677685935,0.08588389132113426,Khac (Peripheral)
3813,0.002105263157894737,0.00011891339694066925,0.0001796550682880135,15,6,0.34666666666666657,0.4177255878014291,Khac (Peripheral)
2983,0.0009824561403508772,1.2142347655024646e-05,0.00010576711267426142,7,1,0.6122448979591837,-0.36732359257760294,Khac (Peripheral)
5422,0.0016842105263157893,7.170483693120875e-05,0.00015012325845854214,12,6,0.41666666666666663,0.20489704464943517,Khac (Peripheral)
5900,0.001263157894736842,0.00012358666398546076,0.00013213785153614883,9,9,0.7160493827160495,-0.0171832010199283,Streamer Cau noi (Bridge)
3046,0.0009824561403508772,5.478643630360042e-06,9.2731970522472e-05,7,6,0.0,0.06301134921477253,Khac (Peripheral)
5091,0.002105263157894737,0.00017451602057619043,0.00020270799649983298,15,14,0.7022222222222222,0.260398863947385,Streamer Cau noi (Bridge)
702,0.0002807017543859649,2.6402539351436926e-06,4.365955751883341e-05,2,14,0.5,-0.5111872250074323,Khac (Peripheral)
2328,0.0002807017543859649,4.374982910002412e-06,4.5243273439290904e-05,2,3,0.5,-0.5587867256689831,Khac (Peripheral)
4234,0.00014035087719298245,0.0,3.0486106261918477e-05,1,5,0.0,-0.6061473652949135,Khac (Peripheral)
4417,0.0011228070175438596,3.699345434675703e-05,0.00011650831380477159,8,0,0.65625,0.3155854880537148,Streamer Cau noi (Bridge)
3106,0.00014035087719298245,0.0,3.242457160510981e-05,1,9,0.0,-0.2584446315564888,Khac (Peripheral)
6435,0.0011228070175438596,6.914472160281246e-05,0.00011493228529683865,8,1,0.65625,-0.36732359257760294,Streamer Cau noi (Bridge)
249,0.001263157894736842,0.00018185225284324082,0.00013828677630144405,9,15,0.7901234567901234,-0.3322541788802534,Streamer Cau noi (Bridge)
5036,0.00014035087719298245,0.0,3.317313094528616e-05,1,4,0.0,-0.45047486221988475,Khac (Peripheral)
388,0.0005614035087719298,1.5688479391228143e-05,6.586125096590286e-05,4,9,0.375,-0.09760367786544846,Khac (Peripheral)
2382,0.00014035087719298245,0.0,3.9203539154050816e-05,1,6,0.0,-0.3626457370892153,Khac (Peripheral)
2723,0.0009824561403508772,0.0005112679143883145,0.00011459508023610194,7,8,0.7755102040816326,-0.4468005740821422,Streamer Cau noi (Bridge)
3856,0.0019649122807017545,0.00010662234665083577,0.00021579722238878165,14,14,0.3673469387755103,0.7747895899172631,Khac (Peripheral)
256,0.00014035087719298245,0.0,3.897782137627093e-05,1,2,0.0,-0.6448606735457089,Khac (Peripheral)
5631,0.0019649122807017545,0.00027788997390836674,0.00018610388052847526,14,1,0.7244897959183674,-0.1360275870909038,Streamer Cau noi (Bridge)
31,0.0002807017543859649,0.0,4.398951351855053e-05,2,16,0.5,-0.23233892186291363,Khac (Peripheral)
2276,0.0014035087719298245,2.3371542328055853e-05,0.0001318122586097433,10,1,0.0,0.32656442388249457,Khac (Peripheral)
3619,0.0005614035087719298,5.224774190043766e-06,6.289022779052093e-05,4,1,0.625,-0.5986195980643021,Streamer Cau noi (Bridge)
1571,0.00014035087719298245,0.0,3.0618655538306286e-05,1,1,0.0,-0.7142676008076517,Khac (Peripheral)
688,0.0007017543859649122,3.2700220075569736e-05,7.507265178721205e-05,5,3,0.56,-0.21756040548587458,Khac (Peripheral)
2101,0.0023859649122807015,0.00013842679411742715,0.000225795922963931,17,4,0.2145328719723184,0.48815295647689855,Khac (Peripheral)
5240,0.0018245614035087717,0.0001344000447906171,0.00015584077634392976,13,4,0.14201183431952646,0.2870184238990164,Khac (Peripheral)
2546,0.00014035087719298245,0.0,3.266944956948561e-05,1,14,0.0,-0.5111872250074323,Khac (Peripheral)
5279,0.0002807017543859649,5.304082495788318e-07,6.013565090991758e-05,2,2,0.5,-0.6448606735457089,Khac (Peripheral)
2365,0.001263157894736842,0.00019469184241503048,0.00014352723843960696,9,6,0.6172839506172839,-0.07887434621989009,Khac (Peripheral)
2329,0.002807017543859649,4.409469560797086e-05,0.0002184730019187733,20,4,0.09500000000000008,0.756332333247408,Khac (Peripheral)
3737,0.00014035087719298245,0.0,3.565608178701743e-05,1,4,0.0,-0.45047486221988475,Khac (Peripheral)
2656,0.0005614035087719298,4.469519985274374e-06,7.872221344857736e-05,4,4,0.0,-0.24934032964200262,Khac (Peripheral)
2155,0.0009824561403508772,0.00025973572424285165,0.00013235440568260082,7,9,0.6122448979591837,-0.0171832010199283,Khac (Peripheral)
2730,0.00042105263157894734,2.2288063778482452e-05,5.640410540414991e-05,3,4,0.4444444444444444,-0.38343001802725735,Khac (Peripheral)
3830,0.003508771929824561,0.0014686508805593665,0.00030569044718512244,25,14,0.7263999999999999,0.6461919084247936,Streamer Cau noi (Bridge)
1562,0.00014035087719298245,0.0,3.512697890537778e-05,1,1,0.0,-0.7142676008076517,Khac (Peripheral)
3667,0.0002807017543859649,0.0,4.4802128571444265e-05,2,16,0.0,-0.14312629133157528,Khac (Peripheral)
6033,0.00687719298245614,0.0014342734835420614,0.0005667355371166615,49,6,0.7338608912952936,0.9852683695400796,Streamer Cau noi (Bridge)
5658,0.0002807017543859649,3.559469223419816e-05,4.581943917857998e-05,2,9,0.5,-0.2584446315564888,Khac (Peripheral)
7123,0.00042105263157894734,4.106674774998103e-07,5.437368940498254e-05,3,8,0.4444444444444444,-0.4468005740821422,Khac (Peripheral)
861,0.00014035087719298245,0.0,3.7661617048168106e-05,1,9,0.0,-0.2584446315564888,Khac (Peripheral)
1089,0.007578947368421052,0.0034030178239745808,0.0006043209832382435,54,6,0.7606310013717421,0.9852683695400796,Streamer Cau noi (Bridge)
3794,0.0005614035087719298,9.691606973430055e-06,6.141710536869943e-05,4,5,0.375,-0.4570947344846889,Khac (Peripheral)
6534,0.0007017543859649122,7.384894575617472e-05,8.245925210177249e-05,5,9,0.48,-0.09760367786544846,Khac (Peripheral)
2041,0.00042105263157894734,1.2326287201444229e-05,6.442043786424461e-05,3,9,0.4444444444444444,-0.1780241547109686,Khac (Peripheral)
6870,0.002807017543859649,0.0001576316006629593,0.00022342346779473697,20,5,0.34499999999999986,0.5117473657817714,Khac (Peripheral)
3919,0.0002807017543859649,1.249199291490143e-06,4.311984836240323e-05,2,1,0.0,-0.5986195980643021,Khac (Peripheral)
